ISO-10303-21;
HEADER;
FILE_DESCRIPTION(('KiCad electronic assembly'),'2;1');
FILE_NAME('eye-tracker.step','2025-07-01T13:50:16',('Pcbnew'),('Kicad'),
  'Open CASCADE STEP processor 7.8','KiCad to STEP converter','Unknown'
  );
FILE_SCHEMA(('AUTOMOTIVE_DESIGN { 1 0 10303 214 1 1 1 1 }'));
ENDSEC;
DATA;
#1 = APPLICATION_PROTOCOL_DEFINITION('international standard',
  'automotive_design',2000,#2);
#2 = APPLICATION_CONTEXT(
  'core data for automotive mechanical design processes');
#3 = SHAPE_DEFINITION_REPRESENTATION(#4,#10);
#4 = PRODUCT_DEFINITION_SHAPE('','',#5);
#5 = PRODUCT_DEFINITION('design','',#6,#9);
#6 = PRODUCT_DEFINITION_FORMATION('','',#7);
#7 = PRODUCT('eye-tracker 1','eye-tracker 1','',(#8));
#8 = PRODUCT_CONTEXT('',#2,'mechanical');
#9 = PRODUCT_DEFINITION_CONTEXT('part definition',#2,'design');
#10 = SHAPE_REPRESENTATION('',(#11,#15,#19,#23,#27,#31,#35,#39,#43),#47
  );
#11 = AXIS2_PLACEMENT_3D('',#12,#13,#14);
#12 = CARTESIAN_POINT('',(0.,0.,0.));
#13 = DIRECTION('',(0.,0.,1.));
#14 = DIRECTION('',(1.,0.,-0.));
#15 = AXIS2_PLACEMENT_3D('',#16,#17,#18);
#16 = CARTESIAN_POINT('',(100.,-70.,0.615));
#17 = DIRECTION('',(0.,-1.,1.110223024625E-16));
#18 = DIRECTION('',(1.,0.,0.));
#19 = AXIS2_PLACEMENT_3D('',#20,#21,#22);
#20 = CARTESIAN_POINT('',(96.7,-70.,-8.5E-02));
#21 = DIRECTION('',(1.224646799147E-16,-1.359631073447E-32,-1.));
#22 = DIRECTION('',(1.110223024625E-16,1.,0.));
#23 = AXIS2_PLACEMENT_3D('',#24,#25,#26);
#24 = CARTESIAN_POINT('',(101.25,-73.3,-8.5E-02));
#25 = DIRECTION('',(1.499759782662E-32,1.224646799147E-16,-1.));
#26 = DIRECTION('',(-1.,1.224646799147E-16,0.));
#27 = AXIS2_PLACEMENT_3D('',#28,#29,#30);
#28 = CARTESIAN_POINT('',(99.84,-66.7,-8.5E-02));
#29 = DIRECTION('',(0.,-1.224646799147E-16,-1.));
#30 = DIRECTION('',(1.,0.,0.));
#31 = AXIS2_PLACEMENT_3D('',#32,#33,#34);
#32 = CARTESIAN_POINT('',(99.84,-73.3,-8.5E-02));
#33 = DIRECTION('',(0.,-1.224646799147E-16,-1.));
#34 = DIRECTION('',(1.,0.,0.));
#35 = AXIS2_PLACEMENT_3D('',#36,#37,#38);
#36 = CARTESIAN_POINT('',(101.25,-66.7,-8.5E-02));
#37 = DIRECTION('',(1.499759782662E-32,1.224646799147E-16,-1.));
#38 = DIRECTION('',(-1.,1.224646799147E-16,0.));
#39 = AXIS2_PLACEMENT_3D('',#40,#41,#42);
#40 = CARTESIAN_POINT('',(96.7,-68.6,-8.5E-02));
#41 = DIRECTION('',(-1.224646799147E-16,-1.359631073447E-32,-1.));
#42 = DIRECTION('',(1.110223024625E-16,-1.,0.));
#43 = AXIS2_PLACEMENT_3D('',#44,#45,#46);
#44 = CARTESIAN_POINT('',(0.,0.,0.));
#45 = DIRECTION('',(0.,0.,1.));
#46 = DIRECTION('',(1.,0.,-0.));
#47 = ( GEOMETRIC_REPRESENTATION_CONTEXT(3) 
GLOBAL_UNCERTAINTY_ASSIGNED_CONTEXT((#51)) GLOBAL_UNIT_ASSIGNED_CONTEXT(
(#48,#49,#50)) REPRESENTATION_CONTEXT('Context #1',
  '3D Context with UNIT and UNCERTAINTY') );
#48 = ( LENGTH_UNIT() NAMED_UNIT(*) SI_UNIT(.MILLI.,.METRE.) );
#49 = ( NAMED_UNIT(*) PLANE_ANGLE_UNIT() SI_UNIT($,.RADIAN.) );
#50 = ( NAMED_UNIT(*) SI_UNIT($,.STERADIAN.) SOLID_ANGLE_UNIT() );
#51 = UNCERTAINTY_MEASURE_WITH_UNIT(LENGTH_MEASURE(1.E-07),#48,
  'distance_accuracy_value','confusion accuracy');
#52 = PRODUCT_RELATED_PRODUCT_CATEGORY('part',$,(#7));
#53 = SHAPE_DEFINITION_REPRESENTATION(#54,#60);
#54 = PRODUCT_DEFINITION_SHAPE('','',#55);
#55 = PRODUCT_DEFINITION('design','',#56,#59);
#56 = PRODUCT_DEFINITION_FORMATION('','',#57);
#57 = PRODUCT('mini-cvbs-camera','mini-cvbs-camera','',(#58));
#58 = PRODUCT_CONTEXT('',#2,'mechanical');
#59 = PRODUCT_DEFINITION_CONTEXT('part definition',#2,'design');
#60 = ADVANCED_BREP_SHAPE_REPRESENTATION('',(#11,#61),#593);
#61 = MANIFOLD_SOLID_BREP('',#62);
#62 = CLOSED_SHELL('',(#63,#105,#147,#189,#229,#260,#291,#313,#325,#371,
    #402,#426,#450,#467,#489,#507,#527,#553,#565,#583));
#63 = ADVANCED_FACE('',(#64),#100,.F.);
#64 = FACE_BOUND('',#65,.F.);
#65 = EDGE_LOOP('',(#66,#76,#85,#93));
#66 = ORIENTED_EDGE('',*,*,#67,.T.);
#67 = EDGE_CURVE('',#68,#70,#72,.T.);
#68 = VERTEX_POINT('',#69);
#69 = CARTESIAN_POINT('',(0.,-3.2,0.35));
#70 = VERTEX_POINT('',#71);
#71 = CARTESIAN_POINT('',(0.,-1.9,0.35));
#72 = LINE('',#73,#74);
#73 = CARTESIAN_POINT('',(0.,-3.2,0.35));
#74 = VECTOR('',#75,1.);
#75 = DIRECTION('',(-0.,1.,-0.));
#76 = ORIENTED_EDGE('',*,*,#77,.T.);
#77 = EDGE_CURVE('',#70,#78,#80,.T.);
#78 = VERTEX_POINT('',#79);
#79 = CARTESIAN_POINT('',(4.286263797016E-17,-1.9,-0.35));
#80 = CIRCLE('',#81,0.35);
#81 = AXIS2_PLACEMENT_3D('',#82,#83,#84);
#82 = CARTESIAN_POINT('',(0.,-1.9,0.));
#83 = DIRECTION('',(0.,-1.,0.));
#84 = DIRECTION('',(0.,0.,-1.));
#85 = ORIENTED_EDGE('',*,*,#86,.F.);
#86 = EDGE_CURVE('',#87,#78,#89,.T.);
#87 = VERTEX_POINT('',#88);
#88 = CARTESIAN_POINT('',(4.286263797016E-17,-3.2,-0.35));
#89 = LINE('',#90,#91);
#90 = CARTESIAN_POINT('',(4.286263797016E-17,-3.2,-0.35));
#91 = VECTOR('',#92,1.);
#92 = DIRECTION('',(-0.,1.,-0.));
#93 = ORIENTED_EDGE('',*,*,#94,.F.);
#94 = EDGE_CURVE('',#68,#87,#95,.T.);
#95 = CIRCLE('',#96,0.35);
#96 = AXIS2_PLACEMENT_3D('',#97,#98,#99);
#97 = CARTESIAN_POINT('',(0.,-3.2,0.));
#98 = DIRECTION('',(0.,-1.,0.));
#99 = DIRECTION('',(0.,0.,-1.));
#100 = CYLINDRICAL_SURFACE('',#101,0.35);
#101 = AXIS2_PLACEMENT_3D('',#102,#103,#104);
#102 = CARTESIAN_POINT('',(0.,-3.2,0.));
#103 = DIRECTION('',(-0.,1.,-0.));
#104 = DIRECTION('',(0.,0.,1.));
#105 = ADVANCED_FACE('',(#106),#142,.T.);
#106 = FACE_BOUND('',#107,.T.);
#107 = EDGE_LOOP('',(#108,#119,#127,#136));
#108 = ORIENTED_EDGE('',*,*,#109,.F.);
#109 = EDGE_CURVE('',#110,#112,#114,.T.);
#110 = VERTEX_POINT('',#111);
#111 = CARTESIAN_POINT('',(2.36969155635E-16,-3.2,-1.935));
#112 = VERTEX_POINT('',#113);
#113 = CARTESIAN_POINT('',(0.,-3.2,1.935));
#114 = CIRCLE('',#115,1.935);
#115 = AXIS2_PLACEMENT_3D('',#116,#117,#118);
#116 = CARTESIAN_POINT('',(0.,-3.2,0.));
#117 = DIRECTION('',(0.,-1.,0.));
#118 = DIRECTION('',(0.,0.,-1.));
#119 = ORIENTED_EDGE('',*,*,#120,.T.);
#120 = EDGE_CURVE('',#110,#121,#123,.T.);
#121 = VERTEX_POINT('',#122);
#122 = CARTESIAN_POINT('',(2.36969155635E-16,-1.9,-1.935));
#123 = LINE('',#124,#125);
#124 = CARTESIAN_POINT('',(2.36969155635E-16,-3.2,-1.935));
#125 = VECTOR('',#126,1.);
#126 = DIRECTION('',(-0.,1.,-0.));
#127 = ORIENTED_EDGE('',*,*,#128,.T.);
#128 = EDGE_CURVE('',#121,#129,#131,.T.);
#129 = VERTEX_POINT('',#130);
#130 = CARTESIAN_POINT('',(0.,-1.9,1.935));
#131 = CIRCLE('',#132,1.935);
#132 = AXIS2_PLACEMENT_3D('',#133,#134,#135);
#133 = CARTESIAN_POINT('',(0.,-1.9,0.));
#134 = DIRECTION('',(0.,-1.,0.));
#135 = DIRECTION('',(0.,0.,-1.));
#136 = ORIENTED_EDGE('',*,*,#137,.F.);
#137 = EDGE_CURVE('',#112,#129,#138,.T.);
#138 = LINE('',#139,#140);
#139 = CARTESIAN_POINT('',(0.,-3.2,1.935));
#140 = VECTOR('',#141,1.);
#141 = DIRECTION('',(-0.,1.,-0.));
#142 = CYLINDRICAL_SURFACE('',#143,1.935);
#143 = AXIS2_PLACEMENT_3D('',#144,#145,#146);
#144 = CARTESIAN_POINT('',(0.,-3.2,0.));
#145 = DIRECTION('',(-0.,1.,-0.));
#146 = DIRECTION('',(0.,0.,1.));
#147 = ADVANCED_FACE('',(#148),#184,.T.);
#148 = FACE_BOUND('',#149,.T.);
#149 = EDGE_LOOP('',(#150,#161,#169,#178));
#150 = ORIENTED_EDGE('',*,*,#151,.F.);
#151 = EDGE_CURVE('',#152,#154,#156,.T.);
#152 = VERTEX_POINT('',#153);
#153 = CARTESIAN_POINT('',(3.000384657911E-16,-1.9,-2.45));
#154 = VERTEX_POINT('',#155);
#155 = CARTESIAN_POINT('',(0.,-1.9,2.45));
#156 = CIRCLE('',#157,2.45);
#157 = AXIS2_PLACEMENT_3D('',#158,#159,#160);
#158 = CARTESIAN_POINT('',(0.,-1.9,0.));
#159 = DIRECTION('',(0.,-1.,0.));
#160 = DIRECTION('',(0.,0.,-1.));
#161 = ORIENTED_EDGE('',*,*,#162,.T.);
#162 = EDGE_CURVE('',#152,#163,#165,.T.);
#163 = VERTEX_POINT('',#164);
#164 = CARTESIAN_POINT('',(3.000384657911E-16,-1.2,-2.45));
#165 = LINE('',#166,#167);
#166 = CARTESIAN_POINT('',(3.000384657911E-16,-1.9,-2.45));
#167 = VECTOR('',#168,1.);
#168 = DIRECTION('',(-0.,1.,-0.));
#169 = ORIENTED_EDGE('',*,*,#170,.T.);
#170 = EDGE_CURVE('',#163,#171,#173,.T.);
#171 = VERTEX_POINT('',#172);
#172 = CARTESIAN_POINT('',(0.,-1.2,2.45));
#173 = CIRCLE('',#174,2.45);
#174 = AXIS2_PLACEMENT_3D('',#175,#176,#177);
#175 = CARTESIAN_POINT('',(0.,-1.2,0.));
#176 = DIRECTION('',(0.,-1.,0.));
#177 = DIRECTION('',(0.,0.,-1.));
#178 = ORIENTED_EDGE('',*,*,#179,.F.);
#179 = EDGE_CURVE('',#154,#171,#180,.T.);
#180 = LINE('',#181,#182);
#181 = CARTESIAN_POINT('',(0.,-1.9,2.45));
#182 = VECTOR('',#183,1.);
#183 = DIRECTION('',(-0.,1.,-0.));
#184 = CYLINDRICAL_SURFACE('',#185,2.45);
#185 = AXIS2_PLACEMENT_3D('',#186,#187,#188);
#186 = CARTESIAN_POINT('',(0.,-1.9,0.));
#187 = DIRECTION('',(-0.,1.,-0.));
#188 = DIRECTION('',(0.,0.,1.));
#189 = ADVANCED_FACE('',(#190),#224,.F.);
#190 = FACE_BOUND('',#191,.T.);
#191 = EDGE_LOOP('',(#192,#202,#210,#218));
#192 = ORIENTED_EDGE('',*,*,#193,.T.);
#193 = EDGE_CURVE('',#194,#196,#198,.T.);
#194 = VERTEX_POINT('',#195);
#195 = CARTESIAN_POINT('',(2.725,0.,2.725));
#196 = VERTEX_POINT('',#197);
#197 = CARTESIAN_POINT('',(2.725,0.,-2.725));
#198 = LINE('',#199,#200);
#199 = CARTESIAN_POINT('',(2.725,0.,2.725));
#200 = VECTOR('',#201,1.);
#201 = DIRECTION('',(0.,0.,-1.));
#202 = ORIENTED_EDGE('',*,*,#203,.F.);
#203 = EDGE_CURVE('',#204,#196,#206,.T.);
#204 = VERTEX_POINT('',#205);
#205 = CARTESIAN_POINT('',(2.725,0.7,-2.725));
#206 = LINE('',#207,#208);
#207 = CARTESIAN_POINT('',(2.725,0.7,-2.725));
#208 = VECTOR('',#209,1.);
#209 = DIRECTION('',(-0.,-1.,-0.));
#210 = ORIENTED_EDGE('',*,*,#211,.F.);
#211 = EDGE_CURVE('',#212,#204,#214,.T.);
#212 = VERTEX_POINT('',#213);
#213 = CARTESIAN_POINT('',(2.725,0.7,2.725));
#214 = LINE('',#215,#216);
#215 = CARTESIAN_POINT('',(2.725,0.7,2.725));
#216 = VECTOR('',#217,1.);
#217 = DIRECTION('',(0.,0.,-1.));
#218 = ORIENTED_EDGE('',*,*,#219,.T.);
#219 = EDGE_CURVE('',#212,#194,#220,.T.);
#220 = LINE('',#221,#222);
#221 = CARTESIAN_POINT('',(2.725,0.7,2.725));
#222 = VECTOR('',#223,1.);
#223 = DIRECTION('',(-0.,-1.,-0.));
#224 = PLANE('',#225);
#225 = AXIS2_PLACEMENT_3D('',#226,#227,#228);
#226 = CARTESIAN_POINT('',(2.725,0.7,2.725));
#227 = DIRECTION('',(-1.,0.,0.));
#228 = DIRECTION('',(0.,0.,1.));
#229 = ADVANCED_FACE('',(#230),#255,.F.);
#230 = FACE_BOUND('',#231,.T.);
#231 = EDGE_LOOP('',(#232,#240,#248,#254));
#232 = ORIENTED_EDGE('',*,*,#233,.T.);
#233 = EDGE_CURVE('',#196,#234,#236,.T.);
#234 = VERTEX_POINT('',#235);
#235 = CARTESIAN_POINT('',(-2.725,0.,-2.725));
#236 = LINE('',#237,#238);
#237 = CARTESIAN_POINT('',(-2.725,0.,-2.725));
#238 = VECTOR('',#239,1.);
#239 = DIRECTION('',(-1.,-0.,-0.));
#240 = ORIENTED_EDGE('',*,*,#241,.F.);
#241 = EDGE_CURVE('',#242,#234,#244,.T.);
#242 = VERTEX_POINT('',#243);
#243 = CARTESIAN_POINT('',(-2.725,0.7,-2.725));
#244 = LINE('',#245,#246);
#245 = CARTESIAN_POINT('',(-2.725,0.7,-2.725));
#246 = VECTOR('',#247,1.);
#247 = DIRECTION('',(-0.,-1.,-0.));
#248 = ORIENTED_EDGE('',*,*,#249,.F.);
#249 = EDGE_CURVE('',#204,#242,#250,.T.);
#250 = LINE('',#251,#252);
#251 = CARTESIAN_POINT('',(-2.725,0.7,-2.725));
#252 = VECTOR('',#253,1.);
#253 = DIRECTION('',(-1.,-0.,-0.));
#254 = ORIENTED_EDGE('',*,*,#203,.T.);
#255 = PLANE('',#256);
#256 = AXIS2_PLACEMENT_3D('',#257,#258,#259);
#257 = CARTESIAN_POINT('',(-2.725,0.7,-2.725));
#258 = DIRECTION('',(0.,0.,1.));
#259 = DIRECTION('',(1.,0.,-0.));
#260 = ADVANCED_FACE('',(#261),#286,.F.);
#261 = FACE_BOUND('',#262,.T.);
#262 = EDGE_LOOP('',(#263,#271,#279,#285));
#263 = ORIENTED_EDGE('',*,*,#264,.T.);
#264 = EDGE_CURVE('',#234,#265,#267,.T.);
#265 = VERTEX_POINT('',#266);
#266 = CARTESIAN_POINT('',(-2.725,0.,2.725));
#267 = LINE('',#268,#269);
#268 = CARTESIAN_POINT('',(-2.725,0.,2.725));
#269 = VECTOR('',#270,1.);
#270 = DIRECTION('',(-0.,-0.,1.));
#271 = ORIENTED_EDGE('',*,*,#272,.F.);
#272 = EDGE_CURVE('',#273,#265,#275,.T.);
#273 = VERTEX_POINT('',#274);
#274 = CARTESIAN_POINT('',(-2.725,0.7,2.725));
#275 = LINE('',#276,#277);
#276 = CARTESIAN_POINT('',(-2.725,0.7,2.725));
#277 = VECTOR('',#278,1.);
#278 = DIRECTION('',(-0.,-1.,-0.));
#279 = ORIENTED_EDGE('',*,*,#280,.F.);
#280 = EDGE_CURVE('',#242,#273,#281,.T.);
#281 = LINE('',#282,#283);
#282 = CARTESIAN_POINT('',(-2.725,0.7,2.725));
#283 = VECTOR('',#284,1.);
#284 = DIRECTION('',(-0.,-0.,1.));
#285 = ORIENTED_EDGE('',*,*,#241,.T.);
#286 = PLANE('',#287);
#287 = AXIS2_PLACEMENT_3D('',#288,#289,#290);
#288 = CARTESIAN_POINT('',(-2.725,0.7,2.725));
#289 = DIRECTION('',(1.,-0.,0.));
#290 = DIRECTION('',(0.,0.,-1.));
#291 = ADVANCED_FACE('',(#292),#308,.F.);
#292 = FACE_BOUND('',#293,.T.);
#293 = EDGE_LOOP('',(#294,#300,#301,#307));
#294 = ORIENTED_EDGE('',*,*,#295,.T.);
#295 = EDGE_CURVE('',#265,#194,#296,.T.);
#296 = LINE('',#297,#298);
#297 = CARTESIAN_POINT('',(-2.725,0.,2.725));
#298 = VECTOR('',#299,1.);
#299 = DIRECTION('',(1.,0.,0.));
#300 = ORIENTED_EDGE('',*,*,#219,.F.);
#301 = ORIENTED_EDGE('',*,*,#302,.F.);
#302 = EDGE_CURVE('',#273,#212,#303,.T.);
#303 = LINE('',#304,#305);
#304 = CARTESIAN_POINT('',(-2.725,0.7,2.725));
#305 = VECTOR('',#306,1.);
#306 = DIRECTION('',(1.,0.,0.));
#307 = ORIENTED_EDGE('',*,*,#272,.T.);
#308 = PLANE('',#309);
#309 = AXIS2_PLACEMENT_3D('',#310,#311,#312);
#310 = CARTESIAN_POINT('',(-2.725,0.7,2.725));
#311 = DIRECTION('',(0.,0.,-1.));
#312 = DIRECTION('',(-1.,0.,-0.));
#313 = ADVANCED_FACE('',(#314),#320,.F.);
#314 = FACE_BOUND('',#315,.T.);
#315 = EDGE_LOOP('',(#316,#317,#318,#319));
#316 = ORIENTED_EDGE('',*,*,#211,.T.);
#317 = ORIENTED_EDGE('',*,*,#249,.T.);
#318 = ORIENTED_EDGE('',*,*,#280,.T.);
#319 = ORIENTED_EDGE('',*,*,#302,.T.);
#320 = PLANE('',#321);
#321 = AXIS2_PLACEMENT_3D('',#322,#323,#324);
#322 = CARTESIAN_POINT('',(0.,0.7,0.));
#323 = DIRECTION('',(0.,-1.,0.));
#324 = DIRECTION('',(0.,-0.,-1.));
#325 = ADVANCED_FACE('',(#326,#360),#366,.T.);
#326 = FACE_BOUND('',#327,.T.);
#327 = EDGE_LOOP('',(#328,#338,#346,#354));
#328 = ORIENTED_EDGE('',*,*,#329,.F.);
#329 = EDGE_CURVE('',#330,#332,#334,.T.);
#330 = VERTEX_POINT('',#331);
#331 = CARTESIAN_POINT('',(2.5,0.,-2.5));
#332 = VERTEX_POINT('',#333);
#333 = CARTESIAN_POINT('',(2.5,0.,2.5));
#334 = LINE('',#335,#336);
#335 = CARTESIAN_POINT('',(2.5,0.,-2.5));
#336 = VECTOR('',#337,1.);
#337 = DIRECTION('',(0.,0.,1.));
#338 = ORIENTED_EDGE('',*,*,#339,.F.);
#339 = EDGE_CURVE('',#340,#330,#342,.T.);
#340 = VERTEX_POINT('',#341);
#341 = CARTESIAN_POINT('',(-2.5,0.,-2.5));
#342 = LINE('',#343,#344);
#343 = CARTESIAN_POINT('',(-2.5,0.,-2.5));
#344 = VECTOR('',#345,1.);
#345 = DIRECTION('',(1.,0.,0.));
#346 = ORIENTED_EDGE('',*,*,#347,.F.);
#347 = EDGE_CURVE('',#348,#340,#350,.T.);
#348 = VERTEX_POINT('',#349);
#349 = CARTESIAN_POINT('',(-2.5,0.,2.5));
#350 = LINE('',#351,#352);
#351 = CARTESIAN_POINT('',(-2.5,0.,-2.5));
#352 = VECTOR('',#353,1.);
#353 = DIRECTION('',(-0.,-0.,-1.));
#354 = ORIENTED_EDGE('',*,*,#355,.F.);
#355 = EDGE_CURVE('',#332,#348,#356,.T.);
#356 = LINE('',#357,#358);
#357 = CARTESIAN_POINT('',(-2.5,0.,2.5));
#358 = VECTOR('',#359,1.);
#359 = DIRECTION('',(-1.,-0.,-0.));
#360 = FACE_BOUND('',#361,.T.);
#361 = EDGE_LOOP('',(#362,#363,#364,#365));
#362 = ORIENTED_EDGE('',*,*,#193,.F.);
#363 = ORIENTED_EDGE('',*,*,#295,.F.);
#364 = ORIENTED_EDGE('',*,*,#264,.F.);
#365 = ORIENTED_EDGE('',*,*,#233,.F.);
#366 = PLANE('',#367);
#367 = AXIS2_PLACEMENT_3D('',#368,#369,#370);
#368 = CARTESIAN_POINT('',(0.,0.,0.));
#369 = DIRECTION('',(0.,-1.,0.));
#370 = DIRECTION('',(0.,-0.,-1.));
#371 = ADVANCED_FACE('',(#372),#397,.F.);
#372 = FACE_BOUND('',#373,.T.);
#373 = EDGE_LOOP('',(#374,#375,#383,#391));
#374 = ORIENTED_EDGE('',*,*,#329,.T.);
#375 = ORIENTED_EDGE('',*,*,#376,.F.);
#376 = EDGE_CURVE('',#377,#332,#379,.T.);
#377 = VERTEX_POINT('',#378);
#378 = CARTESIAN_POINT('',(2.5,-1.2,2.5));
#379 = LINE('',#380,#381);
#380 = CARTESIAN_POINT('',(2.5,-1.2,2.5));
#381 = VECTOR('',#382,1.);
#382 = DIRECTION('',(-0.,1.,-0.));
#383 = ORIENTED_EDGE('',*,*,#384,.F.);
#384 = EDGE_CURVE('',#385,#377,#387,.T.);
#385 = VERTEX_POINT('',#386);
#386 = CARTESIAN_POINT('',(2.5,-1.2,-2.5));
#387 = LINE('',#388,#389);
#388 = CARTESIAN_POINT('',(2.5,-1.2,-2.5));
#389 = VECTOR('',#390,1.);
#390 = DIRECTION('',(0.,0.,1.));
#391 = ORIENTED_EDGE('',*,*,#392,.T.);
#392 = EDGE_CURVE('',#385,#330,#393,.T.);
#393 = LINE('',#394,#395);
#394 = CARTESIAN_POINT('',(2.5,-1.2,-2.5));
#395 = VECTOR('',#396,1.);
#396 = DIRECTION('',(-0.,1.,-0.));
#397 = PLANE('',#398);
#398 = AXIS2_PLACEMENT_3D('',#399,#400,#401);
#399 = CARTESIAN_POINT('',(2.5,-1.2,-2.5));
#400 = DIRECTION('',(-1.,0.,0.));
#401 = DIRECTION('',(0.,0.,1.));
#402 = ADVANCED_FACE('',(#403),#421,.F.);
#403 = FACE_BOUND('',#404,.T.);
#404 = EDGE_LOOP('',(#405,#406,#414,#420));
#405 = ORIENTED_EDGE('',*,*,#355,.T.);
#406 = ORIENTED_EDGE('',*,*,#407,.F.);
#407 = EDGE_CURVE('',#408,#348,#410,.T.);
#408 = VERTEX_POINT('',#409);
#409 = CARTESIAN_POINT('',(-2.5,-1.2,2.5));
#410 = LINE('',#411,#412);
#411 = CARTESIAN_POINT('',(-2.5,-1.2,2.5));
#412 = VECTOR('',#413,1.);
#413 = DIRECTION('',(-0.,1.,-0.));
#414 = ORIENTED_EDGE('',*,*,#415,.F.);
#415 = EDGE_CURVE('',#377,#408,#416,.T.);
#416 = LINE('',#417,#418);
#417 = CARTESIAN_POINT('',(-2.5,-1.2,2.5));
#418 = VECTOR('',#419,1.);
#419 = DIRECTION('',(-1.,-0.,-0.));
#420 = ORIENTED_EDGE('',*,*,#376,.T.);
#421 = PLANE('',#422);
#422 = AXIS2_PLACEMENT_3D('',#423,#424,#425);
#423 = CARTESIAN_POINT('',(-2.5,-1.2,2.5));
#424 = DIRECTION('',(0.,0.,-1.));
#425 = DIRECTION('',(-1.,0.,-0.));
#426 = ADVANCED_FACE('',(#427),#445,.F.);
#427 = FACE_BOUND('',#428,.T.);
#428 = EDGE_LOOP('',(#429,#430,#438,#444));
#429 = ORIENTED_EDGE('',*,*,#347,.T.);
#430 = ORIENTED_EDGE('',*,*,#431,.F.);
#431 = EDGE_CURVE('',#432,#340,#434,.T.);
#432 = VERTEX_POINT('',#433);
#433 = CARTESIAN_POINT('',(-2.5,-1.2,-2.5));
#434 = LINE('',#435,#436);
#435 = CARTESIAN_POINT('',(-2.5,-1.2,-2.5));
#436 = VECTOR('',#437,1.);
#437 = DIRECTION('',(-0.,1.,-0.));
#438 = ORIENTED_EDGE('',*,*,#439,.F.);
#439 = EDGE_CURVE('',#408,#432,#440,.T.);
#440 = LINE('',#441,#442);
#441 = CARTESIAN_POINT('',(-2.5,-1.2,-2.5));
#442 = VECTOR('',#443,1.);
#443 = DIRECTION('',(-0.,-0.,-1.));
#444 = ORIENTED_EDGE('',*,*,#407,.T.);
#445 = PLANE('',#446);
#446 = AXIS2_PLACEMENT_3D('',#447,#448,#449);
#447 = CARTESIAN_POINT('',(-2.5,-1.2,-2.5));
#448 = DIRECTION('',(1.,0.,-0.));
#449 = DIRECTION('',(-0.,0.,-1.));
#450 = ADVANCED_FACE('',(#451),#462,.F.);
#451 = FACE_BOUND('',#452,.T.);
#452 = EDGE_LOOP('',(#453,#454,#455,#461));
#453 = ORIENTED_EDGE('',*,*,#339,.T.);
#454 = ORIENTED_EDGE('',*,*,#392,.F.);
#455 = ORIENTED_EDGE('',*,*,#456,.F.);
#456 = EDGE_CURVE('',#432,#385,#457,.T.);
#457 = LINE('',#458,#459);
#458 = CARTESIAN_POINT('',(-2.5,-1.2,-2.5));
#459 = VECTOR('',#460,1.);
#460 = DIRECTION('',(1.,0.,0.));
#461 = ORIENTED_EDGE('',*,*,#431,.T.);
#462 = PLANE('',#463);
#463 = AXIS2_PLACEMENT_3D('',#464,#465,#466);
#464 = CARTESIAN_POINT('',(-2.5,-1.2,-2.5));
#465 = DIRECTION('',(-0.,0.,1.));
#466 = DIRECTION('',(1.,0.,0.));
#467 = ADVANCED_FACE('',(#468,#478),#484,.F.);
#468 = FACE_BOUND('',#469,.T.);
#469 = EDGE_LOOP('',(#470,#477));
#470 = ORIENTED_EDGE('',*,*,#471,.F.);
#471 = EDGE_CURVE('',#171,#163,#472,.T.);
#472 = CIRCLE('',#473,2.45);
#473 = AXIS2_PLACEMENT_3D('',#474,#475,#476);
#474 = CARTESIAN_POINT('',(0.,-1.2,0.));
#475 = DIRECTION('',(0.,-1.,0.));
#476 = DIRECTION('',(0.,0.,-1.));
#477 = ORIENTED_EDGE('',*,*,#170,.F.);
#478 = FACE_BOUND('',#479,.T.);
#479 = EDGE_LOOP('',(#480,#481,#482,#483));
#480 = ORIENTED_EDGE('',*,*,#384,.T.);
#481 = ORIENTED_EDGE('',*,*,#415,.T.);
#482 = ORIENTED_EDGE('',*,*,#439,.T.);
#483 = ORIENTED_EDGE('',*,*,#456,.T.);
#484 = PLANE('',#485);
#485 = AXIS2_PLACEMENT_3D('',#486,#487,#488);
#486 = CARTESIAN_POINT('',(0.,-1.2,0.));
#487 = DIRECTION('',(0.,1.,0.));
#488 = DIRECTION('',(0.,-0.,1.));
#489 = ADVANCED_FACE('',(#490),#502,.T.);
#490 = FACE_BOUND('',#491,.T.);
#491 = EDGE_LOOP('',(#492,#493,#500,#501));
#492 = ORIENTED_EDGE('',*,*,#162,.F.);
#493 = ORIENTED_EDGE('',*,*,#494,.F.);
#494 = EDGE_CURVE('',#154,#152,#495,.T.);
#495 = CIRCLE('',#496,2.45);
#496 = AXIS2_PLACEMENT_3D('',#497,#498,#499);
#497 = CARTESIAN_POINT('',(0.,-1.9,0.));
#498 = DIRECTION('',(0.,-1.,0.));
#499 = DIRECTION('',(0.,0.,-1.));
#500 = ORIENTED_EDGE('',*,*,#179,.T.);
#501 = ORIENTED_EDGE('',*,*,#471,.T.);
#502 = CYLINDRICAL_SURFACE('',#503,2.45);
#503 = AXIS2_PLACEMENT_3D('',#504,#505,#506);
#504 = CARTESIAN_POINT('',(0.,-1.9,0.));
#505 = DIRECTION('',(-0.,1.,-0.));
#506 = DIRECTION('',(0.,0.,1.));
#507 = ADVANCED_FACE('',(#508,#518),#522,.T.);
#508 = FACE_BOUND('',#509,.T.);
#509 = EDGE_LOOP('',(#510,#517));
#510 = ORIENTED_EDGE('',*,*,#511,.F.);
#511 = EDGE_CURVE('',#129,#121,#512,.T.);
#512 = CIRCLE('',#513,1.935);
#513 = AXIS2_PLACEMENT_3D('',#514,#515,#516);
#514 = CARTESIAN_POINT('',(0.,-1.9,0.));
#515 = DIRECTION('',(0.,-1.,0.));
#516 = DIRECTION('',(0.,0.,-1.));
#517 = ORIENTED_EDGE('',*,*,#128,.F.);
#518 = FACE_BOUND('',#519,.T.);
#519 = EDGE_LOOP('',(#520,#521));
#520 = ORIENTED_EDGE('',*,*,#494,.T.);
#521 = ORIENTED_EDGE('',*,*,#151,.T.);
#522 = PLANE('',#523);
#523 = AXIS2_PLACEMENT_3D('',#524,#525,#526);
#524 = CARTESIAN_POINT('',(0.,-1.9,0.));
#525 = DIRECTION('',(0.,-1.,0.));
#526 = DIRECTION('',(0.,-0.,-1.));
#527 = ADVANCED_FACE('',(#528,#538),#548,.T.);
#528 = FACE_BOUND('',#529,.T.);
#529 = EDGE_LOOP('',(#530,#537));
#530 = ORIENTED_EDGE('',*,*,#531,.T.);
#531 = EDGE_CURVE('',#112,#110,#532,.T.);
#532 = CIRCLE('',#533,1.935);
#533 = AXIS2_PLACEMENT_3D('',#534,#535,#536);
#534 = CARTESIAN_POINT('',(0.,-3.2,0.));
#535 = DIRECTION('',(0.,-1.,0.));
#536 = DIRECTION('',(0.,0.,-1.));
#537 = ORIENTED_EDGE('',*,*,#109,.T.);
#538 = FACE_BOUND('',#539,.T.);
#539 = EDGE_LOOP('',(#540,#541));
#540 = ORIENTED_EDGE('',*,*,#94,.F.);
#541 = ORIENTED_EDGE('',*,*,#542,.F.);
#542 = EDGE_CURVE('',#87,#68,#543,.T.);
#543 = CIRCLE('',#544,0.35);
#544 = AXIS2_PLACEMENT_3D('',#545,#546,#547);
#545 = CARTESIAN_POINT('',(0.,-3.2,0.));
#546 = DIRECTION('',(0.,-1.,0.));
#547 = DIRECTION('',(0.,0.,-1.));
#548 = PLANE('',#549);
#549 = AXIS2_PLACEMENT_3D('',#550,#551,#552);
#550 = CARTESIAN_POINT('',(0.,-3.2,0.));
#551 = DIRECTION('',(0.,-1.,0.));
#552 = DIRECTION('',(0.,-0.,-1.));
#553 = ADVANCED_FACE('',(#554),#560,.T.);
#554 = FACE_BOUND('',#555,.T.);
#555 = EDGE_LOOP('',(#556,#557,#558,#559));
#556 = ORIENTED_EDGE('',*,*,#120,.F.);
#557 = ORIENTED_EDGE('',*,*,#531,.F.);
#558 = ORIENTED_EDGE('',*,*,#137,.T.);
#559 = ORIENTED_EDGE('',*,*,#511,.T.);
#560 = CYLINDRICAL_SURFACE('',#561,1.935);
#561 = AXIS2_PLACEMENT_3D('',#562,#563,#564);
#562 = CARTESIAN_POINT('',(0.,-3.2,0.));
#563 = DIRECTION('',(-0.,1.,-0.));
#564 = DIRECTION('',(0.,0.,1.));
#565 = ADVANCED_FACE('',(#566),#578,.F.);
#566 = FACE_BOUND('',#567,.F.);
#567 = EDGE_LOOP('',(#568,#575,#576,#577));
#568 = ORIENTED_EDGE('',*,*,#569,.T.);
#569 = EDGE_CURVE('',#78,#70,#570,.T.);
#570 = CIRCLE('',#571,0.35);
#571 = AXIS2_PLACEMENT_3D('',#572,#573,#574);
#572 = CARTESIAN_POINT('',(0.,-1.9,0.));
#573 = DIRECTION('',(0.,-1.,0.));
#574 = DIRECTION('',(0.,0.,-1.));
#575 = ORIENTED_EDGE('',*,*,#67,.F.);
#576 = ORIENTED_EDGE('',*,*,#542,.F.);
#577 = ORIENTED_EDGE('',*,*,#86,.T.);
#578 = CYLINDRICAL_SURFACE('',#579,0.35);
#579 = AXIS2_PLACEMENT_3D('',#580,#581,#582);
#580 = CARTESIAN_POINT('',(0.,-3.2,0.));
#581 = DIRECTION('',(-0.,1.,-0.));
#582 = DIRECTION('',(0.,0.,1.));
#583 = ADVANCED_FACE('',(#584),#588,.T.);
#584 = FACE_BOUND('',#585,.T.);
#585 = EDGE_LOOP('',(#586,#587));
#586 = ORIENTED_EDGE('',*,*,#77,.T.);
#587 = ORIENTED_EDGE('',*,*,#569,.T.);
#588 = PLANE('',#589);
#589 = AXIS2_PLACEMENT_3D('',#590,#591,#592);
#590 = CARTESIAN_POINT('',(0.,-1.9,0.));
#591 = DIRECTION('',(0.,-1.,0.));
#592 = DIRECTION('',(0.,-0.,-1.));
#593 = ( GEOMETRIC_REPRESENTATION_CONTEXT(3) 
GLOBAL_UNCERTAINTY_ASSIGNED_CONTEXT((#597)) GLOBAL_UNIT_ASSIGNED_CONTEXT
((#594,#595,#596)) REPRESENTATION_CONTEXT('Context #1',
  '3D Context with UNIT and UNCERTAINTY') );
#594 = ( LENGTH_UNIT() NAMED_UNIT(*) SI_UNIT(.MILLI.,.METRE.) );
#595 = ( NAMED_UNIT(*) PLANE_ANGLE_UNIT() SI_UNIT($,.RADIAN.) );
#596 = ( NAMED_UNIT(*) SI_UNIT($,.STERADIAN.) SOLID_ANGLE_UNIT() );
#597 = UNCERTAINTY_MEASURE_WITH_UNIT(LENGTH_MEASURE(1.E-07),#594,
  'distance_accuracy_value','confusion accuracy');
#598 = CONTEXT_DEPENDENT_SHAPE_REPRESENTATION(#599,#601);
#599 = ( REPRESENTATION_RELATIONSHIP('','',#60,#10) 
REPRESENTATION_RELATIONSHIP_WITH_TRANSFORMATION(#600) 
SHAPE_REPRESENTATION_RELATIONSHIP() );
#600 = ITEM_DEFINED_TRANSFORMATION('','',#11,#15);
#601 = PRODUCT_DEFINITION_SHAPE('Placement','Placement of an item',#602
  );
#602 = NEXT_ASSEMBLY_USAGE_OCCURRENCE('1','U1','',#5,#55,$);
#603 = PRODUCT_RELATED_PRODUCT_CATEGORY('part',$,(#57));
#604 = SHAPE_DEFINITION_REPRESENTATION(#605,#611);
#605 = PRODUCT_DEFINITION_SHAPE('','',#606);
#606 = PRODUCT_DEFINITION('design','',#607,#610);
#607 = PRODUCT_DEFINITION_FORMATION('','',#608);
#608 = PRODUCT('LED_0201_0603Metric','LED_0201_0603Metric','',(#609));
#609 = PRODUCT_CONTEXT('',#2,'mechanical');
#610 = PRODUCT_DEFINITION_CONTEXT('part definition',#2,'design');
#611 = ADVANCED_BREP_SHAPE_REPRESENTATION('',(#11,#612),#1251);
#612 = MANIFOLD_SOLID_BREP('',#613);
#613 = CLOSED_SHELL('',(#614,#654,#685,#803,#834,#858,#875,#899,#930,
    #954,#978,#995,#1026,#1050,#1074,#1091,#1122,#1146,#1163,#1187,#1204
    ,#1216,#1228,#1240));
#614 = ADVANCED_FACE('',(#615),#649,.F.);
#615 = FACE_BOUND('',#616,.F.);
#616 = EDGE_LOOP('',(#617,#627,#635,#643));
#617 = ORIENTED_EDGE('',*,*,#618,.F.);
#618 = EDGE_CURVE('',#619,#621,#623,.T.);
#619 = VERTEX_POINT('',#620);
#620 = CARTESIAN_POINT('',(-0.325,-0.175,1.7E-02));
#621 = VERTEX_POINT('',#622);
#622 = CARTESIAN_POINT('',(-0.325,-0.175,0.107));
#623 = LINE('',#624,#625);
#624 = CARTESIAN_POINT('',(-0.325,-0.175,1.7E-02));
#625 = VECTOR('',#626,1.);
#626 = DIRECTION('',(0.,0.,1.));
#627 = ORIENTED_EDGE('',*,*,#628,.T.);
#628 = EDGE_CURVE('',#619,#629,#631,.T.);
#629 = VERTEX_POINT('',#630);
#630 = CARTESIAN_POINT('',(-0.325,0.175,1.7E-02));
#631 = LINE('',#632,#633);
#632 = CARTESIAN_POINT('',(-0.325,-0.175,1.7E-02));
#633 = VECTOR('',#634,1.);
#634 = DIRECTION('',(0.,1.,0.));
#635 = ORIENTED_EDGE('',*,*,#636,.T.);
#636 = EDGE_CURVE('',#629,#637,#639,.T.);
#637 = VERTEX_POINT('',#638);
#638 = CARTESIAN_POINT('',(-0.325,0.175,0.107));
#639 = LINE('',#640,#641);
#640 = CARTESIAN_POINT('',(-0.325,0.175,1.7E-02));
#641 = VECTOR('',#642,1.);
#642 = DIRECTION('',(0.,0.,1.));
#643 = ORIENTED_EDGE('',*,*,#644,.T.);
#644 = EDGE_CURVE('',#637,#621,#645,.T.);
#645 = LINE('',#646,#647);
#646 = CARTESIAN_POINT('',(-0.325,0.175,0.107));
#647 = VECTOR('',#648,1.);
#648 = DIRECTION('',(0.,-1.,0.));
#649 = PLANE('',#650);
#650 = AXIS2_PLACEMENT_3D('',#651,#652,#653);
#651 = CARTESIAN_POINT('',(-0.325,-0.175,1.7E-02));
#652 = DIRECTION('',(1.,0.,0.));
#653 = DIRECTION('',(0.,0.,1.));
#654 = ADVANCED_FACE('',(#655),#680,.F.);
#655 = FACE_BOUND('',#656,.F.);
#656 = EDGE_LOOP('',(#657,#665,#666,#674));
#657 = ORIENTED_EDGE('',*,*,#658,.F.);
#658 = EDGE_CURVE('',#619,#659,#661,.T.);
#659 = VERTEX_POINT('',#660);
#660 = CARTESIAN_POINT('',(0.325,-0.175,1.7E-02));
#661 = LINE('',#662,#663);
#662 = CARTESIAN_POINT('',(-0.325,-0.175,1.7E-02));
#663 = VECTOR('',#664,1.);
#664 = DIRECTION('',(1.,0.,0.));
#665 = ORIENTED_EDGE('',*,*,#618,.T.);
#666 = ORIENTED_EDGE('',*,*,#667,.F.);
#667 = EDGE_CURVE('',#668,#621,#670,.T.);
#668 = VERTEX_POINT('',#669);
#669 = CARTESIAN_POINT('',(0.325,-0.175,0.107));
#670 = LINE('',#671,#672);
#671 = CARTESIAN_POINT('',(0.325,-0.175,0.107));
#672 = VECTOR('',#673,1.);
#673 = DIRECTION('',(-1.,0.,0.));
#674 = ORIENTED_EDGE('',*,*,#675,.F.);
#675 = EDGE_CURVE('',#659,#668,#676,.T.);
#676 = LINE('',#677,#678);
#677 = CARTESIAN_POINT('',(0.325,-0.175,1.7E-02));
#678 = VECTOR('',#679,1.);
#679 = DIRECTION('',(0.,0.,1.));
#680 = PLANE('',#681);
#681 = AXIS2_PLACEMENT_3D('',#682,#683,#684);
#682 = CARTESIAN_POINT('',(-0.325,-0.175,1.7E-02));
#683 = DIRECTION('',(0.,1.,0.));
#684 = DIRECTION('',(0.,-0.,1.));
#685 = ADVANCED_FACE('',(#686,#704,#738,#772),#798,.F.);
#686 = FACE_BOUND('',#687,.F.);
#687 = EDGE_LOOP('',(#688,#689,#690,#698));
#688 = ORIENTED_EDGE('',*,*,#628,.F.);
#689 = ORIENTED_EDGE('',*,*,#658,.T.);
#690 = ORIENTED_EDGE('',*,*,#691,.T.);
#691 = EDGE_CURVE('',#659,#692,#694,.T.);
#692 = VERTEX_POINT('',#693);
#693 = CARTESIAN_POINT('',(0.325,0.175,1.7E-02));
#694 = LINE('',#695,#696);
#695 = CARTESIAN_POINT('',(0.325,-0.175,1.7E-02));
#696 = VECTOR('',#697,1.);
#697 = DIRECTION('',(0.,1.,0.));
#698 = ORIENTED_EDGE('',*,*,#699,.F.);
#699 = EDGE_CURVE('',#629,#692,#700,.T.);
#700 = LINE('',#701,#702);
#701 = CARTESIAN_POINT('',(-0.325,0.175,1.7E-02));
#702 = VECTOR('',#703,1.);
#703 = DIRECTION('',(1.,0.,0.));
#704 = FACE_BOUND('',#705,.F.);
#705 = EDGE_LOOP('',(#706,#716,#724,#732));
#706 = ORIENTED_EDGE('',*,*,#707,.T.);
#707 = EDGE_CURVE('',#708,#710,#712,.T.);
#708 = VERTEX_POINT('',#709);
#709 = CARTESIAN_POINT('',(0.105,0.125,1.7E-02));
#710 = VERTEX_POINT('',#711);
#711 = CARTESIAN_POINT('',(0.275,0.125,1.7E-02));
#712 = LINE('',#713,#714);
#713 = CARTESIAN_POINT('',(0.105,0.125,1.7E-02));
#714 = VECTOR('',#715,1.);
#715 = DIRECTION('',(1.,0.,0.));
#716 = ORIENTED_EDGE('',*,*,#717,.F.);
#717 = EDGE_CURVE('',#718,#710,#720,.T.);
#718 = VERTEX_POINT('',#719);
#719 = CARTESIAN_POINT('',(0.275,-0.125,1.7E-02));
#720 = LINE('',#721,#722);
#721 = CARTESIAN_POINT('',(0.275,-0.125,1.7E-02));
#722 = VECTOR('',#723,1.);
#723 = DIRECTION('',(0.,1.,0.));
#724 = ORIENTED_EDGE('',*,*,#725,.F.);
#725 = EDGE_CURVE('',#726,#718,#728,.T.);
#726 = VERTEX_POINT('',#727);
#727 = CARTESIAN_POINT('',(0.105,-0.125,1.7E-02));
#728 = LINE('',#729,#730);
#729 = CARTESIAN_POINT('',(0.105,-0.125,1.7E-02));
#730 = VECTOR('',#731,1.);
#731 = DIRECTION('',(1.,0.,0.));
#732 = ORIENTED_EDGE('',*,*,#733,.T.);
#733 = EDGE_CURVE('',#726,#708,#734,.T.);
#734 = LINE('',#735,#736);
#735 = CARTESIAN_POINT('',(0.105,-0.125,1.7E-02));
#736 = VECTOR('',#737,1.);
#737 = DIRECTION('',(0.,1.,0.));
#738 = FACE_BOUND('',#739,.F.);
#739 = EDGE_LOOP('',(#740,#750,#758,#766));
#740 = ORIENTED_EDGE('',*,*,#741,.T.);
#741 = EDGE_CURVE('',#742,#744,#746,.T.);
#742 = VERTEX_POINT('',#743);
#743 = CARTESIAN_POINT('',(-0.275,0.125,1.7E-02));
#744 = VERTEX_POINT('',#745);
#745 = CARTESIAN_POINT('',(-0.105,0.125,1.7E-02));
#746 = LINE('',#747,#748);
#747 = CARTESIAN_POINT('',(-0.275,0.125,1.7E-02));
#748 = VECTOR('',#749,1.);
#749 = DIRECTION('',(1.,0.,0.));
#750 = ORIENTED_EDGE('',*,*,#751,.F.);
#751 = EDGE_CURVE('',#752,#744,#754,.T.);
#752 = VERTEX_POINT('',#753);
#753 = CARTESIAN_POINT('',(-0.105,-0.125,1.7E-02));
#754 = LINE('',#755,#756);
#755 = CARTESIAN_POINT('',(-0.105,-0.125,1.7E-02));
#756 = VECTOR('',#757,1.);
#757 = DIRECTION('',(0.,1.,0.));
#758 = ORIENTED_EDGE('',*,*,#759,.F.);
#759 = EDGE_CURVE('',#760,#752,#762,.T.);
#760 = VERTEX_POINT('',#761);
#761 = CARTESIAN_POINT('',(-0.275,-0.125,1.7E-02));
#762 = LINE('',#763,#764);
#763 = CARTESIAN_POINT('',(-0.275,-0.125,1.7E-02));
#764 = VECTOR('',#765,1.);
#765 = DIRECTION('',(1.,0.,0.));
#766 = ORIENTED_EDGE('',*,*,#767,.T.);
#767 = EDGE_CURVE('',#760,#742,#768,.T.);
#768 = LINE('',#769,#770);
#769 = CARTESIAN_POINT('',(-0.275,-0.125,1.7E-02));
#770 = VECTOR('',#771,1.);
#771 = DIRECTION('',(0.,1.,0.));
#772 = FACE_BOUND('',#773,.F.);
#773 = EDGE_LOOP('',(#774,#784,#792));
#774 = ORIENTED_EDGE('',*,*,#775,.T.);
#775 = EDGE_CURVE('',#776,#778,#780,.T.);
#776 = VERTEX_POINT('',#777);
#777 = CARTESIAN_POINT('',(7.274613391789E-02,8.4E-02,1.7E-02));
#778 = VERTEX_POINT('',#779);
#779 = CARTESIAN_POINT('',(7.274613391789E-02,-8.4E-02,1.7E-02));
#780 = LINE('',#781,#782);
#781 = CARTESIAN_POINT('',(7.274613391789E-02,8.4E-02,1.7E-02));
#782 = VECTOR('',#783,1.);
#783 = DIRECTION('',(0.,-1.,0.));
#784 = ORIENTED_EDGE('',*,*,#785,.T.);
#785 = EDGE_CURVE('',#778,#786,#788,.T.);
#786 = VERTEX_POINT('',#787);
#787 = CARTESIAN_POINT('',(-7.274613391789E-02,0.,1.7E-02));
#788 = LINE('',#789,#790);
#789 = CARTESIAN_POINT('',(7.274613391789E-02,-8.4E-02,1.7E-02));
#790 = VECTOR('',#791,1.);
#791 = DIRECTION('',(-0.866025403784,0.5,0.));
#792 = ORIENTED_EDGE('',*,*,#793,.T.);
#793 = EDGE_CURVE('',#786,#776,#794,.T.);
#794 = LINE('',#795,#796);
#795 = CARTESIAN_POINT('',(-7.274613391789E-02,0.,1.7E-02));
#796 = VECTOR('',#797,1.);
#797 = DIRECTION('',(0.866025403784,0.5,0.));
#798 = PLANE('',#799);
#799 = AXIS2_PLACEMENT_3D('',#800,#801,#802);
#800 = CARTESIAN_POINT('',(-0.325,-0.175,1.7E-02));
#801 = DIRECTION('',(0.,0.,1.));
#802 = DIRECTION('',(1.,0.,-0.));
#803 = ADVANCED_FACE('',(#804),#829,.T.);
#804 = FACE_BOUND('',#805,.T.);
#805 = EDGE_LOOP('',(#806,#807,#815,#823));
#806 = ORIENTED_EDGE('',*,*,#644,.T.);
#807 = ORIENTED_EDGE('',*,*,#808,.T.);
#808 = EDGE_CURVE('',#621,#809,#811,.T.);
#809 = VERTEX_POINT('',#810);
#810 = CARTESIAN_POINT('',(-0.2925,-0.175,0.2));
#811 = LINE('',#812,#813);
#812 = CARTESIAN_POINT('',(-0.325,-0.175,0.107));
#813 = VECTOR('',#814,1.);
#814 = DIRECTION('',(0.32989823916,0.,0.944016499749));
#815 = ORIENTED_EDGE('',*,*,#816,.F.);
#816 = EDGE_CURVE('',#817,#809,#819,.T.);
#817 = VERTEX_POINT('',#818);
#818 = CARTESIAN_POINT('',(-0.2925,0.175,0.2));
#819 = LINE('',#820,#821);
#820 = CARTESIAN_POINT('',(-0.2925,0.175,0.2));
#821 = VECTOR('',#822,1.);
#822 = DIRECTION('',(0.,-1.,0.));
#823 = ORIENTED_EDGE('',*,*,#824,.F.);
#824 = EDGE_CURVE('',#637,#817,#825,.T.);
#825 = LINE('',#826,#827);
#826 = CARTESIAN_POINT('',(-0.325,0.175,0.107));
#827 = VECTOR('',#828,1.);
#828 = DIRECTION('',(0.32989823916,0.,0.944016499749));
#829 = PLANE('',#830);
#830 = AXIS2_PLACEMENT_3D('',#831,#832,#833);
#831 = CARTESIAN_POINT('',(-0.325,0.175,0.107));
#832 = DIRECTION('',(-0.944016499749,0.,0.32989823916));
#833 = DIRECTION('',(0.32989823916,0.,0.944016499749));
#834 = ADVANCED_FACE('',(#835),#853,.T.);
#835 = FACE_BOUND('',#836,.T.);
#836 = EDGE_LOOP('',(#837,#838,#839,#847));
#837 = ORIENTED_EDGE('',*,*,#699,.F.);
#838 = ORIENTED_EDGE('',*,*,#636,.T.);
#839 = ORIENTED_EDGE('',*,*,#840,.F.);
#840 = EDGE_CURVE('',#841,#637,#843,.T.);
#841 = VERTEX_POINT('',#842);
#842 = CARTESIAN_POINT('',(0.325,0.175,0.107));
#843 = LINE('',#844,#845);
#844 = CARTESIAN_POINT('',(0.325,0.175,0.107));
#845 = VECTOR('',#846,1.);
#846 = DIRECTION('',(-1.,0.,0.));
#847 = ORIENTED_EDGE('',*,*,#848,.F.);
#848 = EDGE_CURVE('',#692,#841,#849,.T.);
#849 = LINE('',#850,#851);
#850 = CARTESIAN_POINT('',(0.325,0.175,1.7E-02));
#851 = VECTOR('',#852,1.);
#852 = DIRECTION('',(0.,0.,1.));
#853 = PLANE('',#854);
#854 = AXIS2_PLACEMENT_3D('',#855,#856,#857);
#855 = CARTESIAN_POINT('',(-0.325,0.175,1.7E-02));
#856 = DIRECTION('',(0.,1.,0.));
#857 = DIRECTION('',(0.,-0.,1.));
#858 = ADVANCED_FACE('',(#859),#870,.T.);
#859 = FACE_BOUND('',#860,.T.);
#860 = EDGE_LOOP('',(#861,#862,#863,#864));
#861 = ORIENTED_EDGE('',*,*,#675,.F.);
#862 = ORIENTED_EDGE('',*,*,#691,.T.);
#863 = ORIENTED_EDGE('',*,*,#848,.T.);
#864 = ORIENTED_EDGE('',*,*,#865,.T.);
#865 = EDGE_CURVE('',#841,#668,#866,.T.);
#866 = LINE('',#867,#868);
#867 = CARTESIAN_POINT('',(0.325,0.175,0.107));
#868 = VECTOR('',#869,1.);
#869 = DIRECTION('',(0.,-1.,0.));
#870 = PLANE('',#871);
#871 = AXIS2_PLACEMENT_3D('',#872,#873,#874);
#872 = CARTESIAN_POINT('',(0.325,-0.175,1.7E-02));
#873 = DIRECTION('',(1.,0.,0.));
#874 = DIRECTION('',(0.,0.,1.));
#875 = ADVANCED_FACE('',(#876),#894,.F.);
#876 = FACE_BOUND('',#877,.F.);
#877 = EDGE_LOOP('',(#878,#879,#887,#893));
#878 = ORIENTED_EDGE('',*,*,#808,.T.);
#879 = ORIENTED_EDGE('',*,*,#880,.T.);
#880 = EDGE_CURVE('',#809,#881,#883,.T.);
#881 = VERTEX_POINT('',#882);
#882 = CARTESIAN_POINT('',(0.2925,-0.175,0.2));
#883 = LINE('',#884,#885);
#884 = CARTESIAN_POINT('',(-0.2925,-0.175,0.2));
#885 = VECTOR('',#886,1.);
#886 = DIRECTION('',(1.,0.,0.));
#887 = ORIENTED_EDGE('',*,*,#888,.T.);
#888 = EDGE_CURVE('',#881,#668,#889,.T.);
#889 = LINE('',#890,#891);
#890 = CARTESIAN_POINT('',(0.2925,-0.175,0.2));
#891 = VECTOR('',#892,1.);
#892 = DIRECTION('',(0.32989823916,0.,-0.944016499749));
#893 = ORIENTED_EDGE('',*,*,#667,.T.);
#894 = PLANE('',#895);
#895 = AXIS2_PLACEMENT_3D('',#896,#897,#898);
#896 = CARTESIAN_POINT('',(9.690986503965E-18,-0.175,0.15138936053));
#897 = DIRECTION('',(3.640674961141E-33,1.,-8.102543307743E-32));
#898 = DIRECTION('',(0.,8.102543307743E-32,1.));
#899 = ADVANCED_FACE('',(#900),#925,.T.);
#900 = FACE_BOUND('',#901,.T.);
#901 = EDGE_LOOP('',(#902,#912,#918,#919));
#902 = ORIENTED_EDGE('',*,*,#903,.F.);
#903 = EDGE_CURVE('',#904,#906,#908,.T.);
#904 = VERTEX_POINT('',#905);
#905 = CARTESIAN_POINT('',(0.105,0.125,0.));
#906 = VERTEX_POINT('',#907);
#907 = CARTESIAN_POINT('',(0.275,0.125,0.));
#908 = LINE('',#909,#910);
#909 = CARTESIAN_POINT('',(0.105,0.125,0.));
#910 = VECTOR('',#911,1.);
#911 = DIRECTION('',(1.,0.,0.));
#912 = ORIENTED_EDGE('',*,*,#913,.T.);
#913 = EDGE_CURVE('',#904,#708,#914,.T.);
#914 = LINE('',#915,#916);
#915 = CARTESIAN_POINT('',(0.105,0.125,0.));
#916 = VECTOR('',#917,1.);
#917 = DIRECTION('',(0.,0.,1.));
#918 = ORIENTED_EDGE('',*,*,#707,.T.);
#919 = ORIENTED_EDGE('',*,*,#920,.F.);
#920 = EDGE_CURVE('',#906,#710,#921,.T.);
#921 = LINE('',#922,#923);
#922 = CARTESIAN_POINT('',(0.275,0.125,0.));
#923 = VECTOR('',#924,1.);
#924 = DIRECTION('',(0.,0.,1.));
#925 = PLANE('',#926);
#926 = AXIS2_PLACEMENT_3D('',#927,#928,#929);
#927 = CARTESIAN_POINT('',(0.105,0.125,0.));
#928 = DIRECTION('',(0.,1.,0.));
#929 = DIRECTION('',(0.,-0.,1.));
#930 = ADVANCED_FACE('',(#931),#949,.F.);
#931 = FACE_BOUND('',#932,.F.);
#932 = EDGE_LOOP('',(#933,#941,#947,#948));
#933 = ORIENTED_EDGE('',*,*,#934,.F.);
#934 = EDGE_CURVE('',#935,#726,#937,.T.);
#935 = VERTEX_POINT('',#936);
#936 = CARTESIAN_POINT('',(0.105,-0.125,0.));
#937 = LINE('',#938,#939);
#938 = CARTESIAN_POINT('',(0.105,-0.125,0.));
#939 = VECTOR('',#940,1.);
#940 = DIRECTION('',(0.,0.,1.));
#941 = ORIENTED_EDGE('',*,*,#942,.T.);
#942 = EDGE_CURVE('',#935,#904,#943,.T.);
#943 = LINE('',#944,#945);
#944 = CARTESIAN_POINT('',(0.105,-0.125,0.));
#945 = VECTOR('',#946,1.);
#946 = DIRECTION('',(0.,1.,0.));
#947 = ORIENTED_EDGE('',*,*,#913,.T.);
#948 = ORIENTED_EDGE('',*,*,#733,.F.);
#949 = PLANE('',#950);
#950 = AXIS2_PLACEMENT_3D('',#951,#952,#953);
#951 = CARTESIAN_POINT('',(0.105,-0.125,0.));
#952 = DIRECTION('',(1.,0.,0.));
#953 = DIRECTION('',(0.,0.,1.));
#954 = ADVANCED_FACE('',(#955),#973,.F.);
#955 = FACE_BOUND('',#956,.F.);
#956 = EDGE_LOOP('',(#957,#965,#966,#967));
#957 = ORIENTED_EDGE('',*,*,#958,.F.);
#958 = EDGE_CURVE('',#935,#959,#961,.T.);
#959 = VERTEX_POINT('',#960);
#960 = CARTESIAN_POINT('',(0.275,-0.125,0.));
#961 = LINE('',#962,#963);
#962 = CARTESIAN_POINT('',(0.105,-0.125,0.));
#963 = VECTOR('',#964,1.);
#964 = DIRECTION('',(1.,0.,0.));
#965 = ORIENTED_EDGE('',*,*,#934,.T.);
#966 = ORIENTED_EDGE('',*,*,#725,.T.);
#967 = ORIENTED_EDGE('',*,*,#968,.F.);
#968 = EDGE_CURVE('',#959,#718,#969,.T.);
#969 = LINE('',#970,#971);
#970 = CARTESIAN_POINT('',(0.275,-0.125,0.));
#971 = VECTOR('',#972,1.);
#972 = DIRECTION('',(0.,0.,1.));
#973 = PLANE('',#974);
#974 = AXIS2_PLACEMENT_3D('',#975,#976,#977);
#975 = CARTESIAN_POINT('',(0.105,-0.125,0.));
#976 = DIRECTION('',(0.,1.,0.));
#977 = DIRECTION('',(0.,-0.,1.));
#978 = ADVANCED_FACE('',(#979),#990,.T.);
#979 = FACE_BOUND('',#980,.T.);
#980 = EDGE_LOOP('',(#981,#982,#988,#989));
#981 = ORIENTED_EDGE('',*,*,#968,.F.);
#982 = ORIENTED_EDGE('',*,*,#983,.T.);
#983 = EDGE_CURVE('',#959,#906,#984,.T.);
#984 = LINE('',#985,#986);
#985 = CARTESIAN_POINT('',(0.275,-0.125,0.));
#986 = VECTOR('',#987,1.);
#987 = DIRECTION('',(0.,1.,0.));
#988 = ORIENTED_EDGE('',*,*,#920,.T.);
#989 = ORIENTED_EDGE('',*,*,#717,.F.);
#990 = PLANE('',#991);
#991 = AXIS2_PLACEMENT_3D('',#992,#993,#994);
#992 = CARTESIAN_POINT('',(0.275,-0.125,0.));
#993 = DIRECTION('',(1.,0.,0.));
#994 = DIRECTION('',(0.,0.,1.));
#995 = ADVANCED_FACE('',(#996),#1021,.T.);
#996 = FACE_BOUND('',#997,.T.);
#997 = EDGE_LOOP('',(#998,#1008,#1014,#1015));
#998 = ORIENTED_EDGE('',*,*,#999,.F.);
#999 = EDGE_CURVE('',#1000,#1002,#1004,.T.);
#1000 = VERTEX_POINT('',#1001);
#1001 = CARTESIAN_POINT('',(-0.275,0.125,0.));
#1002 = VERTEX_POINT('',#1003);
#1003 = CARTESIAN_POINT('',(-0.105,0.125,0.));
#1004 = LINE('',#1005,#1006);
#1005 = CARTESIAN_POINT('',(-0.275,0.125,0.));
#1006 = VECTOR('',#1007,1.);
#1007 = DIRECTION('',(1.,0.,0.));
#1008 = ORIENTED_EDGE('',*,*,#1009,.T.);
#1009 = EDGE_CURVE('',#1000,#742,#1010,.T.);
#1010 = LINE('',#1011,#1012);
#1011 = CARTESIAN_POINT('',(-0.275,0.125,0.));
#1012 = VECTOR('',#1013,1.);
#1013 = DIRECTION('',(0.,0.,1.));
#1014 = ORIENTED_EDGE('',*,*,#741,.T.);
#1015 = ORIENTED_EDGE('',*,*,#1016,.F.);
#1016 = EDGE_CURVE('',#1002,#744,#1017,.T.);
#1017 = LINE('',#1018,#1019);
#1018 = CARTESIAN_POINT('',(-0.105,0.125,0.));
#1019 = VECTOR('',#1020,1.);
#1020 = DIRECTION('',(0.,0.,1.));
#1021 = PLANE('',#1022);
#1022 = AXIS2_PLACEMENT_3D('',#1023,#1024,#1025);
#1023 = CARTESIAN_POINT('',(-0.275,0.125,0.));
#1024 = DIRECTION('',(0.,1.,0.));
#1025 = DIRECTION('',(0.,-0.,1.));
#1026 = ADVANCED_FACE('',(#1027),#1045,.F.);
#1027 = FACE_BOUND('',#1028,.F.);
#1028 = EDGE_LOOP('',(#1029,#1037,#1043,#1044));
#1029 = ORIENTED_EDGE('',*,*,#1030,.F.);
#1030 = EDGE_CURVE('',#1031,#760,#1033,.T.);
#1031 = VERTEX_POINT('',#1032);
#1032 = CARTESIAN_POINT('',(-0.275,-0.125,0.));
#1033 = LINE('',#1034,#1035);
#1034 = CARTESIAN_POINT('',(-0.275,-0.125,0.));
#1035 = VECTOR('',#1036,1.);
#1036 = DIRECTION('',(0.,0.,1.));
#1037 = ORIENTED_EDGE('',*,*,#1038,.T.);
#1038 = EDGE_CURVE('',#1031,#1000,#1039,.T.);
#1039 = LINE('',#1040,#1041);
#1040 = CARTESIAN_POINT('',(-0.275,-0.125,0.));
#1041 = VECTOR('',#1042,1.);
#1042 = DIRECTION('',(0.,1.,0.));
#1043 = ORIENTED_EDGE('',*,*,#1009,.T.);
#1044 = ORIENTED_EDGE('',*,*,#767,.F.);
#1045 = PLANE('',#1046);
#1046 = AXIS2_PLACEMENT_3D('',#1047,#1048,#1049);
#1047 = CARTESIAN_POINT('',(-0.275,-0.125,0.));
#1048 = DIRECTION('',(1.,0.,0.));
#1049 = DIRECTION('',(0.,0.,1.));
#1050 = ADVANCED_FACE('',(#1051),#1069,.F.);
#1051 = FACE_BOUND('',#1052,.F.);
#1052 = EDGE_LOOP('',(#1053,#1061,#1062,#1063));
#1053 = ORIENTED_EDGE('',*,*,#1054,.F.);
#1054 = EDGE_CURVE('',#1031,#1055,#1057,.T.);
#1055 = VERTEX_POINT('',#1056);
#1056 = CARTESIAN_POINT('',(-0.105,-0.125,0.));
#1057 = LINE('',#1058,#1059);
#1058 = CARTESIAN_POINT('',(-0.275,-0.125,0.));
#1059 = VECTOR('',#1060,1.);
#1060 = DIRECTION('',(1.,0.,0.));
#1061 = ORIENTED_EDGE('',*,*,#1030,.T.);
#1062 = ORIENTED_EDGE('',*,*,#759,.T.);
#1063 = ORIENTED_EDGE('',*,*,#1064,.F.);
#1064 = EDGE_CURVE('',#1055,#752,#1065,.T.);
#1065 = LINE('',#1066,#1067);
#1066 = CARTESIAN_POINT('',(-0.105,-0.125,0.));
#1067 = VECTOR('',#1068,1.);
#1068 = DIRECTION('',(0.,0.,1.));
#1069 = PLANE('',#1070);
#1070 = AXIS2_PLACEMENT_3D('',#1071,#1072,#1073);
#1071 = CARTESIAN_POINT('',(-0.275,-0.125,0.));
#1072 = DIRECTION('',(0.,1.,0.));
#1073 = DIRECTION('',(0.,-0.,1.));
#1074 = ADVANCED_FACE('',(#1075),#1086,.T.);
#1075 = FACE_BOUND('',#1076,.T.);
#1076 = EDGE_LOOP('',(#1077,#1078,#1084,#1085));
#1077 = ORIENTED_EDGE('',*,*,#1064,.F.);
#1078 = ORIENTED_EDGE('',*,*,#1079,.T.);
#1079 = EDGE_CURVE('',#1055,#1002,#1080,.T.);
#1080 = LINE('',#1081,#1082);
#1081 = CARTESIAN_POINT('',(-0.105,-0.125,0.));
#1082 = VECTOR('',#1083,1.);
#1083 = DIRECTION('',(0.,1.,0.));
#1084 = ORIENTED_EDGE('',*,*,#1016,.T.);
#1085 = ORIENTED_EDGE('',*,*,#751,.F.);
#1086 = PLANE('',#1087);
#1087 = AXIS2_PLACEMENT_3D('',#1088,#1089,#1090);
#1088 = CARTESIAN_POINT('',(-0.105,-0.125,0.));
#1089 = DIRECTION('',(1.,0.,0.));
#1090 = DIRECTION('',(0.,0.,1.));
#1091 = ADVANCED_FACE('',(#1092),#1117,.T.);
#1092 = FACE_BOUND('',#1093,.T.);
#1093 = EDGE_LOOP('',(#1094,#1102,#1103,#1111));
#1094 = ORIENTED_EDGE('',*,*,#1095,.T.);
#1095 = EDGE_CURVE('',#1096,#776,#1098,.T.);
#1096 = VERTEX_POINT('',#1097);
#1097 = CARTESIAN_POINT('',(7.274613391789E-02,8.4E-02,8.5E-03));
#1098 = LINE('',#1099,#1100);
#1099 = CARTESIAN_POINT('',(7.274613391789E-02,8.4E-02,8.5E-03));
#1100 = VECTOR('',#1101,1.);
#1101 = DIRECTION('',(0.,0.,1.));
#1102 = ORIENTED_EDGE('',*,*,#775,.T.);
#1103 = ORIENTED_EDGE('',*,*,#1104,.F.);
#1104 = EDGE_CURVE('',#1105,#778,#1107,.T.);
#1105 = VERTEX_POINT('',#1106);
#1106 = CARTESIAN_POINT('',(7.274613391789E-02,-8.4E-02,8.5E-03));
#1107 = LINE('',#1108,#1109);
#1108 = CARTESIAN_POINT('',(7.274613391789E-02,-8.4E-02,8.5E-03));
#1109 = VECTOR('',#1110,1.);
#1110 = DIRECTION('',(0.,0.,1.));
#1111 = ORIENTED_EDGE('',*,*,#1112,.F.);
#1112 = EDGE_CURVE('',#1096,#1105,#1113,.T.);
#1113 = LINE('',#1114,#1115);
#1114 = CARTESIAN_POINT('',(7.274613391789E-02,8.4E-02,8.5E-03));
#1115 = VECTOR('',#1116,1.);
#1116 = DIRECTION('',(0.,-1.,0.));
#1117 = PLANE('',#1118);
#1118 = AXIS2_PLACEMENT_3D('',#1119,#1120,#1121);
#1119 = CARTESIAN_POINT('',(7.274613391789E-02,8.4E-02,8.5E-03));
#1120 = DIRECTION('',(1.,0.,0.));
#1121 = DIRECTION('',(0.,-1.,0.));
#1122 = ADVANCED_FACE('',(#1123),#1141,.T.);
#1123 = FACE_BOUND('',#1124,.T.);
#1124 = EDGE_LOOP('',(#1125,#1133,#1134,#1135));
#1125 = ORIENTED_EDGE('',*,*,#1126,.T.);
#1126 = EDGE_CURVE('',#1127,#786,#1129,.T.);
#1127 = VERTEX_POINT('',#1128);
#1128 = CARTESIAN_POINT('',(-7.274613391789E-02,0.,8.5E-03));
#1129 = LINE('',#1130,#1131);
#1130 = CARTESIAN_POINT('',(-7.274613391789E-02,0.,8.5E-03));
#1131 = VECTOR('',#1132,1.);
#1132 = DIRECTION('',(0.,0.,1.));
#1133 = ORIENTED_EDGE('',*,*,#793,.T.);
#1134 = ORIENTED_EDGE('',*,*,#1095,.F.);
#1135 = ORIENTED_EDGE('',*,*,#1136,.F.);
#1136 = EDGE_CURVE('',#1127,#1096,#1137,.T.);
#1137 = LINE('',#1138,#1139);
#1138 = CARTESIAN_POINT('',(-7.274613391789E-02,0.,8.5E-03));
#1139 = VECTOR('',#1140,1.);
#1140 = DIRECTION('',(0.866025403784,0.5,0.));
#1141 = PLANE('',#1142);
#1142 = AXIS2_PLACEMENT_3D('',#1143,#1144,#1145);
#1143 = CARTESIAN_POINT('',(-7.274613391789E-02,0.,8.5E-03));
#1144 = DIRECTION('',(-0.5,0.866025403784,0.));
#1145 = DIRECTION('',(0.866025403784,0.5,0.));
#1146 = ADVANCED_FACE('',(#1147),#1158,.T.);
#1147 = FACE_BOUND('',#1148,.T.);
#1148 = EDGE_LOOP('',(#1149,#1150,#1151,#1152));
#1149 = ORIENTED_EDGE('',*,*,#1104,.T.);
#1150 = ORIENTED_EDGE('',*,*,#785,.T.);
#1151 = ORIENTED_EDGE('',*,*,#1126,.F.);
#1152 = ORIENTED_EDGE('',*,*,#1153,.F.);
#1153 = EDGE_CURVE('',#1105,#1127,#1154,.T.);
#1154 = LINE('',#1155,#1156);
#1155 = CARTESIAN_POINT('',(7.274613391789E-02,-8.4E-02,8.5E-03));
#1156 = VECTOR('',#1157,1.);
#1157 = DIRECTION('',(-0.866025403784,0.5,0.));
#1158 = PLANE('',#1159);
#1159 = AXIS2_PLACEMENT_3D('',#1160,#1161,#1162);
#1160 = CARTESIAN_POINT('',(7.274613391789E-02,-8.4E-02,8.5E-03));
#1161 = DIRECTION('',(-0.5,-0.866025403784,0.));
#1162 = DIRECTION('',(-0.866025403784,0.5,0.));
#1163 = ADVANCED_FACE('',(#1164),#1182,.T.);
#1164 = FACE_BOUND('',#1165,.T.);
#1165 = EDGE_LOOP('',(#1166,#1167,#1175,#1181));
#1166 = ORIENTED_EDGE('',*,*,#824,.T.);
#1167 = ORIENTED_EDGE('',*,*,#1168,.T.);
#1168 = EDGE_CURVE('',#817,#1169,#1171,.T.);
#1169 = VERTEX_POINT('',#1170);
#1170 = CARTESIAN_POINT('',(0.2925,0.175,0.2));
#1171 = LINE('',#1172,#1173);
#1172 = CARTESIAN_POINT('',(-0.2925,0.175,0.2));
#1173 = VECTOR('',#1174,1.);
#1174 = DIRECTION('',(1.,0.,0.));
#1175 = ORIENTED_EDGE('',*,*,#1176,.T.);
#1176 = EDGE_CURVE('',#1169,#841,#1177,.T.);
#1177 = LINE('',#1178,#1179);
#1178 = CARTESIAN_POINT('',(0.2925,0.175,0.2));
#1179 = VECTOR('',#1180,1.);
#1180 = DIRECTION('',(0.32989823916,0.,-0.944016499749));
#1181 = ORIENTED_EDGE('',*,*,#840,.T.);
#1182 = PLANE('',#1183);
#1183 = AXIS2_PLACEMENT_3D('',#1184,#1185,#1186);
#1184 = CARTESIAN_POINT('',(9.690986503965E-18,0.175,0.15138936053));
#1185 = DIRECTION('',(3.640674961141E-33,1.,-8.102543307743E-32));
#1186 = DIRECTION('',(0.,8.102543307743E-32,1.));
#1187 = ADVANCED_FACE('',(#1188),#1199,.T.);
#1188 = FACE_BOUND('',#1189,.T.);
#1189 = EDGE_LOOP('',(#1190,#1191,#1192,#1198));
#1190 = ORIENTED_EDGE('',*,*,#816,.T.);
#1191 = ORIENTED_EDGE('',*,*,#880,.T.);
#1192 = ORIENTED_EDGE('',*,*,#1193,.F.);
#1193 = EDGE_CURVE('',#1169,#881,#1194,.T.);
#1194 = LINE('',#1195,#1196);
#1195 = CARTESIAN_POINT('',(0.2925,0.175,0.2));
#1196 = VECTOR('',#1197,1.);
#1197 = DIRECTION('',(0.,-1.,0.));
#1198 = ORIENTED_EDGE('',*,*,#1168,.F.);
#1199 = PLANE('',#1200);
#1200 = AXIS2_PLACEMENT_3D('',#1201,#1202,#1203);
#1201 = CARTESIAN_POINT('',(-0.2925,0.175,0.2));
#1202 = DIRECTION('',(0.,0.,1.));
#1203 = DIRECTION('',(1.,0.,-0.));
#1204 = ADVANCED_FACE('',(#1205),#1211,.T.);
#1205 = FACE_BOUND('',#1206,.T.);
#1206 = EDGE_LOOP('',(#1207,#1208,#1209,#1210));
#1207 = ORIENTED_EDGE('',*,*,#1193,.T.);
#1208 = ORIENTED_EDGE('',*,*,#888,.T.);
#1209 = ORIENTED_EDGE('',*,*,#865,.F.);
#1210 = ORIENTED_EDGE('',*,*,#1176,.F.);
#1211 = PLANE('',#1212);
#1212 = AXIS2_PLACEMENT_3D('',#1213,#1214,#1215);
#1213 = CARTESIAN_POINT('',(0.2925,0.175,0.2));
#1214 = DIRECTION('',(0.944016499749,0.,0.32989823916));
#1215 = DIRECTION('',(0.32989823916,0.,-0.944016499749));
#1216 = ADVANCED_FACE('',(#1217),#1223,.F.);
#1217 = FACE_BOUND('',#1218,.F.);
#1218 = EDGE_LOOP('',(#1219,#1220,#1221,#1222));
#1219 = ORIENTED_EDGE('',*,*,#942,.F.);
#1220 = ORIENTED_EDGE('',*,*,#958,.T.);
#1221 = ORIENTED_EDGE('',*,*,#983,.T.);
#1222 = ORIENTED_EDGE('',*,*,#903,.F.);
#1223 = PLANE('',#1224);
#1224 = AXIS2_PLACEMENT_3D('',#1225,#1226,#1227);
#1225 = CARTESIAN_POINT('',(0.105,-0.125,0.));
#1226 = DIRECTION('',(0.,0.,1.));
#1227 = DIRECTION('',(1.,0.,-0.));
#1228 = ADVANCED_FACE('',(#1229),#1235,.F.);
#1229 = FACE_BOUND('',#1230,.F.);
#1230 = EDGE_LOOP('',(#1231,#1232,#1233,#1234));
#1231 = ORIENTED_EDGE('',*,*,#1038,.F.);
#1232 = ORIENTED_EDGE('',*,*,#1054,.T.);
#1233 = ORIENTED_EDGE('',*,*,#1079,.T.);
#1234 = ORIENTED_EDGE('',*,*,#999,.F.);
#1235 = PLANE('',#1236);
#1236 = AXIS2_PLACEMENT_3D('',#1237,#1238,#1239);
#1237 = CARTESIAN_POINT('',(-0.275,-0.125,0.));
#1238 = DIRECTION('',(0.,0.,1.));
#1239 = DIRECTION('',(1.,0.,-0.));
#1240 = ADVANCED_FACE('',(#1241),#1246,.T.);
#1241 = FACE_BOUND('',#1242,.T.);
#1242 = EDGE_LOOP('',(#1243,#1244,#1245));
#1243 = ORIENTED_EDGE('',*,*,#1136,.T.);
#1244 = ORIENTED_EDGE('',*,*,#1112,.T.);
#1245 = ORIENTED_EDGE('',*,*,#1153,.T.);
#1246 = PLANE('',#1247);
#1247 = AXIS2_PLACEMENT_3D('',#1248,#1249,#1250);
#1248 = CARTESIAN_POINT('',(2.424871130596E-02,0.,8.5E-03));
#1249 = DIRECTION('',(-0.,-0.,-1.));
#1250 = DIRECTION('',(-1.,0.,0.));
#1251 = ( GEOMETRIC_REPRESENTATION_CONTEXT(3) 
GLOBAL_UNCERTAINTY_ASSIGNED_CONTEXT((#1255)) 
GLOBAL_UNIT_ASSIGNED_CONTEXT((#1252,#1253,#1254)) REPRESENTATION_CONTEXT
('Context #1','3D Context with UNIT and UNCERTAINTY') );
#1252 = ( LENGTH_UNIT() NAMED_UNIT(*) SI_UNIT(.MILLI.,.METRE.) );
#1253 = ( NAMED_UNIT(*) PLANE_ANGLE_UNIT() SI_UNIT($,.RADIAN.) );
#1254 = ( NAMED_UNIT(*) SI_UNIT($,.STERADIAN.) SOLID_ANGLE_UNIT() );
#1255 = UNCERTAINTY_MEASURE_WITH_UNIT(LENGTH_MEASURE(1.E-07),#1252,
  'distance_accuracy_value','confusion accuracy');
#1256 = CONTEXT_DEPENDENT_SHAPE_REPRESENTATION(#1257,#1259);
#1257 = ( REPRESENTATION_RELATIONSHIP('','',#611,#10) 
REPRESENTATION_RELATIONSHIP_WITH_TRANSFORMATION(#1258) 
SHAPE_REPRESENTATION_RELATIONSHIP() );
#1258 = ITEM_DEFINED_TRANSFORMATION('','',#11,#19);
#1259 = PRODUCT_DEFINITION_SHAPE('Placement','Placement of an item',
  #1260);
#1260 = NEXT_ASSEMBLY_USAGE_OCCURRENCE('2','D1','',#5,#606,$);
#1261 = PRODUCT_RELATED_PRODUCT_CATEGORY('part',$,(#608));
#1262 = CONTEXT_DEPENDENT_SHAPE_REPRESENTATION(#1263,#1265);
#1263 = ( REPRESENTATION_RELATIONSHIP('','',#611,#10) 
REPRESENTATION_RELATIONSHIP_WITH_TRANSFORMATION(#1264) 
SHAPE_REPRESENTATION_RELATIONSHIP() );
#1264 = ITEM_DEFINED_TRANSFORMATION('','',#11,#23);
#1265 = PRODUCT_DEFINITION_SHAPE('Placement','Placement of an item',
  #1266);
#1266 = NEXT_ASSEMBLY_USAGE_OCCURRENCE('3','D3','',#5,#606,$);
#1267 = SHAPE_DEFINITION_REPRESENTATION(#1268,#1274);
#1268 = PRODUCT_DEFINITION_SHAPE('','',#1269);
#1269 = PRODUCT_DEFINITION('design','',#1270,#1273);
#1270 = PRODUCT_DEFINITION_FORMATION('','',#1271);
#1271 = PRODUCT('R_0201_0603Metric','R_0201_0603Metric','',(#1272));
#1272 = PRODUCT_CONTEXT('',#2,'mechanical');
#1273 = PRODUCT_DEFINITION_CONTEXT('part definition',#2,'design');
#1274 = ADVANCED_BREP_SHAPE_REPRESENTATION('',(#11,#1275),#2065);
#1275 = MANIFOLD_SOLID_BREP('',#1276);
#1276 = CLOSED_SHELL('',(#1277,#1317,#1400,#1425,#1450,#1517,#1534,#1551
    ,#1600,#1617,#1634,#1683,#1700,#1769,#1800,#1824,#1893,#1917,#1934,
    #1951,#1968,#1985,#2002,#2019,#2036,#2053));
#1277 = ADVANCED_FACE('',(#1278),#1312,.F.);
#1278 = FACE_BOUND('',#1279,.F.);
#1279 = EDGE_LOOP('',(#1280,#1290,#1298,#1306));
#1280 = ORIENTED_EDGE('',*,*,#1281,.F.);
#1281 = EDGE_CURVE('',#1282,#1284,#1286,.T.);
#1282 = VERTEX_POINT('',#1283);
#1283 = CARTESIAN_POINT('',(-0.3,-0.15,2.3E-02));
#1284 = VERTEX_POINT('',#1285);
#1285 = CARTESIAN_POINT('',(-0.3,-0.15,0.207));
#1286 = LINE('',#1287,#1288);
#1287 = CARTESIAN_POINT('',(-0.3,-0.15,0.));
#1288 = VECTOR('',#1289,1.);
#1289 = DIRECTION('',(0.,0.,1.));
#1290 = ORIENTED_EDGE('',*,*,#1291,.T.);
#1291 = EDGE_CURVE('',#1282,#1292,#1294,.T.);
#1292 = VERTEX_POINT('',#1293);
#1293 = CARTESIAN_POINT('',(-0.3,0.15,2.3E-02));
#1294 = LINE('',#1295,#1296);
#1295 = CARTESIAN_POINT('',(-0.3,-0.15,2.3E-02));
#1296 = VECTOR('',#1297,1.);
#1297 = DIRECTION('',(0.,1.,0.));
#1298 = ORIENTED_EDGE('',*,*,#1299,.T.);
#1299 = EDGE_CURVE('',#1292,#1300,#1302,.T.);
#1300 = VERTEX_POINT('',#1301);
#1301 = CARTESIAN_POINT('',(-0.3,0.15,0.207));
#1302 = LINE('',#1303,#1304);
#1303 = CARTESIAN_POINT('',(-0.3,0.15,0.));
#1304 = VECTOR('',#1305,1.);
#1305 = DIRECTION('',(0.,0.,1.));
#1306 = ORIENTED_EDGE('',*,*,#1307,.F.);
#1307 = EDGE_CURVE('',#1284,#1300,#1308,.T.);
#1308 = LINE('',#1309,#1310);
#1309 = CARTESIAN_POINT('',(-0.3,-0.15,0.207));
#1310 = VECTOR('',#1311,1.);
#1311 = DIRECTION('',(0.,1.,0.));
#1312 = PLANE('',#1313);
#1313 = AXIS2_PLACEMENT_3D('',#1314,#1315,#1316);
#1314 = CARTESIAN_POINT('',(-0.3,-0.15,0.));
#1315 = DIRECTION('',(1.,0.,0.));
#1316 = DIRECTION('',(0.,0.,1.));
#1317 = ADVANCED_FACE('',(#1318),#1395,.F.);
#1318 = FACE_BOUND('',#1319,.F.);
#1319 = EDGE_LOOP('',(#1320,#1330,#1337,#1338,#1347,#1355,#1364,#1372,
    #1380,#1388));
#1320 = ORIENTED_EDGE('',*,*,#1321,.F.);
#1321 = EDGE_CURVE('',#1322,#1324,#1326,.T.);
#1322 = VERTEX_POINT('',#1323);
#1323 = CARTESIAN_POINT('',(-0.277,-0.15,-1.387778780781E-17));
#1324 = VERTEX_POINT('',#1325);
#1325 = CARTESIAN_POINT('',(-0.223,-0.15,-1.387778780781E-17));
#1326 = LINE('',#1327,#1328);
#1327 = CARTESIAN_POINT('',(-0.3,-0.15,0.));
#1328 = VECTOR('',#1329,1.);
#1329 = DIRECTION('',(1.,0.,0.));
#1330 = ORIENTED_EDGE('',*,*,#1331,.F.);
#1331 = EDGE_CURVE('',#1282,#1322,#1332,.T.);
#1332 = CIRCLE('',#1333,2.3E-02);
#1333 = AXIS2_PLACEMENT_3D('',#1334,#1335,#1336);
#1334 = CARTESIAN_POINT('',(-0.277,-0.15,2.3E-02));
#1335 = DIRECTION('',(0.,-1.,0.));
#1336 = DIRECTION('',(0.,0.,1.));
#1337 = ORIENTED_EDGE('',*,*,#1281,.T.);
#1338 = ORIENTED_EDGE('',*,*,#1339,.T.);
#1339 = EDGE_CURVE('',#1284,#1340,#1342,.T.);
#1340 = VERTEX_POINT('',#1341);
#1341 = CARTESIAN_POINT('',(-0.277,-0.15,0.23));
#1342 = CIRCLE('',#1343,2.3E-02);
#1343 = AXIS2_PLACEMENT_3D('',#1344,#1345,#1346);
#1344 = CARTESIAN_POINT('',(-0.277,-0.15,0.207));
#1345 = DIRECTION('',(0.,1.,0.));
#1346 = DIRECTION('',(0.,-0.,1.));
#1347 = ORIENTED_EDGE('',*,*,#1348,.T.);
#1348 = EDGE_CURVE('',#1340,#1349,#1351,.T.);
#1349 = VERTEX_POINT('',#1350);
#1350 = CARTESIAN_POINT('',(-0.223,-0.15,0.23));
#1351 = LINE('',#1352,#1353);
#1352 = CARTESIAN_POINT('',(-0.3,-0.15,0.23));
#1353 = VECTOR('',#1354,1.);
#1354 = DIRECTION('',(1.,0.,0.));
#1355 = ORIENTED_EDGE('',*,*,#1356,.F.);
#1356 = EDGE_CURVE('',#1357,#1349,#1359,.T.);
#1357 = VERTEX_POINT('',#1358);
#1358 = CARTESIAN_POINT('',(-0.2,-0.15,0.207));
#1359 = CIRCLE('',#1360,2.3E-02);
#1360 = AXIS2_PLACEMENT_3D('',#1361,#1362,#1363);
#1361 = CARTESIAN_POINT('',(-0.223,-0.15,0.207));
#1362 = DIRECTION('',(0.,-1.,0.));
#1363 = DIRECTION('',(0.,0.,1.));
#1364 = ORIENTED_EDGE('',*,*,#1365,.F.);
#1365 = EDGE_CURVE('',#1366,#1357,#1368,.T.);
#1366 = VERTEX_POINT('',#1367);
#1367 = CARTESIAN_POINT('',(-0.277,-0.15,0.207));
#1368 = LINE('',#1369,#1370);
#1369 = CARTESIAN_POINT('',(-0.277,-0.15,0.207));
#1370 = VECTOR('',#1371,1.);
#1371 = DIRECTION('',(1.,0.,0.));
#1372 = ORIENTED_EDGE('',*,*,#1373,.F.);
#1373 = EDGE_CURVE('',#1374,#1366,#1376,.T.);
#1374 = VERTEX_POINT('',#1375);
#1375 = CARTESIAN_POINT('',(-0.277,-0.15,2.3E-02));
#1376 = LINE('',#1377,#1378);
#1377 = CARTESIAN_POINT('',(-0.277,-0.15,2.3E-02));
#1378 = VECTOR('',#1379,1.);
#1379 = DIRECTION('',(0.,0.,1.));
#1380 = ORIENTED_EDGE('',*,*,#1381,.T.);
#1381 = EDGE_CURVE('',#1374,#1382,#1384,.T.);
#1382 = VERTEX_POINT('',#1383);
#1383 = CARTESIAN_POINT('',(-0.2,-0.15,2.3E-02));
#1384 = LINE('',#1385,#1386);
#1385 = CARTESIAN_POINT('',(-0.277,-0.15,2.3E-02));
#1386 = VECTOR('',#1387,1.);
#1387 = DIRECTION('',(1.,0.,0.));
#1388 = ORIENTED_EDGE('',*,*,#1389,.T.);
#1389 = EDGE_CURVE('',#1382,#1324,#1390,.T.);
#1390 = CIRCLE('',#1391,2.3E-02);
#1391 = AXIS2_PLACEMENT_3D('',#1392,#1393,#1394);
#1392 = CARTESIAN_POINT('',(-0.223,-0.15,2.3E-02));
#1393 = DIRECTION('',(0.,1.,0.));
#1394 = DIRECTION('',(0.,-0.,1.));
#1395 = PLANE('',#1396);
#1396 = AXIS2_PLACEMENT_3D('',#1397,#1398,#1399);
#1397 = CARTESIAN_POINT('',(-0.3,-0.15,0.));
#1398 = DIRECTION('',(0.,1.,0.));
#1399 = DIRECTION('',(0.,-0.,1.));
#1400 = ADVANCED_FACE('',(#1401),#1420,.T.);
#1401 = FACE_BOUND('',#1402,.T.);
#1402 = EDGE_LOOP('',(#1403,#1404,#1413,#1419));
#1403 = ORIENTED_EDGE('',*,*,#1291,.T.);
#1404 = ORIENTED_EDGE('',*,*,#1405,.T.);
#1405 = EDGE_CURVE('',#1292,#1406,#1408,.T.);
#1406 = VERTEX_POINT('',#1407);
#1407 = CARTESIAN_POINT('',(-0.277,0.15,-1.387778780781E-17));
#1408 = CIRCLE('',#1409,2.3E-02);
#1409 = AXIS2_PLACEMENT_3D('',#1410,#1411,#1412);
#1410 = CARTESIAN_POINT('',(-0.277,0.15,2.3E-02));
#1411 = DIRECTION('',(0.,-1.,0.));
#1412 = DIRECTION('',(0.,0.,1.));
#1413 = ORIENTED_EDGE('',*,*,#1414,.F.);
#1414 = EDGE_CURVE('',#1322,#1406,#1415,.T.);
#1415 = LINE('',#1416,#1417);
#1416 = CARTESIAN_POINT('',(-0.277,-0.15,-1.387778780781E-17));
#1417 = VECTOR('',#1418,1.);
#1418 = DIRECTION('',(0.,1.,0.));
#1419 = ORIENTED_EDGE('',*,*,#1331,.F.);
#1420 = CYLINDRICAL_SURFACE('',#1421,2.3E-02);
#1421 = AXIS2_PLACEMENT_3D('',#1422,#1423,#1424);
#1422 = CARTESIAN_POINT('',(-0.277,-0.15,2.3E-02));
#1423 = DIRECTION('',(0.,1.,0.));
#1424 = DIRECTION('',(-1.,0.,0.));
#1425 = ADVANCED_FACE('',(#1426),#1445,.T.);
#1426 = FACE_BOUND('',#1427,.T.);
#1427 = EDGE_LOOP('',(#1428,#1429,#1437,#1444));
#1428 = ORIENTED_EDGE('',*,*,#1339,.T.);
#1429 = ORIENTED_EDGE('',*,*,#1430,.T.);
#1430 = EDGE_CURVE('',#1340,#1431,#1433,.T.);
#1431 = VERTEX_POINT('',#1432);
#1432 = CARTESIAN_POINT('',(-0.277,0.15,0.23));
#1433 = LINE('',#1434,#1435);
#1434 = CARTESIAN_POINT('',(-0.277,-0.15,0.23));
#1435 = VECTOR('',#1436,1.);
#1436 = DIRECTION('',(0.,1.,0.));
#1437 = ORIENTED_EDGE('',*,*,#1438,.F.);
#1438 = EDGE_CURVE('',#1300,#1431,#1439,.T.);
#1439 = CIRCLE('',#1440,2.3E-02);
#1440 = AXIS2_PLACEMENT_3D('',#1441,#1442,#1443);
#1441 = CARTESIAN_POINT('',(-0.277,0.15,0.207));
#1442 = DIRECTION('',(0.,1.,0.));
#1443 = DIRECTION('',(0.,-0.,1.));
#1444 = ORIENTED_EDGE('',*,*,#1307,.F.);
#1445 = CYLINDRICAL_SURFACE('',#1446,2.3E-02);
#1446 = AXIS2_PLACEMENT_3D('',#1447,#1448,#1449);
#1447 = CARTESIAN_POINT('',(-0.277,-0.15,0.207));
#1448 = DIRECTION('',(0.,1.,0.));
#1449 = DIRECTION('',(-1.,0.,0.));
#1450 = ADVANCED_FACE('',(#1451),#1512,.T.);
#1451 = FACE_BOUND('',#1452,.T.);
#1452 = EDGE_LOOP('',(#1453,#1461,#1462,#1463,#1464,#1472,#1481,#1489,
    #1497,#1505));
#1453 = ORIENTED_EDGE('',*,*,#1454,.F.);
#1454 = EDGE_CURVE('',#1406,#1455,#1457,.T.);
#1455 = VERTEX_POINT('',#1456);
#1456 = CARTESIAN_POINT('',(-0.223,0.15,-1.387778780781E-17));
#1457 = LINE('',#1458,#1459);
#1458 = CARTESIAN_POINT('',(-0.3,0.15,0.));
#1459 = VECTOR('',#1460,1.);
#1460 = DIRECTION('',(1.,0.,0.));
#1461 = ORIENTED_EDGE('',*,*,#1405,.F.);
#1462 = ORIENTED_EDGE('',*,*,#1299,.T.);
#1463 = ORIENTED_EDGE('',*,*,#1438,.T.);
#1464 = ORIENTED_EDGE('',*,*,#1465,.T.);
#1465 = EDGE_CURVE('',#1431,#1466,#1468,.T.);
#1466 = VERTEX_POINT('',#1467);
#1467 = CARTESIAN_POINT('',(-0.223,0.15,0.23));
#1468 = LINE('',#1469,#1470);
#1469 = CARTESIAN_POINT('',(-0.3,0.15,0.23));
#1470 = VECTOR('',#1471,1.);
#1471 = DIRECTION('',(1.,0.,0.));
#1472 = ORIENTED_EDGE('',*,*,#1473,.F.);
#1473 = EDGE_CURVE('',#1474,#1466,#1476,.T.);
#1474 = VERTEX_POINT('',#1475);
#1475 = CARTESIAN_POINT('',(-0.2,0.15,0.207));
#1476 = CIRCLE('',#1477,2.3E-02);
#1477 = AXIS2_PLACEMENT_3D('',#1478,#1479,#1480);
#1478 = CARTESIAN_POINT('',(-0.223,0.15,0.207));
#1479 = DIRECTION('',(0.,-1.,0.));
#1480 = DIRECTION('',(0.,0.,1.));
#1481 = ORIENTED_EDGE('',*,*,#1482,.F.);
#1482 = EDGE_CURVE('',#1483,#1474,#1485,.T.);
#1483 = VERTEX_POINT('',#1484);
#1484 = CARTESIAN_POINT('',(-0.277,0.15,0.207));
#1485 = LINE('',#1486,#1487);
#1486 = CARTESIAN_POINT('',(-0.277,0.15,0.207));
#1487 = VECTOR('',#1488,1.);
#1488 = DIRECTION('',(1.,0.,0.));
#1489 = ORIENTED_EDGE('',*,*,#1490,.F.);
#1490 = EDGE_CURVE('',#1491,#1483,#1493,.T.);
#1491 = VERTEX_POINT('',#1492);
#1492 = CARTESIAN_POINT('',(-0.277,0.15,2.3E-02));
#1493 = LINE('',#1494,#1495);
#1494 = CARTESIAN_POINT('',(-0.277,0.15,2.3E-02));
#1495 = VECTOR('',#1496,1.);
#1496 = DIRECTION('',(0.,0.,1.));
#1497 = ORIENTED_EDGE('',*,*,#1498,.T.);
#1498 = EDGE_CURVE('',#1491,#1499,#1501,.T.);
#1499 = VERTEX_POINT('',#1500);
#1500 = CARTESIAN_POINT('',(-0.2,0.15,2.3E-02));
#1501 = LINE('',#1502,#1503);
#1502 = CARTESIAN_POINT('',(-0.277,0.15,2.3E-02));
#1503 = VECTOR('',#1504,1.);
#1504 = DIRECTION('',(1.,0.,0.));
#1505 = ORIENTED_EDGE('',*,*,#1506,.T.);
#1506 = EDGE_CURVE('',#1499,#1455,#1507,.T.);
#1507 = CIRCLE('',#1508,2.3E-02);
#1508 = AXIS2_PLACEMENT_3D('',#1509,#1510,#1511);
#1509 = CARTESIAN_POINT('',(-0.223,0.15,2.3E-02));
#1510 = DIRECTION('',(0.,1.,0.));
#1511 = DIRECTION('',(0.,-0.,1.));
#1512 = PLANE('',#1513);
#1513 = AXIS2_PLACEMENT_3D('',#1514,#1515,#1516);
#1514 = CARTESIAN_POINT('',(-0.3,0.15,0.));
#1515 = DIRECTION('',(0.,1.,0.));
#1516 = DIRECTION('',(0.,-0.,1.));
#1517 = ADVANCED_FACE('',(#1518),#1529,.F.);
#1518 = FACE_BOUND('',#1519,.F.);
#1519 = EDGE_LOOP('',(#1520,#1521,#1522,#1523));
#1520 = ORIENTED_EDGE('',*,*,#1454,.F.);
#1521 = ORIENTED_EDGE('',*,*,#1414,.F.);
#1522 = ORIENTED_EDGE('',*,*,#1321,.T.);
#1523 = ORIENTED_EDGE('',*,*,#1524,.T.);
#1524 = EDGE_CURVE('',#1324,#1455,#1525,.T.);
#1525 = LINE('',#1526,#1527);
#1526 = CARTESIAN_POINT('',(-0.223,-0.15,-1.387778780781E-17));
#1527 = VECTOR('',#1528,1.);
#1528 = DIRECTION('',(0.,1.,0.));
#1529 = PLANE('',#1530);
#1530 = AXIS2_PLACEMENT_3D('',#1531,#1532,#1533);
#1531 = CARTESIAN_POINT('',(-0.3,-0.15,0.));
#1532 = DIRECTION('',(0.,0.,1.));
#1533 = DIRECTION('',(1.,0.,-0.));
#1534 = ADVANCED_FACE('',(#1535),#1546,.T.);
#1535 = FACE_BOUND('',#1536,.T.);
#1536 = EDGE_LOOP('',(#1537,#1538,#1539,#1540));
#1537 = ORIENTED_EDGE('',*,*,#1389,.T.);
#1538 = ORIENTED_EDGE('',*,*,#1524,.T.);
#1539 = ORIENTED_EDGE('',*,*,#1506,.F.);
#1540 = ORIENTED_EDGE('',*,*,#1541,.F.);
#1541 = EDGE_CURVE('',#1382,#1499,#1542,.T.);
#1542 = LINE('',#1543,#1544);
#1543 = CARTESIAN_POINT('',(-0.2,-0.15,2.3E-02));
#1544 = VECTOR('',#1545,1.);
#1545 = DIRECTION('',(0.,1.,0.));
#1546 = CYLINDRICAL_SURFACE('',#1547,2.3E-02);
#1547 = AXIS2_PLACEMENT_3D('',#1548,#1549,#1550);
#1548 = CARTESIAN_POINT('',(-0.223,-0.15,2.3E-02));
#1549 = DIRECTION('',(0.,1.,0.));
#1550 = DIRECTION('',(1.,0.,0.));
#1551 = ADVANCED_FACE('',(#1552),#1595,.F.);
#1552 = FACE_BOUND('',#1553,.F.);
#1553 = EDGE_LOOP('',(#1554,#1555,#1556,#1557,#1565,#1573,#1581,#1589));
#1554 = ORIENTED_EDGE('',*,*,#1381,.F.);
#1555 = ORIENTED_EDGE('',*,*,#1373,.T.);
#1556 = ORIENTED_EDGE('',*,*,#1365,.T.);
#1557 = ORIENTED_EDGE('',*,*,#1558,.T.);
#1558 = EDGE_CURVE('',#1357,#1559,#1561,.T.);
#1559 = VERTEX_POINT('',#1560);
#1560 = CARTESIAN_POINT('',(0.2,-0.15,0.207));
#1561 = LINE('',#1562,#1563);
#1562 = CARTESIAN_POINT('',(-0.2,-0.15,0.207));
#1563 = VECTOR('',#1564,1.);
#1564 = DIRECTION('',(1.,0.,0.));
#1565 = ORIENTED_EDGE('',*,*,#1566,.T.);
#1566 = EDGE_CURVE('',#1559,#1567,#1569,.T.);
#1567 = VERTEX_POINT('',#1568);
#1568 = CARTESIAN_POINT('',(0.277,-0.15,0.207));
#1569 = LINE('',#1570,#1571);
#1570 = CARTESIAN_POINT('',(-0.277,-0.15,0.207));
#1571 = VECTOR('',#1572,1.);
#1572 = DIRECTION('',(1.,0.,0.));
#1573 = ORIENTED_EDGE('',*,*,#1574,.F.);
#1574 = EDGE_CURVE('',#1575,#1567,#1577,.T.);
#1575 = VERTEX_POINT('',#1576);
#1576 = CARTESIAN_POINT('',(0.277,-0.15,2.3E-02));
#1577 = LINE('',#1578,#1579);
#1578 = CARTESIAN_POINT('',(0.277,-0.15,2.3E-02));
#1579 = VECTOR('',#1580,1.);
#1580 = DIRECTION('',(0.,0.,1.));
#1581 = ORIENTED_EDGE('',*,*,#1582,.F.);
#1582 = EDGE_CURVE('',#1583,#1575,#1585,.T.);
#1583 = VERTEX_POINT('',#1584);
#1584 = CARTESIAN_POINT('',(0.2,-0.15,2.3E-02));
#1585 = LINE('',#1586,#1587);
#1586 = CARTESIAN_POINT('',(-0.277,-0.15,2.3E-02));
#1587 = VECTOR('',#1588,1.);
#1588 = DIRECTION('',(1.,0.,0.));
#1589 = ORIENTED_EDGE('',*,*,#1590,.F.);
#1590 = EDGE_CURVE('',#1382,#1583,#1591,.T.);
#1591 = LINE('',#1592,#1593);
#1592 = CARTESIAN_POINT('',(-0.277,-0.15,2.3E-02));
#1593 = VECTOR('',#1594,1.);
#1594 = DIRECTION('',(1.,0.,0.));
#1595 = PLANE('',#1596);
#1596 = AXIS2_PLACEMENT_3D('',#1597,#1598,#1599);
#1597 = CARTESIAN_POINT('',(-0.277,-0.15,2.3E-02));
#1598 = DIRECTION('',(0.,1.,0.));
#1599 = DIRECTION('',(0.,-0.,1.));
#1600 = ADVANCED_FACE('',(#1601),#1612,.T.);
#1601 = FACE_BOUND('',#1602,.T.);
#1602 = EDGE_LOOP('',(#1603,#1604,#1605,#1606));
#1603 = ORIENTED_EDGE('',*,*,#1465,.F.);
#1604 = ORIENTED_EDGE('',*,*,#1430,.F.);
#1605 = ORIENTED_EDGE('',*,*,#1348,.T.);
#1606 = ORIENTED_EDGE('',*,*,#1607,.T.);
#1607 = EDGE_CURVE('',#1349,#1466,#1608,.T.);
#1608 = LINE('',#1609,#1610);
#1609 = CARTESIAN_POINT('',(-0.223,-0.15,0.23));
#1610 = VECTOR('',#1611,1.);
#1611 = DIRECTION('',(0.,1.,0.));
#1612 = PLANE('',#1613);
#1613 = AXIS2_PLACEMENT_3D('',#1614,#1615,#1616);
#1614 = CARTESIAN_POINT('',(-0.3,-0.15,0.23));
#1615 = DIRECTION('',(0.,0.,1.));
#1616 = DIRECTION('',(1.,0.,-0.));
#1617 = ADVANCED_FACE('',(#1618),#1629,.T.);
#1618 = FACE_BOUND('',#1619,.T.);
#1619 = EDGE_LOOP('',(#1620,#1626,#1627,#1628));
#1620 = ORIENTED_EDGE('',*,*,#1621,.T.);
#1621 = EDGE_CURVE('',#1357,#1474,#1622,.T.);
#1622 = LINE('',#1623,#1624);
#1623 = CARTESIAN_POINT('',(-0.2,-0.15,0.207));
#1624 = VECTOR('',#1625,1.);
#1625 = DIRECTION('',(0.,1.,0.));
#1626 = ORIENTED_EDGE('',*,*,#1473,.T.);
#1627 = ORIENTED_EDGE('',*,*,#1607,.F.);
#1628 = ORIENTED_EDGE('',*,*,#1356,.F.);
#1629 = CYLINDRICAL_SURFACE('',#1630,2.3E-02);
#1630 = AXIS2_PLACEMENT_3D('',#1631,#1632,#1633);
#1631 = CARTESIAN_POINT('',(-0.223,-0.15,0.207));
#1632 = DIRECTION('',(0.,1.,0.));
#1633 = DIRECTION('',(1.,0.,0.));
#1634 = ADVANCED_FACE('',(#1635),#1678,.T.);
#1635 = FACE_BOUND('',#1636,.T.);
#1636 = EDGE_LOOP('',(#1637,#1638,#1639,#1640,#1648,#1656,#1664,#1672));
#1637 = ORIENTED_EDGE('',*,*,#1498,.F.);
#1638 = ORIENTED_EDGE('',*,*,#1490,.T.);
#1639 = ORIENTED_EDGE('',*,*,#1482,.T.);
#1640 = ORIENTED_EDGE('',*,*,#1641,.T.);
#1641 = EDGE_CURVE('',#1474,#1642,#1644,.T.);
#1642 = VERTEX_POINT('',#1643);
#1643 = CARTESIAN_POINT('',(0.2,0.15,0.207));
#1644 = LINE('',#1645,#1646);
#1645 = CARTESIAN_POINT('',(-0.2,0.15,0.207));
#1646 = VECTOR('',#1647,1.);
#1647 = DIRECTION('',(1.,0.,0.));
#1648 = ORIENTED_EDGE('',*,*,#1649,.T.);
#1649 = EDGE_CURVE('',#1642,#1650,#1652,.T.);
#1650 = VERTEX_POINT('',#1651);
#1651 = CARTESIAN_POINT('',(0.277,0.15,0.207));
#1652 = LINE('',#1653,#1654);
#1653 = CARTESIAN_POINT('',(-0.277,0.15,0.207));
#1654 = VECTOR('',#1655,1.);
#1655 = DIRECTION('',(1.,0.,0.));
#1656 = ORIENTED_EDGE('',*,*,#1657,.F.);
#1657 = EDGE_CURVE('',#1658,#1650,#1660,.T.);
#1658 = VERTEX_POINT('',#1659);
#1659 = CARTESIAN_POINT('',(0.277,0.15,2.3E-02));
#1660 = LINE('',#1661,#1662);
#1661 = CARTESIAN_POINT('',(0.277,0.15,2.3E-02));
#1662 = VECTOR('',#1663,1.);
#1663 = DIRECTION('',(0.,0.,1.));
#1664 = ORIENTED_EDGE('',*,*,#1665,.F.);
#1665 = EDGE_CURVE('',#1666,#1658,#1668,.T.);
#1666 = VERTEX_POINT('',#1667);
#1667 = CARTESIAN_POINT('',(0.2,0.15,2.3E-02));
#1668 = LINE('',#1669,#1670);
#1669 = CARTESIAN_POINT('',(-0.277,0.15,2.3E-02));
#1670 = VECTOR('',#1671,1.);
#1671 = DIRECTION('',(1.,0.,0.));
#1672 = ORIENTED_EDGE('',*,*,#1673,.F.);
#1673 = EDGE_CURVE('',#1499,#1666,#1674,.T.);
#1674 = LINE('',#1675,#1676);
#1675 = CARTESIAN_POINT('',(-0.277,0.15,2.3E-02));
#1676 = VECTOR('',#1677,1.);
#1677 = DIRECTION('',(1.,0.,0.));
#1678 = PLANE('',#1679);
#1679 = AXIS2_PLACEMENT_3D('',#1680,#1681,#1682);
#1680 = CARTESIAN_POINT('',(-0.277,0.15,2.3E-02));
#1681 = DIRECTION('',(0.,1.,0.));
#1682 = DIRECTION('',(0.,-0.,1.));
#1683 = ADVANCED_FACE('',(#1684),#1695,.F.);
#1684 = FACE_BOUND('',#1685,.F.);
#1685 = EDGE_LOOP('',(#1686,#1687,#1688,#1694));
#1686 = ORIENTED_EDGE('',*,*,#1541,.F.);
#1687 = ORIENTED_EDGE('',*,*,#1590,.T.);
#1688 = ORIENTED_EDGE('',*,*,#1689,.T.);
#1689 = EDGE_CURVE('',#1583,#1666,#1690,.T.);
#1690 = LINE('',#1691,#1692);
#1691 = CARTESIAN_POINT('',(0.2,-0.15,2.3E-02));
#1692 = VECTOR('',#1693,1.);
#1693 = DIRECTION('',(0.,1.,0.));
#1694 = ORIENTED_EDGE('',*,*,#1673,.F.);
#1695 = PLANE('',#1696);
#1696 = AXIS2_PLACEMENT_3D('',#1697,#1698,#1699);
#1697 = CARTESIAN_POINT('',(-0.277,-0.15,2.3E-02));
#1698 = DIRECTION('',(0.,0.,1.));
#1699 = DIRECTION('',(1.,0.,-0.));
#1700 = ADVANCED_FACE('',(#1701),#1764,.F.);
#1701 = FACE_BOUND('',#1702,.F.);
#1702 = EDGE_LOOP('',(#1703,#1713,#1720,#1721,#1722,#1723,#1732,#1740,
    #1749,#1757));
#1703 = ORIENTED_EDGE('',*,*,#1704,.F.);
#1704 = EDGE_CURVE('',#1705,#1707,#1709,.T.);
#1705 = VERTEX_POINT('',#1706);
#1706 = CARTESIAN_POINT('',(0.223,-0.15,-1.387778780781E-17));
#1707 = VERTEX_POINT('',#1708);
#1708 = CARTESIAN_POINT('',(0.277,-0.15,-1.387778780781E-17));
#1709 = LINE('',#1710,#1711);
#1710 = CARTESIAN_POINT('',(0.2,-0.15,0.));
#1711 = VECTOR('',#1712,1.);
#1712 = DIRECTION('',(1.,0.,0.));
#1713 = ORIENTED_EDGE('',*,*,#1714,.F.);
#1714 = EDGE_CURVE('',#1583,#1705,#1715,.T.);
#1715 = CIRCLE('',#1716,2.3E-02);
#1716 = AXIS2_PLACEMENT_3D('',#1717,#1718,#1719);
#1717 = CARTESIAN_POINT('',(0.223,-0.15,2.3E-02));
#1718 = DIRECTION('',(0.,-1.,0.));
#1719 = DIRECTION('',(0.,0.,1.));
#1720 = ORIENTED_EDGE('',*,*,#1582,.T.);
#1721 = ORIENTED_EDGE('',*,*,#1574,.T.);
#1722 = ORIENTED_EDGE('',*,*,#1566,.F.);
#1723 = ORIENTED_EDGE('',*,*,#1724,.T.);
#1724 = EDGE_CURVE('',#1559,#1725,#1727,.T.);
#1725 = VERTEX_POINT('',#1726);
#1726 = CARTESIAN_POINT('',(0.223,-0.15,0.23));
#1727 = CIRCLE('',#1728,2.3E-02);
#1728 = AXIS2_PLACEMENT_3D('',#1729,#1730,#1731);
#1729 = CARTESIAN_POINT('',(0.223,-0.15,0.207));
#1730 = DIRECTION('',(0.,1.,0.));
#1731 = DIRECTION('',(0.,-0.,1.));
#1732 = ORIENTED_EDGE('',*,*,#1733,.T.);
#1733 = EDGE_CURVE('',#1725,#1734,#1736,.T.);
#1734 = VERTEX_POINT('',#1735);
#1735 = CARTESIAN_POINT('',(0.277,-0.15,0.23));
#1736 = LINE('',#1737,#1738);
#1737 = CARTESIAN_POINT('',(0.2,-0.15,0.23));
#1738 = VECTOR('',#1739,1.);
#1739 = DIRECTION('',(1.,0.,0.));
#1740 = ORIENTED_EDGE('',*,*,#1741,.F.);
#1741 = EDGE_CURVE('',#1742,#1734,#1744,.T.);
#1742 = VERTEX_POINT('',#1743);
#1743 = CARTESIAN_POINT('',(0.3,-0.15,0.207));
#1744 = CIRCLE('',#1745,2.3E-02);
#1745 = AXIS2_PLACEMENT_3D('',#1746,#1747,#1748);
#1746 = CARTESIAN_POINT('',(0.277,-0.15,0.207));
#1747 = DIRECTION('',(0.,-1.,0.));
#1748 = DIRECTION('',(0.,0.,1.));
#1749 = ORIENTED_EDGE('',*,*,#1750,.F.);
#1750 = EDGE_CURVE('',#1751,#1742,#1753,.T.);
#1751 = VERTEX_POINT('',#1752);
#1752 = CARTESIAN_POINT('',(0.3,-0.15,2.3E-02));
#1753 = LINE('',#1754,#1755);
#1754 = CARTESIAN_POINT('',(0.3,-0.15,0.));
#1755 = VECTOR('',#1756,1.);
#1756 = DIRECTION('',(0.,0.,1.));
#1757 = ORIENTED_EDGE('',*,*,#1758,.T.);
#1758 = EDGE_CURVE('',#1751,#1707,#1759,.T.);
#1759 = CIRCLE('',#1760,2.3E-02);
#1760 = AXIS2_PLACEMENT_3D('',#1761,#1762,#1763);
#1761 = CARTESIAN_POINT('',(0.277,-0.15,2.3E-02));
#1762 = DIRECTION('',(0.,1.,0.));
#1763 = DIRECTION('',(0.,-0.,1.));
#1764 = PLANE('',#1765);
#1765 = AXIS2_PLACEMENT_3D('',#1766,#1767,#1768);
#1766 = CARTESIAN_POINT('',(0.2,-0.15,0.));
#1767 = DIRECTION('',(0.,1.,0.));
#1768 = DIRECTION('',(0.,-0.,1.));
#1769 = ADVANCED_FACE('',(#1770),#1795,.F.);
#1770 = FACE_BOUND('',#1771,.F.);
#1771 = EDGE_LOOP('',(#1772,#1773,#1781,#1789));
#1772 = ORIENTED_EDGE('',*,*,#1558,.F.);
#1773 = ORIENTED_EDGE('',*,*,#1774,.T.);
#1774 = EDGE_CURVE('',#1357,#1775,#1777,.T.);
#1775 = VERTEX_POINT('',#1776);
#1776 = CARTESIAN_POINT('',(-0.2,-0.15,0.23));
#1777 = LINE('',#1778,#1779);
#1778 = CARTESIAN_POINT('',(-0.2,-0.15,0.207));
#1779 = VECTOR('',#1780,1.);
#1780 = DIRECTION('',(0.,0.,1.));
#1781 = ORIENTED_EDGE('',*,*,#1782,.T.);
#1782 = EDGE_CURVE('',#1775,#1783,#1785,.T.);
#1783 = VERTEX_POINT('',#1784);
#1784 = CARTESIAN_POINT('',(0.2,-0.15,0.23));
#1785 = LINE('',#1786,#1787);
#1786 = CARTESIAN_POINT('',(-0.2,-0.15,0.23));
#1787 = VECTOR('',#1788,1.);
#1788 = DIRECTION('',(1.,0.,0.));
#1789 = ORIENTED_EDGE('',*,*,#1790,.F.);
#1790 = EDGE_CURVE('',#1559,#1783,#1791,.T.);
#1791 = LINE('',#1792,#1793);
#1792 = CARTESIAN_POINT('',(0.2,-0.15,0.207));
#1793 = VECTOR('',#1794,1.);
#1794 = DIRECTION('',(0.,0.,1.));
#1795 = PLANE('',#1796);
#1796 = AXIS2_PLACEMENT_3D('',#1797,#1798,#1799);
#1797 = CARTESIAN_POINT('',(-0.2,-0.15,0.207));
#1798 = DIRECTION('',(0.,1.,0.));
#1799 = DIRECTION('',(0.,-0.,1.));
#1800 = ADVANCED_FACE('',(#1801),#1819,.F.);
#1801 = FACE_BOUND('',#1802,.F.);
#1802 = EDGE_LOOP('',(#1803,#1804,#1805,#1813));
#1803 = ORIENTED_EDGE('',*,*,#1774,.F.);
#1804 = ORIENTED_EDGE('',*,*,#1621,.T.);
#1805 = ORIENTED_EDGE('',*,*,#1806,.T.);
#1806 = EDGE_CURVE('',#1474,#1807,#1809,.T.);
#1807 = VERTEX_POINT('',#1808);
#1808 = CARTESIAN_POINT('',(-0.2,0.15,0.23));
#1809 = LINE('',#1810,#1811);
#1810 = CARTESIAN_POINT('',(-0.2,0.15,0.207));
#1811 = VECTOR('',#1812,1.);
#1812 = DIRECTION('',(0.,0.,1.));
#1813 = ORIENTED_EDGE('',*,*,#1814,.F.);
#1814 = EDGE_CURVE('',#1775,#1807,#1815,.T.);
#1815 = LINE('',#1816,#1817);
#1816 = CARTESIAN_POINT('',(-0.2,-0.15,0.23));
#1817 = VECTOR('',#1818,1.);
#1818 = DIRECTION('',(0.,1.,0.));
#1819 = PLANE('',#1820);
#1820 = AXIS2_PLACEMENT_3D('',#1821,#1822,#1823);
#1821 = CARTESIAN_POINT('',(-0.2,-0.15,0.207));
#1822 = DIRECTION('',(1.,0.,0.));
#1823 = DIRECTION('',(0.,0.,1.));
#1824 = ADVANCED_FACE('',(#1825),#1888,.T.);
#1825 = FACE_BOUND('',#1826,.T.);
#1826 = EDGE_LOOP('',(#1827,#1837,#1844,#1845,#1846,#1847,#1856,#1864,
    #1873,#1881));
#1827 = ORIENTED_EDGE('',*,*,#1828,.F.);
#1828 = EDGE_CURVE('',#1829,#1831,#1833,.T.);
#1829 = VERTEX_POINT('',#1830);
#1830 = CARTESIAN_POINT('',(0.223,0.15,-1.387778780781E-17));
#1831 = VERTEX_POINT('',#1832);
#1832 = CARTESIAN_POINT('',(0.277,0.15,-1.387778780781E-17));
#1833 = LINE('',#1834,#1835);
#1834 = CARTESIAN_POINT('',(0.2,0.15,0.));
#1835 = VECTOR('',#1836,1.);
#1836 = DIRECTION('',(1.,0.,0.));
#1837 = ORIENTED_EDGE('',*,*,#1838,.F.);
#1838 = EDGE_CURVE('',#1666,#1829,#1839,.T.);
#1839 = CIRCLE('',#1840,2.3E-02);
#1840 = AXIS2_PLACEMENT_3D('',#1841,#1842,#1843);
#1841 = CARTESIAN_POINT('',(0.223,0.15,2.3E-02));
#1842 = DIRECTION('',(0.,-1.,0.));
#1843 = DIRECTION('',(0.,0.,1.));
#1844 = ORIENTED_EDGE('',*,*,#1665,.T.);
#1845 = ORIENTED_EDGE('',*,*,#1657,.T.);
#1846 = ORIENTED_EDGE('',*,*,#1649,.F.);
#1847 = ORIENTED_EDGE('',*,*,#1848,.T.);
#1848 = EDGE_CURVE('',#1642,#1849,#1851,.T.);
#1849 = VERTEX_POINT('',#1850);
#1850 = CARTESIAN_POINT('',(0.223,0.15,0.23));
#1851 = CIRCLE('',#1852,2.3E-02);
#1852 = AXIS2_PLACEMENT_3D('',#1853,#1854,#1855);
#1853 = CARTESIAN_POINT('',(0.223,0.15,0.207));
#1854 = DIRECTION('',(0.,1.,0.));
#1855 = DIRECTION('',(0.,-0.,1.));
#1856 = ORIENTED_EDGE('',*,*,#1857,.T.);
#1857 = EDGE_CURVE('',#1849,#1858,#1860,.T.);
#1858 = VERTEX_POINT('',#1859);
#1859 = CARTESIAN_POINT('',(0.277,0.15,0.23));
#1860 = LINE('',#1861,#1862);
#1861 = CARTESIAN_POINT('',(0.2,0.15,0.23));
#1862 = VECTOR('',#1863,1.);
#1863 = DIRECTION('',(1.,0.,0.));
#1864 = ORIENTED_EDGE('',*,*,#1865,.F.);
#1865 = EDGE_CURVE('',#1866,#1858,#1868,.T.);
#1866 = VERTEX_POINT('',#1867);
#1867 = CARTESIAN_POINT('',(0.3,0.15,0.207));
#1868 = CIRCLE('',#1869,2.3E-02);
#1869 = AXIS2_PLACEMENT_3D('',#1870,#1871,#1872);
#1870 = CARTESIAN_POINT('',(0.277,0.15,0.207));
#1871 = DIRECTION('',(0.,-1.,0.));
#1872 = DIRECTION('',(0.,0.,1.));
#1873 = ORIENTED_EDGE('',*,*,#1874,.F.);
#1874 = EDGE_CURVE('',#1875,#1866,#1877,.T.);
#1875 = VERTEX_POINT('',#1876);
#1876 = CARTESIAN_POINT('',(0.3,0.15,2.3E-02));
#1877 = LINE('',#1878,#1879);
#1878 = CARTESIAN_POINT('',(0.3,0.15,0.));
#1879 = VECTOR('',#1880,1.);
#1880 = DIRECTION('',(0.,0.,1.));
#1881 = ORIENTED_EDGE('',*,*,#1882,.T.);
#1882 = EDGE_CURVE('',#1875,#1831,#1883,.T.);
#1883 = CIRCLE('',#1884,2.3E-02);
#1884 = AXIS2_PLACEMENT_3D('',#1885,#1886,#1887);
#1885 = CARTESIAN_POINT('',(0.277,0.15,2.3E-02));
#1886 = DIRECTION('',(0.,1.,0.));
#1887 = DIRECTION('',(0.,-0.,1.));
#1888 = PLANE('',#1889);
#1889 = AXIS2_PLACEMENT_3D('',#1890,#1891,#1892);
#1890 = CARTESIAN_POINT('',(0.2,0.15,0.));
#1891 = DIRECTION('',(0.,1.,0.));
#1892 = DIRECTION('',(0.,-0.,1.));
#1893 = ADVANCED_FACE('',(#1894),#1912,.T.);
#1894 = FACE_BOUND('',#1895,.T.);
#1895 = EDGE_LOOP('',(#1896,#1897,#1898,#1906));
#1896 = ORIENTED_EDGE('',*,*,#1641,.F.);
#1897 = ORIENTED_EDGE('',*,*,#1806,.T.);
#1898 = ORIENTED_EDGE('',*,*,#1899,.T.);
#1899 = EDGE_CURVE('',#1807,#1900,#1902,.T.);
#1900 = VERTEX_POINT('',#1901);
#1901 = CARTESIAN_POINT('',(0.2,0.15,0.23));
#1902 = LINE('',#1903,#1904);
#1903 = CARTESIAN_POINT('',(-0.2,0.15,0.23));
#1904 = VECTOR('',#1905,1.);
#1905 = DIRECTION('',(1.,0.,0.));
#1906 = ORIENTED_EDGE('',*,*,#1907,.F.);
#1907 = EDGE_CURVE('',#1642,#1900,#1908,.T.);
#1908 = LINE('',#1909,#1910);
#1909 = CARTESIAN_POINT('',(0.2,0.15,0.207));
#1910 = VECTOR('',#1911,1.);
#1911 = DIRECTION('',(0.,0.,1.));
#1912 = PLANE('',#1913);
#1913 = AXIS2_PLACEMENT_3D('',#1914,#1915,#1916);
#1914 = CARTESIAN_POINT('',(-0.2,0.15,0.207));
#1915 = DIRECTION('',(0.,1.,0.));
#1916 = DIRECTION('',(0.,-0.,1.));
#1917 = ADVANCED_FACE('',(#1918),#1929,.T.);
#1918 = FACE_BOUND('',#1919,.T.);
#1919 = EDGE_LOOP('',(#1920,#1921,#1922,#1928));
#1920 = ORIENTED_EDGE('',*,*,#1689,.T.);
#1921 = ORIENTED_EDGE('',*,*,#1838,.T.);
#1922 = ORIENTED_EDGE('',*,*,#1923,.F.);
#1923 = EDGE_CURVE('',#1705,#1829,#1924,.T.);
#1924 = LINE('',#1925,#1926);
#1925 = CARTESIAN_POINT('',(0.223,-0.15,-1.387778780781E-17));
#1926 = VECTOR('',#1927,1.);
#1927 = DIRECTION('',(0.,1.,0.));
#1928 = ORIENTED_EDGE('',*,*,#1714,.F.);
#1929 = CYLINDRICAL_SURFACE('',#1930,2.3E-02);
#1930 = AXIS2_PLACEMENT_3D('',#1931,#1932,#1933);
#1931 = CARTESIAN_POINT('',(0.223,-0.15,2.3E-02));
#1932 = DIRECTION('',(0.,1.,0.));
#1933 = DIRECTION('',(-1.,0.,0.));
#1934 = ADVANCED_FACE('',(#1935),#1946,.F.);
#1935 = FACE_BOUND('',#1936,.F.);
#1936 = EDGE_LOOP('',(#1937,#1938,#1939,#1940));
#1937 = ORIENTED_EDGE('',*,*,#1828,.F.);
#1938 = ORIENTED_EDGE('',*,*,#1923,.F.);
#1939 = ORIENTED_EDGE('',*,*,#1704,.T.);
#1940 = ORIENTED_EDGE('',*,*,#1941,.T.);
#1941 = EDGE_CURVE('',#1707,#1831,#1942,.T.);
#1942 = LINE('',#1943,#1944);
#1943 = CARTESIAN_POINT('',(0.277,-0.15,-1.387778780781E-17));
#1944 = VECTOR('',#1945,1.);
#1945 = DIRECTION('',(0.,1.,0.));
#1946 = PLANE('',#1947);
#1947 = AXIS2_PLACEMENT_3D('',#1948,#1949,#1950);
#1948 = CARTESIAN_POINT('',(0.2,-0.15,0.));
#1949 = DIRECTION('',(0.,0.,1.));
#1950 = DIRECTION('',(1.,0.,-0.));
#1951 = ADVANCED_FACE('',(#1952),#1963,.T.);
#1952 = FACE_BOUND('',#1953,.T.);
#1953 = EDGE_LOOP('',(#1954,#1955,#1956,#1957));
#1954 = ORIENTED_EDGE('',*,*,#1758,.T.);
#1955 = ORIENTED_EDGE('',*,*,#1941,.T.);
#1956 = ORIENTED_EDGE('',*,*,#1882,.F.);
#1957 = ORIENTED_EDGE('',*,*,#1958,.F.);
#1958 = EDGE_CURVE('',#1751,#1875,#1959,.T.);
#1959 = LINE('',#1960,#1961);
#1960 = CARTESIAN_POINT('',(0.3,-0.15,2.3E-02));
#1961 = VECTOR('',#1962,1.);
#1962 = DIRECTION('',(0.,1.,0.));
#1963 = CYLINDRICAL_SURFACE('',#1964,2.3E-02);
#1964 = AXIS2_PLACEMENT_3D('',#1965,#1966,#1967);
#1965 = CARTESIAN_POINT('',(0.277,-0.15,2.3E-02));
#1966 = DIRECTION('',(0.,1.,0.));
#1967 = DIRECTION('',(1.,0.,0.));
#1968 = ADVANCED_FACE('',(#1969),#1980,.T.);
#1969 = FACE_BOUND('',#1970,.T.);
#1970 = EDGE_LOOP('',(#1971,#1972,#1973,#1974));
#1971 = ORIENTED_EDGE('',*,*,#1750,.F.);
#1972 = ORIENTED_EDGE('',*,*,#1958,.T.);
#1973 = ORIENTED_EDGE('',*,*,#1874,.T.);
#1974 = ORIENTED_EDGE('',*,*,#1975,.F.);
#1975 = EDGE_CURVE('',#1742,#1866,#1976,.T.);
#1976 = LINE('',#1977,#1978);
#1977 = CARTESIAN_POINT('',(0.3,-0.15,0.207));
#1978 = VECTOR('',#1979,1.);
#1979 = DIRECTION('',(0.,1.,0.));
#1980 = PLANE('',#1981);
#1981 = AXIS2_PLACEMENT_3D('',#1982,#1983,#1984);
#1982 = CARTESIAN_POINT('',(0.3,-0.15,0.));
#1983 = DIRECTION('',(1.,0.,0.));
#1984 = DIRECTION('',(0.,0.,1.));
#1985 = ADVANCED_FACE('',(#1986),#1997,.T.);
#1986 = FACE_BOUND('',#1987,.T.);
#1987 = EDGE_LOOP('',(#1988,#1989,#1990,#1996));
#1988 = ORIENTED_EDGE('',*,*,#1975,.T.);
#1989 = ORIENTED_EDGE('',*,*,#1865,.T.);
#1990 = ORIENTED_EDGE('',*,*,#1991,.F.);
#1991 = EDGE_CURVE('',#1734,#1858,#1992,.T.);
#1992 = LINE('',#1993,#1994);
#1993 = CARTESIAN_POINT('',(0.277,-0.15,0.23));
#1994 = VECTOR('',#1995,1.);
#1995 = DIRECTION('',(0.,1.,0.));
#1996 = ORIENTED_EDGE('',*,*,#1741,.F.);
#1997 = CYLINDRICAL_SURFACE('',#1998,2.3E-02);
#1998 = AXIS2_PLACEMENT_3D('',#1999,#2000,#2001);
#1999 = CARTESIAN_POINT('',(0.277,-0.15,0.207));
#2000 = DIRECTION('',(0.,1.,0.));
#2001 = DIRECTION('',(1.,0.,0.));
#2002 = ADVANCED_FACE('',(#2003),#2014,.T.);
#2003 = FACE_BOUND('',#2004,.T.);
#2004 = EDGE_LOOP('',(#2005,#2006,#2012,#2013));
#2005 = ORIENTED_EDGE('',*,*,#1857,.F.);
#2006 = ORIENTED_EDGE('',*,*,#2007,.F.);
#2007 = EDGE_CURVE('',#1725,#1849,#2008,.T.);
#2008 = LINE('',#2009,#2010);
#2009 = CARTESIAN_POINT('',(0.223,-0.15,0.23));
#2010 = VECTOR('',#2011,1.);
#2011 = DIRECTION('',(0.,1.,0.));
#2012 = ORIENTED_EDGE('',*,*,#1733,.T.);
#2013 = ORIENTED_EDGE('',*,*,#1991,.T.);
#2014 = PLANE('',#2015);
#2015 = AXIS2_PLACEMENT_3D('',#2016,#2017,#2018);
#2016 = CARTESIAN_POINT('',(0.2,-0.15,0.23));
#2017 = DIRECTION('',(0.,0.,1.));
#2018 = DIRECTION('',(1.,0.,-0.));
#2019 = ADVANCED_FACE('',(#2020),#2031,.T.);
#2020 = FACE_BOUND('',#2021,.T.);
#2021 = EDGE_LOOP('',(#2022,#2023,#2024,#2025));
#2022 = ORIENTED_EDGE('',*,*,#1724,.T.);
#2023 = ORIENTED_EDGE('',*,*,#2007,.T.);
#2024 = ORIENTED_EDGE('',*,*,#1848,.F.);
#2025 = ORIENTED_EDGE('',*,*,#2026,.F.);
#2026 = EDGE_CURVE('',#1559,#1642,#2027,.T.);
#2027 = LINE('',#2028,#2029);
#2028 = CARTESIAN_POINT('',(0.2,-0.15,0.207));
#2029 = VECTOR('',#2030,1.);
#2030 = DIRECTION('',(0.,1.,0.));
#2031 = CYLINDRICAL_SURFACE('',#2032,2.3E-02);
#2032 = AXIS2_PLACEMENT_3D('',#2033,#2034,#2035);
#2033 = CARTESIAN_POINT('',(0.223,-0.15,0.207));
#2034 = DIRECTION('',(0.,1.,0.));
#2035 = DIRECTION('',(-1.,0.,0.));
#2036 = ADVANCED_FACE('',(#2037),#2048,.T.);
#2037 = FACE_BOUND('',#2038,.T.);
#2038 = EDGE_LOOP('',(#2039,#2040,#2041,#2042));
#2039 = ORIENTED_EDGE('',*,*,#1790,.F.);
#2040 = ORIENTED_EDGE('',*,*,#2026,.T.);
#2041 = ORIENTED_EDGE('',*,*,#1907,.T.);
#2042 = ORIENTED_EDGE('',*,*,#2043,.F.);
#2043 = EDGE_CURVE('',#1783,#1900,#2044,.T.);
#2044 = LINE('',#2045,#2046);
#2045 = CARTESIAN_POINT('',(0.2,-0.15,0.23));
#2046 = VECTOR('',#2047,1.);
#2047 = DIRECTION('',(0.,1.,0.));
#2048 = PLANE('',#2049);
#2049 = AXIS2_PLACEMENT_3D('',#2050,#2051,#2052);
#2050 = CARTESIAN_POINT('',(0.2,-0.15,0.207));
#2051 = DIRECTION('',(1.,0.,0.));
#2052 = DIRECTION('',(0.,0.,1.));
#2053 = ADVANCED_FACE('',(#2054),#2060,.T.);
#2054 = FACE_BOUND('',#2055,.T.);
#2055 = EDGE_LOOP('',(#2056,#2057,#2058,#2059));
#2056 = ORIENTED_EDGE('',*,*,#1814,.F.);
#2057 = ORIENTED_EDGE('',*,*,#1782,.T.);
#2058 = ORIENTED_EDGE('',*,*,#2043,.T.);
#2059 = ORIENTED_EDGE('',*,*,#1899,.F.);
#2060 = PLANE('',#2061);
#2061 = AXIS2_PLACEMENT_3D('',#2062,#2063,#2064);
#2062 = CARTESIAN_POINT('',(-0.2,-0.15,0.23));
#2063 = DIRECTION('',(0.,0.,1.));
#2064 = DIRECTION('',(1.,0.,-0.));
#2065 = ( GEOMETRIC_REPRESENTATION_CONTEXT(3) 
GLOBAL_UNCERTAINTY_ASSIGNED_CONTEXT((#2069)) 
GLOBAL_UNIT_ASSIGNED_CONTEXT((#2066,#2067,#2068)) REPRESENTATION_CONTEXT
('Context #1','3D Context with UNIT and UNCERTAINTY') );
#2066 = ( LENGTH_UNIT() NAMED_UNIT(*) SI_UNIT(.MILLI.,.METRE.) );
#2067 = ( NAMED_UNIT(*) PLANE_ANGLE_UNIT() SI_UNIT($,.RADIAN.) );
#2068 = ( NAMED_UNIT(*) SI_UNIT($,.STERADIAN.) SOLID_ANGLE_UNIT() );
#2069 = UNCERTAINTY_MEASURE_WITH_UNIT(LENGTH_MEASURE(1.E-07),#2066,
  'distance_accuracy_value','confusion accuracy');
#2070 = CONTEXT_DEPENDENT_SHAPE_REPRESENTATION(#2071,#2073);
#2071 = ( REPRESENTATION_RELATIONSHIP('','',#1274,#10) 
REPRESENTATION_RELATIONSHIP_WITH_TRANSFORMATION(#2072) 
SHAPE_REPRESENTATION_RELATIONSHIP() );
#2072 = ITEM_DEFINED_TRANSFORMATION('','',#11,#27);
#2073 = PRODUCT_DEFINITION_SHAPE('Placement','Placement of an item',
  #2074);
#2074 = NEXT_ASSEMBLY_USAGE_OCCURRENCE('4','R2','',#5,#1269,$);
#2075 = PRODUCT_RELATED_PRODUCT_CATEGORY('part',$,(#1271));
#2076 = CONTEXT_DEPENDENT_SHAPE_REPRESENTATION(#2077,#2079);
#2077 = ( REPRESENTATION_RELATIONSHIP('','',#1274,#10) 
REPRESENTATION_RELATIONSHIP_WITH_TRANSFORMATION(#2078) 
SHAPE_REPRESENTATION_RELATIONSHIP() );
#2078 = ITEM_DEFINED_TRANSFORMATION('','',#11,#31);
#2079 = PRODUCT_DEFINITION_SHAPE('Placement','Placement of an item',
  #2080);
#2080 = NEXT_ASSEMBLY_USAGE_OCCURRENCE('5','R3','',#5,#1269,$);
#2081 = CONTEXT_DEPENDENT_SHAPE_REPRESENTATION(#2082,#2084);
#2082 = ( REPRESENTATION_RELATIONSHIP('','',#611,#10) 
REPRESENTATION_RELATIONSHIP_WITH_TRANSFORMATION(#2083) 
SHAPE_REPRESENTATION_RELATIONSHIP() );
#2083 = ITEM_DEFINED_TRANSFORMATION('','',#11,#35);
#2084 = PRODUCT_DEFINITION_SHAPE('Placement','Placement of an item',
  #2085);
#2085 = NEXT_ASSEMBLY_USAGE_OCCURRENCE('6','D2','',#5,#606,$);
#2086 = CONTEXT_DEPENDENT_SHAPE_REPRESENTATION(#2087,#2089);
#2087 = ( REPRESENTATION_RELATIONSHIP('','',#1274,#10) 
REPRESENTATION_RELATIONSHIP_WITH_TRANSFORMATION(#2088) 
SHAPE_REPRESENTATION_RELATIONSHIP() );
#2088 = ITEM_DEFINED_TRANSFORMATION('','',#11,#39);
#2089 = PRODUCT_DEFINITION_SHAPE('Placement','Placement of an item',
  #2090);
#2090 = NEXT_ASSEMBLY_USAGE_OCCURRENCE('7','R1','',#5,#1269,$);
#2091 = SHAPE_DEFINITION_REPRESENTATION(#2092,#2098);
#2092 = PRODUCT_DEFINITION_SHAPE('','',#2093);
#2093 = PRODUCT_DEFINITION('design','',#2094,#2097);
#2094 = PRODUCT_DEFINITION_FORMATION('','',#2095);
#2095 = PRODUCT('cvbs-camera-module_PCB','cvbs-camera-module_PCB','',(
    #2096));
#2096 = PRODUCT_CONTEXT('',#2,'mechanical');
#2097 = PRODUCT_DEFINITION_CONTEXT('part definition',#2,'design');
#2098 = ADVANCED_BREP_SHAPE_REPRESENTATION('',(#11,#2099),#3390);
#2099 = MANIFOLD_SOLID_BREP('',#2100);
#2100 = CLOSED_SHELL('',(#2101,#2141,#2172,#2205,#2528,#2851,#2868,#2885
    ,#2902,#2919,#2936,#2953,#2970,#2987,#3004,#3021,#3033,#3050,#3067,
    #3084,#3101,#3118,#3135,#3152,#3169,#3191,#3208,#3225,#3237,#3254,
    #3271,#3288,#3305,#3322,#3339,#3356,#3373));
#2101 = ADVANCED_FACE('',(#2102),#2136,.T.);
#2102 = FACE_BOUND('',#2103,.T.);
#2103 = EDGE_LOOP('',(#2104,#2114,#2122,#2130));
#2104 = ORIENTED_EDGE('',*,*,#2105,.T.);
#2105 = EDGE_CURVE('',#2106,#2108,#2110,.T.);
#2106 = VERTEX_POINT('',#2107);
#2107 = CARTESIAN_POINT('',(106.4,-68.7,0.));
#2108 = VERTEX_POINT('',#2109);
#2109 = CARTESIAN_POINT('',(106.4,-68.7,0.53));
#2110 = LINE('',#2111,#2112);
#2111 = CARTESIAN_POINT('',(106.4,-68.7,0.));
#2112 = VECTOR('',#2113,1.);
#2113 = DIRECTION('',(0.,0.,1.));
#2114 = ORIENTED_EDGE('',*,*,#2115,.T.);
#2115 = EDGE_CURVE('',#2108,#2116,#2118,.T.);
#2116 = VERTEX_POINT('',#2117);
#2117 = CARTESIAN_POINT('',(104.3,-68.7,0.53));
#2118 = LINE('',#2119,#2120);
#2119 = CARTESIAN_POINT('',(106.4,-68.7,0.53));
#2120 = VECTOR('',#2121,1.);
#2121 = DIRECTION('',(-1.,0.,0.));
#2122 = ORIENTED_EDGE('',*,*,#2123,.F.);
#2123 = EDGE_CURVE('',#2124,#2116,#2126,.T.);
#2124 = VERTEX_POINT('',#2125);
#2125 = CARTESIAN_POINT('',(104.3,-68.7,0.));
#2126 = LINE('',#2127,#2128);
#2127 = CARTESIAN_POINT('',(104.3,-68.7,0.));
#2128 = VECTOR('',#2129,1.);
#2129 = DIRECTION('',(0.,0.,1.));
#2130 = ORIENTED_EDGE('',*,*,#2131,.F.);
#2131 = EDGE_CURVE('',#2106,#2124,#2132,.T.);
#2132 = LINE('',#2133,#2134);
#2133 = CARTESIAN_POINT('',(106.4,-68.7,0.));
#2134 = VECTOR('',#2135,1.);
#2135 = DIRECTION('',(-1.,0.,0.));
#2136 = PLANE('',#2137);
#2137 = AXIS2_PLACEMENT_3D('',#2138,#2139,#2140);
#2138 = CARTESIAN_POINT('',(106.4,-68.7,0.));
#2139 = DIRECTION('',(0.,-1.,0.));
#2140 = DIRECTION('',(-1.,0.,0.));
#2141 = ADVANCED_FACE('',(#2142),#2167,.T.);
#2142 = FACE_BOUND('',#2143,.T.);
#2143 = EDGE_LOOP('',(#2144,#2154,#2160,#2161));
#2144 = ORIENTED_EDGE('',*,*,#2145,.T.);
#2145 = EDGE_CURVE('',#2146,#2148,#2150,.T.);
#2146 = VERTEX_POINT('',#2147);
#2147 = CARTESIAN_POINT('',(106.4,-66.3,0.));
#2148 = VERTEX_POINT('',#2149);
#2149 = CARTESIAN_POINT('',(106.4,-66.3,0.53));
#2150 = LINE('',#2151,#2152);
#2151 = CARTESIAN_POINT('',(106.4,-66.3,0.));
#2152 = VECTOR('',#2153,1.);
#2153 = DIRECTION('',(0.,0.,1.));
#2154 = ORIENTED_EDGE('',*,*,#2155,.T.);
#2155 = EDGE_CURVE('',#2148,#2108,#2156,.T.);
#2156 = LINE('',#2157,#2158);
#2157 = CARTESIAN_POINT('',(106.4,-66.3,0.53));
#2158 = VECTOR('',#2159,1.);
#2159 = DIRECTION('',(0.,-1.,0.));
#2160 = ORIENTED_EDGE('',*,*,#2105,.F.);
#2161 = ORIENTED_EDGE('',*,*,#2162,.F.);
#2162 = EDGE_CURVE('',#2146,#2106,#2163,.T.);
#2163 = LINE('',#2164,#2165);
#2164 = CARTESIAN_POINT('',(106.4,-66.3,0.));
#2165 = VECTOR('',#2166,1.);
#2166 = DIRECTION('',(0.,-1.,0.));
#2167 = PLANE('',#2168);
#2168 = AXIS2_PLACEMENT_3D('',#2169,#2170,#2171);
#2169 = CARTESIAN_POINT('',(106.4,-66.3,0.));
#2170 = DIRECTION('',(1.,0.,-0.));
#2171 = DIRECTION('',(0.,-1.,0.));
#2172 = ADVANCED_FACE('',(#2173),#2200,.F.);
#2173 = FACE_BOUND('',#2174,.T.);
#2174 = EDGE_LOOP('',(#2175,#2176,#2185,#2193));
#2175 = ORIENTED_EDGE('',*,*,#2123,.T.);
#2176 = ORIENTED_EDGE('',*,*,#2177,.T.);
#2177 = EDGE_CURVE('',#2116,#2178,#2180,.T.);
#2178 = VERTEX_POINT('',#2179);
#2179 = CARTESIAN_POINT('',(104.,-69.,0.53));
#2180 = CIRCLE('',#2181,0.300000117299);
#2181 = AXIS2_PLACEMENT_3D('',#2182,#2183,#2184);
#2182 = CARTESIAN_POINT('',(104.30000011729,-69.00000011729,0.53));
#2183 = DIRECTION('',(0.,0.,1.));
#2184 = DIRECTION('',(-3.909953616065E-07,1.,0.));
#2185 = ORIENTED_EDGE('',*,*,#2186,.F.);
#2186 = EDGE_CURVE('',#2187,#2178,#2189,.T.);
#2187 = VERTEX_POINT('',#2188);
#2188 = CARTESIAN_POINT('',(104.,-69.,0.));
#2189 = LINE('',#2190,#2191);
#2190 = CARTESIAN_POINT('',(104.,-69.,0.));
#2191 = VECTOR('',#2192,1.);
#2192 = DIRECTION('',(0.,0.,1.));
#2193 = ORIENTED_EDGE('',*,*,#2194,.F.);
#2194 = EDGE_CURVE('',#2124,#2187,#2195,.T.);
#2195 = CIRCLE('',#2196,0.300000117299);
#2196 = AXIS2_PLACEMENT_3D('',#2197,#2198,#2199);
#2197 = CARTESIAN_POINT('',(104.30000011729,-69.00000011729,0.));
#2198 = DIRECTION('',(0.,0.,1.));
#2199 = DIRECTION('',(-3.909953616065E-07,1.,0.));
#2200 = CYLINDRICAL_SURFACE('',#2201,0.300000117299);
#2201 = AXIS2_PLACEMENT_3D('',#2202,#2203,#2204);
#2202 = CARTESIAN_POINT('',(104.30000011729,-69.00000011729,0.));
#2203 = DIRECTION('',(-0.,-0.,-1.));
#2204 = DIRECTION('',(-3.909953616065E-07,1.,0.));
#2205 = ADVANCED_FACE('',(#2206,#2302,#2313,#2324,#2335,#2346,#2357,
    #2368,#2379,#2390,#2424,#2435,#2446,#2457,#2468,#2479,#2490,#2501,
    #2512),#2523,.F.);
#2206 = FACE_BOUND('',#2207,.F.);
#2207 = EDGE_LOOP('',(#2208,#2209,#2210,#2218,#2227,#2235,#2244,#2252,
    #2261,#2270,#2278,#2286,#2295,#2301));
#2208 = ORIENTED_EDGE('',*,*,#2131,.F.);
#2209 = ORIENTED_EDGE('',*,*,#2162,.F.);
#2210 = ORIENTED_EDGE('',*,*,#2211,.F.);
#2211 = EDGE_CURVE('',#2212,#2146,#2214,.T.);
#2212 = VERTEX_POINT('',#2213);
#2213 = CARTESIAN_POINT('',(97.4,-66.3,0.));
#2214 = LINE('',#2215,#2216);
#2215 = CARTESIAN_POINT('',(97.4,-66.3,0.));
#2216 = VECTOR('',#2217,1.);
#2217 = DIRECTION('',(1.,0.,0.));
#2218 = ORIENTED_EDGE('',*,*,#2219,.F.);
#2219 = EDGE_CURVE('',#2220,#2212,#2222,.T.);
#2220 = VERTEX_POINT('',#2221);
#2221 = CARTESIAN_POINT('',(96.3,-67.4,0.));
#2222 = CIRCLE('',#2223,1.10000156817);
#2223 = AXIS2_PLACEMENT_3D('',#2224,#2225,#2226);
#2224 = CARTESIAN_POINT('',(97.400001568169,-67.40000156816,0.));
#2225 = DIRECTION('',(0.,0.,-1.));
#2226 = DIRECTION('',(-0.999999999999,1.425605940325E-06,0.));
#2227 = ORIENTED_EDGE('',*,*,#2228,.F.);
#2228 = EDGE_CURVE('',#2229,#2220,#2231,.T.);
#2229 = VERTEX_POINT('',#2230);
#2230 = CARTESIAN_POINT('',(96.3,-72.6,0.));
#2231 = LINE('',#2232,#2233);
#2232 = CARTESIAN_POINT('',(96.3,-72.6,0.));
#2233 = VECTOR('',#2234,1.);
#2234 = DIRECTION('',(0.,1.,0.));
#2235 = ORIENTED_EDGE('',*,*,#2236,.F.);
#2236 = EDGE_CURVE('',#2237,#2229,#2239,.T.);
#2237 = VERTEX_POINT('',#2238);
#2238 = CARTESIAN_POINT('',(97.4,-73.7,0.));
#2239 = CIRCLE('',#2240,1.10000156817);
#2240 = AXIS2_PLACEMENT_3D('',#2241,#2242,#2243);
#2241 = CARTESIAN_POINT('',(97.400001568169,-72.59999843183,0.));
#2242 = DIRECTION('',(0.,0.,-1.));
#2243 = DIRECTION('',(-1.425605940325E-06,-0.999999999999,-0.));
#2244 = ORIENTED_EDGE('',*,*,#2245,.F.);
#2245 = EDGE_CURVE('',#2246,#2237,#2248,.T.);
#2246 = VERTEX_POINT('',#2247);
#2247 = CARTESIAN_POINT('',(102.6,-73.7,0.));
#2248 = LINE('',#2249,#2250);
#2249 = CARTESIAN_POINT('',(102.6,-73.7,0.));
#2250 = VECTOR('',#2251,1.);
#2251 = DIRECTION('',(-1.,0.,0.));
#2252 = ORIENTED_EDGE('',*,*,#2253,.F.);
#2253 = EDGE_CURVE('',#2254,#2246,#2256,.T.);
#2254 = VERTEX_POINT('',#2255);
#2255 = CARTESIAN_POINT('',(103.7,-72.6,0.));
#2256 = CIRCLE('',#2257,1.10000156817);
#2257 = AXIS2_PLACEMENT_3D('',#2258,#2259,#2260);
#2258 = CARTESIAN_POINT('',(102.59999843183,-72.59999843183,0.));
#2259 = DIRECTION('',(0.,0.,-1.));
#2260 = DIRECTION('',(0.999999999999,-1.425605940325E-06,0.));
#2261 = ORIENTED_EDGE('',*,*,#2262,.F.);
#2262 = EDGE_CURVE('',#2263,#2254,#2265,.T.);
#2263 = VERTEX_POINT('',#2264);
#2264 = CARTESIAN_POINT('',(104.05,-72.25,0.));
#2265 = CIRCLE('',#2266,0.350001274927);
#2266 = AXIS2_PLACEMENT_3D('',#2267,#2268,#2269);
#2267 = CARTESIAN_POINT('',(104.05000127492,-72.60000127492,0.));
#2268 = DIRECTION('',(0.,0.,1.));
#2269 = DIRECTION('',(-3.642630068615E-06,0.999999999993,0.));
#2270 = ORIENTED_EDGE('',*,*,#2271,.F.);
#2271 = EDGE_CURVE('',#2272,#2263,#2274,.T.);
#2272 = VERTEX_POINT('',#2273);
#2273 = CARTESIAN_POINT('',(104.3,-72.25,0.));
#2274 = LINE('',#2275,#2276);
#2275 = CARTESIAN_POINT('',(104.3,-72.25,0.));
#2276 = VECTOR('',#2277,1.);
#2277 = DIRECTION('',(-1.,0.,0.));
#2278 = ORIENTED_EDGE('',*,*,#2279,.F.);
#2279 = EDGE_CURVE('',#2280,#2272,#2282,.T.);
#2280 = VERTEX_POINT('',#2281);
#2281 = CARTESIAN_POINT('',(104.3,-70.2,0.));
#2282 = LINE('',#2283,#2284);
#2283 = CARTESIAN_POINT('',(104.3,-70.2,0.));
#2284 = VECTOR('',#2285,1.);
#2285 = DIRECTION('',(0.,-1.,0.));
#2286 = ORIENTED_EDGE('',*,*,#2287,.F.);
#2287 = EDGE_CURVE('',#2288,#2280,#2290,.T.);
#2288 = VERTEX_POINT('',#2289);
#2289 = CARTESIAN_POINT('',(104.,-69.9,0.));
#2290 = CIRCLE('',#2291,0.300000117299);
#2291 = AXIS2_PLACEMENT_3D('',#2292,#2293,#2294);
#2292 = CARTESIAN_POINT('',(104.30000011729,-69.8999998827,0.));
#2293 = DIRECTION('',(0.,0.,1.));
#2294 = DIRECTION('',(-1.,-3.909953616065E-07,0.));
#2295 = ORIENTED_EDGE('',*,*,#2296,.F.);
#2296 = EDGE_CURVE('',#2187,#2288,#2297,.T.);
#2297 = LINE('',#2298,#2299);
#2298 = CARTESIAN_POINT('',(104.,-69.,0.));
#2299 = VECTOR('',#2300,1.);
#2300 = DIRECTION('',(0.,-1.,0.));
#2301 = ORIENTED_EDGE('',*,*,#2194,.F.);
#2302 = FACE_BOUND('',#2303,.F.);
#2303 = EDGE_LOOP('',(#2304));
#2304 = ORIENTED_EDGE('',*,*,#2305,.T.);
#2305 = EDGE_CURVE('',#2306,#2306,#2308,.T.);
#2306 = VERTEX_POINT('',#2307);
#2307 = CARTESIAN_POINT('',(98.9,-73.4,0.));
#2308 = CIRCLE('',#2309,1.E-01);
#2309 = AXIS2_PLACEMENT_3D('',#2310,#2311,#2312);
#2310 = CARTESIAN_POINT('',(98.9,-73.3,0.));
#2311 = DIRECTION('',(-0.,0.,-1.));
#2312 = DIRECTION('',(-0.,-1.,0.));
#2313 = FACE_BOUND('',#2314,.F.);
#2314 = EDGE_LOOP('',(#2315));
#2315 = ORIENTED_EDGE('',*,*,#2316,.T.);
#2316 = EDGE_CURVE('',#2317,#2317,#2319,.T.);
#2317 = VERTEX_POINT('',#2318);
#2318 = CARTESIAN_POINT('',(96.7,-71.1,0.));
#2319 = CIRCLE('',#2320,0.1);
#2320 = AXIS2_PLACEMENT_3D('',#2321,#2322,#2323);
#2321 = CARTESIAN_POINT('',(96.7,-71.,0.));
#2322 = DIRECTION('',(-0.,0.,-1.));
#2323 = DIRECTION('',(1.42108547152E-13,-1.,-0.));
#2324 = FACE_BOUND('',#2325,.F.);
#2325 = EDGE_LOOP('',(#2326));
#2326 = ORIENTED_EDGE('',*,*,#2327,.T.);
#2327 = EDGE_CURVE('',#2328,#2328,#2330,.T.);
#2328 = VERTEX_POINT('',#2329);
#2329 = CARTESIAN_POINT('',(102.25,-73.4,0.));
#2330 = CIRCLE('',#2331,9.999999999999E-02);
#2331 = AXIS2_PLACEMENT_3D('',#2332,#2333,#2334);
#2332 = CARTESIAN_POINT('',(102.25,-73.3,0.));
#2333 = DIRECTION('',(-0.,0.,-1.));
#2334 = DIRECTION('',(-0.,-1.,0.));
#2335 = FACE_BOUND('',#2336,.F.);
#2336 = EDGE_LOOP('',(#2337));
#2337 = ORIENTED_EDGE('',*,*,#2338,.T.);
#2338 = EDGE_CURVE('',#2339,#2339,#2341,.T.);
#2339 = VERTEX_POINT('',#2340);
#2340 = CARTESIAN_POINT('',(103.05,-72.925,0.));
#2341 = CIRCLE('',#2342,0.125);
#2342 = AXIS2_PLACEMENT_3D('',#2343,#2344,#2345);
#2343 = CARTESIAN_POINT('',(103.05,-72.8,0.));
#2344 = DIRECTION('',(-0.,0.,-1.));
#2345 = DIRECTION('',(-0.,-1.,0.));
#2346 = FACE_BOUND('',#2347,.F.);
#2347 = EDGE_LOOP('',(#2348));
#2348 = ORIENTED_EDGE('',*,*,#2349,.T.);
#2349 = EDGE_CURVE('',#2350,#2350,#2352,.T.);
#2350 = VERTEX_POINT('',#2351);
#2351 = CARTESIAN_POINT('',(103.85,-71.975,0.));
#2352 = CIRCLE('',#2353,0.15);
#2353 = AXIS2_PLACEMENT_3D('',#2354,#2355,#2356);
#2354 = CARTESIAN_POINT('',(103.85,-71.825,0.));
#2355 = DIRECTION('',(-0.,0.,-1.));
#2356 = DIRECTION('',(-0.,-1.,0.));
#2357 = FACE_BOUND('',#2358,.F.);
#2358 = EDGE_LOOP('',(#2359));
#2359 = ORIENTED_EDGE('',*,*,#2360,.T.);
#2360 = EDGE_CURVE('',#2361,#2361,#2363,.T.);
#2361 = VERTEX_POINT('',#2362);
#2362 = CARTESIAN_POINT('',(103.05,-71.35,0.));
#2363 = CIRCLE('',#2364,0.125);
#2364 = AXIS2_PLACEMENT_3D('',#2365,#2366,#2367);
#2365 = CARTESIAN_POINT('',(103.05,-71.225,0.));
#2366 = DIRECTION('',(-0.,0.,-1.));
#2367 = DIRECTION('',(-0.,-1.,0.));
#2368 = FACE_BOUND('',#2369,.F.);
#2369 = EDGE_LOOP('',(#2370));
#2370 = ORIENTED_EDGE('',*,*,#2371,.T.);
#2371 = EDGE_CURVE('',#2372,#2372,#2374,.T.);
#2372 = VERTEX_POINT('',#2373);
#2373 = CARTESIAN_POINT('',(103.85,-71.375,0.));
#2374 = CIRCLE('',#2375,0.15);
#2375 = AXIS2_PLACEMENT_3D('',#2376,#2377,#2378);
#2376 = CARTESIAN_POINT('',(103.85,-71.225,0.));
#2377 = DIRECTION('',(-0.,0.,-1.));
#2378 = DIRECTION('',(-0.,-1.,0.));
#2379 = FACE_BOUND('',#2380,.F.);
#2380 = EDGE_LOOP('',(#2381));
#2381 = ORIENTED_EDGE('',*,*,#2382,.T.);
#2382 = EDGE_CURVE('',#2383,#2383,#2385,.T.);
#2383 = VERTEX_POINT('',#2384);
#2384 = CARTESIAN_POINT('',(103.85,-70.775,0.));
#2385 = CIRCLE('',#2386,0.15);
#2386 = AXIS2_PLACEMENT_3D('',#2387,#2388,#2389);
#2387 = CARTESIAN_POINT('',(103.85,-70.625,0.));
#2388 = DIRECTION('',(-0.,0.,-1.));
#2389 = DIRECTION('',(-0.,-1.,0.));
#2390 = FACE_BOUND('',#2391,.F.);
#2391 = EDGE_LOOP('',(#2392,#2402,#2410,#2418));
#2392 = ORIENTED_EDGE('',*,*,#2393,.F.);
#2393 = EDGE_CURVE('',#2394,#2396,#2398,.T.);
#2394 = VERTEX_POINT('',#2395);
#2395 = CARTESIAN_POINT('',(97.4,-72.6,0.));
#2396 = VERTEX_POINT('',#2397);
#2397 = CARTESIAN_POINT('',(102.6,-72.6,0.));
#2398 = LINE('',#2399,#2400);
#2399 = CARTESIAN_POINT('',(97.4,-72.6,0.));
#2400 = VECTOR('',#2401,1.);
#2401 = DIRECTION('',(1.,0.,0.));
#2402 = ORIENTED_EDGE('',*,*,#2403,.F.);
#2403 = EDGE_CURVE('',#2404,#2394,#2406,.T.);
#2404 = VERTEX_POINT('',#2405);
#2405 = CARTESIAN_POINT('',(97.4,-67.4,0.));
#2406 = LINE('',#2407,#2408);
#2407 = CARTESIAN_POINT('',(97.4,-67.4,0.));
#2408 = VECTOR('',#2409,1.);
#2409 = DIRECTION('',(0.,-1.,0.));
#2410 = ORIENTED_EDGE('',*,*,#2411,.F.);
#2411 = EDGE_CURVE('',#2412,#2404,#2414,.T.);
#2412 = VERTEX_POINT('',#2413);
#2413 = CARTESIAN_POINT('',(102.6,-67.4,0.));
#2414 = LINE('',#2415,#2416);
#2415 = CARTESIAN_POINT('',(102.6,-67.4,0.));
#2416 = VECTOR('',#2417,1.);
#2417 = DIRECTION('',(-1.,0.,0.));
#2418 = ORIENTED_EDGE('',*,*,#2419,.F.);
#2419 = EDGE_CURVE('',#2396,#2412,#2420,.T.);
#2420 = LINE('',#2421,#2422);
#2421 = CARTESIAN_POINT('',(102.6,-72.6,0.));
#2422 = VECTOR('',#2423,1.);
#2423 = DIRECTION('',(0.,1.,0.));
#2424 = FACE_BOUND('',#2425,.F.);
#2425 = EDGE_LOOP('',(#2426));
#2426 = ORIENTED_EDGE('',*,*,#2427,.T.);
#2427 = EDGE_CURVE('',#2428,#2428,#2430,.T.);
#2428 = VERTEX_POINT('',#2429);
#2429 = CARTESIAN_POINT('',(97.,-67.9,0.));
#2430 = CIRCLE('',#2431,9.999999999999E-02);
#2431 = AXIS2_PLACEMENT_3D('',#2432,#2433,#2434);
#2432 = CARTESIAN_POINT('',(97.,-67.8,0.));
#2433 = DIRECTION('',(-0.,0.,-1.));
#2434 = DIRECTION('',(-0.,-1.,0.));
#2435 = FACE_BOUND('',#2436,.F.);
#2436 = EDGE_LOOP('',(#2437));
#2437 = ORIENTED_EDGE('',*,*,#2438,.T.);
#2438 = EDGE_CURVE('',#2439,#2439,#2441,.T.);
#2439 = VERTEX_POINT('',#2440);
#2440 = CARTESIAN_POINT('',(99.,-67.1,0.));
#2441 = CIRCLE('',#2442,9.999999999999E-02);
#2442 = AXIS2_PLACEMENT_3D('',#2443,#2444,#2445);
#2443 = CARTESIAN_POINT('',(99.,-67.,0.));
#2444 = DIRECTION('',(-0.,0.,-1.));
#2445 = DIRECTION('',(-0.,-1.,0.));
#2446 = FACE_BOUND('',#2447,.F.);
#2447 = EDGE_LOOP('',(#2448));
#2448 = ORIENTED_EDGE('',*,*,#2449,.T.);
#2449 = EDGE_CURVE('',#2450,#2450,#2452,.T.);
#2450 = VERTEX_POINT('',#2451);
#2451 = CARTESIAN_POINT('',(103.05,-69.775,0.));
#2452 = CIRCLE('',#2453,0.125);
#2453 = AXIS2_PLACEMENT_3D('',#2454,#2455,#2456);
#2454 = CARTESIAN_POINT('',(103.05,-69.65,0.));
#2455 = DIRECTION('',(-0.,0.,-1.));
#2456 = DIRECTION('',(-0.,-1.,0.));
#2457 = FACE_BOUND('',#2458,.F.);
#2458 = EDGE_LOOP('',(#2459));
#2459 = ORIENTED_EDGE('',*,*,#2460,.T.);
#2460 = EDGE_CURVE('',#2461,#2461,#2463,.T.);
#2461 = VERTEX_POINT('',#2462);
#2462 = CARTESIAN_POINT('',(103.6,-69.9,0.));
#2463 = CIRCLE('',#2464,0.1);
#2464 = AXIS2_PLACEMENT_3D('',#2465,#2466,#2467);
#2465 = CARTESIAN_POINT('',(103.6,-69.8,0.));
#2466 = DIRECTION('',(-0.,0.,-1.));
#2467 = DIRECTION('',(-0.,-1.,0.));
#2468 = FACE_BOUND('',#2469,.F.);
#2469 = EDGE_LOOP('',(#2470));
#2470 = ORIENTED_EDGE('',*,*,#2471,.T.);
#2471 = EDGE_CURVE('',#2472,#2472,#2474,.T.);
#2472 = VERTEX_POINT('',#2473);
#2473 = CARTESIAN_POINT('',(103.6,-68.95,0.));
#2474 = CIRCLE('',#2475,0.1);
#2475 = AXIS2_PLACEMENT_3D('',#2476,#2477,#2478);
#2476 = CARTESIAN_POINT('',(103.6,-68.85,0.));
#2477 = DIRECTION('',(-0.,0.,-1.));
#2478 = DIRECTION('',(-0.,-1.,0.));
#2479 = FACE_BOUND('',#2480,.F.);
#2480 = EDGE_LOOP('',(#2481));
#2481 = ORIENTED_EDGE('',*,*,#2482,.T.);
#2482 = EDGE_CURVE('',#2483,#2483,#2485,.T.);
#2483 = VERTEX_POINT('',#2484);
#2484 = CARTESIAN_POINT('',(102.25,-66.8,0.));
#2485 = CIRCLE('',#2486,9.999999999999E-02);
#2486 = AXIS2_PLACEMENT_3D('',#2487,#2488,#2489);
#2487 = CARTESIAN_POINT('',(102.25,-66.7,0.));
#2488 = DIRECTION('',(-0.,0.,-1.));
#2489 = DIRECTION('',(-0.,-1.,0.));
#2490 = FACE_BOUND('',#2491,.F.);
#2491 = EDGE_LOOP('',(#2492));
#2492 = ORIENTED_EDGE('',*,*,#2493,.T.);
#2493 = EDGE_CURVE('',#2494,#2494,#2496,.T.);
#2494 = VERTEX_POINT('',#2495);
#2495 = CARTESIAN_POINT('',(105.2,-68.2,0.));
#2496 = CIRCLE('',#2497,0.7);
#2497 = AXIS2_PLACEMENT_3D('',#2498,#2499,#2500);
#2498 = CARTESIAN_POINT('',(105.2,-67.5,0.));
#2499 = DIRECTION('',(-0.,0.,-1.));
#2500 = DIRECTION('',(-0.,-1.,0.));
#2501 = FACE_BOUND('',#2502,.F.);
#2502 = EDGE_LOOP('',(#2503));
#2503 = ORIENTED_EDGE('',*,*,#2504,.T.);
#2504 = EDGE_CURVE('',#2505,#2505,#2507,.T.);
#2505 = VERTEX_POINT('',#2506);
#2506 = CARTESIAN_POINT('',(103.6,-67.35,0.));
#2507 = CIRCLE('',#2508,0.1);
#2508 = AXIS2_PLACEMENT_3D('',#2509,#2510,#2511);
#2509 = CARTESIAN_POINT('',(103.6,-67.25,0.));
#2510 = DIRECTION('',(-0.,0.,-1.));
#2511 = DIRECTION('',(-0.,-1.,0.));
#2512 = FACE_BOUND('',#2513,.F.);
#2513 = EDGE_LOOP('',(#2514));
#2514 = ORIENTED_EDGE('',*,*,#2515,.T.);
#2515 = EDGE_CURVE('',#2516,#2516,#2518,.T.);
#2516 = VERTEX_POINT('',#2517);
#2517 = CARTESIAN_POINT('',(103.6,-66.875,0.));
#2518 = CIRCLE('',#2519,0.125);
#2519 = AXIS2_PLACEMENT_3D('',#2520,#2521,#2522);
#2520 = CARTESIAN_POINT('',(103.6,-66.75,0.));
#2521 = DIRECTION('',(-0.,0.,-1.));
#2522 = DIRECTION('',(-0.,-1.,0.));
#2523 = PLANE('',#2524);
#2524 = AXIS2_PLACEMENT_3D('',#2525,#2526,#2527);
#2525 = CARTESIAN_POINT('',(0.,0.,0.));
#2526 = DIRECTION('',(0.,0.,1.));
#2527 = DIRECTION('',(1.,0.,-0.));
#2528 = ADVANCED_FACE('',(#2529,#2625,#2636,#2647,#2658,#2669,#2680,
    #2691,#2702,#2713,#2747,#2758,#2769,#2780,#2791,#2802,#2813,#2824,
    #2835),#2846,.T.);
#2529 = FACE_BOUND('',#2530,.T.);
#2530 = EDGE_LOOP('',(#2531,#2532,#2533,#2541,#2550,#2558,#2567,#2575,
    #2584,#2593,#2601,#2609,#2618,#2624));
#2531 = ORIENTED_EDGE('',*,*,#2115,.F.);
#2532 = ORIENTED_EDGE('',*,*,#2155,.F.);
#2533 = ORIENTED_EDGE('',*,*,#2534,.F.);
#2534 = EDGE_CURVE('',#2535,#2148,#2537,.T.);
#2535 = VERTEX_POINT('',#2536);
#2536 = CARTESIAN_POINT('',(97.4,-66.3,0.53));
#2537 = LINE('',#2538,#2539);
#2538 = CARTESIAN_POINT('',(97.4,-66.3,0.53));
#2539 = VECTOR('',#2540,1.);
#2540 = DIRECTION('',(1.,0.,0.));
#2541 = ORIENTED_EDGE('',*,*,#2542,.F.);
#2542 = EDGE_CURVE('',#2543,#2535,#2545,.T.);
#2543 = VERTEX_POINT('',#2544);
#2544 = CARTESIAN_POINT('',(96.3,-67.4,0.53));
#2545 = CIRCLE('',#2546,1.10000156817);
#2546 = AXIS2_PLACEMENT_3D('',#2547,#2548,#2549);
#2547 = CARTESIAN_POINT('',(97.400001568169,-67.40000156816,0.53));
#2548 = DIRECTION('',(0.,0.,-1.));
#2549 = DIRECTION('',(-0.999999999999,1.425605940325E-06,0.));
#2550 = ORIENTED_EDGE('',*,*,#2551,.F.);
#2551 = EDGE_CURVE('',#2552,#2543,#2554,.T.);
#2552 = VERTEX_POINT('',#2553);
#2553 = CARTESIAN_POINT('',(96.3,-72.6,0.53));
#2554 = LINE('',#2555,#2556);
#2555 = CARTESIAN_POINT('',(96.3,-72.6,0.53));
#2556 = VECTOR('',#2557,1.);
#2557 = DIRECTION('',(0.,1.,0.));
#2558 = ORIENTED_EDGE('',*,*,#2559,.F.);
#2559 = EDGE_CURVE('',#2560,#2552,#2562,.T.);
#2560 = VERTEX_POINT('',#2561);
#2561 = CARTESIAN_POINT('',(97.4,-73.7,0.53));
#2562 = CIRCLE('',#2563,1.10000156817);
#2563 = AXIS2_PLACEMENT_3D('',#2564,#2565,#2566);
#2564 = CARTESIAN_POINT('',(97.400001568169,-72.59999843183,0.53));
#2565 = DIRECTION('',(0.,0.,-1.));
#2566 = DIRECTION('',(-1.425605940325E-06,-0.999999999999,-0.));
#2567 = ORIENTED_EDGE('',*,*,#2568,.F.);
#2568 = EDGE_CURVE('',#2569,#2560,#2571,.T.);
#2569 = VERTEX_POINT('',#2570);
#2570 = CARTESIAN_POINT('',(102.6,-73.7,0.53));
#2571 = LINE('',#2572,#2573);
#2572 = CARTESIAN_POINT('',(102.6,-73.7,0.53));
#2573 = VECTOR('',#2574,1.);
#2574 = DIRECTION('',(-1.,0.,0.));
#2575 = ORIENTED_EDGE('',*,*,#2576,.F.);
#2576 = EDGE_CURVE('',#2577,#2569,#2579,.T.);
#2577 = VERTEX_POINT('',#2578);
#2578 = CARTESIAN_POINT('',(103.7,-72.6,0.53));
#2579 = CIRCLE('',#2580,1.10000156817);
#2580 = AXIS2_PLACEMENT_3D('',#2581,#2582,#2583);
#2581 = CARTESIAN_POINT('',(102.59999843183,-72.59999843183,0.53));
#2582 = DIRECTION('',(0.,0.,-1.));
#2583 = DIRECTION('',(0.999999999999,-1.425605940325E-06,0.));
#2584 = ORIENTED_EDGE('',*,*,#2585,.F.);
#2585 = EDGE_CURVE('',#2586,#2577,#2588,.T.);
#2586 = VERTEX_POINT('',#2587);
#2587 = CARTESIAN_POINT('',(104.05,-72.25,0.53));
#2588 = CIRCLE('',#2589,0.350001274927);
#2589 = AXIS2_PLACEMENT_3D('',#2590,#2591,#2592);
#2590 = CARTESIAN_POINT('',(104.05000127492,-72.60000127492,0.53));
#2591 = DIRECTION('',(0.,0.,1.));
#2592 = DIRECTION('',(-3.642630068615E-06,0.999999999993,0.));
#2593 = ORIENTED_EDGE('',*,*,#2594,.F.);
#2594 = EDGE_CURVE('',#2595,#2586,#2597,.T.);
#2595 = VERTEX_POINT('',#2596);
#2596 = CARTESIAN_POINT('',(104.3,-72.25,0.53));
#2597 = LINE('',#2598,#2599);
#2598 = CARTESIAN_POINT('',(104.3,-72.25,0.53));
#2599 = VECTOR('',#2600,1.);
#2600 = DIRECTION('',(-1.,0.,0.));
#2601 = ORIENTED_EDGE('',*,*,#2602,.F.);
#2602 = EDGE_CURVE('',#2603,#2595,#2605,.T.);
#2603 = VERTEX_POINT('',#2604);
#2604 = CARTESIAN_POINT('',(104.3,-70.2,0.53));
#2605 = LINE('',#2606,#2607);
#2606 = CARTESIAN_POINT('',(104.3,-70.2,0.53));
#2607 = VECTOR('',#2608,1.);
#2608 = DIRECTION('',(0.,-1.,0.));
#2609 = ORIENTED_EDGE('',*,*,#2610,.F.);
#2610 = EDGE_CURVE('',#2611,#2603,#2613,.T.);
#2611 = VERTEX_POINT('',#2612);
#2612 = CARTESIAN_POINT('',(104.,-69.9,0.53));
#2613 = CIRCLE('',#2614,0.300000117299);
#2614 = AXIS2_PLACEMENT_3D('',#2615,#2616,#2617);
#2615 = CARTESIAN_POINT('',(104.30000011729,-69.8999998827,0.53));
#2616 = DIRECTION('',(0.,0.,1.));
#2617 = DIRECTION('',(-1.,-3.909953616065E-07,0.));
#2618 = ORIENTED_EDGE('',*,*,#2619,.F.);
#2619 = EDGE_CURVE('',#2178,#2611,#2620,.T.);
#2620 = LINE('',#2621,#2622);
#2621 = CARTESIAN_POINT('',(104.,-69.,0.53));
#2622 = VECTOR('',#2623,1.);
#2623 = DIRECTION('',(0.,-1.,0.));
#2624 = ORIENTED_EDGE('',*,*,#2177,.F.);
#2625 = FACE_BOUND('',#2626,.T.);
#2626 = EDGE_LOOP('',(#2627));
#2627 = ORIENTED_EDGE('',*,*,#2628,.T.);
#2628 = EDGE_CURVE('',#2629,#2629,#2631,.T.);
#2629 = VERTEX_POINT('',#2630);
#2630 = CARTESIAN_POINT('',(98.9,-73.4,0.53));
#2631 = CIRCLE('',#2632,1.E-01);
#2632 = AXIS2_PLACEMENT_3D('',#2633,#2634,#2635);
#2633 = CARTESIAN_POINT('',(98.9,-73.3,0.53));
#2634 = DIRECTION('',(-0.,0.,-1.));
#2635 = DIRECTION('',(-0.,-1.,0.));
#2636 = FACE_BOUND('',#2637,.T.);
#2637 = EDGE_LOOP('',(#2638));
#2638 = ORIENTED_EDGE('',*,*,#2639,.T.);
#2639 = EDGE_CURVE('',#2640,#2640,#2642,.T.);
#2640 = VERTEX_POINT('',#2641);
#2641 = CARTESIAN_POINT('',(96.7,-71.1,0.53));
#2642 = CIRCLE('',#2643,0.1);
#2643 = AXIS2_PLACEMENT_3D('',#2644,#2645,#2646);
#2644 = CARTESIAN_POINT('',(96.7,-71.,0.53));
#2645 = DIRECTION('',(-0.,0.,-1.));
#2646 = DIRECTION('',(1.42108547152E-13,-1.,-0.));
#2647 = FACE_BOUND('',#2648,.T.);
#2648 = EDGE_LOOP('',(#2649));
#2649 = ORIENTED_EDGE('',*,*,#2650,.T.);
#2650 = EDGE_CURVE('',#2651,#2651,#2653,.T.);
#2651 = VERTEX_POINT('',#2652);
#2652 = CARTESIAN_POINT('',(102.25,-73.4,0.53));
#2653 = CIRCLE('',#2654,9.999999999999E-02);
#2654 = AXIS2_PLACEMENT_3D('',#2655,#2656,#2657);
#2655 = CARTESIAN_POINT('',(102.25,-73.3,0.53));
#2656 = DIRECTION('',(-0.,0.,-1.));
#2657 = DIRECTION('',(-0.,-1.,0.));
#2658 = FACE_BOUND('',#2659,.T.);
#2659 = EDGE_LOOP('',(#2660));
#2660 = ORIENTED_EDGE('',*,*,#2661,.T.);
#2661 = EDGE_CURVE('',#2662,#2662,#2664,.T.);
#2662 = VERTEX_POINT('',#2663);
#2663 = CARTESIAN_POINT('',(103.05,-72.925,0.53));
#2664 = CIRCLE('',#2665,0.125);
#2665 = AXIS2_PLACEMENT_3D('',#2666,#2667,#2668);
#2666 = CARTESIAN_POINT('',(103.05,-72.8,0.53));
#2667 = DIRECTION('',(-0.,0.,-1.));
#2668 = DIRECTION('',(-0.,-1.,0.));
#2669 = FACE_BOUND('',#2670,.T.);
#2670 = EDGE_LOOP('',(#2671));
#2671 = ORIENTED_EDGE('',*,*,#2672,.T.);
#2672 = EDGE_CURVE('',#2673,#2673,#2675,.T.);
#2673 = VERTEX_POINT('',#2674);
#2674 = CARTESIAN_POINT('',(103.85,-71.975,0.53));
#2675 = CIRCLE('',#2676,0.15);
#2676 = AXIS2_PLACEMENT_3D('',#2677,#2678,#2679);
#2677 = CARTESIAN_POINT('',(103.85,-71.825,0.53));
#2678 = DIRECTION('',(-0.,0.,-1.));
#2679 = DIRECTION('',(-0.,-1.,0.));
#2680 = FACE_BOUND('',#2681,.T.);
#2681 = EDGE_LOOP('',(#2682));
#2682 = ORIENTED_EDGE('',*,*,#2683,.T.);
#2683 = EDGE_CURVE('',#2684,#2684,#2686,.T.);
#2684 = VERTEX_POINT('',#2685);
#2685 = CARTESIAN_POINT('',(103.05,-71.35,0.53));
#2686 = CIRCLE('',#2687,0.125);
#2687 = AXIS2_PLACEMENT_3D('',#2688,#2689,#2690);
#2688 = CARTESIAN_POINT('',(103.05,-71.225,0.53));
#2689 = DIRECTION('',(-0.,0.,-1.));
#2690 = DIRECTION('',(-0.,-1.,0.));
#2691 = FACE_BOUND('',#2692,.T.);
#2692 = EDGE_LOOP('',(#2693));
#2693 = ORIENTED_EDGE('',*,*,#2694,.T.);
#2694 = EDGE_CURVE('',#2695,#2695,#2697,.T.);
#2695 = VERTEX_POINT('',#2696);
#2696 = CARTESIAN_POINT('',(103.85,-71.375,0.53));
#2697 = CIRCLE('',#2698,0.15);
#2698 = AXIS2_PLACEMENT_3D('',#2699,#2700,#2701);
#2699 = CARTESIAN_POINT('',(103.85,-71.225,0.53));
#2700 = DIRECTION('',(-0.,0.,-1.));
#2701 = DIRECTION('',(-0.,-1.,0.));
#2702 = FACE_BOUND('',#2703,.T.);
#2703 = EDGE_LOOP('',(#2704));
#2704 = ORIENTED_EDGE('',*,*,#2705,.T.);
#2705 = EDGE_CURVE('',#2706,#2706,#2708,.T.);
#2706 = VERTEX_POINT('',#2707);
#2707 = CARTESIAN_POINT('',(103.85,-70.775,0.53));
#2708 = CIRCLE('',#2709,0.15);
#2709 = AXIS2_PLACEMENT_3D('',#2710,#2711,#2712);
#2710 = CARTESIAN_POINT('',(103.85,-70.625,0.53));
#2711 = DIRECTION('',(-0.,0.,-1.));
#2712 = DIRECTION('',(-0.,-1.,0.));
#2713 = FACE_BOUND('',#2714,.T.);
#2714 = EDGE_LOOP('',(#2715,#2725,#2733,#2741));
#2715 = ORIENTED_EDGE('',*,*,#2716,.F.);
#2716 = EDGE_CURVE('',#2717,#2719,#2721,.T.);
#2717 = VERTEX_POINT('',#2718);
#2718 = CARTESIAN_POINT('',(97.4,-72.6,0.53));
#2719 = VERTEX_POINT('',#2720);
#2720 = CARTESIAN_POINT('',(102.6,-72.6,0.53));
#2721 = LINE('',#2722,#2723);
#2722 = CARTESIAN_POINT('',(97.4,-72.6,0.53));
#2723 = VECTOR('',#2724,1.);
#2724 = DIRECTION('',(1.,0.,0.));
#2725 = ORIENTED_EDGE('',*,*,#2726,.F.);
#2726 = EDGE_CURVE('',#2727,#2717,#2729,.T.);
#2727 = VERTEX_POINT('',#2728);
#2728 = CARTESIAN_POINT('',(97.4,-67.4,0.53));
#2729 = LINE('',#2730,#2731);
#2730 = CARTESIAN_POINT('',(97.4,-67.4,0.53));
#2731 = VECTOR('',#2732,1.);
#2732 = DIRECTION('',(0.,-1.,0.));
#2733 = ORIENTED_EDGE('',*,*,#2734,.F.);
#2734 = EDGE_CURVE('',#2735,#2727,#2737,.T.);
#2735 = VERTEX_POINT('',#2736);
#2736 = CARTESIAN_POINT('',(102.6,-67.4,0.53));
#2737 = LINE('',#2738,#2739);
#2738 = CARTESIAN_POINT('',(102.6,-67.4,0.53));
#2739 = VECTOR('',#2740,1.);
#2740 = DIRECTION('',(-1.,0.,0.));
#2741 = ORIENTED_EDGE('',*,*,#2742,.F.);
#2742 = EDGE_CURVE('',#2719,#2735,#2743,.T.);
#2743 = LINE('',#2744,#2745);
#2744 = CARTESIAN_POINT('',(102.6,-72.6,0.53));
#2745 = VECTOR('',#2746,1.);
#2746 = DIRECTION('',(0.,1.,0.));
#2747 = FACE_BOUND('',#2748,.T.);
#2748 = EDGE_LOOP('',(#2749));
#2749 = ORIENTED_EDGE('',*,*,#2750,.T.);
#2750 = EDGE_CURVE('',#2751,#2751,#2753,.T.);
#2751 = VERTEX_POINT('',#2752);
#2752 = CARTESIAN_POINT('',(97.,-67.9,0.53));
#2753 = CIRCLE('',#2754,9.999999999999E-02);
#2754 = AXIS2_PLACEMENT_3D('',#2755,#2756,#2757);
#2755 = CARTESIAN_POINT('',(97.,-67.8,0.53));
#2756 = DIRECTION('',(-0.,0.,-1.));
#2757 = DIRECTION('',(-0.,-1.,0.));
#2758 = FACE_BOUND('',#2759,.T.);
#2759 = EDGE_LOOP('',(#2760));
#2760 = ORIENTED_EDGE('',*,*,#2761,.T.);
#2761 = EDGE_CURVE('',#2762,#2762,#2764,.T.);
#2762 = VERTEX_POINT('',#2763);
#2763 = CARTESIAN_POINT('',(99.,-67.1,0.53));
#2764 = CIRCLE('',#2765,9.999999999999E-02);
#2765 = AXIS2_PLACEMENT_3D('',#2766,#2767,#2768);
#2766 = CARTESIAN_POINT('',(99.,-67.,0.53));
#2767 = DIRECTION('',(-0.,0.,-1.));
#2768 = DIRECTION('',(-0.,-1.,0.));
#2769 = FACE_BOUND('',#2770,.T.);
#2770 = EDGE_LOOP('',(#2771));
#2771 = ORIENTED_EDGE('',*,*,#2772,.T.);
#2772 = EDGE_CURVE('',#2773,#2773,#2775,.T.);
#2773 = VERTEX_POINT('',#2774);
#2774 = CARTESIAN_POINT('',(103.05,-69.775,0.53));
#2775 = CIRCLE('',#2776,0.125);
#2776 = AXIS2_PLACEMENT_3D('',#2777,#2778,#2779);
#2777 = CARTESIAN_POINT('',(103.05,-69.65,0.53));
#2778 = DIRECTION('',(-0.,0.,-1.));
#2779 = DIRECTION('',(-0.,-1.,0.));
#2780 = FACE_BOUND('',#2781,.T.);
#2781 = EDGE_LOOP('',(#2782));
#2782 = ORIENTED_EDGE('',*,*,#2783,.T.);
#2783 = EDGE_CURVE('',#2784,#2784,#2786,.T.);
#2784 = VERTEX_POINT('',#2785);
#2785 = CARTESIAN_POINT('',(103.6,-69.9,0.53));
#2786 = CIRCLE('',#2787,0.1);
#2787 = AXIS2_PLACEMENT_3D('',#2788,#2789,#2790);
#2788 = CARTESIAN_POINT('',(103.6,-69.8,0.53));
#2789 = DIRECTION('',(-0.,0.,-1.));
#2790 = DIRECTION('',(-0.,-1.,0.));
#2791 = FACE_BOUND('',#2792,.T.);
#2792 = EDGE_LOOP('',(#2793));
#2793 = ORIENTED_EDGE('',*,*,#2794,.T.);
#2794 = EDGE_CURVE('',#2795,#2795,#2797,.T.);
#2795 = VERTEX_POINT('',#2796);
#2796 = CARTESIAN_POINT('',(103.6,-68.95,0.53));
#2797 = CIRCLE('',#2798,0.1);
#2798 = AXIS2_PLACEMENT_3D('',#2799,#2800,#2801);
#2799 = CARTESIAN_POINT('',(103.6,-68.85,0.53));
#2800 = DIRECTION('',(-0.,0.,-1.));
#2801 = DIRECTION('',(-0.,-1.,0.));
#2802 = FACE_BOUND('',#2803,.T.);
#2803 = EDGE_LOOP('',(#2804));
#2804 = ORIENTED_EDGE('',*,*,#2805,.T.);
#2805 = EDGE_CURVE('',#2806,#2806,#2808,.T.);
#2806 = VERTEX_POINT('',#2807);
#2807 = CARTESIAN_POINT('',(102.25,-66.8,0.53));
#2808 = CIRCLE('',#2809,9.999999999999E-02);
#2809 = AXIS2_PLACEMENT_3D('',#2810,#2811,#2812);
#2810 = CARTESIAN_POINT('',(102.25,-66.7,0.53));
#2811 = DIRECTION('',(-0.,0.,-1.));
#2812 = DIRECTION('',(-0.,-1.,0.));
#2813 = FACE_BOUND('',#2814,.T.);
#2814 = EDGE_LOOP('',(#2815));
#2815 = ORIENTED_EDGE('',*,*,#2816,.T.);
#2816 = EDGE_CURVE('',#2817,#2817,#2819,.T.);
#2817 = VERTEX_POINT('',#2818);
#2818 = CARTESIAN_POINT('',(105.2,-68.2,0.53));
#2819 = CIRCLE('',#2820,0.7);
#2820 = AXIS2_PLACEMENT_3D('',#2821,#2822,#2823);
#2821 = CARTESIAN_POINT('',(105.2,-67.5,0.53));
#2822 = DIRECTION('',(-0.,0.,-1.));
#2823 = DIRECTION('',(-0.,-1.,0.));
#2824 = FACE_BOUND('',#2825,.T.);
#2825 = EDGE_LOOP('',(#2826));
#2826 = ORIENTED_EDGE('',*,*,#2827,.T.);
#2827 = EDGE_CURVE('',#2828,#2828,#2830,.T.);
#2828 = VERTEX_POINT('',#2829);
#2829 = CARTESIAN_POINT('',(103.6,-67.35,0.53));
#2830 = CIRCLE('',#2831,0.1);
#2831 = AXIS2_PLACEMENT_3D('',#2832,#2833,#2834);
#2832 = CARTESIAN_POINT('',(103.6,-67.25,0.53));
#2833 = DIRECTION('',(-0.,0.,-1.));
#2834 = DIRECTION('',(-0.,-1.,0.));
#2835 = FACE_BOUND('',#2836,.T.);
#2836 = EDGE_LOOP('',(#2837));
#2837 = ORIENTED_EDGE('',*,*,#2838,.T.);
#2838 = EDGE_CURVE('',#2839,#2839,#2841,.T.);
#2839 = VERTEX_POINT('',#2840);
#2840 = CARTESIAN_POINT('',(103.6,-66.875,0.53));
#2841 = CIRCLE('',#2842,0.125);
#2842 = AXIS2_PLACEMENT_3D('',#2843,#2844,#2845);
#2843 = CARTESIAN_POINT('',(103.6,-66.75,0.53));
#2844 = DIRECTION('',(-0.,0.,-1.));
#2845 = DIRECTION('',(-0.,-1.,0.));
#2846 = PLANE('',#2847);
#2847 = AXIS2_PLACEMENT_3D('',#2848,#2849,#2850);
#2848 = CARTESIAN_POINT('',(0.,0.,0.53));
#2849 = DIRECTION('',(0.,0.,1.));
#2850 = DIRECTION('',(1.,0.,-0.));
#2851 = ADVANCED_FACE('',(#2852),#2863,.T.);
#2852 = FACE_BOUND('',#2853,.T.);
#2853 = EDGE_LOOP('',(#2854,#2860,#2861,#2862));
#2854 = ORIENTED_EDGE('',*,*,#2855,.T.);
#2855 = EDGE_CURVE('',#2212,#2535,#2856,.T.);
#2856 = LINE('',#2857,#2858);
#2857 = CARTESIAN_POINT('',(97.4,-66.3,0.));
#2858 = VECTOR('',#2859,1.);
#2859 = DIRECTION('',(0.,0.,1.));
#2860 = ORIENTED_EDGE('',*,*,#2534,.T.);
#2861 = ORIENTED_EDGE('',*,*,#2145,.F.);
#2862 = ORIENTED_EDGE('',*,*,#2211,.F.);
#2863 = PLANE('',#2864);
#2864 = AXIS2_PLACEMENT_3D('',#2865,#2866,#2867);
#2865 = CARTESIAN_POINT('',(97.4,-66.3,0.));
#2866 = DIRECTION('',(0.,1.,0.));
#2867 = DIRECTION('',(1.,0.,0.));
#2868 = ADVANCED_FACE('',(#2869),#2880,.T.);
#2869 = FACE_BOUND('',#2870,.T.);
#2870 = EDGE_LOOP('',(#2871,#2872,#2873,#2879));
#2871 = ORIENTED_EDGE('',*,*,#2186,.T.);
#2872 = ORIENTED_EDGE('',*,*,#2619,.T.);
#2873 = ORIENTED_EDGE('',*,*,#2874,.F.);
#2874 = EDGE_CURVE('',#2288,#2611,#2875,.T.);
#2875 = LINE('',#2876,#2877);
#2876 = CARTESIAN_POINT('',(104.,-69.9,0.));
#2877 = VECTOR('',#2878,1.);
#2878 = DIRECTION('',(0.,0.,1.));
#2879 = ORIENTED_EDGE('',*,*,#2296,.F.);
#2880 = PLANE('',#2881);
#2881 = AXIS2_PLACEMENT_3D('',#2882,#2883,#2884);
#2882 = CARTESIAN_POINT('',(104.,-69.,0.));
#2883 = DIRECTION('',(1.,0.,-0.));
#2884 = DIRECTION('',(0.,-1.,0.));
#2885 = ADVANCED_FACE('',(#2886),#2897,.T.);
#2886 = FACE_BOUND('',#2887,.T.);
#2887 = EDGE_LOOP('',(#2888,#2894,#2895,#2896));
#2888 = ORIENTED_EDGE('',*,*,#2889,.T.);
#2889 = EDGE_CURVE('',#2220,#2543,#2890,.T.);
#2890 = LINE('',#2891,#2892);
#2891 = CARTESIAN_POINT('',(96.3,-67.4,0.));
#2892 = VECTOR('',#2893,1.);
#2893 = DIRECTION('',(0.,0.,1.));
#2894 = ORIENTED_EDGE('',*,*,#2542,.T.);
#2895 = ORIENTED_EDGE('',*,*,#2855,.F.);
#2896 = ORIENTED_EDGE('',*,*,#2219,.F.);
#2897 = CYLINDRICAL_SURFACE('',#2898,1.10000156817);
#2898 = AXIS2_PLACEMENT_3D('',#2899,#2900,#2901);
#2899 = CARTESIAN_POINT('',(97.400001568169,-67.40000156816,0.));
#2900 = DIRECTION('',(0.,0.,-1.));
#2901 = DIRECTION('',(-0.999999999999,1.425605940325E-06,0.));
#2902 = ADVANCED_FACE('',(#2903),#2914,.F.);
#2903 = FACE_BOUND('',#2904,.T.);
#2904 = EDGE_LOOP('',(#2905,#2906,#2907,#2913));
#2905 = ORIENTED_EDGE('',*,*,#2874,.T.);
#2906 = ORIENTED_EDGE('',*,*,#2610,.T.);
#2907 = ORIENTED_EDGE('',*,*,#2908,.F.);
#2908 = EDGE_CURVE('',#2280,#2603,#2909,.T.);
#2909 = LINE('',#2910,#2911);
#2910 = CARTESIAN_POINT('',(104.3,-70.2,0.));
#2911 = VECTOR('',#2912,1.);
#2912 = DIRECTION('',(0.,0.,1.));
#2913 = ORIENTED_EDGE('',*,*,#2287,.F.);
#2914 = CYLINDRICAL_SURFACE('',#2915,0.300000117299);
#2915 = AXIS2_PLACEMENT_3D('',#2916,#2917,#2918);
#2916 = CARTESIAN_POINT('',(104.30000011729,-69.8999998827,0.));
#2917 = DIRECTION('',(-0.,-0.,-1.));
#2918 = DIRECTION('',(-1.,-3.909953616065E-07,0.));
#2919 = ADVANCED_FACE('',(#2920),#2931,.T.);
#2920 = FACE_BOUND('',#2921,.T.);
#2921 = EDGE_LOOP('',(#2922,#2928,#2929,#2930));
#2922 = ORIENTED_EDGE('',*,*,#2923,.T.);
#2923 = EDGE_CURVE('',#2229,#2552,#2924,.T.);
#2924 = LINE('',#2925,#2926);
#2925 = CARTESIAN_POINT('',(96.3,-72.6,0.));
#2926 = VECTOR('',#2927,1.);
#2927 = DIRECTION('',(0.,0.,1.));
#2928 = ORIENTED_EDGE('',*,*,#2551,.T.);
#2929 = ORIENTED_EDGE('',*,*,#2889,.F.);
#2930 = ORIENTED_EDGE('',*,*,#2228,.F.);
#2931 = PLANE('',#2932);
#2932 = AXIS2_PLACEMENT_3D('',#2933,#2934,#2935);
#2933 = CARTESIAN_POINT('',(96.3,-72.6,0.));
#2934 = DIRECTION('',(-1.,0.,0.));
#2935 = DIRECTION('',(0.,1.,0.));
#2936 = ADVANCED_FACE('',(#2937),#2948,.T.);
#2937 = FACE_BOUND('',#2938,.T.);
#2938 = EDGE_LOOP('',(#2939,#2940,#2941,#2947));
#2939 = ORIENTED_EDGE('',*,*,#2908,.T.);
#2940 = ORIENTED_EDGE('',*,*,#2602,.T.);
#2941 = ORIENTED_EDGE('',*,*,#2942,.F.);
#2942 = EDGE_CURVE('',#2272,#2595,#2943,.T.);
#2943 = LINE('',#2944,#2945);
#2944 = CARTESIAN_POINT('',(104.3,-72.25,0.));
#2945 = VECTOR('',#2946,1.);
#2946 = DIRECTION('',(0.,0.,1.));
#2947 = ORIENTED_EDGE('',*,*,#2279,.F.);
#2948 = PLANE('',#2949);
#2949 = AXIS2_PLACEMENT_3D('',#2950,#2951,#2952);
#2950 = CARTESIAN_POINT('',(104.3,-70.2,0.));
#2951 = DIRECTION('',(1.,0.,-0.));
#2952 = DIRECTION('',(0.,-1.,0.));
#2953 = ADVANCED_FACE('',(#2954),#2965,.T.);
#2954 = FACE_BOUND('',#2955,.T.);
#2955 = EDGE_LOOP('',(#2956,#2962,#2963,#2964));
#2956 = ORIENTED_EDGE('',*,*,#2957,.T.);
#2957 = EDGE_CURVE('',#2237,#2560,#2958,.T.);
#2958 = LINE('',#2959,#2960);
#2959 = CARTESIAN_POINT('',(97.4,-73.7,0.));
#2960 = VECTOR('',#2961,1.);
#2961 = DIRECTION('',(0.,0.,1.));
#2962 = ORIENTED_EDGE('',*,*,#2559,.T.);
#2963 = ORIENTED_EDGE('',*,*,#2923,.F.);
#2964 = ORIENTED_EDGE('',*,*,#2236,.F.);
#2965 = CYLINDRICAL_SURFACE('',#2966,1.10000156817);
#2966 = AXIS2_PLACEMENT_3D('',#2967,#2968,#2969);
#2967 = CARTESIAN_POINT('',(97.400001568169,-72.59999843183,0.));
#2968 = DIRECTION('',(0.,0.,-1.));
#2969 = DIRECTION('',(-1.425605940325E-06,-0.999999999999,-0.));
#2970 = ADVANCED_FACE('',(#2971),#2982,.T.);
#2971 = FACE_BOUND('',#2972,.T.);
#2972 = EDGE_LOOP('',(#2973,#2974,#2975,#2981));
#2973 = ORIENTED_EDGE('',*,*,#2942,.T.);
#2974 = ORIENTED_EDGE('',*,*,#2594,.T.);
#2975 = ORIENTED_EDGE('',*,*,#2976,.F.);
#2976 = EDGE_CURVE('',#2263,#2586,#2977,.T.);
#2977 = LINE('',#2978,#2979);
#2978 = CARTESIAN_POINT('',(104.05,-72.25,0.));
#2979 = VECTOR('',#2980,1.);
#2980 = DIRECTION('',(0.,0.,1.));
#2981 = ORIENTED_EDGE('',*,*,#2271,.F.);
#2982 = PLANE('',#2983);
#2983 = AXIS2_PLACEMENT_3D('',#2984,#2985,#2986);
#2984 = CARTESIAN_POINT('',(104.3,-72.25,0.));
#2985 = DIRECTION('',(0.,-1.,0.));
#2986 = DIRECTION('',(-1.,0.,0.));
#2987 = ADVANCED_FACE('',(#2988),#2999,.T.);
#2988 = FACE_BOUND('',#2989,.T.);
#2989 = EDGE_LOOP('',(#2990,#2996,#2997,#2998));
#2990 = ORIENTED_EDGE('',*,*,#2991,.T.);
#2991 = EDGE_CURVE('',#2246,#2569,#2992,.T.);
#2992 = LINE('',#2993,#2994);
#2993 = CARTESIAN_POINT('',(102.6,-73.7,0.));
#2994 = VECTOR('',#2995,1.);
#2995 = DIRECTION('',(0.,0.,1.));
#2996 = ORIENTED_EDGE('',*,*,#2568,.T.);
#2997 = ORIENTED_EDGE('',*,*,#2957,.F.);
#2998 = ORIENTED_EDGE('',*,*,#2245,.F.);
#2999 = PLANE('',#3000);
#3000 = AXIS2_PLACEMENT_3D('',#3001,#3002,#3003);
#3001 = CARTESIAN_POINT('',(102.6,-73.7,0.));
#3002 = DIRECTION('',(0.,-1.,0.));
#3003 = DIRECTION('',(-1.,0.,0.));
#3004 = ADVANCED_FACE('',(#3005),#3016,.F.);
#3005 = FACE_BOUND('',#3006,.T.);
#3006 = EDGE_LOOP('',(#3007,#3008,#3009,#3015));
#3007 = ORIENTED_EDGE('',*,*,#2976,.T.);
#3008 = ORIENTED_EDGE('',*,*,#2585,.T.);
#3009 = ORIENTED_EDGE('',*,*,#3010,.F.);
#3010 = EDGE_CURVE('',#2254,#2577,#3011,.T.);
#3011 = LINE('',#3012,#3013);
#3012 = CARTESIAN_POINT('',(103.7,-72.6,0.));
#3013 = VECTOR('',#3014,1.);
#3014 = DIRECTION('',(0.,0.,1.));
#3015 = ORIENTED_EDGE('',*,*,#2262,.F.);
#3016 = CYLINDRICAL_SURFACE('',#3017,0.350001274927);
#3017 = AXIS2_PLACEMENT_3D('',#3018,#3019,#3020);
#3018 = CARTESIAN_POINT('',(104.05000127492,-72.60000127492,0.));
#3019 = DIRECTION('',(-0.,-0.,-1.));
#3020 = DIRECTION('',(-3.642630068615E-06,0.999999999993,0.));
#3021 = ADVANCED_FACE('',(#3022),#3028,.T.);
#3022 = FACE_BOUND('',#3023,.T.);
#3023 = EDGE_LOOP('',(#3024,#3025,#3026,#3027));
#3024 = ORIENTED_EDGE('',*,*,#3010,.T.);
#3025 = ORIENTED_EDGE('',*,*,#2576,.T.);
#3026 = ORIENTED_EDGE('',*,*,#2991,.F.);
#3027 = ORIENTED_EDGE('',*,*,#2253,.F.);
#3028 = CYLINDRICAL_SURFACE('',#3029,1.10000156817);
#3029 = AXIS2_PLACEMENT_3D('',#3030,#3031,#3032);
#3030 = CARTESIAN_POINT('',(102.59999843183,-72.59999843183,0.));
#3031 = DIRECTION('',(0.,0.,-1.));
#3032 = DIRECTION('',(0.999999999999,-1.425605940325E-06,0.));
#3033 = ADVANCED_FACE('',(#3034),#3045,.F.);
#3034 = FACE_BOUND('',#3035,.T.);
#3035 = EDGE_LOOP('',(#3036,#3037,#3043,#3044));
#3036 = ORIENTED_EDGE('',*,*,#2305,.T.);
#3037 = ORIENTED_EDGE('',*,*,#3038,.T.);
#3038 = EDGE_CURVE('',#2306,#2629,#3039,.T.);
#3039 = LINE('',#3040,#3041);
#3040 = CARTESIAN_POINT('',(98.9,-73.4,-3.6E-02));
#3041 = VECTOR('',#3042,1.);
#3042 = DIRECTION('',(0.,0.,1.));
#3043 = ORIENTED_EDGE('',*,*,#2628,.F.);
#3044 = ORIENTED_EDGE('',*,*,#3038,.F.);
#3045 = CYLINDRICAL_SURFACE('',#3046,1.E-01);
#3046 = AXIS2_PLACEMENT_3D('',#3047,#3048,#3049);
#3047 = CARTESIAN_POINT('',(98.9,-73.3,-3.6E-02));
#3048 = DIRECTION('',(-0.,-0.,-1.));
#3049 = DIRECTION('',(-0.,-1.,0.));
#3050 = ADVANCED_FACE('',(#3051),#3062,.F.);
#3051 = FACE_BOUND('',#3052,.T.);
#3052 = EDGE_LOOP('',(#3053,#3054,#3060,#3061));
#3053 = ORIENTED_EDGE('',*,*,#2316,.T.);
#3054 = ORIENTED_EDGE('',*,*,#3055,.T.);
#3055 = EDGE_CURVE('',#2317,#2640,#3056,.T.);
#3056 = LINE('',#3057,#3058);
#3057 = CARTESIAN_POINT('',(96.7,-71.1,-3.6E-02));
#3058 = VECTOR('',#3059,1.);
#3059 = DIRECTION('',(0.,0.,1.));
#3060 = ORIENTED_EDGE('',*,*,#2639,.F.);
#3061 = ORIENTED_EDGE('',*,*,#3055,.F.);
#3062 = CYLINDRICAL_SURFACE('',#3063,0.1);
#3063 = AXIS2_PLACEMENT_3D('',#3064,#3065,#3066);
#3064 = CARTESIAN_POINT('',(96.7,-71.,-3.6E-02));
#3065 = DIRECTION('',(-0.,0.,-1.));
#3066 = DIRECTION('',(1.42108547152E-13,-1.,-0.));
#3067 = ADVANCED_FACE('',(#3068),#3079,.F.);
#3068 = FACE_BOUND('',#3069,.T.);
#3069 = EDGE_LOOP('',(#3070,#3071,#3077,#3078));
#3070 = ORIENTED_EDGE('',*,*,#2327,.T.);
#3071 = ORIENTED_EDGE('',*,*,#3072,.T.);
#3072 = EDGE_CURVE('',#2328,#2651,#3073,.T.);
#3073 = LINE('',#3074,#3075);
#3074 = CARTESIAN_POINT('',(102.25,-73.4,-3.6E-02));
#3075 = VECTOR('',#3076,1.);
#3076 = DIRECTION('',(0.,0.,1.));
#3077 = ORIENTED_EDGE('',*,*,#2650,.F.);
#3078 = ORIENTED_EDGE('',*,*,#3072,.F.);
#3079 = CYLINDRICAL_SURFACE('',#3080,9.999999999999E-02);
#3080 = AXIS2_PLACEMENT_3D('',#3081,#3082,#3083);
#3081 = CARTESIAN_POINT('',(102.25,-73.3,-3.6E-02));
#3082 = DIRECTION('',(-0.,-0.,-1.));
#3083 = DIRECTION('',(-0.,-1.,0.));
#3084 = ADVANCED_FACE('',(#3085),#3096,.F.);
#3085 = FACE_BOUND('',#3086,.T.);
#3086 = EDGE_LOOP('',(#3087,#3088,#3094,#3095));
#3087 = ORIENTED_EDGE('',*,*,#2338,.T.);
#3088 = ORIENTED_EDGE('',*,*,#3089,.T.);
#3089 = EDGE_CURVE('',#2339,#2662,#3090,.T.);
#3090 = LINE('',#3091,#3092);
#3091 = CARTESIAN_POINT('',(103.05,-72.925,-3.6E-02));
#3092 = VECTOR('',#3093,1.);
#3093 = DIRECTION('',(0.,0.,1.));
#3094 = ORIENTED_EDGE('',*,*,#2661,.F.);
#3095 = ORIENTED_EDGE('',*,*,#3089,.F.);
#3096 = CYLINDRICAL_SURFACE('',#3097,0.125);
#3097 = AXIS2_PLACEMENT_3D('',#3098,#3099,#3100);
#3098 = CARTESIAN_POINT('',(103.05,-72.8,-3.6E-02));
#3099 = DIRECTION('',(-0.,-0.,-1.));
#3100 = DIRECTION('',(-0.,-1.,0.));
#3101 = ADVANCED_FACE('',(#3102),#3113,.F.);
#3102 = FACE_BOUND('',#3103,.T.);
#3103 = EDGE_LOOP('',(#3104,#3105,#3111,#3112));
#3104 = ORIENTED_EDGE('',*,*,#2349,.T.);
#3105 = ORIENTED_EDGE('',*,*,#3106,.T.);
#3106 = EDGE_CURVE('',#2350,#2673,#3107,.T.);
#3107 = LINE('',#3108,#3109);
#3108 = CARTESIAN_POINT('',(103.85,-71.975,-4.6E-02));
#3109 = VECTOR('',#3110,1.);
#3110 = DIRECTION('',(0.,0.,1.));
#3111 = ORIENTED_EDGE('',*,*,#2672,.F.);
#3112 = ORIENTED_EDGE('',*,*,#3106,.F.);
#3113 = CYLINDRICAL_SURFACE('',#3114,0.15);
#3114 = AXIS2_PLACEMENT_3D('',#3115,#3116,#3117);
#3115 = CARTESIAN_POINT('',(103.85,-71.825,-4.6E-02));
#3116 = DIRECTION('',(-0.,-0.,-1.));
#3117 = DIRECTION('',(-0.,-1.,0.));
#3118 = ADVANCED_FACE('',(#3119),#3130,.F.);
#3119 = FACE_BOUND('',#3120,.T.);
#3120 = EDGE_LOOP('',(#3121,#3122,#3128,#3129));
#3121 = ORIENTED_EDGE('',*,*,#2360,.T.);
#3122 = ORIENTED_EDGE('',*,*,#3123,.T.);
#3123 = EDGE_CURVE('',#2361,#2684,#3124,.T.);
#3124 = LINE('',#3125,#3126);
#3125 = CARTESIAN_POINT('',(103.05,-71.35,-3.6E-02));
#3126 = VECTOR('',#3127,1.);
#3127 = DIRECTION('',(0.,0.,1.));
#3128 = ORIENTED_EDGE('',*,*,#2683,.F.);
#3129 = ORIENTED_EDGE('',*,*,#3123,.F.);
#3130 = CYLINDRICAL_SURFACE('',#3131,0.125);
#3131 = AXIS2_PLACEMENT_3D('',#3132,#3133,#3134);
#3132 = CARTESIAN_POINT('',(103.05,-71.225,-3.6E-02));
#3133 = DIRECTION('',(-0.,-0.,-1.));
#3134 = DIRECTION('',(-0.,-1.,0.));
#3135 = ADVANCED_FACE('',(#3136),#3147,.F.);
#3136 = FACE_BOUND('',#3137,.T.);
#3137 = EDGE_LOOP('',(#3138,#3139,#3145,#3146));
#3138 = ORIENTED_EDGE('',*,*,#2371,.T.);
#3139 = ORIENTED_EDGE('',*,*,#3140,.T.);
#3140 = EDGE_CURVE('',#2372,#2695,#3141,.T.);
#3141 = LINE('',#3142,#3143);
#3142 = CARTESIAN_POINT('',(103.85,-71.375,-4.6E-02));
#3143 = VECTOR('',#3144,1.);
#3144 = DIRECTION('',(0.,0.,1.));
#3145 = ORIENTED_EDGE('',*,*,#2694,.F.);
#3146 = ORIENTED_EDGE('',*,*,#3140,.F.);
#3147 = CYLINDRICAL_SURFACE('',#3148,0.15);
#3148 = AXIS2_PLACEMENT_3D('',#3149,#3150,#3151);
#3149 = CARTESIAN_POINT('',(103.85,-71.225,-4.6E-02));
#3150 = DIRECTION('',(-0.,-0.,-1.));
#3151 = DIRECTION('',(-0.,-1.,0.));
#3152 = ADVANCED_FACE('',(#3153),#3164,.F.);
#3153 = FACE_BOUND('',#3154,.T.);
#3154 = EDGE_LOOP('',(#3155,#3156,#3162,#3163));
#3155 = ORIENTED_EDGE('',*,*,#2382,.T.);
#3156 = ORIENTED_EDGE('',*,*,#3157,.T.);
#3157 = EDGE_CURVE('',#2383,#2706,#3158,.T.);
#3158 = LINE('',#3159,#3160);
#3159 = CARTESIAN_POINT('',(103.85,-70.775,-4.6E-02));
#3160 = VECTOR('',#3161,1.);
#3161 = DIRECTION('',(0.,0.,1.));
#3162 = ORIENTED_EDGE('',*,*,#2705,.F.);
#3163 = ORIENTED_EDGE('',*,*,#3157,.F.);
#3164 = CYLINDRICAL_SURFACE('',#3165,0.15);
#3165 = AXIS2_PLACEMENT_3D('',#3166,#3167,#3168);
#3166 = CARTESIAN_POINT('',(103.85,-70.625,-4.6E-02));
#3167 = DIRECTION('',(-0.,-0.,-1.));
#3168 = DIRECTION('',(-0.,-1.,0.));
#3169 = ADVANCED_FACE('',(#3170),#3186,.T.);
#3170 = FACE_BOUND('',#3171,.T.);
#3171 = EDGE_LOOP('',(#3172,#3178,#3179,#3185));
#3172 = ORIENTED_EDGE('',*,*,#3173,.T.);
#3173 = EDGE_CURVE('',#2394,#2717,#3174,.T.);
#3174 = LINE('',#3175,#3176);
#3175 = CARTESIAN_POINT('',(97.4,-72.6,0.));
#3176 = VECTOR('',#3177,1.);
#3177 = DIRECTION('',(0.,0.,1.));
#3178 = ORIENTED_EDGE('',*,*,#2716,.T.);
#3179 = ORIENTED_EDGE('',*,*,#3180,.F.);
#3180 = EDGE_CURVE('',#2396,#2719,#3181,.T.);
#3181 = LINE('',#3182,#3183);
#3182 = CARTESIAN_POINT('',(102.6,-72.6,0.));
#3183 = VECTOR('',#3184,1.);
#3184 = DIRECTION('',(0.,0.,1.));
#3185 = ORIENTED_EDGE('',*,*,#2393,.F.);
#3186 = PLANE('',#3187);
#3187 = AXIS2_PLACEMENT_3D('',#3188,#3189,#3190);
#3188 = CARTESIAN_POINT('',(97.4,-72.6,0.));
#3189 = DIRECTION('',(0.,1.,0.));
#3190 = DIRECTION('',(1.,0.,0.));
#3191 = ADVANCED_FACE('',(#3192),#3203,.T.);
#3192 = FACE_BOUND('',#3193,.T.);
#3193 = EDGE_LOOP('',(#3194,#3200,#3201,#3202));
#3194 = ORIENTED_EDGE('',*,*,#3195,.T.);
#3195 = EDGE_CURVE('',#2404,#2727,#3196,.T.);
#3196 = LINE('',#3197,#3198);
#3197 = CARTESIAN_POINT('',(97.4,-67.4,0.));
#3198 = VECTOR('',#3199,1.);
#3199 = DIRECTION('',(0.,0.,1.));
#3200 = ORIENTED_EDGE('',*,*,#2726,.T.);
#3201 = ORIENTED_EDGE('',*,*,#3173,.F.);
#3202 = ORIENTED_EDGE('',*,*,#2403,.F.);
#3203 = PLANE('',#3204);
#3204 = AXIS2_PLACEMENT_3D('',#3205,#3206,#3207);
#3205 = CARTESIAN_POINT('',(97.4,-67.4,0.));
#3206 = DIRECTION('',(1.,0.,-0.));
#3207 = DIRECTION('',(0.,-1.,0.));
#3208 = ADVANCED_FACE('',(#3209),#3220,.T.);
#3209 = FACE_BOUND('',#3210,.T.);
#3210 = EDGE_LOOP('',(#3211,#3212,#3213,#3219));
#3211 = ORIENTED_EDGE('',*,*,#3180,.T.);
#3212 = ORIENTED_EDGE('',*,*,#2742,.T.);
#3213 = ORIENTED_EDGE('',*,*,#3214,.F.);
#3214 = EDGE_CURVE('',#2412,#2735,#3215,.T.);
#3215 = LINE('',#3216,#3217);
#3216 = CARTESIAN_POINT('',(102.6,-67.4,0.));
#3217 = VECTOR('',#3218,1.);
#3218 = DIRECTION('',(0.,0.,1.));
#3219 = ORIENTED_EDGE('',*,*,#2419,.F.);
#3220 = PLANE('',#3221);
#3221 = AXIS2_PLACEMENT_3D('',#3222,#3223,#3224);
#3222 = CARTESIAN_POINT('',(102.6,-72.6,0.));
#3223 = DIRECTION('',(-1.,0.,0.));
#3224 = DIRECTION('',(0.,1.,0.));
#3225 = ADVANCED_FACE('',(#3226),#3232,.T.);
#3226 = FACE_BOUND('',#3227,.T.);
#3227 = EDGE_LOOP('',(#3228,#3229,#3230,#3231));
#3228 = ORIENTED_EDGE('',*,*,#3214,.T.);
#3229 = ORIENTED_EDGE('',*,*,#2734,.T.);
#3230 = ORIENTED_EDGE('',*,*,#3195,.F.);
#3231 = ORIENTED_EDGE('',*,*,#2411,.F.);
#3232 = PLANE('',#3233);
#3233 = AXIS2_PLACEMENT_3D('',#3234,#3235,#3236);
#3234 = CARTESIAN_POINT('',(102.6,-67.4,0.));
#3235 = DIRECTION('',(0.,-1.,0.));
#3236 = DIRECTION('',(-1.,0.,0.));
#3237 = ADVANCED_FACE('',(#3238),#3249,.F.);
#3238 = FACE_BOUND('',#3239,.T.);
#3239 = EDGE_LOOP('',(#3240,#3241,#3247,#3248));
#3240 = ORIENTED_EDGE('',*,*,#2427,.T.);
#3241 = ORIENTED_EDGE('',*,*,#3242,.T.);
#3242 = EDGE_CURVE('',#2428,#2751,#3243,.T.);
#3243 = LINE('',#3244,#3245);
#3244 = CARTESIAN_POINT('',(97.,-67.9,-3.6E-02));
#3245 = VECTOR('',#3246,1.);
#3246 = DIRECTION('',(0.,0.,1.));
#3247 = ORIENTED_EDGE('',*,*,#2750,.F.);
#3248 = ORIENTED_EDGE('',*,*,#3242,.F.);
#3249 = CYLINDRICAL_SURFACE('',#3250,9.999999999999E-02);
#3250 = AXIS2_PLACEMENT_3D('',#3251,#3252,#3253);
#3251 = CARTESIAN_POINT('',(97.,-67.8,-3.6E-02));
#3252 = DIRECTION('',(-0.,-0.,-1.));
#3253 = DIRECTION('',(-0.,-1.,0.));
#3254 = ADVANCED_FACE('',(#3255),#3266,.F.);
#3255 = FACE_BOUND('',#3256,.T.);
#3256 = EDGE_LOOP('',(#3257,#3258,#3264,#3265));
#3257 = ORIENTED_EDGE('',*,*,#2438,.T.);
#3258 = ORIENTED_EDGE('',*,*,#3259,.T.);
#3259 = EDGE_CURVE('',#2439,#2762,#3260,.T.);
#3260 = LINE('',#3261,#3262);
#3261 = CARTESIAN_POINT('',(99.,-67.1,-3.6E-02));
#3262 = VECTOR('',#3263,1.);
#3263 = DIRECTION('',(0.,0.,1.));
#3264 = ORIENTED_EDGE('',*,*,#2761,.F.);
#3265 = ORIENTED_EDGE('',*,*,#3259,.F.);
#3266 = CYLINDRICAL_SURFACE('',#3267,9.999999999999E-02);
#3267 = AXIS2_PLACEMENT_3D('',#3268,#3269,#3270);
#3268 = CARTESIAN_POINT('',(99.,-67.,-3.6E-02));
#3269 = DIRECTION('',(-0.,-0.,-1.));
#3270 = DIRECTION('',(-0.,-1.,0.));
#3271 = ADVANCED_FACE('',(#3272),#3283,.F.);
#3272 = FACE_BOUND('',#3273,.T.);
#3273 = EDGE_LOOP('',(#3274,#3275,#3281,#3282));
#3274 = ORIENTED_EDGE('',*,*,#2449,.T.);
#3275 = ORIENTED_EDGE('',*,*,#3276,.T.);
#3276 = EDGE_CURVE('',#2450,#2773,#3277,.T.);
#3277 = LINE('',#3278,#3279);
#3278 = CARTESIAN_POINT('',(103.05,-69.775,-3.6E-02));
#3279 = VECTOR('',#3280,1.);
#3280 = DIRECTION('',(0.,0.,1.));
#3281 = ORIENTED_EDGE('',*,*,#2772,.F.);
#3282 = ORIENTED_EDGE('',*,*,#3276,.F.);
#3283 = CYLINDRICAL_SURFACE('',#3284,0.125);
#3284 = AXIS2_PLACEMENT_3D('',#3285,#3286,#3287);
#3285 = CARTESIAN_POINT('',(103.05,-69.65,-3.6E-02));
#3286 = DIRECTION('',(-0.,-0.,-1.));
#3287 = DIRECTION('',(-0.,-1.,0.));
#3288 = ADVANCED_FACE('',(#3289),#3300,.F.);
#3289 = FACE_BOUND('',#3290,.T.);
#3290 = EDGE_LOOP('',(#3291,#3292,#3298,#3299));
#3291 = ORIENTED_EDGE('',*,*,#2460,.T.);
#3292 = ORIENTED_EDGE('',*,*,#3293,.T.);
#3293 = EDGE_CURVE('',#2461,#2784,#3294,.T.);
#3294 = LINE('',#3295,#3296);
#3295 = CARTESIAN_POINT('',(103.6,-69.9,-3.6E-02));
#3296 = VECTOR('',#3297,1.);
#3297 = DIRECTION('',(0.,0.,1.));
#3298 = ORIENTED_EDGE('',*,*,#2783,.F.);
#3299 = ORIENTED_EDGE('',*,*,#3293,.F.);
#3300 = CYLINDRICAL_SURFACE('',#3301,0.1);
#3301 = AXIS2_PLACEMENT_3D('',#3302,#3303,#3304);
#3302 = CARTESIAN_POINT('',(103.6,-69.8,-3.6E-02));
#3303 = DIRECTION('',(-0.,-0.,-1.));
#3304 = DIRECTION('',(-0.,-1.,0.));
#3305 = ADVANCED_FACE('',(#3306),#3317,.F.);
#3306 = FACE_BOUND('',#3307,.T.);
#3307 = EDGE_LOOP('',(#3308,#3309,#3315,#3316));
#3308 = ORIENTED_EDGE('',*,*,#2471,.T.);
#3309 = ORIENTED_EDGE('',*,*,#3310,.T.);
#3310 = EDGE_CURVE('',#2472,#2795,#3311,.T.);
#3311 = LINE('',#3312,#3313);
#3312 = CARTESIAN_POINT('',(103.6,-68.95,-3.6E-02));
#3313 = VECTOR('',#3314,1.);
#3314 = DIRECTION('',(0.,0.,1.));
#3315 = ORIENTED_EDGE('',*,*,#2794,.F.);
#3316 = ORIENTED_EDGE('',*,*,#3310,.F.);
#3317 = CYLINDRICAL_SURFACE('',#3318,0.1);
#3318 = AXIS2_PLACEMENT_3D('',#3319,#3320,#3321);
#3319 = CARTESIAN_POINT('',(103.6,-68.85,-3.6E-02));
#3320 = DIRECTION('',(-0.,-0.,-1.));
#3321 = DIRECTION('',(-0.,-1.,0.));
#3322 = ADVANCED_FACE('',(#3323),#3334,.F.);
#3323 = FACE_BOUND('',#3324,.T.);
#3324 = EDGE_LOOP('',(#3325,#3326,#3332,#3333));
#3325 = ORIENTED_EDGE('',*,*,#2482,.T.);
#3326 = ORIENTED_EDGE('',*,*,#3327,.T.);
#3327 = EDGE_CURVE('',#2483,#2806,#3328,.T.);
#3328 = LINE('',#3329,#3330);
#3329 = CARTESIAN_POINT('',(102.25,-66.8,-3.6E-02));
#3330 = VECTOR('',#3331,1.);
#3331 = DIRECTION('',(0.,0.,1.));
#3332 = ORIENTED_EDGE('',*,*,#2805,.F.);
#3333 = ORIENTED_EDGE('',*,*,#3327,.F.);
#3334 = CYLINDRICAL_SURFACE('',#3335,9.999999999999E-02);
#3335 = AXIS2_PLACEMENT_3D('',#3336,#3337,#3338);
#3336 = CARTESIAN_POINT('',(102.25,-66.7,-3.6E-02));
#3337 = DIRECTION('',(-0.,-0.,-1.));
#3338 = DIRECTION('',(-0.,-1.,0.));
#3339 = ADVANCED_FACE('',(#3340),#3351,.F.);
#3340 = FACE_BOUND('',#3341,.T.);
#3341 = EDGE_LOOP('',(#3342,#3343,#3349,#3350));
#3342 = ORIENTED_EDGE('',*,*,#2493,.T.);
#3343 = ORIENTED_EDGE('',*,*,#3344,.T.);
#3344 = EDGE_CURVE('',#2494,#2817,#3345,.T.);
#3345 = LINE('',#3346,#3347);
#3346 = CARTESIAN_POINT('',(105.2,-68.2,-4.6E-02));
#3347 = VECTOR('',#3348,1.);
#3348 = DIRECTION('',(0.,0.,1.));
#3349 = ORIENTED_EDGE('',*,*,#2816,.F.);
#3350 = ORIENTED_EDGE('',*,*,#3344,.F.);
#3351 = CYLINDRICAL_SURFACE('',#3352,0.7);
#3352 = AXIS2_PLACEMENT_3D('',#3353,#3354,#3355);
#3353 = CARTESIAN_POINT('',(105.2,-67.5,-4.6E-02));
#3354 = DIRECTION('',(-0.,-0.,-1.));
#3355 = DIRECTION('',(-0.,-1.,0.));
#3356 = ADVANCED_FACE('',(#3357),#3368,.F.);
#3357 = FACE_BOUND('',#3358,.T.);
#3358 = EDGE_LOOP('',(#3359,#3360,#3366,#3367));
#3359 = ORIENTED_EDGE('',*,*,#2504,.T.);
#3360 = ORIENTED_EDGE('',*,*,#3361,.T.);
#3361 = EDGE_CURVE('',#2505,#2828,#3362,.T.);
#3362 = LINE('',#3363,#3364);
#3363 = CARTESIAN_POINT('',(103.6,-67.35,-3.6E-02));
#3364 = VECTOR('',#3365,1.);
#3365 = DIRECTION('',(0.,0.,1.));
#3366 = ORIENTED_EDGE('',*,*,#2827,.F.);
#3367 = ORIENTED_EDGE('',*,*,#3361,.F.);
#3368 = CYLINDRICAL_SURFACE('',#3369,0.1);
#3369 = AXIS2_PLACEMENT_3D('',#3370,#3371,#3372);
#3370 = CARTESIAN_POINT('',(103.6,-67.25,-3.6E-02));
#3371 = DIRECTION('',(-0.,-0.,-1.));
#3372 = DIRECTION('',(-0.,-1.,0.));
#3373 = ADVANCED_FACE('',(#3374),#3385,.F.);
#3374 = FACE_BOUND('',#3375,.T.);
#3375 = EDGE_LOOP('',(#3376,#3377,#3383,#3384));
#3376 = ORIENTED_EDGE('',*,*,#2515,.T.);
#3377 = ORIENTED_EDGE('',*,*,#3378,.T.);
#3378 = EDGE_CURVE('',#2516,#2839,#3379,.T.);
#3379 = LINE('',#3380,#3381);
#3380 = CARTESIAN_POINT('',(103.6,-66.875,-3.6E-02));
#3381 = VECTOR('',#3382,1.);
#3382 = DIRECTION('',(0.,0.,1.));
#3383 = ORIENTED_EDGE('',*,*,#2838,.F.);
#3384 = ORIENTED_EDGE('',*,*,#3378,.F.);
#3385 = CYLINDRICAL_SURFACE('',#3386,0.125);
#3386 = AXIS2_PLACEMENT_3D('',#3387,#3388,#3389);
#3387 = CARTESIAN_POINT('',(103.6,-66.75,-3.6E-02));
#3388 = DIRECTION('',(-0.,-0.,-1.));
#3389 = DIRECTION('',(-0.,-1.,0.));
#3390 = ( GEOMETRIC_REPRESENTATION_CONTEXT(3) 
GLOBAL_UNCERTAINTY_ASSIGNED_CONTEXT((#3394)) 
GLOBAL_UNIT_ASSIGNED_CONTEXT((#3391,#3392,#3393)) REPRESENTATION_CONTEXT
('Context #1','3D Context with UNIT and UNCERTAINTY') );
#3391 = ( LENGTH_UNIT() NAMED_UNIT(*) SI_UNIT(.MILLI.,.METRE.) );
#3392 = ( NAMED_UNIT(*) PLANE_ANGLE_UNIT() SI_UNIT($,.RADIAN.) );
#3393 = ( NAMED_UNIT(*) SI_UNIT($,.STERADIAN.) SOLID_ANGLE_UNIT() );
#3394 = UNCERTAINTY_MEASURE_WITH_UNIT(LENGTH_MEASURE(1.E-07),#3391,
  'distance_accuracy_value','confusion accuracy');
#3395 = CONTEXT_DEPENDENT_SHAPE_REPRESENTATION(#3396,#3398);
#3396 = ( REPRESENTATION_RELATIONSHIP('','',#2098,#10) 
REPRESENTATION_RELATIONSHIP_WITH_TRANSFORMATION(#3397) 
SHAPE_REPRESENTATION_RELATIONSHIP() );
#3397 = ITEM_DEFINED_TRANSFORMATION('','',#11,#43);
#3398 = PRODUCT_DEFINITION_SHAPE('Placement','Placement of an item',
  #3399);
#3399 = NEXT_ASSEMBLY_USAGE_OCCURRENCE('8','=>[0:1:1:5]','',#5,#2093,$);
#3400 = PRODUCT_RELATED_PRODUCT_CATEGORY('part',$,(#2095));
#3401 = MECHANICAL_DESIGN_GEOMETRIC_PRESENTATION_REPRESENTATION('',(
    #3402,#3410,#3417,#3424,#3431,#3438,#3445,#3452,#3460,#3467,#3474,
    #3481,#3488,#3495,#3502,#3509,#3517,#3524,#3531,#3538,#3545,#3552,
    #3559,#3566),#1251);
#3402 = STYLED_ITEM('color',(#3403),#614);
#3403 = PRESENTATION_STYLE_ASSIGNMENT((#3404));
#3404 = SURFACE_STYLE_USAGE(.BOTH.,#3405);
#3405 = SURFACE_SIDE_STYLE('',(#3406));
#3406 = SURFACE_STYLE_FILL_AREA(#3407);
#3407 = FILL_AREA_STYLE('',(#3408));
#3408 = FILL_AREA_STYLE_COLOUR('',#3409);
#3409 = COLOUR_RGB('',0.894999966383,0.890999961016,0.813000030345);
#3410 = STYLED_ITEM('color',(#3411),#654);
#3411 = PRESENTATION_STYLE_ASSIGNMENT((#3412));
#3412 = SURFACE_STYLE_USAGE(.BOTH.,#3413);
#3413 = SURFACE_SIDE_STYLE('',(#3414));
#3414 = SURFACE_STYLE_FILL_AREA(#3415);
#3415 = FILL_AREA_STYLE('',(#3416));
#3416 = FILL_AREA_STYLE_COLOUR('',#3409);
#3417 = STYLED_ITEM('color',(#3418),#685);
#3418 = PRESENTATION_STYLE_ASSIGNMENT((#3419));
#3419 = SURFACE_STYLE_USAGE(.BOTH.,#3420);
#3420 = SURFACE_SIDE_STYLE('',(#3421));
#3421 = SURFACE_STYLE_FILL_AREA(#3422);
#3422 = FILL_AREA_STYLE('',(#3423));
#3423 = FILL_AREA_STYLE_COLOUR('',#3409);
#3424 = STYLED_ITEM('color',(#3425),#803);
#3425 = PRESENTATION_STYLE_ASSIGNMENT((#3426));
#3426 = SURFACE_STYLE_USAGE(.BOTH.,#3427);
#3427 = SURFACE_SIDE_STYLE('',(#3428));
#3428 = SURFACE_STYLE_FILL_AREA(#3429);
#3429 = FILL_AREA_STYLE('',(#3430));
#3430 = FILL_AREA_STYLE_COLOUR('',#3409);
#3431 = STYLED_ITEM('color',(#3432),#834);
#3432 = PRESENTATION_STYLE_ASSIGNMENT((#3433));
#3433 = SURFACE_STYLE_USAGE(.BOTH.,#3434);
#3434 = SURFACE_SIDE_STYLE('',(#3435));
#3435 = SURFACE_STYLE_FILL_AREA(#3436);
#3436 = FILL_AREA_STYLE('',(#3437));
#3437 = FILL_AREA_STYLE_COLOUR('',#3409);
#3438 = STYLED_ITEM('color',(#3439),#858);
#3439 = PRESENTATION_STYLE_ASSIGNMENT((#3440));
#3440 = SURFACE_STYLE_USAGE(.BOTH.,#3441);
#3441 = SURFACE_SIDE_STYLE('',(#3442));
#3442 = SURFACE_STYLE_FILL_AREA(#3443);
#3443 = FILL_AREA_STYLE('',(#3444));
#3444 = FILL_AREA_STYLE_COLOUR('',#3409);
#3445 = STYLED_ITEM('color',(#3446),#875);
#3446 = PRESENTATION_STYLE_ASSIGNMENT((#3447));
#3447 = SURFACE_STYLE_USAGE(.BOTH.,#3448);
#3448 = SURFACE_SIDE_STYLE('',(#3449));
#3449 = SURFACE_STYLE_FILL_AREA(#3450);
#3450 = FILL_AREA_STYLE('',(#3451));
#3451 = FILL_AREA_STYLE_COLOUR('',#3409);
#3452 = STYLED_ITEM('color',(#3453),#899);
#3453 = PRESENTATION_STYLE_ASSIGNMENT((#3454));
#3454 = SURFACE_STYLE_USAGE(.BOTH.,#3455);
#3455 = SURFACE_SIDE_STYLE('',(#3456));
#3456 = SURFACE_STYLE_FILL_AREA(#3457);
#3457 = FILL_AREA_STYLE('',(#3458));
#3458 = FILL_AREA_STYLE_COLOUR('',#3459);
#3459 = COLOUR_RGB('',0.859000020776,0.737999965183,0.495999988746);
#3460 = STYLED_ITEM('color',(#3461),#930);
#3461 = PRESENTATION_STYLE_ASSIGNMENT((#3462));
#3462 = SURFACE_STYLE_USAGE(.BOTH.,#3463);
#3463 = SURFACE_SIDE_STYLE('',(#3464));
#3464 = SURFACE_STYLE_FILL_AREA(#3465);
#3465 = FILL_AREA_STYLE('',(#3466));
#3466 = FILL_AREA_STYLE_COLOUR('',#3459);
#3467 = STYLED_ITEM('color',(#3468),#954);
#3468 = PRESENTATION_STYLE_ASSIGNMENT((#3469));
#3469 = SURFACE_STYLE_USAGE(.BOTH.,#3470);
#3470 = SURFACE_SIDE_STYLE('',(#3471));
#3471 = SURFACE_STYLE_FILL_AREA(#3472);
#3472 = FILL_AREA_STYLE('',(#3473));
#3473 = FILL_AREA_STYLE_COLOUR('',#3459);
#3474 = STYLED_ITEM('color',(#3475),#978);
#3475 = PRESENTATION_STYLE_ASSIGNMENT((#3476));
#3476 = SURFACE_STYLE_USAGE(.BOTH.,#3477);
#3477 = SURFACE_SIDE_STYLE('',(#3478));
#3478 = SURFACE_STYLE_FILL_AREA(#3479);
#3479 = FILL_AREA_STYLE('',(#3480));
#3480 = FILL_AREA_STYLE_COLOUR('',#3459);
#3481 = STYLED_ITEM('color',(#3482),#995);
#3482 = PRESENTATION_STYLE_ASSIGNMENT((#3483));
#3483 = SURFACE_STYLE_USAGE(.BOTH.,#3484);
#3484 = SURFACE_SIDE_STYLE('',(#3485));
#3485 = SURFACE_STYLE_FILL_AREA(#3486);
#3486 = FILL_AREA_STYLE('',(#3487));
#3487 = FILL_AREA_STYLE_COLOUR('',#3459);
#3488 = STYLED_ITEM('color',(#3489),#1026);
#3489 = PRESENTATION_STYLE_ASSIGNMENT((#3490));
#3490 = SURFACE_STYLE_USAGE(.BOTH.,#3491);
#3491 = SURFACE_SIDE_STYLE('',(#3492));
#3492 = SURFACE_STYLE_FILL_AREA(#3493);
#3493 = FILL_AREA_STYLE('',(#3494));
#3494 = FILL_AREA_STYLE_COLOUR('',#3459);
#3495 = STYLED_ITEM('color',(#3496),#1050);
#3496 = PRESENTATION_STYLE_ASSIGNMENT((#3497));
#3497 = SURFACE_STYLE_USAGE(.BOTH.,#3498);
#3498 = SURFACE_SIDE_STYLE('',(#3499));
#3499 = SURFACE_STYLE_FILL_AREA(#3500);
#3500 = FILL_AREA_STYLE('',(#3501));
#3501 = FILL_AREA_STYLE_COLOUR('',#3459);
#3502 = STYLED_ITEM('color',(#3503),#1074);
#3503 = PRESENTATION_STYLE_ASSIGNMENT((#3504));
#3504 = SURFACE_STYLE_USAGE(.BOTH.,#3505);
#3505 = SURFACE_SIDE_STYLE('',(#3506));
#3506 = SURFACE_STYLE_FILL_AREA(#3507);
#3507 = FILL_AREA_STYLE('',(#3508));
#3508 = FILL_AREA_STYLE_COLOUR('',#3459);
#3509 = STYLED_ITEM('color',(#3510),#1091);
#3510 = PRESENTATION_STYLE_ASSIGNMENT((#3511));
#3511 = SURFACE_STYLE_USAGE(.BOTH.,#3512);
#3512 = SURFACE_SIDE_STYLE('',(#3513));
#3513 = SURFACE_STYLE_FILL_AREA(#3514);
#3514 = FILL_AREA_STYLE('',(#3515));
#3515 = FILL_AREA_STYLE_COLOUR('',#3516);
#3516 = COLOUR_RGB('',0.340000006699,0.68000001254,0.444999988852);
#3517 = STYLED_ITEM('color',(#3518),#1122);
#3518 = PRESENTATION_STYLE_ASSIGNMENT((#3519));
#3519 = SURFACE_STYLE_USAGE(.BOTH.,#3520);
#3520 = SURFACE_SIDE_STYLE('',(#3521));
#3521 = SURFACE_STYLE_FILL_AREA(#3522);
#3522 = FILL_AREA_STYLE('',(#3523));
#3523 = FILL_AREA_STYLE_COLOUR('',#3516);
#3524 = STYLED_ITEM('color',(#3525),#1146);
#3525 = PRESENTATION_STYLE_ASSIGNMENT((#3526));
#3526 = SURFACE_STYLE_USAGE(.BOTH.,#3527);
#3527 = SURFACE_SIDE_STYLE('',(#3528));
#3528 = SURFACE_STYLE_FILL_AREA(#3529);
#3529 = FILL_AREA_STYLE('',(#3530));
#3530 = FILL_AREA_STYLE_COLOUR('',#3516);
#3531 = STYLED_ITEM('color',(#3532),#1163);
#3532 = PRESENTATION_STYLE_ASSIGNMENT((#3533));
#3533 = SURFACE_STYLE_USAGE(.BOTH.,#3534);
#3534 = SURFACE_SIDE_STYLE('',(#3535));
#3535 = SURFACE_STYLE_FILL_AREA(#3536);
#3536 = FILL_AREA_STYLE('',(#3537));
#3537 = FILL_AREA_STYLE_COLOUR('',#3409);
#3538 = STYLED_ITEM('color',(#3539),#1187);
#3539 = PRESENTATION_STYLE_ASSIGNMENT((#3540));
#3540 = SURFACE_STYLE_USAGE(.BOTH.,#3541);
#3541 = SURFACE_SIDE_STYLE('',(#3542));
#3542 = SURFACE_STYLE_FILL_AREA(#3543);
#3543 = FILL_AREA_STYLE('',(#3544));
#3544 = FILL_AREA_STYLE_COLOUR('',#3409);
#3545 = STYLED_ITEM('color',(#3546),#1204);
#3546 = PRESENTATION_STYLE_ASSIGNMENT((#3547));
#3547 = SURFACE_STYLE_USAGE(.BOTH.,#3548);
#3548 = SURFACE_SIDE_STYLE('',(#3549));
#3549 = SURFACE_STYLE_FILL_AREA(#3550);
#3550 = FILL_AREA_STYLE('',(#3551));
#3551 = FILL_AREA_STYLE_COLOUR('',#3409);
#3552 = STYLED_ITEM('color',(#3553),#1216);
#3553 = PRESENTATION_STYLE_ASSIGNMENT((#3554));
#3554 = SURFACE_STYLE_USAGE(.BOTH.,#3555);
#3555 = SURFACE_SIDE_STYLE('',(#3556));
#3556 = SURFACE_STYLE_FILL_AREA(#3557);
#3557 = FILL_AREA_STYLE('',(#3558));
#3558 = FILL_AREA_STYLE_COLOUR('',#3459);
#3559 = STYLED_ITEM('color',(#3560),#1228);
#3560 = PRESENTATION_STYLE_ASSIGNMENT((#3561));
#3561 = SURFACE_STYLE_USAGE(.BOTH.,#3562);
#3562 = SURFACE_SIDE_STYLE('',(#3563));
#3563 = SURFACE_STYLE_FILL_AREA(#3564);
#3564 = FILL_AREA_STYLE('',(#3565));
#3565 = FILL_AREA_STYLE_COLOUR('',#3459);
#3566 = STYLED_ITEM('color',(#3567),#1240);
#3567 = PRESENTATION_STYLE_ASSIGNMENT((#3568));
#3568 = SURFACE_STYLE_USAGE(.BOTH.,#3569);
#3569 = SURFACE_SIDE_STYLE('',(#3570));
#3570 = SURFACE_STYLE_FILL_AREA(#3571);
#3571 = FILL_AREA_STYLE('',(#3572));
#3572 = FILL_AREA_STYLE_COLOUR('',#3516);
#3573 = MECHANICAL_DESIGN_GEOMETRIC_PRESENTATION_REPRESENTATION('',(
    #3574,#3582,#3589,#3596,#3603,#3610,#3617,#3624,#3631,#3638,#3645,
    #3652,#3659,#3666,#3674,#3681,#3688,#3695,#3702,#3709,#3716,#3723,
    #3730,#3737,#3744,#3751),#2065);
#3574 = STYLED_ITEM('color',(#3575),#1277);
#3575 = PRESENTATION_STYLE_ASSIGNMENT((#3576));
#3576 = SURFACE_STYLE_USAGE(.BOTH.,#3577);
#3577 = SURFACE_SIDE_STYLE('',(#3578));
#3578 = SURFACE_STYLE_FILL_AREA(#3579);
#3579 = FILL_AREA_STYLE('',(#3580));
#3580 = FILL_AREA_STYLE_COLOUR('',#3581);
#3581 = COLOUR_RGB('',0.823999987314,0.819999987296,0.781000009244);
#3582 = STYLED_ITEM('color',(#3583),#1317);
#3583 = PRESENTATION_STYLE_ASSIGNMENT((#3584));
#3584 = SURFACE_STYLE_USAGE(.BOTH.,#3585);
#3585 = SURFACE_SIDE_STYLE('',(#3586));
#3586 = SURFACE_STYLE_FILL_AREA(#3587);
#3587 = FILL_AREA_STYLE('',(#3588));
#3588 = FILL_AREA_STYLE_COLOUR('',#3581);
#3589 = STYLED_ITEM('color',(#3590),#1400);
#3590 = PRESENTATION_STYLE_ASSIGNMENT((#3591));
#3591 = SURFACE_STYLE_USAGE(.BOTH.,#3592);
#3592 = SURFACE_SIDE_STYLE('',(#3593));
#3593 = SURFACE_STYLE_FILL_AREA(#3594);
#3594 = FILL_AREA_STYLE('',(#3595));
#3595 = FILL_AREA_STYLE_COLOUR('',#3581);
#3596 = STYLED_ITEM('color',(#3597),#1425);
#3597 = PRESENTATION_STYLE_ASSIGNMENT((#3598));
#3598 = SURFACE_STYLE_USAGE(.BOTH.,#3599);
#3599 = SURFACE_SIDE_STYLE('',(#3600));
#3600 = SURFACE_STYLE_FILL_AREA(#3601);
#3601 = FILL_AREA_STYLE('',(#3602));
#3602 = FILL_AREA_STYLE_COLOUR('',#3581);
#3603 = STYLED_ITEM('color',(#3604),#1450);
#3604 = PRESENTATION_STYLE_ASSIGNMENT((#3605));
#3605 = SURFACE_STYLE_USAGE(.BOTH.,#3606);
#3606 = SURFACE_SIDE_STYLE('',(#3607));
#3607 = SURFACE_STYLE_FILL_AREA(#3608);
#3608 = FILL_AREA_STYLE('',(#3609));
#3609 = FILL_AREA_STYLE_COLOUR('',#3581);
#3610 = STYLED_ITEM('color',(#3611),#1517);
#3611 = PRESENTATION_STYLE_ASSIGNMENT((#3612));
#3612 = SURFACE_STYLE_USAGE(.BOTH.,#3613);
#3613 = SURFACE_SIDE_STYLE('',(#3614));
#3614 = SURFACE_STYLE_FILL_AREA(#3615);
#3615 = FILL_AREA_STYLE('',(#3616));
#3616 = FILL_AREA_STYLE_COLOUR('',#3581);
#3617 = STYLED_ITEM('color',(#3618),#1534);
#3618 = PRESENTATION_STYLE_ASSIGNMENT((#3619));
#3619 = SURFACE_STYLE_USAGE(.BOTH.,#3620);
#3620 = SURFACE_SIDE_STYLE('',(#3621));
#3621 = SURFACE_STYLE_FILL_AREA(#3622);
#3622 = FILL_AREA_STYLE('',(#3623));
#3623 = FILL_AREA_STYLE_COLOUR('',#3581);
#3624 = STYLED_ITEM('color',(#3625),#1551);
#3625 = PRESENTATION_STYLE_ASSIGNMENT((#3626));
#3626 = SURFACE_STYLE_USAGE(.BOTH.,#3627);
#3627 = SURFACE_SIDE_STYLE('',(#3628));
#3628 = SURFACE_STYLE_FILL_AREA(#3629);
#3629 = FILL_AREA_STYLE('',(#3630));
#3630 = FILL_AREA_STYLE_COLOUR('',#3409);
#3631 = STYLED_ITEM('color',(#3632),#1600);
#3632 = PRESENTATION_STYLE_ASSIGNMENT((#3633));
#3633 = SURFACE_STYLE_USAGE(.BOTH.,#3634);
#3634 = SURFACE_SIDE_STYLE('',(#3635));
#3635 = SURFACE_STYLE_FILL_AREA(#3636);
#3636 = FILL_AREA_STYLE('',(#3637));
#3637 = FILL_AREA_STYLE_COLOUR('',#3581);
#3638 = STYLED_ITEM('color',(#3639),#1617);
#3639 = PRESENTATION_STYLE_ASSIGNMENT((#3640));
#3640 = SURFACE_STYLE_USAGE(.BOTH.,#3641);
#3641 = SURFACE_SIDE_STYLE('',(#3642));
#3642 = SURFACE_STYLE_FILL_AREA(#3643);
#3643 = FILL_AREA_STYLE('',(#3644));
#3644 = FILL_AREA_STYLE_COLOUR('',#3581);
#3645 = STYLED_ITEM('color',(#3646),#1634);
#3646 = PRESENTATION_STYLE_ASSIGNMENT((#3647));
#3647 = SURFACE_STYLE_USAGE(.BOTH.,#3648);
#3648 = SURFACE_SIDE_STYLE('',(#3649));
#3649 = SURFACE_STYLE_FILL_AREA(#3650);
#3650 = FILL_AREA_STYLE('',(#3651));
#3651 = FILL_AREA_STYLE_COLOUR('',#3409);
#3652 = STYLED_ITEM('color',(#3653),#1683);
#3653 = PRESENTATION_STYLE_ASSIGNMENT((#3654));
#3654 = SURFACE_STYLE_USAGE(.BOTH.,#3655);
#3655 = SURFACE_SIDE_STYLE('',(#3656));
#3656 = SURFACE_STYLE_FILL_AREA(#3657);
#3657 = FILL_AREA_STYLE('',(#3658));
#3658 = FILL_AREA_STYLE_COLOUR('',#3409);
#3659 = STYLED_ITEM('color',(#3660),#1700);
#3660 = PRESENTATION_STYLE_ASSIGNMENT((#3661));
#3661 = SURFACE_STYLE_USAGE(.BOTH.,#3662);
#3662 = SURFACE_SIDE_STYLE('',(#3663));
#3663 = SURFACE_STYLE_FILL_AREA(#3664);
#3664 = FILL_AREA_STYLE('',(#3665));
#3665 = FILL_AREA_STYLE_COLOUR('',#3581);
#3666 = STYLED_ITEM('color',(#3667),#1769);
#3667 = PRESENTATION_STYLE_ASSIGNMENT((#3668));
#3668 = SURFACE_STYLE_USAGE(.BOTH.,#3669);
#3669 = SURFACE_SIDE_STYLE('',(#3670));
#3670 = SURFACE_STYLE_FILL_AREA(#3671);
#3671 = FILL_AREA_STYLE('',(#3672));
#3672 = FILL_AREA_STYLE_COLOUR('',#3673);
#3673 = COLOUR_RGB('',8.200000279077E-02,8.600000121357E-02,
  9.399999706163E-02);
#3674 = STYLED_ITEM('color',(#3675),#1800);
#3675 = PRESENTATION_STYLE_ASSIGNMENT((#3676));
#3676 = SURFACE_STYLE_USAGE(.BOTH.,#3677);
#3677 = SURFACE_SIDE_STYLE('',(#3678));
#3678 = SURFACE_STYLE_FILL_AREA(#3679);
#3679 = FILL_AREA_STYLE('',(#3680));
#3680 = FILL_AREA_STYLE_COLOUR('',#3673);
#3681 = STYLED_ITEM('color',(#3682),#1824);
#3682 = PRESENTATION_STYLE_ASSIGNMENT((#3683));
#3683 = SURFACE_STYLE_USAGE(.BOTH.,#3684);
#3684 = SURFACE_SIDE_STYLE('',(#3685));
#3685 = SURFACE_STYLE_FILL_AREA(#3686);
#3686 = FILL_AREA_STYLE('',(#3687));
#3687 = FILL_AREA_STYLE_COLOUR('',#3581);
#3688 = STYLED_ITEM('color',(#3689),#1893);
#3689 = PRESENTATION_STYLE_ASSIGNMENT((#3690));
#3690 = SURFACE_STYLE_USAGE(.BOTH.,#3691);
#3691 = SURFACE_SIDE_STYLE('',(#3692));
#3692 = SURFACE_STYLE_FILL_AREA(#3693);
#3693 = FILL_AREA_STYLE('',(#3694));
#3694 = FILL_AREA_STYLE_COLOUR('',#3673);
#3695 = STYLED_ITEM('color',(#3696),#1917);
#3696 = PRESENTATION_STYLE_ASSIGNMENT((#3697));
#3697 = SURFACE_STYLE_USAGE(.BOTH.,#3698);
#3698 = SURFACE_SIDE_STYLE('',(#3699));
#3699 = SURFACE_STYLE_FILL_AREA(#3700);
#3700 = FILL_AREA_STYLE('',(#3701));
#3701 = FILL_AREA_STYLE_COLOUR('',#3581);
#3702 = STYLED_ITEM('color',(#3703),#1934);
#3703 = PRESENTATION_STYLE_ASSIGNMENT((#3704));
#3704 = SURFACE_STYLE_USAGE(.BOTH.,#3705);
#3705 = SURFACE_SIDE_STYLE('',(#3706));
#3706 = SURFACE_STYLE_FILL_AREA(#3707);
#3707 = FILL_AREA_STYLE('',(#3708));
#3708 = FILL_AREA_STYLE_COLOUR('',#3581);
#3709 = STYLED_ITEM('color',(#3710),#1951);
#3710 = PRESENTATION_STYLE_ASSIGNMENT((#3711));
#3711 = SURFACE_STYLE_USAGE(.BOTH.,#3712);
#3712 = SURFACE_SIDE_STYLE('',(#3713));
#3713 = SURFACE_STYLE_FILL_AREA(#3714);
#3714 = FILL_AREA_STYLE('',(#3715));
#3715 = FILL_AREA_STYLE_COLOUR('',#3581);
#3716 = STYLED_ITEM('color',(#3717),#1968);
#3717 = PRESENTATION_STYLE_ASSIGNMENT((#3718));
#3718 = SURFACE_STYLE_USAGE(.BOTH.,#3719);
#3719 = SURFACE_SIDE_STYLE('',(#3720));
#3720 = SURFACE_STYLE_FILL_AREA(#3721);
#3721 = FILL_AREA_STYLE('',(#3722));
#3722 = FILL_AREA_STYLE_COLOUR('',#3581);
#3723 = STYLED_ITEM('color',(#3724),#1985);
#3724 = PRESENTATION_STYLE_ASSIGNMENT((#3725));
#3725 = SURFACE_STYLE_USAGE(.BOTH.,#3726);
#3726 = SURFACE_SIDE_STYLE('',(#3727));
#3727 = SURFACE_STYLE_FILL_AREA(#3728);
#3728 = FILL_AREA_STYLE('',(#3729));
#3729 = FILL_AREA_STYLE_COLOUR('',#3581);
#3730 = STYLED_ITEM('color',(#3731),#2002);
#3731 = PRESENTATION_STYLE_ASSIGNMENT((#3732));
#3732 = SURFACE_STYLE_USAGE(.BOTH.,#3733);
#3733 = SURFACE_SIDE_STYLE('',(#3734));
#3734 = SURFACE_STYLE_FILL_AREA(#3735);
#3735 = FILL_AREA_STYLE('',(#3736));
#3736 = FILL_AREA_STYLE_COLOUR('',#3581);
#3737 = STYLED_ITEM('color',(#3738),#2019);
#3738 = PRESENTATION_STYLE_ASSIGNMENT((#3739));
#3739 = SURFACE_STYLE_USAGE(.BOTH.,#3740);
#3740 = SURFACE_SIDE_STYLE('',(#3741));
#3741 = SURFACE_STYLE_FILL_AREA(#3742);
#3742 = FILL_AREA_STYLE('',(#3743));
#3743 = FILL_AREA_STYLE_COLOUR('',#3581);
#3744 = STYLED_ITEM('color',(#3745),#2036);
#3745 = PRESENTATION_STYLE_ASSIGNMENT((#3746));
#3746 = SURFACE_STYLE_USAGE(.BOTH.,#3747);
#3747 = SURFACE_SIDE_STYLE('',(#3748));
#3748 = SURFACE_STYLE_FILL_AREA(#3749);
#3749 = FILL_AREA_STYLE('',(#3750));
#3750 = FILL_AREA_STYLE_COLOUR('',#3673);
#3751 = STYLED_ITEM('color',(#3752),#2053);
#3752 = PRESENTATION_STYLE_ASSIGNMENT((#3753));
#3753 = SURFACE_STYLE_USAGE(.BOTH.,#3754);
#3754 = SURFACE_SIDE_STYLE('',(#3755));
#3755 = SURFACE_STYLE_FILL_AREA(#3756);
#3756 = FILL_AREA_STYLE('',(#3757));
#3757 = FILL_AREA_STYLE_COLOUR('',#3673);
#3758 = MECHANICAL_DESIGN_GEOMETRIC_PRESENTATION_REPRESENTATION('',(
    #3759),#593);
#3759 = STYLED_ITEM('color',(#3760),#61);
#3760 = PRESENTATION_STYLE_ASSIGNMENT((#3761));
#3761 = SURFACE_STYLE_USAGE(.BOTH.,#3762);
#3762 = SURFACE_SIDE_STYLE('',(#3763));
#3763 = SURFACE_STYLE_FILL_AREA(#3764);
#3764 = FILL_AREA_STYLE('',(#3765));
#3765 = FILL_AREA_STYLE_COLOUR('',#3766);
#3766 = COLOUR_RGB('',0.792156867455,0.819607826924,0.933333342953);
#3767 = MECHANICAL_DESIGN_GEOMETRIC_PRESENTATION_REPRESENTATION('',(
    #3768),#3390);
#3768 = STYLED_ITEM('color',(#3769),#2099);
#3769 = PRESENTATION_STYLE_ASSIGNMENT((#3770));
#3770 = SURFACE_STYLE_USAGE(.BOTH.,#3771);
#3771 = SURFACE_SIDE_STYLE('',(#3772));
#3772 = SURFACE_STYLE_FILL_AREA(#3773);
#3773 = FILL_AREA_STYLE('',(#3774));
#3774 = FILL_AREA_STYLE_COLOUR('',#3775);
#3775 = COLOUR_RGB('',0.313304153717,0.484529207832,0.410020903123);
ENDSEC;
END-ISO-10303-21;
