ISO-10303-21;
HEADER;
FILE_DESCRIPTION(('KiCad electronic assembly'),'2;1');
FILE_NAME('eye-tracker.step','2025-04-30T07:42:31',('Pcbnew'),('Kicad'),
  'Open CASCADE STEP processor 7.8','KiCad to STEP converter','Unknown'
  );
FILE_SCHEMA(('AUTOMOTIVE_DESIGN { 1 0 10303 214 1 1 1 1 }'));
ENDSEC;
DATA;
#1 = APPLICATION_PROTOCOL_DEFINITION('international standard',
  'automotive_design',2000,#2);
#2 = APPLICATION_CONTEXT(
  'core data for automotive mechanical design processes');
#3 = SHAPE_DEFINITION_REPRESENTATION(#4,#10);
#4 = PRODUCT_DEFINITION_SHAPE('','',#5);
#5 = PRODUCT_DEFINITION('design','',#6,#9);
#6 = PRODUCT_DEFINITION_FORMATION('','',#7);
#7 = PRODUCT('eye-tracker 1','eye-tracker 1','',(#8));
#8 = PRODUCT_CONTEXT('',#2,'mechanical');
#9 = PRODUCT_DEFINITION_CONTEXT('part definition',#2,'design');
#10 = SHAPE_REPRESENTATION('',(#11,#15,#19,#23,#27,#31,#35,#39,#43,#47,
    #51,#55),#59);
#11 = AXIS2_PLACEMENT_3D('',#12,#13,#14);
#12 = CARTESIAN_POINT('',(0.,0.,0.));
#13 = DIRECTION('',(0.,0.,1.));
#14 = DIRECTION('',(1.,0.,-0.));
#15 = AXIS2_PLACEMENT_3D('',#16,#17,#18);
#16 = CARTESIAN_POINT('',(123.,-65.755,0.865));
#17 = DIRECTION('',(1.224646799147E-16,-1.359631073447E-32,-1.));
#18 = DIRECTION('',(1.110223024625E-16,1.,0.));
#19 = AXIS2_PLACEMENT_3D('',#20,#21,#22);
#20 = CARTESIAN_POINT('',(123.,-68.755,0.865));
#21 = DIRECTION('',(1.224646799147E-16,-1.359631073447E-32,-1.));
#22 = DIRECTION('',(1.110223024625E-16,1.,0.));
#23 = AXIS2_PLACEMENT_3D('',#24,#25,#26);
#24 = CARTESIAN_POINT('',(96.6,-70.,-8.5E-02));
#25 = DIRECTION('',(1.224646799147E-16,-1.359631073447E-32,-1.));
#26 = DIRECTION('',(1.110223024625E-16,1.,0.));
#27 = AXIS2_PLACEMENT_3D('',#28,#29,#30);
#28 = CARTESIAN_POINT('',(123.,-58.255,-0.445));
#29 = DIRECTION('',(1.,1.110223024625E-16,-2.334869823773E-16));
#30 = DIRECTION('',(1.110223024625E-16,-1.,0.));
#31 = AXIS2_PLACEMENT_3D('',#32,#33,#34);
#32 = CARTESIAN_POINT('',(122.88,-61.7,-8.5E-02));
#33 = DIRECTION('',(1.224646799147E-16,-1.359631073447E-32,-1.));
#34 = DIRECTION('',(1.110223024625E-16,1.,0.));
#35 = AXIS2_PLACEMENT_3D('',#36,#37,#38);
#36 = CARTESIAN_POINT('',(101.25,-73.4,-8.5E-02));
#37 = DIRECTION('',(1.499759782662E-32,1.224646799147E-16,-1.));
#38 = DIRECTION('',(-1.,1.224646799147E-16,0.));
#39 = AXIS2_PLACEMENT_3D('',#40,#41,#42);
#40 = CARTESIAN_POINT('',(99.84,-66.6,-8.5E-02));
#41 = DIRECTION('',(0.,-1.224646799147E-16,-1.));
#42 = DIRECTION('',(1.,0.,0.));
#43 = AXIS2_PLACEMENT_3D('',#44,#45,#46);
#44 = CARTESIAN_POINT('',(99.84,-73.4,-8.5E-02));
#45 = DIRECTION('',(0.,-1.224646799147E-16,-1.));
#46 = DIRECTION('',(1.,0.,0.));
#47 = AXIS2_PLACEMENT_3D('',#48,#49,#50);
#48 = CARTESIAN_POINT('',(101.25,-66.6,-8.5E-02));
#49 = DIRECTION('',(1.499759782662E-32,1.224646799147E-16,-1.));
#50 = DIRECTION('',(-1.,1.224646799147E-16,0.));
#51 = AXIS2_PLACEMENT_3D('',#52,#53,#54);
#52 = CARTESIAN_POINT('',(96.6,-68.6,-8.5E-02));
#53 = DIRECTION('',(-1.224646799147E-16,-1.359631073447E-32,-1.));
#54 = DIRECTION('',(1.110223024625E-16,-1.,0.));
#55 = AXIS2_PLACEMENT_3D('',#56,#57,#58);
#56 = CARTESIAN_POINT('',(0.,0.,0.));
#57 = DIRECTION('',(0.,0.,1.));
#58 = DIRECTION('',(1.,0.,-0.));
#59 = ( GEOMETRIC_REPRESENTATION_CONTEXT(3) 
GLOBAL_UNCERTAINTY_ASSIGNED_CONTEXT((#63)) GLOBAL_UNIT_ASSIGNED_CONTEXT(
(#60,#61,#62)) REPRESENTATION_CONTEXT('Context #1',
  '3D Context with UNIT and UNCERTAINTY') );
#60 = ( LENGTH_UNIT() NAMED_UNIT(*) SI_UNIT(.MILLI.,.METRE.) );
#61 = ( NAMED_UNIT(*) PLANE_ANGLE_UNIT() SI_UNIT($,.RADIAN.) );
#62 = ( NAMED_UNIT(*) SI_UNIT($,.STERADIAN.) SOLID_ANGLE_UNIT() );
#63 = UNCERTAINTY_MEASURE_WITH_UNIT(LENGTH_MEASURE(2.E-06),#60,
  'distance_accuracy_value','confusion accuracy');
#64 = PRODUCT_RELATED_PRODUCT_CATEGORY('part',$,(#7));
#65 = SHAPE_DEFINITION_REPRESENTATION(#66,#72);
#66 = PRODUCT_DEFINITION_SHAPE('','',#67);
#67 = PRODUCT_DEFINITION('design','',#68,#71);
#68 = PRODUCT_DEFINITION_FORMATION('','',#69);
#69 = PRODUCT('HIROSE_X.FL-R-SMT-1','HIROSE_X.FL-R-SMT-1','',(#70));
#70 = PRODUCT_CONTEXT('',#2,'mechanical');
#71 = PRODUCT_DEFINITION_CONTEXT('part definition',#2,'design');
#72 = SHAPE_REPRESENTATION('',(#11,#73),#77);
#73 = AXIS2_PLACEMENT_3D('',#74,#75,#76);
#74 = CARTESIAN_POINT('',(-39.738908,1.1,-22.245721));
#75 = DIRECTION('',(0.,-1.,6.123031769112E-17));
#76 = DIRECTION('',(1.,0.,0.));
#77 = ( GEOMETRIC_REPRESENTATION_CONTEXT(3) 
GLOBAL_UNCERTAINTY_ASSIGNED_CONTEXT((#81)) GLOBAL_UNIT_ASSIGNED_CONTEXT(
(#78,#79,#80)) REPRESENTATION_CONTEXT('Context #1',
  '3D Context with UNIT and UNCERTAINTY') );
#78 = ( LENGTH_UNIT() NAMED_UNIT(*) SI_UNIT(.MILLI.,.METRE.) );
#79 = ( NAMED_UNIT(*) PLANE_ANGLE_UNIT() SI_UNIT($,.RADIAN.) );
#80 = ( NAMED_UNIT(*) SI_UNIT($,.STERADIAN.) SOLID_ANGLE_UNIT() );
#81 = UNCERTAINTY_MEASURE_WITH_UNIT(LENGTH_MEASURE(1.E-07),#78,
  'distance_accuracy_value','confusion accuracy');
#82 = CONTEXT_DEPENDENT_SHAPE_REPRESENTATION(#83,#85);
#83 = ( REPRESENTATION_RELATIONSHIP('','',#72,#10) 
REPRESENTATION_RELATIONSHIP_WITH_TRANSFORMATION(#84) 
SHAPE_REPRESENTATION_RELATIONSHIP() );
#84 = ITEM_DEFINED_TRANSFORMATION('','',#11,#15);
#85 = PRODUCT_DEFINITION_SHAPE('Placement','Placement of an item',#86);
#86 = NEXT_ASSEMBLY_USAGE_OCCURRENCE('2','J2','',#5,#67,$);
#87 = PRODUCT_RELATED_PRODUCT_CATEGORY('part',$,(#69));
#88 = SHAPE_DEFINITION_REPRESENTATION(#89,#95);
#89 = PRODUCT_DEFINITION_SHAPE('','',#90);
#90 = PRODUCT_DEFINITION('design','',#91,#94);
#91 = PRODUCT_DEFINITION_FORMATION('','',#92);
#92 = PRODUCT('X.FL-R-SMT-1','X.FL-R-SMT-1','',(#93));
#93 = PRODUCT_CONTEXT('',#2,'mechanical');
#94 = PRODUCT_DEFINITION_CONTEXT('part definition',#2,'design');
#95 = ADVANCED_BREP_SHAPE_REPRESENTATION('',(#11,#96),#1666);
#96 = MANIFOLD_SOLID_BREP('',#97);
#97 = CLOSED_SHELL('',(#98,#138,#189,#229,#269,#286,#322,#364,#388,#460,
    #497,#528,#559,#590,#614,#638,#670,#711,#727,#739,#757,#776,#839,
    #890,#912,#947,#1005,#1046,#1063,#1103,#1163,#1194,#1218,#1242,#1264
    ,#1296,#1327,#1344,#1361,#1394,#1427,#1475,#1487,#1511,#1528,#1560,
    #1585,#1604,#1622,#1634,#1653));
#98 = ADVANCED_FACE('',(#99),#133,.T.);
#99 = FACE_BOUND('',#100,.T.);
#100 = EDGE_LOOP('',(#101,#111,#119,#127));
#101 = ORIENTED_EDGE('',*,*,#102,.T.);
#102 = EDGE_CURVE('',#103,#105,#107,.T.);
#103 = VERTEX_POINT('',#104);
#104 = CARTESIAN_POINT('',(46.478973792321,22.495721,1.75));
#105 = VERTEX_POINT('',#106);
#106 = CARTESIAN_POINT('',(46.238908,22.495721,1.75));
#107 = LINE('',#108,#109);
#108 = CARTESIAN_POINT('',(50.919956733961,22.495721,1.75));
#109 = VECTOR('',#110,1.);
#110 = DIRECTION('',(-1.,0.,0.));
#111 = ORIENTED_EDGE('',*,*,#112,.T.);
#112 = EDGE_CURVE('',#105,#113,#115,.T.);
#113 = VERTEX_POINT('',#114);
#114 = CARTESIAN_POINT('',(46.238908,22.395721,1.75));
#115 = LINE('',#116,#117);
#116 = CARTESIAN_POINT('',(46.238908,22.495721,1.75));
#117 = VECTOR('',#118,1.);
#118 = DIRECTION('',(0.,-1.,0.));
#119 = ORIENTED_EDGE('',*,*,#120,.T.);
#120 = EDGE_CURVE('',#113,#121,#123,.T.);
#121 = VERTEX_POINT('',#122);
#122 = CARTESIAN_POINT('',(46.478973792321,22.395721,1.75));
#123 = LINE('',#124,#125);
#124 = CARTESIAN_POINT('',(50.919956733961,22.395721,1.75));
#125 = VECTOR('',#126,1.);
#126 = DIRECTION('',(1.,0.,0.));
#127 = ORIENTED_EDGE('',*,*,#128,.T.);
#128 = EDGE_CURVE('',#121,#103,#129,.T.);
#129 = LINE('',#130,#131);
#130 = CARTESIAN_POINT('',(46.478973792321,22.395721,1.75));
#131 = VECTOR('',#132,1.);
#132 = DIRECTION('',(0.,1.,6.123031769112E-17));
#133 = PLANE('',#134);
#134 = AXIS2_PLACEMENT_3D('',#135,#136,#137);
#135 = CARTESIAN_POINT('',(46.238908,22.495721,1.75));
#136 = DIRECTION('',(0.,0.,1.));
#137 = DIRECTION('',(-1.,0.,0.));
#138 = ADVANCED_FACE('',(#139),#184,.F.);
#139 = FACE_BOUND('',#140,.F.);
#140 = EDGE_LOOP('',(#141,#151,#160,#168,#177));
#141 = ORIENTED_EDGE('',*,*,#142,.F.);
#142 = EDGE_CURVE('',#143,#145,#147,.T.);
#143 = VERTEX_POINT('',#144);
#144 = CARTESIAN_POINT('',(47.838908,21.935721,1.1));
#145 = VERTEX_POINT('',#146);
#146 = CARTESIAN_POINT('',(47.838908,22.315721,1.1));
#147 = LINE('',#148,#149);
#148 = CARTESIAN_POINT('',(47.838908,22.495721,1.1));
#149 = VECTOR('',#150,1.);
#150 = DIRECTION('',(0.,1.,0.));
#151 = ORIENTED_EDGE('',*,*,#152,.T.);
#152 = EDGE_CURVE('',#143,#153,#155,.T.);
#153 = VERTEX_POINT('',#154);
#154 = CARTESIAN_POINT('',(46.638908,21.935721,1.1));
#155 = CIRCLE('',#156,0.6);
#156 = AXIS2_PLACEMENT_3D('',#157,#158,#159);
#157 = CARTESIAN_POINT('',(47.238908,21.935721,1.1));
#158 = DIRECTION('',(0.,1.,0.));
#159 = DIRECTION('',(-1.,0.,0.));
#160 = ORIENTED_EDGE('',*,*,#161,.T.);
#161 = EDGE_CURVE('',#153,#162,#164,.T.);
#162 = VERTEX_POINT('',#163);
#163 = CARTESIAN_POINT('',(46.638908,22.315721,1.1));
#164 = LINE('',#165,#166);
#165 = CARTESIAN_POINT('',(46.638908,22.495721,1.1));
#166 = VECTOR('',#167,1.);
#167 = DIRECTION('',(0.,1.,0.));
#168 = ORIENTED_EDGE('',*,*,#169,.F.);
#169 = EDGE_CURVE('',#170,#162,#172,.T.);
#170 = VERTEX_POINT('',#171);
#171 = CARTESIAN_POINT('',(47.088908,22.315721,0.519052498069));
#172 = CIRCLE('',#173,0.6);
#173 = AXIS2_PLACEMENT_3D('',#174,#175,#176);
#174 = CARTESIAN_POINT('',(47.238908,22.315721,1.1));
#175 = DIRECTION('',(0.,1.,0.));
#176 = DIRECTION('',(-1.,0.,0.));
#177 = ORIENTED_EDGE('',*,*,#178,.F.);
#178 = EDGE_CURVE('',#145,#170,#179,.T.);
#179 = CIRCLE('',#180,0.6);
#180 = AXIS2_PLACEMENT_3D('',#181,#182,#183);
#181 = CARTESIAN_POINT('',(47.238908,22.315721,1.1));
#182 = DIRECTION('',(0.,1.,0.));
#183 = DIRECTION('',(-1.,0.,0.));
#184 = CYLINDRICAL_SURFACE('',#185,0.6);
#185 = AXIS2_PLACEMENT_3D('',#186,#187,#188);
#186 = CARTESIAN_POINT('',(47.238908,22.495721,1.1));
#187 = DIRECTION('',(0.,1.,0.));
#188 = DIRECTION('',(-1.,0.,0.));
#189 = ADVANCED_FACE('',(#190),#224,.T.);
#190 = FACE_BOUND('',#191,.T.);
#191 = EDGE_LOOP('',(#192,#202,#210,#218));
#192 = ORIENTED_EDGE('',*,*,#193,.F.);
#193 = EDGE_CURVE('',#194,#196,#198,.T.);
#194 = VERTEX_POINT('',#195);
#195 = CARTESIAN_POINT('',(46.478973792321,22.395721,0.45));
#196 = VERTEX_POINT('',#197);
#197 = CARTESIAN_POINT('',(46.478973792321,22.495721,0.45));
#198 = LINE('',#199,#200);
#199 = CARTESIAN_POINT('',(46.478973792321,22.395721,0.45));
#200 = VECTOR('',#201,1.);
#201 = DIRECTION('',(0.,1.,6.123031769112E-17));
#202 = ORIENTED_EDGE('',*,*,#203,.T.);
#203 = EDGE_CURVE('',#194,#204,#206,.T.);
#204 = VERTEX_POINT('',#205);
#205 = CARTESIAN_POINT('',(46.238908,22.395721,0.45));
#206 = LINE('',#207,#208);
#207 = CARTESIAN_POINT('',(50.919956733961,22.395721,0.45));
#208 = VECTOR('',#209,1.);
#209 = DIRECTION('',(-1.,0.,0.));
#210 = ORIENTED_EDGE('',*,*,#211,.F.);
#211 = EDGE_CURVE('',#212,#204,#214,.T.);
#212 = VERTEX_POINT('',#213);
#213 = CARTESIAN_POINT('',(46.238908,22.495721,0.45));
#214 = LINE('',#215,#216);
#215 = CARTESIAN_POINT('',(46.238908,22.495721,0.45));
#216 = VECTOR('',#217,1.);
#217 = DIRECTION('',(0.,-1.,0.));
#218 = ORIENTED_EDGE('',*,*,#219,.T.);
#219 = EDGE_CURVE('',#212,#196,#220,.T.);
#220 = LINE('',#221,#222);
#221 = CARTESIAN_POINT('',(50.919956733961,22.495721,0.45));
#222 = VECTOR('',#223,1.);
#223 = DIRECTION('',(1.,0.,0.));
#224 = PLANE('',#225);
#225 = AXIS2_PLACEMENT_3D('',#226,#227,#228);
#226 = CARTESIAN_POINT('',(46.538908,22.495721,0.45));
#227 = DIRECTION('',(0.,0.,-1.));
#228 = DIRECTION('',(1.,0.,0.));
#229 = ADVANCED_FACE('',(#230),#264,.F.);
#230 = FACE_BOUND('',#231,.T.);
#231 = EDGE_LOOP('',(#232,#233,#242,#250,#257,#258));
#232 = ORIENTED_EDGE('',*,*,#203,.F.);
#233 = ORIENTED_EDGE('',*,*,#234,.T.);
#234 = EDGE_CURVE('',#194,#235,#237,.T.);
#235 = VERTEX_POINT('',#236);
#236 = CARTESIAN_POINT('',(46.388908,22.395721,0.573217312357));
#237 = CIRCLE('',#238,1.);
#238 = AXIS2_PLACEMENT_3D('',#239,#240,#241);
#239 = CARTESIAN_POINT('',(47.238908,22.395721,1.1));
#240 = DIRECTION('',(0.,1.,6.123031769112E-17));
#241 = DIRECTION('',(1.,0.,-0.));
#242 = ORIENTED_EDGE('',*,*,#243,.T.);
#243 = EDGE_CURVE('',#235,#244,#246,.T.);
#244 = VERTEX_POINT('',#245);
#245 = CARTESIAN_POINT('',(46.388908,22.395721,1.626782687643));
#246 = LINE('',#247,#248);
#247 = CARTESIAN_POINT('',(46.388908,22.395721,0.899011437739));
#248 = VECTOR('',#249,1.);
#249 = DIRECTION('',(0.,0.,1.));
#250 = ORIENTED_EDGE('',*,*,#251,.T.);
#251 = EDGE_CURVE('',#244,#121,#252,.T.);
#252 = CIRCLE('',#253,1.);
#253 = AXIS2_PLACEMENT_3D('',#254,#255,#256);
#254 = CARTESIAN_POINT('',(47.238908,22.395721,1.1));
#255 = DIRECTION('',(0.,1.,6.123031769112E-17));
#256 = DIRECTION('',(1.,0.,-0.));
#257 = ORIENTED_EDGE('',*,*,#120,.F.);
#258 = ORIENTED_EDGE('',*,*,#259,.F.);
#259 = EDGE_CURVE('',#204,#113,#260,.T.);
#260 = LINE('',#261,#262);
#261 = CARTESIAN_POINT('',(46.238908,22.395721,0.899011437739));
#262 = VECTOR('',#263,1.);
#263 = DIRECTION('',(0.,0.,1.));
#264 = PLANE('',#265);
#265 = AXIS2_PLACEMENT_3D('',#266,#267,#268);
#266 = CARTESIAN_POINT('',(50.919956733961,22.395721,0.899011437739));
#267 = DIRECTION('',(0.,1.,-0.));
#268 = DIRECTION('',(-1.,0.,0.));
#269 = ADVANCED_FACE('',(#270),#281,.T.);
#270 = FACE_BOUND('',#271,.T.);
#271 = EDGE_LOOP('',(#272,#278,#279,#280));
#272 = ORIENTED_EDGE('',*,*,#273,.T.);
#273 = EDGE_CURVE('',#105,#212,#274,.T.);
#274 = LINE('',#275,#276);
#275 = CARTESIAN_POINT('',(46.238908,22.495721,0.899011437739));
#276 = VECTOR('',#277,1.);
#277 = DIRECTION('',(0.,0.,-1.));
#278 = ORIENTED_EDGE('',*,*,#211,.T.);
#279 = ORIENTED_EDGE('',*,*,#259,.T.);
#280 = ORIENTED_EDGE('',*,*,#112,.F.);
#281 = PLANE('',#282);
#282 = AXIS2_PLACEMENT_3D('',#283,#284,#285);
#283 = CARTESIAN_POINT('',(46.238908,22.495721,0.45));
#284 = DIRECTION('',(-1.,-0.,-0.));
#285 = DIRECTION('',(0.,0.,-1.));
#286 = ADVANCED_FACE('',(#287,#297),#317,.F.);
#287 = FACE_BOUND('',#288,.T.);
#288 = EDGE_LOOP('',(#289,#290));
#289 = ORIENTED_EDGE('',*,*,#152,.T.);
#290 = ORIENTED_EDGE('',*,*,#291,.T.);
#291 = EDGE_CURVE('',#153,#143,#292,.T.);
#292 = CIRCLE('',#293,0.6);
#293 = AXIS2_PLACEMENT_3D('',#294,#295,#296);
#294 = CARTESIAN_POINT('',(47.238908,21.935721,1.1));
#295 = DIRECTION('',(0.,1.,0.));
#296 = DIRECTION('',(-1.,0.,0.));
#297 = FACE_BOUND('',#298,.T.);
#298 = EDGE_LOOP('',(#299,#310));
#299 = ORIENTED_EDGE('',*,*,#300,.F.);
#300 = EDGE_CURVE('',#301,#303,#305,.T.);
#301 = VERTEX_POINT('',#302);
#302 = CARTESIAN_POINT('',(47.898908,21.935721,1.1));
#303 = VERTEX_POINT('',#304);
#304 = CARTESIAN_POINT('',(46.578908,21.935721,1.1));
#305 = CIRCLE('',#306,0.66);
#306 = AXIS2_PLACEMENT_3D('',#307,#308,#309);
#307 = CARTESIAN_POINT('',(47.238908,21.935721,1.1));
#308 = DIRECTION('',(0.,1.,0.));
#309 = DIRECTION('',(-1.,0.,0.));
#310 = ORIENTED_EDGE('',*,*,#311,.F.);
#311 = EDGE_CURVE('',#303,#301,#312,.T.);
#312 = CIRCLE('',#313,0.66);
#313 = AXIS2_PLACEMENT_3D('',#314,#315,#316);
#314 = CARTESIAN_POINT('',(47.238908,21.935721,1.1));
#315 = DIRECTION('',(0.,1.,0.));
#316 = DIRECTION('',(-1.,0.,0.));
#317 = PLANE('',#318);
#318 = AXIS2_PLACEMENT_3D('',#319,#320,#321);
#319 = CARTESIAN_POINT('',(46.598908,21.935721,1.1));
#320 = DIRECTION('',(0.,1.,-1.725633230171E-31));
#321 = DIRECTION('',(0.,-1.725633230171E-31,-1.));
#322 = ADVANCED_FACE('',(#323),#359,.T.);
#323 = FACE_BOUND('',#324,.T.);
#324 = EDGE_LOOP('',(#325,#326,#335,#343,#352,#358));
#325 = ORIENTED_EDGE('',*,*,#193,.T.);
#326 = ORIENTED_EDGE('',*,*,#327,.F.);
#327 = EDGE_CURVE('',#328,#196,#330,.T.);
#328 = VERTEX_POINT('',#329);
#329 = CARTESIAN_POINT('',(46.712125312357,22.495721,0.25));
#330 = CIRCLE('',#331,1.);
#331 = AXIS2_PLACEMENT_3D('',#332,#333,#334);
#332 = CARTESIAN_POINT('',(47.238908,22.495721,1.1));
#333 = DIRECTION('',(0.,1.,6.123031769112E-17));
#334 = DIRECTION('',(1.,0.,-0.));
#335 = ORIENTED_EDGE('',*,*,#336,.F.);
#336 = EDGE_CURVE('',#337,#328,#339,.T.);
#337 = VERTEX_POINT('',#338);
#338 = CARTESIAN_POINT('',(46.712125312357,22.315721,0.25));
#339 = LINE('',#340,#341);
#340 = CARTESIAN_POINT('',(46.712125312357,22.395721,0.25));
#341 = VECTOR('',#342,1.);
#342 = DIRECTION('',(0.,1.,6.123031769112E-17));
#343 = ORIENTED_EDGE('',*,*,#344,.T.);
#344 = EDGE_CURVE('',#337,#345,#347,.T.);
#345 = VERTEX_POINT('',#346);
#346 = CARTESIAN_POINT('',(46.388908,22.315721,0.573217312357));
#347 = CIRCLE('',#348,1.);
#348 = AXIS2_PLACEMENT_3D('',#349,#350,#351);
#349 = CARTESIAN_POINT('',(47.238908,22.315721,1.1));
#350 = DIRECTION('',(0.,1.,6.123031769112E-17));
#351 = DIRECTION('',(1.,0.,-0.));
#352 = ORIENTED_EDGE('',*,*,#353,.T.);
#353 = EDGE_CURVE('',#345,#235,#354,.T.);
#354 = LINE('',#355,#356);
#355 = CARTESIAN_POINT('',(46.388908,22.395721,0.573217312357));
#356 = VECTOR('',#357,1.);
#357 = DIRECTION('',(0.,1.,6.123031769112E-17));
#358 = ORIENTED_EDGE('',*,*,#234,.F.);
#359 = CYLINDRICAL_SURFACE('',#360,1.);
#360 = AXIS2_PLACEMENT_3D('',#361,#362,#363);
#361 = CARTESIAN_POINT('',(47.238908,22.395721,1.1));
#362 = DIRECTION('',(0.,1.,6.123031769112E-17));
#363 = DIRECTION('',(1.,0.,-0.));
#364 = ADVANCED_FACE('',(#365),#383,.T.);
#365 = FACE_BOUND('',#366,.T.);
#366 = EDGE_LOOP('',(#367,#375,#376,#377));
#367 = ORIENTED_EDGE('',*,*,#368,.F.);
#368 = EDGE_CURVE('',#244,#369,#371,.T.);
#369 = VERTEX_POINT('',#370);
#370 = CARTESIAN_POINT('',(46.388908,22.315721,1.626782687643));
#371 = LINE('',#372,#373);
#372 = CARTESIAN_POINT('',(46.388908,22.395721,1.626782687643));
#373 = VECTOR('',#374,1.);
#374 = DIRECTION('',(-0.,-1.,-6.123031769112E-17));
#375 = ORIENTED_EDGE('',*,*,#243,.F.);
#376 = ORIENTED_EDGE('',*,*,#353,.F.);
#377 = ORIENTED_EDGE('',*,*,#378,.F.);
#378 = EDGE_CURVE('',#369,#345,#379,.T.);
#379 = LINE('',#380,#381);
#380 = CARTESIAN_POINT('',(46.388908,22.315721,0.899011437739));
#381 = VECTOR('',#382,1.);
#382 = DIRECTION('',(0.,6.123031769112E-17,-1.));
#383 = PLANE('',#384);
#384 = AXIS2_PLACEMENT_3D('',#385,#386,#387);
#385 = CARTESIAN_POINT('',(46.388908,22.475721,0.25));
#386 = DIRECTION('',(-1.,-0.,-0.));
#387 = DIRECTION('',(0.,0.,-1.));
#388 = ADVANCED_FACE('',(#389),#455,.T.);
#389 = FACE_BOUND('',#390,.T.);
#390 = EDGE_LOOP('',(#391,#401,#409,#417,#425,#433,#441,#449));
#391 = ORIENTED_EDGE('',*,*,#392,.T.);
#392 = EDGE_CURVE('',#393,#395,#397,.T.);
#393 = VERTEX_POINT('',#394);
#394 = CARTESIAN_POINT('',(47.088908,22.495721,1.95));
#395 = VERTEX_POINT('',#396);
#396 = CARTESIAN_POINT('',(46.908908,22.495721,1.95));
#397 = LINE('',#398,#399);
#398 = CARTESIAN_POINT('',(50.919956733961,22.495721,1.95));
#399 = VECTOR('',#400,1.);
#400 = DIRECTION('',(-1.,2.465190328816E-32,-3.700743415417E-16));
#401 = ORIENTED_EDGE('',*,*,#402,.F.);
#402 = EDGE_CURVE('',#403,#395,#405,.T.);
#403 = VERTEX_POINT('',#404);
#404 = CARTESIAN_POINT('',(46.908908,22.315721,1.95));
#405 = LINE('',#406,#407);
#406 = CARTESIAN_POINT('',(46.908908,22.475721,1.95));
#407 = VECTOR('',#408,1.);
#408 = DIRECTION('',(-4.357881996053E-33,1.,6.123031769112E-17));
#409 = ORIENTED_EDGE('',*,*,#410,.F.);
#410 = EDGE_CURVE('',#411,#403,#413,.T.);
#411 = VERTEX_POINT('',#412);
#412 = CARTESIAN_POINT('',(47.568908,22.315721,1.95));
#413 = LINE('',#414,#415);
#414 = CARTESIAN_POINT('',(50.919956733961,22.315721,1.95));
#415 = VECTOR('',#416,1.);
#416 = DIRECTION('',(-1.,2.465190328816E-32,-3.700743415417E-16));
#417 = ORIENTED_EDGE('',*,*,#418,.T.);
#418 = EDGE_CURVE('',#411,#419,#421,.T.);
#419 = VERTEX_POINT('',#420);
#420 = CARTESIAN_POINT('',(47.568908,22.495721,1.95));
#421 = LINE('',#422,#423);
#422 = CARTESIAN_POINT('',(47.568908,22.475721,1.95));
#423 = VECTOR('',#424,1.);
#424 = DIRECTION('',(0.,1.,6.123031769112E-17));
#425 = ORIENTED_EDGE('',*,*,#426,.T.);
#426 = EDGE_CURVE('',#419,#427,#429,.T.);
#427 = VERTEX_POINT('',#428);
#428 = CARTESIAN_POINT('',(47.388908,22.495721,1.95));
#429 = LINE('',#430,#431);
#430 = CARTESIAN_POINT('',(50.919956733961,22.495721,1.95));
#431 = VECTOR('',#432,1.);
#432 = DIRECTION('',(-1.,2.465190328816E-32,-3.700743415417E-16));
#433 = ORIENTED_EDGE('',*,*,#434,.F.);
#434 = EDGE_CURVE('',#435,#427,#437,.T.);
#435 = VERTEX_POINT('',#436);
#436 = CARTESIAN_POINT('',(47.388908,22.395721,1.95));
#437 = LINE('',#438,#439);
#438 = CARTESIAN_POINT('',(47.388908,22.495721,1.95));
#439 = VECTOR('',#440,1.);
#440 = DIRECTION('',(0.,1.,6.123031769112E-17));
#441 = ORIENTED_EDGE('',*,*,#442,.F.);
#442 = EDGE_CURVE('',#443,#435,#445,.T.);
#443 = VERTEX_POINT('',#444);
#444 = CARTESIAN_POINT('',(47.088908,22.395721,1.95));
#445 = LINE('',#446,#447);
#446 = CARTESIAN_POINT('',(50.919956733961,22.395721,1.95));
#447 = VECTOR('',#448,1.);
#448 = DIRECTION('',(1.,0.,3.700743415417E-16));
#449 = ORIENTED_EDGE('',*,*,#450,.F.);
#450 = EDGE_CURVE('',#393,#443,#451,.T.);
#451 = LINE('',#452,#453);
#452 = CARTESIAN_POINT('',(47.088908,22.495721,1.95));
#453 = VECTOR('',#454,1.);
#454 = DIRECTION('',(-0.,-1.,-6.123031769112E-17));
#455 = PLANE('',#456);
#456 = AXIS2_PLACEMENT_3D('',#457,#458,#459);
#457 = CARTESIAN_POINT('',(47.088908,22.475721,1.95));
#458 = DIRECTION('',(-3.700743415417E-16,-6.123031769112E-17,1.));
#459 = DIRECTION('',(-1.,2.265976950193E-32,-3.700743415417E-16));
#460 = ADVANCED_FACE('',(#461,#472),#492,.F.);
#461 = FACE_BOUND('',#462,.T.);
#462 = EDGE_LOOP('',(#463,#464,#471));
#463 = ORIENTED_EDGE('',*,*,#178,.F.);
#464 = ORIENTED_EDGE('',*,*,#465,.F.);
#465 = EDGE_CURVE('',#162,#145,#466,.T.);
#466 = CIRCLE('',#467,0.6);
#467 = AXIS2_PLACEMENT_3D('',#468,#469,#470);
#468 = CARTESIAN_POINT('',(47.238908,22.315721,1.1));
#469 = DIRECTION('',(0.,1.,0.));
#470 = DIRECTION('',(-1.,0.,0.));
#471 = ORIENTED_EDGE('',*,*,#169,.F.);
#472 = FACE_BOUND('',#473,.T.);
#473 = EDGE_LOOP('',(#474,#485));
#474 = ORIENTED_EDGE('',*,*,#475,.F.);
#475 = EDGE_CURVE('',#476,#478,#480,.T.);
#476 = VERTEX_POINT('',#477);
#477 = CARTESIAN_POINT('',(47.413908,22.315721,1.1));
#478 = VERTEX_POINT('',#479);
#479 = CARTESIAN_POINT('',(47.063908,22.315721,1.1));
#480 = CIRCLE('',#481,0.175);
#481 = AXIS2_PLACEMENT_3D('',#482,#483,#484);
#482 = CARTESIAN_POINT('',(47.238908,22.315721,1.1));
#483 = DIRECTION('',(0.,-1.,0.));
#484 = DIRECTION('',(-1.,0.,0.));
#485 = ORIENTED_EDGE('',*,*,#486,.F.);
#486 = EDGE_CURVE('',#478,#476,#487,.T.);
#487 = CIRCLE('',#488,0.175);
#488 = AXIS2_PLACEMENT_3D('',#489,#490,#491);
#489 = CARTESIAN_POINT('',(47.238908,22.315721,1.1));
#490 = DIRECTION('',(0.,-1.,0.));
#491 = DIRECTION('',(-1.,0.,0.));
#492 = PLANE('',#493);
#493 = AXIS2_PLACEMENT_3D('',#494,#495,#496);
#494 = CARTESIAN_POINT('',(47.252094038574,22.315721,1.463456662205));
#495 = DIRECTION('',(-0.,1.,6.123031769112E-17));
#496 = DIRECTION('',(1.,0.,0.));
#497 = ADVANCED_FACE('',(#498),#523,.F.);
#498 = FACE_BOUND('',#499,.T.);
#499 = EDGE_LOOP('',(#500,#508,#516,#522));
#500 = ORIENTED_EDGE('',*,*,#501,.T.);
#501 = EDGE_CURVE('',#411,#502,#504,.T.);
#502 = VERTEX_POINT('',#503);
#503 = CARTESIAN_POINT('',(47.648908,22.315721,1.87));
#504 = LINE('',#505,#506);
#505 = CARTESIAN_POINT('',(48.619896562261,22.315721,0.899011437739));
#506 = VECTOR('',#507,1.);
#507 = DIRECTION('',(0.707106781187,5.551115123126E-17,-0.707106781187)
  );
#508 = ORIENTED_EDGE('',*,*,#509,.F.);
#509 = EDGE_CURVE('',#510,#502,#512,.T.);
#510 = VERTEX_POINT('',#511);
#511 = CARTESIAN_POINT('',(47.648908,22.495721,1.87));
#512 = LINE('',#513,#514);
#513 = CARTESIAN_POINT('',(47.648908,22.475721,1.87));
#514 = VECTOR('',#515,1.);
#515 = DIRECTION('',(-0.,-1.,-6.123031769112E-17));
#516 = ORIENTED_EDGE('',*,*,#517,.F.);
#517 = EDGE_CURVE('',#419,#510,#518,.T.);
#518 = LINE('',#519,#520);
#519 = CARTESIAN_POINT('',(48.619896562261,22.495721,0.899011437739));
#520 = VECTOR('',#521,1.);
#521 = DIRECTION('',(0.707106781187,5.551115123126E-17,-0.707106781187)
  );
#522 = ORIENTED_EDGE('',*,*,#418,.F.);
#523 = PLANE('',#524);
#524 = AXIS2_PLACEMENT_3D('',#525,#526,#527);
#525 = CARTESIAN_POINT('',(47.568908,22.1967186,1.95));
#526 = DIRECTION('',(-0.707106781187,4.32963728536E-17,-0.707106781187)
  );
#527 = DIRECTION('',(0.707106781187,4.32963728536E-17,-0.707106781187));
#528 = ADVANCED_FACE('',(#529),#554,.F.);
#529 = FACE_BOUND('',#530,.T.);
#530 = EDGE_LOOP('',(#531,#532,#540,#548));
#531 = ORIENTED_EDGE('',*,*,#509,.T.);
#532 = ORIENTED_EDGE('',*,*,#533,.T.);
#533 = EDGE_CURVE('',#502,#534,#536,.T.);
#534 = VERTEX_POINT('',#535);
#535 = CARTESIAN_POINT('',(47.876951885638,22.315721,1.87));
#536 = LINE('',#537,#538);
#537 = CARTESIAN_POINT('',(50.919956733961,22.315721,1.87));
#538 = VECTOR('',#539,1.);
#539 = DIRECTION('',(1.,0.,0.));
#540 = ORIENTED_EDGE('',*,*,#541,.T.);
#541 = EDGE_CURVE('',#534,#542,#544,.T.);
#542 = VERTEX_POINT('',#543);
#543 = CARTESIAN_POINT('',(47.876951885638,22.495721,1.87));
#544 = LINE('',#545,#546);
#545 = CARTESIAN_POINT('',(47.876951885638,22.395721,1.87));
#546 = VECTOR('',#547,1.);
#547 = DIRECTION('',(0.,1.,6.123031769112E-17));
#548 = ORIENTED_EDGE('',*,*,#549,.F.);
#549 = EDGE_CURVE('',#510,#542,#550,.T.);
#550 = LINE('',#551,#552);
#551 = CARTESIAN_POINT('',(50.919956733961,22.495721,1.87));
#552 = VECTOR('',#553,1.);
#553 = DIRECTION('',(1.,0.,0.));
#554 = PLANE('',#555);
#555 = AXIS2_PLACEMENT_3D('',#556,#557,#558);
#556 = CARTESIAN_POINT('',(47.648908,22.1967186,1.87));
#557 = DIRECTION('',(0.,6.123031769112E-17,-1.));
#558 = DIRECTION('',(1.,0.,0.));
#559 = ADVANCED_FACE('',(#560),#585,.T.);
#560 = FACE_BOUND('',#561,.T.);
#561 = EDGE_LOOP('',(#562,#563,#571,#579));
#562 = ORIENTED_EDGE('',*,*,#442,.T.);
#563 = ORIENTED_EDGE('',*,*,#564,.F.);
#564 = EDGE_CURVE('',#565,#435,#567,.T.);
#565 = VERTEX_POINT('',#566);
#566 = CARTESIAN_POINT('',(47.388908,22.395721,2.1));
#567 = LINE('',#568,#569);
#568 = CARTESIAN_POINT('',(47.388908,22.395721,1.1));
#569 = VECTOR('',#570,1.);
#570 = DIRECTION('',(0.,0.,-1.));
#571 = ORIENTED_EDGE('',*,*,#572,.F.);
#572 = EDGE_CURVE('',#573,#565,#575,.T.);
#573 = VERTEX_POINT('',#574);
#574 = CARTESIAN_POINT('',(47.088908,22.395721,2.1));
#575 = LINE('',#576,#577);
#576 = CARTESIAN_POINT('',(46.443215937735,22.395721,2.1));
#577 = VECTOR('',#578,1.);
#578 = DIRECTION('',(1.,0.,0.));
#579 = ORIENTED_EDGE('',*,*,#580,.F.);
#580 = EDGE_CURVE('',#443,#573,#581,.T.);
#581 = LINE('',#582,#583);
#582 = CARTESIAN_POINT('',(47.088908,22.395721,1.1));
#583 = VECTOR('',#584,1.);
#584 = DIRECTION('',(0.,0.,1.));
#585 = PLANE('',#586);
#586 = AXIS2_PLACEMENT_3D('',#587,#588,#589);
#587 = CARTESIAN_POINT('',(47.215954182496,22.395721,1.425917028288));
#588 = DIRECTION('',(0.,-1.,0.));
#589 = DIRECTION('',(1.,0.,0.));
#590 = ADVANCED_FACE('',(#591),#609,.T.);
#591 = FACE_BOUND('',#592,.T.);
#592 = EDGE_LOOP('',(#593,#594,#602,#608));
#593 = ORIENTED_EDGE('',*,*,#434,.T.);
#594 = ORIENTED_EDGE('',*,*,#595,.F.);
#595 = EDGE_CURVE('',#596,#427,#598,.T.);
#596 = VERTEX_POINT('',#597);
#597 = CARTESIAN_POINT('',(47.388908,22.495721,2.1));
#598 = LINE('',#599,#600);
#599 = CARTESIAN_POINT('',(47.388908,22.495721,2.1));
#600 = VECTOR('',#601,1.);
#601 = DIRECTION('',(0.,6.123031769112E-17,-1.));
#602 = ORIENTED_EDGE('',*,*,#603,.T.);
#603 = EDGE_CURVE('',#596,#565,#604,.T.);
#604 = LINE('',#605,#606);
#605 = CARTESIAN_POINT('',(47.388908,22.386509658747,2.1));
#606 = VECTOR('',#607,1.);
#607 = DIRECTION('',(0.,-1.,0.));
#608 = ORIENTED_EDGE('',*,*,#564,.T.);
#609 = PLANE('',#610);
#610 = AXIS2_PLACEMENT_3D('',#611,#612,#613);
#611 = CARTESIAN_POINT('',(47.388908,22.475721,1.65));
#612 = DIRECTION('',(1.,0.,-0.));
#613 = DIRECTION('',(0.,-6.123031769112E-17,1.));
#614 = ADVANCED_FACE('',(#615),#633,.T.);
#615 = FACE_BOUND('',#616,.T.);
#616 = EDGE_LOOP('',(#617,#618,#619,#627));
#617 = ORIENTED_EDGE('',*,*,#450,.T.);
#618 = ORIENTED_EDGE('',*,*,#580,.T.);
#619 = ORIENTED_EDGE('',*,*,#620,.F.);
#620 = EDGE_CURVE('',#621,#573,#623,.T.);
#621 = VERTEX_POINT('',#622);
#622 = CARTESIAN_POINT('',(47.088908,22.495721,2.1));
#623 = LINE('',#624,#625);
#624 = CARTESIAN_POINT('',(47.088908,22.386509658747,2.1));
#625 = VECTOR('',#626,1.);
#626 = DIRECTION('',(0.,-1.,0.));
#627 = ORIENTED_EDGE('',*,*,#628,.T.);
#628 = EDGE_CURVE('',#621,#393,#629,.T.);
#629 = LINE('',#630,#631);
#630 = CARTESIAN_POINT('',(47.088908,22.495721,2.1));
#631 = VECTOR('',#632,1.);
#632 = DIRECTION('',(0.,6.123031769112E-17,-1.));
#633 = PLANE('',#634);
#634 = AXIS2_PLACEMENT_3D('',#635,#636,#637);
#635 = CARTESIAN_POINT('',(47.088908,22.475721,1.65));
#636 = DIRECTION('',(-1.,-0.,-0.));
#637 = DIRECTION('',(0.,0.,-1.));
#638 = ADVANCED_FACE('',(#639),#665,.T.);
#639 = FACE_BOUND('',#640,.T.);
#640 = EDGE_LOOP('',(#641,#652,#658,#659));
#641 = ORIENTED_EDGE('',*,*,#642,.F.);
#642 = EDGE_CURVE('',#643,#645,#647,.T.);
#643 = VERTEX_POINT('',#644);
#644 = CARTESIAN_POINT('',(47.413908,22.095721,1.1));
#645 = VERTEX_POINT('',#646);
#646 = CARTESIAN_POINT('',(47.063908,22.095721,1.1));
#647 = CIRCLE('',#648,0.175);
#648 = AXIS2_PLACEMENT_3D('',#649,#650,#651);
#649 = CARTESIAN_POINT('',(47.238908,22.095721,1.1));
#650 = DIRECTION('',(0.,-1.,0.));
#651 = DIRECTION('',(-1.,0.,0.));
#652 = ORIENTED_EDGE('',*,*,#653,.F.);
#653 = EDGE_CURVE('',#476,#643,#654,.T.);
#654 = LINE('',#655,#656);
#655 = CARTESIAN_POINT('',(47.413908,22.025721,1.1));
#656 = VECTOR('',#657,1.);
#657 = DIRECTION('',(0.,-1.,0.));
#658 = ORIENTED_EDGE('',*,*,#475,.T.);
#659 = ORIENTED_EDGE('',*,*,#660,.T.);
#660 = EDGE_CURVE('',#478,#645,#661,.T.);
#661 = LINE('',#662,#663);
#662 = CARTESIAN_POINT('',(47.063908,22.025721,1.1));
#663 = VECTOR('',#664,1.);
#664 = DIRECTION('',(0.,-1.,0.));
#665 = CYLINDRICAL_SURFACE('',#666,0.175);
#666 = AXIS2_PLACEMENT_3D('',#667,#668,#669);
#667 = CARTESIAN_POINT('',(47.238908,22.025721,1.1));
#668 = DIRECTION('',(0.,-1.,0.));
#669 = DIRECTION('',(-1.,0.,0.));
#670 = ADVANCED_FACE('',(#671),#699,.T.);
#671 = FACE_BOUND('',#672,.T.);
#672 = EDGE_LOOP('',(#673,#674,#683,#692));
#673 = ORIENTED_EDGE('',*,*,#642,.T.);
#674 = ORIENTED_EDGE('',*,*,#675,.F.);
#675 = EDGE_CURVE('',#676,#645,#678,.T.);
#676 = VERTEX_POINT('',#677);
#677 = CARTESIAN_POINT('',(47.223908,21.935721,1.1));
#678 = CIRCLE('',#679,0.16);
#679 = AXIS2_PLACEMENT_3D('',#680,#681,#682);
#680 = CARTESIAN_POINT('',(47.223908,22.095721,1.1));
#681 = DIRECTION('',(0.,0.,-1.));
#682 = DIRECTION('',(-1.,0.,0.));
#683 = ORIENTED_EDGE('',*,*,#684,.F.);
#684 = EDGE_CURVE('',#685,#676,#687,.T.);
#685 = VERTEX_POINT('',#686);
#686 = CARTESIAN_POINT('',(47.253908,21.935721,1.1));
#687 = CIRCLE('',#688,1.5E-02);
#688 = AXIS2_PLACEMENT_3D('',#689,#690,#691);
#689 = CARTESIAN_POINT('',(47.238908,21.935721,1.1));
#690 = DIRECTION('',(0.,-1.,0.));
#691 = DIRECTION('',(-1.,0.,0.));
#692 = ORIENTED_EDGE('',*,*,#693,.T.);
#693 = EDGE_CURVE('',#685,#643,#694,.T.);
#694 = CIRCLE('',#695,0.16);
#695 = AXIS2_PLACEMENT_3D('',#696,#697,#698);
#696 = CARTESIAN_POINT('',(47.253908,22.095721,1.1));
#697 = DIRECTION('',(-0.,0.,1.));
#698 = DIRECTION('',(1.,0.,0.));
#699 = SURFACE_OF_REVOLUTION('',#700,#708);
#700 = B_SPLINE_CURVE_WITH_KNOTS('',6,(#701,#702,#703,#704,#705,#706,
    #707),.UNSPECIFIED.,.F.,.F.,(7,7),(0.,1.570796326795),
  .PIECEWISE_BEZIER_KNOTS.);
#701 = CARTESIAN_POINT('',(47.063908,22.095721,1.1));
#702 = CARTESIAN_POINT('',(47.063908,22.053833097952,1.1));
#703 = CARTESIAN_POINT('',(47.077064429763,22.011948759887,1.1));
#704 = CARTESIAN_POINT('',(47.103397576058,21.975210576058,1.1));
#705 = CARTESIAN_POINT('',(47.140135759887,21.948877429763,1.1));
#706 = CARTESIAN_POINT('',(47.182020097952,21.935721,1.1));
#707 = CARTESIAN_POINT('',(47.223908,21.935721,1.1));
#708 = AXIS1_PLACEMENT('',#709,#710);
#709 = CARTESIAN_POINT('',(47.238908,22.095721,1.1));
#710 = DIRECTION('',(0.,-1.,0.));
#711 = ADVANCED_FACE('',(#712),#722,.T.);
#712 = FACE_BOUND('',#713,.T.);
#713 = EDGE_LOOP('',(#714,#715));
#714 = ORIENTED_EDGE('',*,*,#684,.T.);
#715 = ORIENTED_EDGE('',*,*,#716,.T.);
#716 = EDGE_CURVE('',#676,#685,#717,.T.);
#717 = CIRCLE('',#718,1.5E-02);
#718 = AXIS2_PLACEMENT_3D('',#719,#720,#721);
#719 = CARTESIAN_POINT('',(47.238908,21.935721,1.1));
#720 = DIRECTION('',(0.,-1.,0.));
#721 = DIRECTION('',(-1.,0.,0.));
#722 = PLANE('',#723);
#723 = AXIS2_PLACEMENT_3D('',#724,#725,#726);
#724 = CARTESIAN_POINT('',(47.151408,21.935721,1.1));
#725 = DIRECTION('',(-0.,-1.,-0.));
#726 = DIRECTION('',(-1.,0.,0.));
#727 = ADVANCED_FACE('',(#728),#734,.F.);
#728 = FACE_BOUND('',#729,.F.);
#729 = EDGE_LOOP('',(#730,#731,#732,#733));
#730 = ORIENTED_EDGE('',*,*,#465,.F.);
#731 = ORIENTED_EDGE('',*,*,#161,.F.);
#732 = ORIENTED_EDGE('',*,*,#291,.T.);
#733 = ORIENTED_EDGE('',*,*,#142,.T.);
#734 = CYLINDRICAL_SURFACE('',#735,0.6);
#735 = AXIS2_PLACEMENT_3D('',#736,#737,#738);
#736 = CARTESIAN_POINT('',(47.238908,22.495721,1.1));
#737 = DIRECTION('',(0.,1.,0.));
#738 = DIRECTION('',(-1.,0.,0.));
#739 = ADVANCED_FACE('',(#740),#752,.T.);
#740 = FACE_BOUND('',#741,.T.);
#741 = EDGE_LOOP('',(#742,#743,#744,#745));
#742 = ORIENTED_EDGE('',*,*,#660,.F.);
#743 = ORIENTED_EDGE('',*,*,#486,.T.);
#744 = ORIENTED_EDGE('',*,*,#653,.T.);
#745 = ORIENTED_EDGE('',*,*,#746,.F.);
#746 = EDGE_CURVE('',#645,#643,#747,.T.);
#747 = CIRCLE('',#748,0.175);
#748 = AXIS2_PLACEMENT_3D('',#749,#750,#751);
#749 = CARTESIAN_POINT('',(47.238908,22.095721,1.1));
#750 = DIRECTION('',(0.,-1.,0.));
#751 = DIRECTION('',(-1.,0.,0.));
#752 = CYLINDRICAL_SURFACE('',#753,0.175);
#753 = AXIS2_PLACEMENT_3D('',#754,#755,#756);
#754 = CARTESIAN_POINT('',(47.238908,22.025721,1.1));
#755 = DIRECTION('',(0.,-1.,0.));
#756 = DIRECTION('',(-1.,0.,0.));
#757 = ADVANCED_FACE('',(#758),#764,.T.);
#758 = FACE_BOUND('',#759,.T.);
#759 = EDGE_LOOP('',(#760,#761,#762,#763));
#760 = ORIENTED_EDGE('',*,*,#675,.T.);
#761 = ORIENTED_EDGE('',*,*,#746,.T.);
#762 = ORIENTED_EDGE('',*,*,#693,.F.);
#763 = ORIENTED_EDGE('',*,*,#716,.F.);
#764 = SURFACE_OF_REVOLUTION('',#765,#773);
#765 = B_SPLINE_CURVE_WITH_KNOTS('',6,(#766,#767,#768,#769,#770,#771,
    #772),.UNSPECIFIED.,.F.,.F.,(7,7),(0.,1.570796326795),
  .PIECEWISE_BEZIER_KNOTS.);
#766 = CARTESIAN_POINT('',(47.063908,22.095721,1.1));
#767 = CARTESIAN_POINT('',(47.063908,22.053833097952,1.1));
#768 = CARTESIAN_POINT('',(47.077064429763,22.011948759887,1.1));
#769 = CARTESIAN_POINT('',(47.103397576058,21.975210576058,1.1));
#770 = CARTESIAN_POINT('',(47.140135759887,21.948877429763,1.1));
#771 = CARTESIAN_POINT('',(47.182020097952,21.935721,1.1));
#772 = CARTESIAN_POINT('',(47.223908,21.935721,1.1));
#773 = AXIS1_PLACEMENT('',#774,#775);
#774 = CARTESIAN_POINT('',(47.238908,22.095721,1.1));
#775 = DIRECTION('',(0.,-1.,0.));
#776 = ADVANCED_FACE('',(#777),#834,.T.);
#777 = FACE_BOUND('',#778,.T.);
#778 = EDGE_LOOP('',(#779,#789,#795,#796,#804,#812,#820,#828));
#779 = ORIENTED_EDGE('',*,*,#780,.F.);
#780 = EDGE_CURVE('',#781,#783,#785,.T.);
#781 = VERTEX_POINT('',#782);
#782 = CARTESIAN_POINT('',(47.765690687643,22.315721,0.25));
#783 = VERTEX_POINT('',#784);
#784 = CARTESIAN_POINT('',(47.765690687643,22.495721,0.25));
#785 = LINE('',#786,#787);
#786 = CARTESIAN_POINT('',(47.765690687643,22.395721,0.25));
#787 = VECTOR('',#788,1.);
#788 = DIRECTION('',(0.,1.,6.123031769112E-17));
#789 = ORIENTED_EDGE('',*,*,#790,.F.);
#790 = EDGE_CURVE('',#337,#781,#791,.T.);
#791 = LINE('',#792,#793);
#792 = CARTESIAN_POINT('',(50.919956733961,22.315721,0.25));
#793 = VECTOR('',#794,1.);
#794 = DIRECTION('',(1.,0.,0.));
#795 = ORIENTED_EDGE('',*,*,#336,.T.);
#796 = ORIENTED_EDGE('',*,*,#797,.T.);
#797 = EDGE_CURVE('',#328,#798,#800,.T.);
#798 = VERTEX_POINT('',#799);
#799 = CARTESIAN_POINT('',(47.088908,22.495721,0.25));
#800 = LINE('',#801,#802);
#801 = CARTESIAN_POINT('',(50.919956733961,22.495721,0.25));
#802 = VECTOR('',#803,1.);
#803 = DIRECTION('',(1.,0.,0.));
#804 = ORIENTED_EDGE('',*,*,#805,.T.);
#805 = EDGE_CURVE('',#798,#806,#808,.T.);
#806 = VERTEX_POINT('',#807);
#807 = CARTESIAN_POINT('',(47.088908,22.395721,0.25));
#808 = LINE('',#809,#810);
#809 = CARTESIAN_POINT('',(47.088908,22.495721,0.25));
#810 = VECTOR('',#811,1.);
#811 = DIRECTION('',(0.,-1.,0.));
#812 = ORIENTED_EDGE('',*,*,#813,.F.);
#813 = EDGE_CURVE('',#814,#806,#816,.T.);
#814 = VERTEX_POINT('',#815);
#815 = CARTESIAN_POINT('',(47.388908,22.395721,0.25));
#816 = LINE('',#817,#818);
#817 = CARTESIAN_POINT('',(50.919956733961,22.395721,0.25));
#818 = VECTOR('',#819,1.);
#819 = DIRECTION('',(-1.,0.,0.));
#820 = ORIENTED_EDGE('',*,*,#821,.F.);
#821 = EDGE_CURVE('',#822,#814,#824,.T.);
#822 = VERTEX_POINT('',#823);
#823 = CARTESIAN_POINT('',(47.388908,22.495721,0.25));
#824 = LINE('',#825,#826);
#825 = CARTESIAN_POINT('',(47.388908,22.495721,0.25));
#826 = VECTOR('',#827,1.);
#827 = DIRECTION('',(0.,-1.,0.));
#828 = ORIENTED_EDGE('',*,*,#829,.T.);
#829 = EDGE_CURVE('',#822,#783,#830,.T.);
#830 = LINE('',#831,#832);
#831 = CARTESIAN_POINT('',(50.919956733961,22.495721,0.25));
#832 = VECTOR('',#833,1.);
#833 = DIRECTION('',(1.,0.,0.));
#834 = PLANE('',#835);
#835 = AXIS2_PLACEMENT_3D('',#836,#837,#838);
#836 = CARTESIAN_POINT('',(48.088908,22.475721,0.25));
#837 = DIRECTION('',(0.,0.,-1.));
#838 = DIRECTION('',(1.,0.,0.));
#839 = ADVANCED_FACE('',(#840),#885,.T.);
#840 = FACE_BOUND('',#841,.T.);
#841 = EDGE_LOOP('',(#842,#853,#861,#870,#879));
#842 = ORIENTED_EDGE('',*,*,#843,.T.);
#843 = EDGE_CURVE('',#844,#846,#848,.T.);
#844 = VERTEX_POINT('',#845);
#845 = CARTESIAN_POINT('',(47.938908,21.975721,1.1));
#846 = VERTEX_POINT('',#847);
#847 = CARTESIAN_POINT('',(46.538908,21.975721,1.1));
#848 = CIRCLE('',#849,0.7);
#849 = AXIS2_PLACEMENT_3D('',#850,#851,#852);
#850 = CARTESIAN_POINT('',(47.238908,21.975721,1.1));
#851 = DIRECTION('',(0.,1.,0.));
#852 = DIRECTION('',(-1.,0.,0.));
#853 = ORIENTED_EDGE('',*,*,#854,.T.);
#854 = EDGE_CURVE('',#846,#855,#857,.T.);
#855 = VERTEX_POINT('',#856);
#856 = CARTESIAN_POINT('',(46.538908,22.055721,1.1));
#857 = LINE('',#858,#859);
#858 = CARTESIAN_POINT('',(46.538908,22.495721,1.1));
#859 = VECTOR('',#860,1.);
#860 = DIRECTION('',(0.,1.,0.));
#861 = ORIENTED_EDGE('',*,*,#862,.F.);
#862 = EDGE_CURVE('',#863,#855,#865,.T.);
#863 = VERTEX_POINT('',#864);
#864 = CARTESIAN_POINT('',(47.238908,22.055721,0.4));
#865 = CIRCLE('',#866,0.7);
#866 = AXIS2_PLACEMENT_3D('',#867,#868,#869);
#867 = CARTESIAN_POINT('',(47.238908,22.055721,1.1));
#868 = DIRECTION('',(0.,1.,3.061515884556E-17));
#869 = DIRECTION('',(-1.,0.,0.));
#870 = ORIENTED_EDGE('',*,*,#871,.F.);
#871 = EDGE_CURVE('',#872,#863,#874,.T.);
#872 = VERTEX_POINT('',#873);
#873 = CARTESIAN_POINT('',(47.938908,22.055721,1.1));
#874 = CIRCLE('',#875,0.7);
#875 = AXIS2_PLACEMENT_3D('',#876,#877,#878);
#876 = CARTESIAN_POINT('',(47.238908,22.055721,1.1));
#877 = DIRECTION('',(0.,1.,3.061515884556E-17));
#878 = DIRECTION('',(-1.,0.,0.));
#879 = ORIENTED_EDGE('',*,*,#880,.F.);
#880 = EDGE_CURVE('',#844,#872,#881,.T.);
#881 = LINE('',#882,#883);
#882 = CARTESIAN_POINT('',(47.938908,22.495721,1.1));
#883 = VECTOR('',#884,1.);
#884 = DIRECTION('',(0.,1.,0.));
#885 = CYLINDRICAL_SURFACE('',#886,0.7);
#886 = AXIS2_PLACEMENT_3D('',#887,#888,#889);
#887 = CARTESIAN_POINT('',(47.238908,22.495721,1.1));
#888 = DIRECTION('',(0.,1.,0.));
#889 = DIRECTION('',(-1.,0.,0.));
#890 = ADVANCED_FACE('',(#891),#907,.T.);
#891 = FACE_BOUND('',#892,.T.);
#892 = EDGE_LOOP('',(#893,#894,#900,#901));
#893 = ORIENTED_EDGE('',*,*,#843,.F.);
#894 = ORIENTED_EDGE('',*,*,#895,.F.);
#895 = EDGE_CURVE('',#301,#844,#896,.T.);
#896 = LINE('',#897,#898);
#897 = CARTESIAN_POINT('',(47.938908,21.975721,1.1));
#898 = VECTOR('',#899,1.);
#899 = DIRECTION('',(0.707106781187,0.707106781187,0.));
#900 = ORIENTED_EDGE('',*,*,#300,.T.);
#901 = ORIENTED_EDGE('',*,*,#902,.T.);
#902 = EDGE_CURVE('',#303,#846,#903,.T.);
#903 = LINE('',#904,#905);
#904 = CARTESIAN_POINT('',(46.538908,21.975721,1.1));
#905 = VECTOR('',#906,1.);
#906 = DIRECTION('',(-0.707106781187,0.707106781187,0.));
#907 = CONICAL_SURFACE('',#908,0.7,0.785398163397);
#908 = AXIS2_PLACEMENT_3D('',#909,#910,#911);
#909 = CARTESIAN_POINT('',(47.238908,21.975721,1.1));
#910 = DIRECTION('',(0.,1.,0.));
#911 = DIRECTION('',(-1.,0.,0.));
#912 = ADVANCED_FACE('',(#913),#942,.T.);
#913 = FACE_BOUND('',#914,.T.);
#914 = EDGE_LOOP('',(#915,#916,#925,#933,#940,#941));
#915 = ORIENTED_EDGE('',*,*,#368,.T.);
#916 = ORIENTED_EDGE('',*,*,#917,.T.);
#917 = EDGE_CURVE('',#369,#918,#920,.T.);
#918 = VERTEX_POINT('',#919);
#919 = CARTESIAN_POINT('',(46.600864114362,22.315721,1.87));
#920 = CIRCLE('',#921,1.);
#921 = AXIS2_PLACEMENT_3D('',#922,#923,#924);
#922 = CARTESIAN_POINT('',(47.238908,22.315721,1.1));
#923 = DIRECTION('',(0.,1.,6.123031769112E-17));
#924 = DIRECTION('',(1.,0.,-0.));
#925 = ORIENTED_EDGE('',*,*,#926,.T.);
#926 = EDGE_CURVE('',#918,#927,#929,.T.);
#927 = VERTEX_POINT('',#928);
#928 = CARTESIAN_POINT('',(46.600864114362,22.495721,1.87));
#929 = LINE('',#930,#931);
#930 = CARTESIAN_POINT('',(46.600864114362,22.395721,1.87));
#931 = VECTOR('',#932,1.);
#932 = DIRECTION('',(0.,1.,6.123031769112E-17));
#933 = ORIENTED_EDGE('',*,*,#934,.F.);
#934 = EDGE_CURVE('',#103,#927,#935,.T.);
#935 = CIRCLE('',#936,1.);
#936 = AXIS2_PLACEMENT_3D('',#937,#938,#939);
#937 = CARTESIAN_POINT('',(47.238908,22.495721,1.1));
#938 = DIRECTION('',(0.,1.,6.123031769112E-17));
#939 = DIRECTION('',(1.,0.,-0.));
#940 = ORIENTED_EDGE('',*,*,#128,.F.);
#941 = ORIENTED_EDGE('',*,*,#251,.F.);
#942 = CYLINDRICAL_SURFACE('',#943,1.);
#943 = AXIS2_PLACEMENT_3D('',#944,#945,#946);
#944 = CARTESIAN_POINT('',(47.238908,22.395721,1.1));
#945 = DIRECTION('',(0.,1.,6.123031769112E-17));
#946 = DIRECTION('',(1.,0.,-0.));
#947 = ADVANCED_FACE('',(#948),#1000,.F.);
#948 = FACE_BOUND('',#949,.T.);
#949 = EDGE_LOOP('',(#950,#960,#969,#977,#985,#993));
#950 = ORIENTED_EDGE('',*,*,#951,.T.);
#951 = EDGE_CURVE('',#952,#954,#956,.T.);
#952 = VERTEX_POINT('',#953);
#953 = CARTESIAN_POINT('',(48.088908,22.395721,1.626782687643));
#954 = VERTEX_POINT('',#955);
#955 = CARTESIAN_POINT('',(48.088908,22.395721,0.573217312357));
#956 = LINE('',#957,#958);
#957 = CARTESIAN_POINT('',(48.088908,22.395721,0.899011437739));
#958 = VECTOR('',#959,1.);
#959 = DIRECTION('',(0.,0.,-1.));
#960 = ORIENTED_EDGE('',*,*,#961,.T.);
#961 = EDGE_CURVE('',#954,#962,#964,.T.);
#962 = VERTEX_POINT('',#963);
#963 = CARTESIAN_POINT('',(47.998842207678,22.395721,0.45));
#964 = CIRCLE('',#965,1.);
#965 = AXIS2_PLACEMENT_3D('',#966,#967,#968);
#966 = CARTESIAN_POINT('',(47.238908,22.395721,1.1));
#967 = DIRECTION('',(0.,1.,6.123031769112E-17));
#968 = DIRECTION('',(1.,0.,-0.));
#969 = ORIENTED_EDGE('',*,*,#970,.F.);
#970 = EDGE_CURVE('',#971,#962,#973,.T.);
#971 = VERTEX_POINT('',#972);
#972 = CARTESIAN_POINT('',(48.238908,22.395721,0.45));
#973 = LINE('',#974,#975);
#974 = CARTESIAN_POINT('',(50.919956733961,22.395721,0.45));
#975 = VECTOR('',#976,1.);
#976 = DIRECTION('',(-1.,0.,0.));
#977 = ORIENTED_EDGE('',*,*,#978,.F.);
#978 = EDGE_CURVE('',#979,#971,#981,.T.);
#979 = VERTEX_POINT('',#980);
#980 = CARTESIAN_POINT('',(48.238908,22.395721,1.75));
#981 = LINE('',#982,#983);
#982 = CARTESIAN_POINT('',(48.238908,22.395721,0.899011437739));
#983 = VECTOR('',#984,1.);
#984 = DIRECTION('',(0.,0.,-1.));
#985 = ORIENTED_EDGE('',*,*,#986,.F.);
#986 = EDGE_CURVE('',#987,#979,#989,.T.);
#987 = VERTEX_POINT('',#988);
#988 = CARTESIAN_POINT('',(47.998842207678,22.395721,1.75));
#989 = LINE('',#990,#991);
#990 = CARTESIAN_POINT('',(50.919956733961,22.395721,1.75));
#991 = VECTOR('',#992,1.);
#992 = DIRECTION('',(1.,0.,0.));
#993 = ORIENTED_EDGE('',*,*,#994,.T.);
#994 = EDGE_CURVE('',#987,#952,#995,.T.);
#995 = CIRCLE('',#996,1.);
#996 = AXIS2_PLACEMENT_3D('',#997,#998,#999);
#997 = CARTESIAN_POINT('',(47.238908,22.395721,1.1));
#998 = DIRECTION('',(0.,1.,6.123031769112E-17));
#999 = DIRECTION('',(1.,0.,-0.));
#1000 = PLANE('',#1001);
#1001 = AXIS2_PLACEMENT_3D('',#1002,#1003,#1004);
#1002 = CARTESIAN_POINT('',(50.919956733961,22.395721,0.899011437739));
#1003 = DIRECTION('',(0.,1.,-0.));
#1004 = DIRECTION('',(-1.,0.,0.));
#1005 = ADVANCED_FACE('',(#1006),#1041,.T.);
#1006 = FACE_BOUND('',#1007,.T.);
#1007 = EDGE_LOOP('',(#1008,#1019,#1025,#1026,#1035));
#1008 = ORIENTED_EDGE('',*,*,#1009,.F.);
#1009 = EDGE_CURVE('',#1010,#1012,#1014,.T.);
#1010 = VERTEX_POINT('',#1011);
#1011 = CARTESIAN_POINT('',(47.238908,22.095721,0.44));
#1012 = VERTEX_POINT('',#1013);
#1013 = CARTESIAN_POINT('',(47.238908,22.095721,1.76));
#1014 = CIRCLE('',#1015,0.66);
#1015 = AXIS2_PLACEMENT_3D('',#1016,#1017,#1018);
#1016 = CARTESIAN_POINT('',(47.238908,22.095721,1.1));
#1017 = DIRECTION('',(0.,1.,6.123031769112E-17));
#1018 = DIRECTION('',(0.,-6.123031769112E-17,1.));
#1019 = ORIENTED_EDGE('',*,*,#1020,.T.);
#1020 = EDGE_CURVE('',#1010,#863,#1021,.T.);
#1021 = LINE('',#1022,#1023);
#1022 = CARTESIAN_POINT('',(47.238908,22.055721,0.4));
#1023 = VECTOR('',#1024,1.);
#1024 = DIRECTION('',(0.,-0.707106781187,-0.707106781187));
#1025 = ORIENTED_EDGE('',*,*,#862,.T.);
#1026 = ORIENTED_EDGE('',*,*,#1027,.T.);
#1027 = EDGE_CURVE('',#855,#1028,#1030,.T.);
#1028 = VERTEX_POINT('',#1029);
#1029 = CARTESIAN_POINT('',(47.238908,22.055721,1.8));
#1030 = CIRCLE('',#1031,0.7);
#1031 = AXIS2_PLACEMENT_3D('',#1032,#1033,#1034);
#1032 = CARTESIAN_POINT('',(47.238908,22.055721,1.1));
#1033 = DIRECTION('',(0.,1.,3.061515884556E-17));
#1034 = DIRECTION('',(-1.,0.,0.));
#1035 = ORIENTED_EDGE('',*,*,#1036,.F.);
#1036 = EDGE_CURVE('',#1012,#1028,#1037,.T.);
#1037 = LINE('',#1038,#1039);
#1038 = CARTESIAN_POINT('',(47.238908,22.055721,1.8));
#1039 = VECTOR('',#1040,1.);
#1040 = DIRECTION('',(0.,-0.707106781187,0.707106781187));
#1041 = CONICAL_SURFACE('',#1042,0.7,0.785398163397);
#1042 = AXIS2_PLACEMENT_3D('',#1043,#1044,#1045);
#1043 = CARTESIAN_POINT('',(47.238908,22.055721,1.1));
#1044 = DIRECTION('',(0.,-1.,0.));
#1045 = DIRECTION('',(-0.,0.,1.));
#1046 = ADVANCED_FACE('',(#1047),#1058,.T.);
#1047 = FACE_BOUND('',#1048,.T.);
#1048 = EDGE_LOOP('',(#1049,#1055,#1056,#1057));
#1049 = ORIENTED_EDGE('',*,*,#1050,.T.);
#1050 = EDGE_CURVE('',#596,#621,#1051,.T.);
#1051 = LINE('',#1052,#1053);
#1052 = CARTESIAN_POINT('',(46.443215937735,22.495721,2.1));
#1053 = VECTOR('',#1054,1.);
#1054 = DIRECTION('',(-1.,0.,0.));
#1055 = ORIENTED_EDGE('',*,*,#620,.T.);
#1056 = ORIENTED_EDGE('',*,*,#572,.T.);
#1057 = ORIENTED_EDGE('',*,*,#603,.F.);
#1058 = PLANE('',#1059);
#1059 = AXIS2_PLACEMENT_3D('',#1060,#1061,#1062);
#1060 = CARTESIAN_POINT('',(47.088908,22.475721,2.1));
#1061 = DIRECTION('',(0.,0.,1.));
#1062 = DIRECTION('',(-1.,0.,0.));
#1063 = ADVANCED_FACE('',(#1064),#1098,.T.);
#1064 = FACE_BOUND('',#1065,.T.);
#1065 = EDGE_LOOP('',(#1066,#1076,#1084,#1092));
#1066 = ORIENTED_EDGE('',*,*,#1067,.T.);
#1067 = EDGE_CURVE('',#1068,#1070,#1072,.T.);
#1068 = VERTEX_POINT('',#1069);
#1069 = CARTESIAN_POINT('',(47.088908,22.495721,0.1));
#1070 = VERTEX_POINT('',#1071);
#1071 = CARTESIAN_POINT('',(47.388908,22.495721,0.1));
#1072 = LINE('',#1073,#1074);
#1073 = CARTESIAN_POINT('',(50.919956733961,22.495721,0.1));
#1074 = VECTOR('',#1075,1.);
#1075 = DIRECTION('',(1.,0.,0.));
#1076 = ORIENTED_EDGE('',*,*,#1077,.F.);
#1077 = EDGE_CURVE('',#1078,#1070,#1080,.T.);
#1078 = VERTEX_POINT('',#1079);
#1079 = CARTESIAN_POINT('',(47.388908,22.395721,0.1));
#1080 = LINE('',#1081,#1082);
#1081 = CARTESIAN_POINT('',(47.388908,22.495721,0.1));
#1082 = VECTOR('',#1083,1.);
#1083 = DIRECTION('',(0.,1.,0.));
#1084 = ORIENTED_EDGE('',*,*,#1085,.T.);
#1085 = EDGE_CURVE('',#1078,#1086,#1088,.T.);
#1086 = VERTEX_POINT('',#1087);
#1087 = CARTESIAN_POINT('',(47.088908,22.395721,0.1));
#1088 = LINE('',#1089,#1090);
#1089 = CARTESIAN_POINT('',(50.919956733961,22.395721,0.1));
#1090 = VECTOR('',#1091,1.);
#1091 = DIRECTION('',(-1.,0.,0.));
#1092 = ORIENTED_EDGE('',*,*,#1093,.T.);
#1093 = EDGE_CURVE('',#1086,#1068,#1094,.T.);
#1094 = LINE('',#1095,#1096);
#1095 = CARTESIAN_POINT('',(47.088908,22.495721,0.1));
#1096 = VECTOR('',#1097,1.);
#1097 = DIRECTION('',(0.,1.,0.));
#1098 = PLANE('',#1099);
#1099 = AXIS2_PLACEMENT_3D('',#1100,#1101,#1102);
#1100 = CARTESIAN_POINT('',(47.388908,22.495721,0.1));
#1101 = DIRECTION('',(0.,0.,-1.));
#1102 = DIRECTION('',(1.,0.,0.));
#1103 = ADVANCED_FACE('',(#1104),#1158,.T.);
#1104 = FACE_BOUND('',#1105,.T.);
#1105 = EDGE_LOOP('',(#1106,#1117,#1126,#1134,#1143,#1152));
#1106 = ORIENTED_EDGE('',*,*,#1107,.T.);
#1107 = EDGE_CURVE('',#1108,#1110,#1112,.T.);
#1108 = VERTEX_POINT('',#1109);
#1109 = CARTESIAN_POINT('',(46.538908,22.195721,1.1));
#1110 = VERTEX_POINT('',#1111);
#1111 = CARTESIAN_POINT('',(47.238908,22.195721,1.8));
#1112 = CIRCLE('',#1113,0.7);
#1113 = AXIS2_PLACEMENT_3D('',#1114,#1115,#1116);
#1114 = CARTESIAN_POINT('',(47.238908,22.195721,1.1));
#1115 = DIRECTION('',(0.,1.,3.061515884556E-17));
#1116 = DIRECTION('',(-1.,0.,0.));
#1117 = ORIENTED_EDGE('',*,*,#1118,.T.);
#1118 = EDGE_CURVE('',#1110,#1119,#1121,.T.);
#1119 = VERTEX_POINT('',#1120);
#1120 = CARTESIAN_POINT('',(47.938908,22.195721,1.1));
#1121 = CIRCLE('',#1122,0.7);
#1122 = AXIS2_PLACEMENT_3D('',#1123,#1124,#1125);
#1123 = CARTESIAN_POINT('',(47.238908,22.195721,1.1));
#1124 = DIRECTION('',(0.,1.,3.061515884556E-17));
#1125 = DIRECTION('',(-1.,0.,0.));
#1126 = ORIENTED_EDGE('',*,*,#1127,.T.);
#1127 = EDGE_CURVE('',#1119,#1128,#1130,.T.);
#1128 = VERTEX_POINT('',#1129);
#1129 = CARTESIAN_POINT('',(47.938908,22.315721,1.1));
#1130 = LINE('',#1131,#1132);
#1131 = CARTESIAN_POINT('',(47.938908,22.495721,1.1));
#1132 = VECTOR('',#1133,1.);
#1133 = DIRECTION('',(0.,1.,0.));
#1134 = ORIENTED_EDGE('',*,*,#1135,.F.);
#1135 = EDGE_CURVE('',#1136,#1128,#1138,.T.);
#1136 = VERTEX_POINT('',#1137);
#1137 = CARTESIAN_POINT('',(47.892742841531,22.315721,1.35));
#1138 = CIRCLE('',#1139,0.7);
#1139 = AXIS2_PLACEMENT_3D('',#1140,#1141,#1142);
#1140 = CARTESIAN_POINT('',(47.238908,22.315721,1.1));
#1141 = DIRECTION('',(0.,1.,0.));
#1142 = DIRECTION('',(-1.,0.,0.));
#1143 = ORIENTED_EDGE('',*,*,#1144,.F.);
#1144 = EDGE_CURVE('',#1145,#1136,#1147,.T.);
#1145 = VERTEX_POINT('',#1146);
#1146 = CARTESIAN_POINT('',(46.538908,22.315721,1.1));
#1147 = CIRCLE('',#1148,0.7);
#1148 = AXIS2_PLACEMENT_3D('',#1149,#1150,#1151);
#1149 = CARTESIAN_POINT('',(47.238908,22.315721,1.1));
#1150 = DIRECTION('',(0.,1.,0.));
#1151 = DIRECTION('',(-1.,0.,0.));
#1152 = ORIENTED_EDGE('',*,*,#1153,.F.);
#1153 = EDGE_CURVE('',#1108,#1145,#1154,.T.);
#1154 = LINE('',#1155,#1156);
#1155 = CARTESIAN_POINT('',(46.538908,22.495721,1.1));
#1156 = VECTOR('',#1157,1.);
#1157 = DIRECTION('',(0.,1.,0.));
#1158 = CYLINDRICAL_SURFACE('',#1159,0.7);
#1159 = AXIS2_PLACEMENT_3D('',#1160,#1161,#1162);
#1160 = CARTESIAN_POINT('',(47.238908,22.495721,1.1));
#1161 = DIRECTION('',(0.,1.,0.));
#1162 = DIRECTION('',(-1.,0.,0.));
#1163 = ADVANCED_FACE('',(#1164),#1189,.T.);
#1164 = FACE_BOUND('',#1165,.T.);
#1165 = EDGE_LOOP('',(#1166,#1176,#1182,#1183));
#1166 = ORIENTED_EDGE('',*,*,#1167,.T.);
#1167 = EDGE_CURVE('',#1168,#1170,#1172,.T.);
#1168 = VERTEX_POINT('',#1169);
#1169 = CARTESIAN_POINT('',(47.998842207678,22.495721,0.45));
#1170 = VERTEX_POINT('',#1171);
#1171 = CARTESIAN_POINT('',(48.238908,22.495721,0.45));
#1172 = LINE('',#1173,#1174);
#1173 = CARTESIAN_POINT('',(50.919956733961,22.495721,0.45));
#1174 = VECTOR('',#1175,1.);
#1175 = DIRECTION('',(1.,0.,0.));
#1176 = ORIENTED_EDGE('',*,*,#1177,.T.);
#1177 = EDGE_CURVE('',#1170,#971,#1178,.T.);
#1178 = LINE('',#1179,#1180);
#1179 = CARTESIAN_POINT('',(48.238908,22.495721,0.45));
#1180 = VECTOR('',#1181,1.);
#1181 = DIRECTION('',(0.,-1.,0.));
#1182 = ORIENTED_EDGE('',*,*,#970,.T.);
#1183 = ORIENTED_EDGE('',*,*,#1184,.T.);
#1184 = EDGE_CURVE('',#962,#1168,#1185,.T.);
#1185 = LINE('',#1186,#1187);
#1186 = CARTESIAN_POINT('',(47.998842207678,22.395721,0.45));
#1187 = VECTOR('',#1188,1.);
#1188 = DIRECTION('',(0.,1.,6.123031769112E-17));
#1189 = PLANE('',#1190);
#1190 = AXIS2_PLACEMENT_3D('',#1191,#1192,#1193);
#1191 = CARTESIAN_POINT('',(48.238908,22.495721,0.45));
#1192 = DIRECTION('',(0.,0.,-1.));
#1193 = DIRECTION('',(1.,0.,0.));
#1194 = ADVANCED_FACE('',(#1195),#1213,.T.);
#1195 = FACE_BOUND('',#1196,.T.);
#1196 = EDGE_LOOP('',(#1197,#1205,#1211,#1212));
#1197 = ORIENTED_EDGE('',*,*,#1198,.T.);
#1198 = EDGE_CURVE('',#1170,#1199,#1201,.T.);
#1199 = VERTEX_POINT('',#1200);
#1200 = CARTESIAN_POINT('',(48.238908,22.495721,1.75));
#1201 = LINE('',#1202,#1203);
#1202 = CARTESIAN_POINT('',(48.238908,22.495721,0.899011437739));
#1203 = VECTOR('',#1204,1.);
#1204 = DIRECTION('',(0.,0.,1.));
#1205 = ORIENTED_EDGE('',*,*,#1206,.T.);
#1206 = EDGE_CURVE('',#1199,#979,#1207,.T.);
#1207 = LINE('',#1208,#1209);
#1208 = CARTESIAN_POINT('',(48.238908,22.495721,1.75));
#1209 = VECTOR('',#1210,1.);
#1210 = DIRECTION('',(0.,-1.,0.));
#1211 = ORIENTED_EDGE('',*,*,#978,.T.);
#1212 = ORIENTED_EDGE('',*,*,#1177,.F.);
#1213 = PLANE('',#1214);
#1214 = AXIS2_PLACEMENT_3D('',#1215,#1216,#1217);
#1215 = CARTESIAN_POINT('',(48.238908,22.495721,1.75));
#1216 = DIRECTION('',(1.,0.,-0.));
#1217 = DIRECTION('',(0.,0.,1.));
#1218 = ADVANCED_FACE('',(#1219),#1237,.T.);
#1219 = FACE_BOUND('',#1220,.T.);
#1220 = EDGE_LOOP('',(#1221,#1229,#1230,#1231));
#1221 = ORIENTED_EDGE('',*,*,#1222,.F.);
#1222 = EDGE_CURVE('',#987,#1223,#1225,.T.);
#1223 = VERTEX_POINT('',#1224);
#1224 = CARTESIAN_POINT('',(47.998842207678,22.495721,1.75));
#1225 = LINE('',#1226,#1227);
#1226 = CARTESIAN_POINT('',(47.998842207678,22.395721,1.75));
#1227 = VECTOR('',#1228,1.);
#1228 = DIRECTION('',(0.,1.,6.123031769112E-17));
#1229 = ORIENTED_EDGE('',*,*,#986,.T.);
#1230 = ORIENTED_EDGE('',*,*,#1206,.F.);
#1231 = ORIENTED_EDGE('',*,*,#1232,.T.);
#1232 = EDGE_CURVE('',#1199,#1223,#1233,.T.);
#1233 = LINE('',#1234,#1235);
#1234 = CARTESIAN_POINT('',(50.919956733961,22.495721,1.75));
#1235 = VECTOR('',#1236,1.);
#1236 = DIRECTION('',(-1.,0.,0.));
#1237 = PLANE('',#1238);
#1238 = AXIS2_PLACEMENT_3D('',#1239,#1240,#1241);
#1239 = CARTESIAN_POINT('',(47.938908,22.495721,1.75));
#1240 = DIRECTION('',(0.,0.,1.));
#1241 = DIRECTION('',(-1.,0.,0.));
#1242 = ADVANCED_FACE('',(#1243),#1259,.F.);
#1243 = FACE_BOUND('',#1244,.T.);
#1244 = EDGE_LOOP('',(#1245,#1246,#1252,#1253));
#1245 = ORIENTED_EDGE('',*,*,#821,.T.);
#1246 = ORIENTED_EDGE('',*,*,#1247,.F.);
#1247 = EDGE_CURVE('',#1078,#814,#1248,.T.);
#1248 = LINE('',#1249,#1250);
#1249 = CARTESIAN_POINT('',(47.388908,22.395721,0.899011437739));
#1250 = VECTOR('',#1251,1.);
#1251 = DIRECTION('',(0.,0.,1.));
#1252 = ORIENTED_EDGE('',*,*,#1077,.T.);
#1253 = ORIENTED_EDGE('',*,*,#1254,.T.);
#1254 = EDGE_CURVE('',#1070,#822,#1255,.T.);
#1255 = LINE('',#1256,#1257);
#1256 = CARTESIAN_POINT('',(47.388908,22.495721,0.899011437739));
#1257 = VECTOR('',#1258,1.);
#1258 = DIRECTION('',(0.,0.,1.));
#1259 = PLANE('',#1260);
#1260 = AXIS2_PLACEMENT_3D('',#1261,#1262,#1263);
#1261 = CARTESIAN_POINT('',(47.388908,22.495721,0.416260283441));
#1262 = DIRECTION('',(-1.,-0.,-0.));
#1263 = DIRECTION('',(0.,0.,-1.));
#1264 = ADVANCED_FACE('',(#1265),#1291,.T.);
#1265 = FACE_BOUND('',#1266,.T.);
#1266 = EDGE_LOOP('',(#1267,#1278,#1284,#1285));
#1267 = ORIENTED_EDGE('',*,*,#1268,.F.);
#1268 = EDGE_CURVE('',#1269,#1271,#1273,.T.);
#1269 = VERTEX_POINT('',#1270);
#1270 = CARTESIAN_POINT('',(47.238908,22.155721,0.44));
#1271 = VERTEX_POINT('',#1272);
#1272 = CARTESIAN_POINT('',(47.238908,22.155721,1.76));
#1273 = CIRCLE('',#1274,0.66);
#1274 = AXIS2_PLACEMENT_3D('',#1275,#1276,#1277);
#1275 = CARTESIAN_POINT('',(47.238908,22.155721,1.1));
#1276 = DIRECTION('',(0.,1.,6.123031769112E-17));
#1277 = DIRECTION('',(0.,-6.123031769112E-17,1.));
#1278 = ORIENTED_EDGE('',*,*,#1279,.F.);
#1279 = EDGE_CURVE('',#1010,#1269,#1280,.T.);
#1280 = LINE('',#1281,#1282);
#1281 = CARTESIAN_POINT('',(47.238908,22.125721,0.44));
#1282 = VECTOR('',#1283,1.);
#1283 = DIRECTION('',(0.,1.,6.123031769112E-17));
#1284 = ORIENTED_EDGE('',*,*,#1009,.T.);
#1285 = ORIENTED_EDGE('',*,*,#1286,.T.);
#1286 = EDGE_CURVE('',#1012,#1271,#1287,.T.);
#1287 = LINE('',#1288,#1289);
#1288 = CARTESIAN_POINT('',(47.238908,22.125721,1.76));
#1289 = VECTOR('',#1290,1.);
#1290 = DIRECTION('',(0.,1.,6.123031769112E-17));
#1291 = CYLINDRICAL_SURFACE('',#1292,0.66);
#1292 = AXIS2_PLACEMENT_3D('',#1293,#1294,#1295);
#1293 = CARTESIAN_POINT('',(47.238908,22.125721,1.1));
#1294 = DIRECTION('',(0.,1.,6.123031769112E-17));
#1295 = DIRECTION('',(0.,6.123031769112E-17,-1.));
#1296 = ADVANCED_FACE('',(#1297),#1322,.T.);
#1297 = FACE_BOUND('',#1298,.T.);
#1298 = EDGE_LOOP('',(#1299,#1300,#1309,#1315,#1316));
#1299 = ORIENTED_EDGE('',*,*,#1107,.F.);
#1300 = ORIENTED_EDGE('',*,*,#1301,.F.);
#1301 = EDGE_CURVE('',#1302,#1108,#1304,.T.);
#1302 = VERTEX_POINT('',#1303);
#1303 = CARTESIAN_POINT('',(47.238908,22.195721,0.4));
#1304 = CIRCLE('',#1305,0.7);
#1305 = AXIS2_PLACEMENT_3D('',#1306,#1307,#1308);
#1306 = CARTESIAN_POINT('',(47.238908,22.195721,1.1));
#1307 = DIRECTION('',(0.,1.,3.061515884556E-17));
#1308 = DIRECTION('',(-1.,0.,0.));
#1309 = ORIENTED_EDGE('',*,*,#1310,.F.);
#1310 = EDGE_CURVE('',#1269,#1302,#1311,.T.);
#1311 = LINE('',#1312,#1313);
#1312 = CARTESIAN_POINT('',(47.238908,22.195721,0.4));
#1313 = VECTOR('',#1314,1.);
#1314 = DIRECTION('',(0.,0.707106781187,-0.707106781187));
#1315 = ORIENTED_EDGE('',*,*,#1268,.T.);
#1316 = ORIENTED_EDGE('',*,*,#1317,.T.);
#1317 = EDGE_CURVE('',#1271,#1110,#1318,.T.);
#1318 = LINE('',#1319,#1320);
#1319 = CARTESIAN_POINT('',(47.238908,22.195721,1.8));
#1320 = VECTOR('',#1321,1.);
#1321 = DIRECTION('',(0.,0.707106781187,0.707106781187));
#1322 = CONICAL_SURFACE('',#1323,0.7,0.785398163397);
#1323 = AXIS2_PLACEMENT_3D('',#1324,#1325,#1326);
#1324 = CARTESIAN_POINT('',(47.238908,22.195721,1.1));
#1325 = DIRECTION('',(0.,1.,3.172065784643E-16));
#1326 = DIRECTION('',(0.,3.172065784643E-16,-1.));
#1327 = ADVANCED_FACE('',(#1328),#1339,.F.);
#1328 = FACE_BOUND('',#1329,.T.);
#1329 = EDGE_LOOP('',(#1330,#1331,#1337,#1338));
#1330 = ORIENTED_EDGE('',*,*,#813,.T.);
#1331 = ORIENTED_EDGE('',*,*,#1332,.F.);
#1332 = EDGE_CURVE('',#1086,#806,#1333,.T.);
#1333 = LINE('',#1334,#1335);
#1334 = CARTESIAN_POINT('',(47.088908,22.395721,0.899011437739));
#1335 = VECTOR('',#1336,1.);
#1336 = DIRECTION('',(0.,0.,1.));
#1337 = ORIENTED_EDGE('',*,*,#1085,.F.);
#1338 = ORIENTED_EDGE('',*,*,#1247,.T.);
#1339 = PLANE('',#1340);
#1340 = AXIS2_PLACEMENT_3D('',#1341,#1342,#1343);
#1341 = CARTESIAN_POINT('',(50.919956733961,22.395721,0.899011437739));
#1342 = DIRECTION('',(0.,1.,-0.));
#1343 = DIRECTION('',(-1.,0.,0.));
#1344 = ADVANCED_FACE('',(#1345),#1356,.T.);
#1345 = FACE_BOUND('',#1346,.T.);
#1346 = EDGE_LOOP('',(#1347,#1348,#1354,#1355));
#1347 = ORIENTED_EDGE('',*,*,#805,.F.);
#1348 = ORIENTED_EDGE('',*,*,#1349,.F.);
#1349 = EDGE_CURVE('',#1068,#798,#1350,.T.);
#1350 = LINE('',#1351,#1352);
#1351 = CARTESIAN_POINT('',(47.088908,22.495721,0.899011437739));
#1352 = VECTOR('',#1353,1.);
#1353 = DIRECTION('',(0.,0.,1.));
#1354 = ORIENTED_EDGE('',*,*,#1093,.F.);
#1355 = ORIENTED_EDGE('',*,*,#1332,.T.);
#1356 = PLANE('',#1357);
#1357 = AXIS2_PLACEMENT_3D('',#1358,#1359,#1360);
#1358 = CARTESIAN_POINT('',(47.088908,22.495721,0.1));
#1359 = DIRECTION('',(-1.,-0.,-0.));
#1360 = DIRECTION('',(0.,0.,-1.));
#1361 = ADVANCED_FACE('',(#1362),#1389,.T.);
#1362 = FACE_BOUND('',#1363,.T.);
#1363 = EDGE_LOOP('',(#1364,#1372,#1373,#1374,#1381,#1382));
#1364 = ORIENTED_EDGE('',*,*,#1365,.F.);
#1365 = EDGE_CURVE('',#952,#1366,#1368,.T.);
#1366 = VERTEX_POINT('',#1367);
#1367 = CARTESIAN_POINT('',(48.088908,22.315721,1.626782687643));
#1368 = LINE('',#1369,#1370);
#1369 = CARTESIAN_POINT('',(48.088908,22.395721,1.626782687643));
#1370 = VECTOR('',#1371,1.);
#1371 = DIRECTION('',(-0.,-1.,-6.123031769112E-17));
#1372 = ORIENTED_EDGE('',*,*,#994,.F.);
#1373 = ORIENTED_EDGE('',*,*,#1222,.T.);
#1374 = ORIENTED_EDGE('',*,*,#1375,.F.);
#1375 = EDGE_CURVE('',#542,#1223,#1376,.T.);
#1376 = CIRCLE('',#1377,1.);
#1377 = AXIS2_PLACEMENT_3D('',#1378,#1379,#1380);
#1378 = CARTESIAN_POINT('',(47.238908,22.495721,1.1));
#1379 = DIRECTION('',(0.,1.,6.123031769112E-17));
#1380 = DIRECTION('',(1.,0.,-0.));
#1381 = ORIENTED_EDGE('',*,*,#541,.F.);
#1382 = ORIENTED_EDGE('',*,*,#1383,.T.);
#1383 = EDGE_CURVE('',#534,#1366,#1384,.T.);
#1384 = CIRCLE('',#1385,1.);
#1385 = AXIS2_PLACEMENT_3D('',#1386,#1387,#1388);
#1386 = CARTESIAN_POINT('',(47.238908,22.315721,1.1));
#1387 = DIRECTION('',(0.,1.,6.123031769112E-17));
#1388 = DIRECTION('',(1.,0.,-0.));
#1389 = CYLINDRICAL_SURFACE('',#1390,1.);
#1390 = AXIS2_PLACEMENT_3D('',#1391,#1392,#1393);
#1391 = CARTESIAN_POINT('',(47.238908,22.395721,1.1));
#1392 = DIRECTION('',(0.,1.,6.123031769112E-17));
#1393 = DIRECTION('',(1.,0.,-0.));
#1394 = ADVANCED_FACE('',(#1395),#1422,.T.);
#1395 = FACE_BOUND('',#1396,.T.);
#1396 = EDGE_LOOP('',(#1397,#1398,#1399,#1407,#1414,#1415));
#1397 = ORIENTED_EDGE('',*,*,#1184,.F.);
#1398 = ORIENTED_EDGE('',*,*,#961,.F.);
#1399 = ORIENTED_EDGE('',*,*,#1400,.F.);
#1400 = EDGE_CURVE('',#1401,#954,#1403,.T.);
#1401 = VERTEX_POINT('',#1402);
#1402 = CARTESIAN_POINT('',(48.088908,22.315721,0.573217312357));
#1403 = LINE('',#1404,#1405);
#1404 = CARTESIAN_POINT('',(48.088908,22.395721,0.573217312357));
#1405 = VECTOR('',#1406,1.);
#1406 = DIRECTION('',(0.,1.,6.123031769112E-17));
#1407 = ORIENTED_EDGE('',*,*,#1408,.T.);
#1408 = EDGE_CURVE('',#1401,#781,#1409,.T.);
#1409 = CIRCLE('',#1410,1.);
#1410 = AXIS2_PLACEMENT_3D('',#1411,#1412,#1413);
#1411 = CARTESIAN_POINT('',(47.238908,22.315721,1.1));
#1412 = DIRECTION('',(0.,1.,6.123031769112E-17));
#1413 = DIRECTION('',(1.,0.,-0.));
#1414 = ORIENTED_EDGE('',*,*,#780,.T.);
#1415 = ORIENTED_EDGE('',*,*,#1416,.F.);
#1416 = EDGE_CURVE('',#1168,#783,#1417,.T.);
#1417 = CIRCLE('',#1418,1.);
#1418 = AXIS2_PLACEMENT_3D('',#1419,#1420,#1421);
#1419 = CARTESIAN_POINT('',(47.238908,22.495721,1.1));
#1420 = DIRECTION('',(0.,1.,6.123031769112E-17));
#1421 = DIRECTION('',(1.,0.,-0.));
#1422 = CYLINDRICAL_SURFACE('',#1423,1.);
#1423 = AXIS2_PLACEMENT_3D('',#1424,#1425,#1426);
#1424 = CARTESIAN_POINT('',(47.238908,22.395721,1.1));
#1425 = DIRECTION('',(0.,1.,6.123031769112E-17));
#1426 = DIRECTION('',(1.,0.,-0.));
#1427 = ADVANCED_FACE('',(#1428,#1439),#1470,.F.);
#1428 = FACE_BOUND('',#1429,.T.);
#1429 = EDGE_LOOP('',(#1430,#1431,#1432));
#1430 = ORIENTED_EDGE('',*,*,#1144,.T.);
#1431 = ORIENTED_EDGE('',*,*,#1135,.T.);
#1432 = ORIENTED_EDGE('',*,*,#1433,.T.);
#1433 = EDGE_CURVE('',#1128,#1145,#1434,.T.);
#1434 = CIRCLE('',#1435,0.7);
#1435 = AXIS2_PLACEMENT_3D('',#1436,#1437,#1438);
#1436 = CARTESIAN_POINT('',(47.238908,22.315721,1.1));
#1437 = DIRECTION('',(0.,1.,0.));
#1438 = DIRECTION('',(-1.,0.,0.));
#1439 = FACE_BOUND('',#1440,.T.);
#1440 = EDGE_LOOP('',(#1441,#1442,#1450,#1456,#1457,#1458,#1459,#1460,
    #1461,#1467,#1468,#1469));
#1441 = ORIENTED_EDGE('',*,*,#410,.T.);
#1442 = ORIENTED_EDGE('',*,*,#1443,.F.);
#1443 = EDGE_CURVE('',#1444,#403,#1446,.T.);
#1444 = VERTEX_POINT('',#1445);
#1445 = CARTESIAN_POINT('',(46.828908,22.315721,1.87));
#1446 = LINE('',#1447,#1448);
#1447 = CARTESIAN_POINT('',(50.919956733961,22.315721,5.961048733961));
#1448 = VECTOR('',#1449,1.);
#1449 = DIRECTION('',(0.707106781187,-5.551115123126E-17,0.707106781187)
  );
#1450 = ORIENTED_EDGE('',*,*,#1451,.F.);
#1451 = EDGE_CURVE('',#918,#1444,#1452,.T.);
#1452 = LINE('',#1453,#1454);
#1453 = CARTESIAN_POINT('',(50.919956733961,22.315721,1.87));
#1454 = VECTOR('',#1455,1.);
#1455 = DIRECTION('',(1.,4.930380657631E-32,-7.492575081879E-16));
#1456 = ORIENTED_EDGE('',*,*,#917,.F.);
#1457 = ORIENTED_EDGE('',*,*,#378,.T.);
#1458 = ORIENTED_EDGE('',*,*,#344,.F.);
#1459 = ORIENTED_EDGE('',*,*,#790,.T.);
#1460 = ORIENTED_EDGE('',*,*,#1408,.F.);
#1461 = ORIENTED_EDGE('',*,*,#1462,.T.);
#1462 = EDGE_CURVE('',#1401,#1366,#1463,.T.);
#1463 = LINE('',#1464,#1465);
#1464 = CARTESIAN_POINT('',(48.088908,22.315721,0.899011437739));
#1465 = VECTOR('',#1466,1.);
#1466 = DIRECTION('',(0.,-6.123031769112E-17,1.));
#1467 = ORIENTED_EDGE('',*,*,#1383,.F.);
#1468 = ORIENTED_EDGE('',*,*,#533,.F.);
#1469 = ORIENTED_EDGE('',*,*,#501,.F.);
#1470 = PLANE('',#1471);
#1471 = AXIS2_PLACEMENT_3D('',#1472,#1473,#1474);
#1472 = CARTESIAN_POINT('',(47.252094038574,22.315721,1.463456662205));
#1473 = DIRECTION('',(-0.,1.,6.123031769112E-17));
#1474 = DIRECTION('',(1.,0.,0.));
#1475 = ADVANCED_FACE('',(#1476),#1482,.T.);
#1476 = FACE_BOUND('',#1477,.T.);
#1477 = EDGE_LOOP('',(#1478,#1479,#1480,#1481));
#1478 = ORIENTED_EDGE('',*,*,#951,.F.);
#1479 = ORIENTED_EDGE('',*,*,#1365,.T.);
#1480 = ORIENTED_EDGE('',*,*,#1462,.F.);
#1481 = ORIENTED_EDGE('',*,*,#1400,.T.);
#1482 = PLANE('',#1483);
#1483 = AXIS2_PLACEMENT_3D('',#1484,#1485,#1486);
#1484 = CARTESIAN_POINT('',(48.088908,22.475721,1.95));
#1485 = DIRECTION('',(1.,0.,-0.));
#1486 = DIRECTION('',(0.,0.,1.));
#1487 = ADVANCED_FACE('',(#1488),#1506,.F.);
#1488 = FACE_BOUND('',#1489,.T.);
#1489 = EDGE_LOOP('',(#1490,#1491,#1492,#1500));
#1490 = ORIENTED_EDGE('',*,*,#926,.F.);
#1491 = ORIENTED_EDGE('',*,*,#1451,.T.);
#1492 = ORIENTED_EDGE('',*,*,#1493,.F.);
#1493 = EDGE_CURVE('',#1494,#1444,#1496,.T.);
#1494 = VERTEX_POINT('',#1495);
#1495 = CARTESIAN_POINT('',(46.828908,22.495721,1.87));
#1496 = LINE('',#1497,#1498);
#1497 = CARTESIAN_POINT('',(46.828908,22.475721,1.87));
#1498 = VECTOR('',#1499,1.);
#1499 = DIRECTION('',(4.357881996053E-33,-1.,-6.123031769112E-17));
#1500 = ORIENTED_EDGE('',*,*,#1501,.F.);
#1501 = EDGE_CURVE('',#927,#1494,#1502,.T.);
#1502 = LINE('',#1503,#1504);
#1503 = CARTESIAN_POINT('',(50.919956733961,22.495721,1.87));
#1504 = VECTOR('',#1505,1.);
#1505 = DIRECTION('',(1.,4.930380657631E-32,-7.492575081879E-16));
#1506 = PLANE('',#1507);
#1507 = AXIS2_PLACEMENT_3D('',#1508,#1509,#1510);
#1508 = CARTESIAN_POINT('',(46.748908,22.1967186,1.87));
#1509 = DIRECTION('',(-7.492575081879E-16,6.123031769112E-17,-1.));
#1510 = DIRECTION('',(1.,4.58772752588E-32,-7.492575081879E-16));
#1511 = ADVANCED_FACE('',(#1512),#1523,.F.);
#1512 = FACE_BOUND('',#1513,.T.);
#1513 = EDGE_LOOP('',(#1514,#1515,#1516,#1517));
#1514 = ORIENTED_EDGE('',*,*,#1493,.T.);
#1515 = ORIENTED_EDGE('',*,*,#1443,.T.);
#1516 = ORIENTED_EDGE('',*,*,#402,.T.);
#1517 = ORIENTED_EDGE('',*,*,#1518,.F.);
#1518 = EDGE_CURVE('',#1494,#395,#1519,.T.);
#1519 = LINE('',#1520,#1521);
#1520 = CARTESIAN_POINT('',(50.919956733961,22.495721,5.961048733961));
#1521 = VECTOR('',#1522,1.);
#1522 = DIRECTION('',(0.707106781187,-5.551115123126E-17,0.707106781187)
  );
#1523 = PLANE('',#1524);
#1524 = AXIS2_PLACEMENT_3D('',#1525,#1526,#1527);
#1525 = CARTESIAN_POINT('',(46.828908,22.1967186,1.87));
#1526 = DIRECTION('',(0.707106781187,4.32963728536E-17,-0.707106781187)
  );
#1527 = DIRECTION('',(0.707106781187,-4.32963728536E-17,0.707106781187)
  );
#1528 = ADVANCED_FACE('',(#1529),#1555,.T.);
#1529 = FACE_BOUND('',#1530,.T.);
#1530 = EDGE_LOOP('',(#1531,#1532,#1533,#1534,#1535,#1536,#1537,#1538,
    #1539,#1540,#1541,#1542,#1543,#1544,#1545,#1546,#1547,#1548,#1549,
    #1550,#1551,#1552,#1553,#1554));
#1531 = ORIENTED_EDGE('',*,*,#392,.F.);
#1532 = ORIENTED_EDGE('',*,*,#628,.F.);
#1533 = ORIENTED_EDGE('',*,*,#1050,.F.);
#1534 = ORIENTED_EDGE('',*,*,#595,.T.);
#1535 = ORIENTED_EDGE('',*,*,#426,.F.);
#1536 = ORIENTED_EDGE('',*,*,#517,.T.);
#1537 = ORIENTED_EDGE('',*,*,#549,.T.);
#1538 = ORIENTED_EDGE('',*,*,#1375,.T.);
#1539 = ORIENTED_EDGE('',*,*,#1232,.F.);
#1540 = ORIENTED_EDGE('',*,*,#1198,.F.);
#1541 = ORIENTED_EDGE('',*,*,#1167,.F.);
#1542 = ORIENTED_EDGE('',*,*,#1416,.T.);
#1543 = ORIENTED_EDGE('',*,*,#829,.F.);
#1544 = ORIENTED_EDGE('',*,*,#1254,.F.);
#1545 = ORIENTED_EDGE('',*,*,#1067,.F.);
#1546 = ORIENTED_EDGE('',*,*,#1349,.T.);
#1547 = ORIENTED_EDGE('',*,*,#797,.F.);
#1548 = ORIENTED_EDGE('',*,*,#327,.T.);
#1549 = ORIENTED_EDGE('',*,*,#219,.F.);
#1550 = ORIENTED_EDGE('',*,*,#273,.F.);
#1551 = ORIENTED_EDGE('',*,*,#102,.F.);
#1552 = ORIENTED_EDGE('',*,*,#934,.T.);
#1553 = ORIENTED_EDGE('',*,*,#1501,.T.);
#1554 = ORIENTED_EDGE('',*,*,#1518,.T.);
#1555 = PLANE('',#1556);
#1556 = AXIS2_PLACEMENT_3D('',#1557,#1558,#1559);
#1557 = CARTESIAN_POINT('',(47.252094038574,22.495721,1.463456662205));
#1558 = DIRECTION('',(-0.,1.,6.123031769112E-17));
#1559 = DIRECTION('',(1.,0.,0.));
#1560 = ADVANCED_FACE('',(#1561),#1580,.T.);
#1561 = FACE_BOUND('',#1562,.T.);
#1562 = EDGE_LOOP('',(#1563,#1564,#1571,#1572,#1579));
#1563 = ORIENTED_EDGE('',*,*,#1020,.F.);
#1564 = ORIENTED_EDGE('',*,*,#1565,.F.);
#1565 = EDGE_CURVE('',#1012,#1010,#1566,.T.);
#1566 = CIRCLE('',#1567,0.66);
#1567 = AXIS2_PLACEMENT_3D('',#1568,#1569,#1570);
#1568 = CARTESIAN_POINT('',(47.238908,22.095721,1.1));
#1569 = DIRECTION('',(0.,1.,6.123031769112E-17));
#1570 = DIRECTION('',(0.,-6.123031769112E-17,1.));
#1571 = ORIENTED_EDGE('',*,*,#1036,.T.);
#1572 = ORIENTED_EDGE('',*,*,#1573,.T.);
#1573 = EDGE_CURVE('',#1028,#872,#1574,.T.);
#1574 = CIRCLE('',#1575,0.7);
#1575 = AXIS2_PLACEMENT_3D('',#1576,#1577,#1578);
#1576 = CARTESIAN_POINT('',(47.238908,22.055721,1.1));
#1577 = DIRECTION('',(0.,1.,3.061515884556E-17));
#1578 = DIRECTION('',(-1.,0.,0.));
#1579 = ORIENTED_EDGE('',*,*,#871,.T.);
#1580 = CONICAL_SURFACE('',#1581,0.7,0.785398163397);
#1581 = AXIS2_PLACEMENT_3D('',#1582,#1583,#1584);
#1582 = CARTESIAN_POINT('',(47.238908,22.055721,1.1));
#1583 = DIRECTION('',(0.,-1.,0.));
#1584 = DIRECTION('',(-0.,0.,1.));
#1585 = ADVANCED_FACE('',(#1586),#1599,.T.);
#1586 = FACE_BOUND('',#1587,.T.);
#1587 = EDGE_LOOP('',(#1588,#1589,#1590,#1597,#1598));
#1588 = ORIENTED_EDGE('',*,*,#1027,.F.);
#1589 = ORIENTED_EDGE('',*,*,#854,.F.);
#1590 = ORIENTED_EDGE('',*,*,#1591,.T.);
#1591 = EDGE_CURVE('',#846,#844,#1592,.T.);
#1592 = CIRCLE('',#1593,0.7);
#1593 = AXIS2_PLACEMENT_3D('',#1594,#1595,#1596);
#1594 = CARTESIAN_POINT('',(47.238908,21.975721,1.1));
#1595 = DIRECTION('',(0.,1.,0.));
#1596 = DIRECTION('',(-1.,0.,0.));
#1597 = ORIENTED_EDGE('',*,*,#880,.T.);
#1598 = ORIENTED_EDGE('',*,*,#1573,.F.);
#1599 = CYLINDRICAL_SURFACE('',#1600,0.7);
#1600 = AXIS2_PLACEMENT_3D('',#1601,#1602,#1603);
#1601 = CARTESIAN_POINT('',(47.238908,22.495721,1.1));
#1602 = DIRECTION('',(0.,1.,0.));
#1603 = DIRECTION('',(-1.,0.,0.));
#1604 = ADVANCED_FACE('',(#1605),#1617,.T.);
#1605 = FACE_BOUND('',#1606,.T.);
#1606 = EDGE_LOOP('',(#1607,#1608,#1615,#1616));
#1607 = ORIENTED_EDGE('',*,*,#1279,.T.);
#1608 = ORIENTED_EDGE('',*,*,#1609,.F.);
#1609 = EDGE_CURVE('',#1271,#1269,#1610,.T.);
#1610 = CIRCLE('',#1611,0.66);
#1611 = AXIS2_PLACEMENT_3D('',#1612,#1613,#1614);
#1612 = CARTESIAN_POINT('',(47.238908,22.155721,1.1));
#1613 = DIRECTION('',(0.,1.,6.123031769112E-17));
#1614 = DIRECTION('',(0.,-6.123031769112E-17,1.));
#1615 = ORIENTED_EDGE('',*,*,#1286,.F.);
#1616 = ORIENTED_EDGE('',*,*,#1565,.T.);
#1617 = CYLINDRICAL_SURFACE('',#1618,0.66);
#1618 = AXIS2_PLACEMENT_3D('',#1619,#1620,#1621);
#1619 = CARTESIAN_POINT('',(47.238908,22.125721,1.1));
#1620 = DIRECTION('',(0.,1.,6.123031769112E-17));
#1621 = DIRECTION('',(0.,6.123031769112E-17,-1.));
#1622 = ADVANCED_FACE('',(#1623),#1629,.T.);
#1623 = FACE_BOUND('',#1624,.T.);
#1624 = EDGE_LOOP('',(#1625,#1626,#1627,#1628));
#1625 = ORIENTED_EDGE('',*,*,#902,.F.);
#1626 = ORIENTED_EDGE('',*,*,#311,.T.);
#1627 = ORIENTED_EDGE('',*,*,#895,.T.);
#1628 = ORIENTED_EDGE('',*,*,#1591,.F.);
#1629 = CONICAL_SURFACE('',#1630,0.7,0.785398163397);
#1630 = AXIS2_PLACEMENT_3D('',#1631,#1632,#1633);
#1631 = CARTESIAN_POINT('',(47.238908,21.975721,1.1));
#1632 = DIRECTION('',(0.,1.,0.));
#1633 = DIRECTION('',(-1.,0.,0.));
#1634 = ADVANCED_FACE('',(#1635),#1648,.T.);
#1635 = FACE_BOUND('',#1636,.T.);
#1636 = EDGE_LOOP('',(#1637,#1638,#1639,#1640,#1647));
#1637 = ORIENTED_EDGE('',*,*,#1153,.T.);
#1638 = ORIENTED_EDGE('',*,*,#1433,.F.);
#1639 = ORIENTED_EDGE('',*,*,#1127,.F.);
#1640 = ORIENTED_EDGE('',*,*,#1641,.T.);
#1641 = EDGE_CURVE('',#1119,#1302,#1642,.T.);
#1642 = CIRCLE('',#1643,0.7);
#1643 = AXIS2_PLACEMENT_3D('',#1644,#1645,#1646);
#1644 = CARTESIAN_POINT('',(47.238908,22.195721,1.1));
#1645 = DIRECTION('',(0.,1.,3.061515884556E-17));
#1646 = DIRECTION('',(-1.,0.,0.));
#1647 = ORIENTED_EDGE('',*,*,#1301,.T.);
#1648 = CYLINDRICAL_SURFACE('',#1649,0.7);
#1649 = AXIS2_PLACEMENT_3D('',#1650,#1651,#1652);
#1650 = CARTESIAN_POINT('',(47.238908,22.495721,1.1));
#1651 = DIRECTION('',(0.,1.,0.));
#1652 = DIRECTION('',(-1.,0.,0.));
#1653 = ADVANCED_FACE('',(#1654),#1661,.T.);
#1654 = FACE_BOUND('',#1655,.T.);
#1655 = EDGE_LOOP('',(#1656,#1657,#1658,#1659,#1660));
#1656 = ORIENTED_EDGE('',*,*,#1310,.T.);
#1657 = ORIENTED_EDGE('',*,*,#1641,.F.);
#1658 = ORIENTED_EDGE('',*,*,#1118,.F.);
#1659 = ORIENTED_EDGE('',*,*,#1317,.F.);
#1660 = ORIENTED_EDGE('',*,*,#1609,.T.);
#1661 = CONICAL_SURFACE('',#1662,0.7,0.785398163397);
#1662 = AXIS2_PLACEMENT_3D('',#1663,#1664,#1665);
#1663 = CARTESIAN_POINT('',(47.238908,22.195721,1.1));
#1664 = DIRECTION('',(0.,1.,3.172065784643E-16));
#1665 = DIRECTION('',(0.,3.172065784643E-16,-1.));
#1666 = ( GEOMETRIC_REPRESENTATION_CONTEXT(3) 
GLOBAL_UNCERTAINTY_ASSIGNED_CONTEXT((#1670)) 
GLOBAL_UNIT_ASSIGNED_CONTEXT((#1667,#1668,#1669)) REPRESENTATION_CONTEXT
('Context #1','3D Context with UNIT and UNCERTAINTY') );
#1667 = ( LENGTH_UNIT() NAMED_UNIT(*) SI_UNIT(.MILLI.,.METRE.) );
#1668 = ( NAMED_UNIT(*) PLANE_ANGLE_UNIT() SI_UNIT($,.RADIAN.) );
#1669 = ( NAMED_UNIT(*) SI_UNIT($,.STERADIAN.) SOLID_ANGLE_UNIT() );
#1670 = UNCERTAINTY_MEASURE_WITH_UNIT(LENGTH_MEASURE(1.E-07),#1667,
  'distance_accuracy_value','confusion accuracy');
#1671 = CONTEXT_DEPENDENT_SHAPE_REPRESENTATION(#1672,#1674);
#1672 = ( REPRESENTATION_RELATIONSHIP('','',#95,#72) 
REPRESENTATION_RELATIONSHIP_WITH_TRANSFORMATION(#1673) 
SHAPE_REPRESENTATION_RELATIONSHIP() );
#1673 = ITEM_DEFINED_TRANSFORMATION('','',#11,#73);
#1674 = PRODUCT_DEFINITION_SHAPE('Placement','Placement of an item',
  #1675);
#1675 = NEXT_ASSEMBLY_USAGE_OCCURRENCE('1','X.FL-R-SMT-1','',#67,#90,$);
#1676 = PRODUCT_RELATED_PRODUCT_CATEGORY('part',$,(#92));
#1677 = CONTEXT_DEPENDENT_SHAPE_REPRESENTATION(#1678,#1680);
#1678 = ( REPRESENTATION_RELATIONSHIP('','',#72,#10) 
REPRESENTATION_RELATIONSHIP_WITH_TRANSFORMATION(#1679) 
SHAPE_REPRESENTATION_RELATIONSHIP() );
#1679 = ITEM_DEFINED_TRANSFORMATION('','',#11,#19);
#1680 = PRODUCT_DEFINITION_SHAPE('Placement','Placement of an item',
  #1681);
#1681 = NEXT_ASSEMBLY_USAGE_OCCURRENCE('3','J1','',#5,#67,$);
#1682 = SHAPE_DEFINITION_REPRESENTATION(#1683,#1689);
#1683 = PRODUCT_DEFINITION_SHAPE('','',#1684);
#1684 = PRODUCT_DEFINITION('design','',#1685,#1688);
#1685 = PRODUCT_DEFINITION_FORMATION('','',#1686);
#1686 = PRODUCT('LED_0201_0603Metric','LED_0201_0603Metric','',(#1687));
#1687 = PRODUCT_CONTEXT('',#2,'mechanical');
#1688 = PRODUCT_DEFINITION_CONTEXT('part definition',#2,'design');
#1689 = ADVANCED_BREP_SHAPE_REPRESENTATION('',(#11,#1690),#2329);
#1690 = MANIFOLD_SOLID_BREP('',#1691);
#1691 = CLOSED_SHELL('',(#1692,#1732,#1763,#1881,#1912,#1936,#1953,#1977
    ,#2008,#2032,#2056,#2073,#2104,#2128,#2152,#2169,#2200,#2224,#2241,
    #2265,#2282,#2294,#2306,#2318));
#1692 = ADVANCED_FACE('',(#1693),#1727,.F.);
#1693 = FACE_BOUND('',#1694,.F.);
#1694 = EDGE_LOOP('',(#1695,#1705,#1713,#1721));
#1695 = ORIENTED_EDGE('',*,*,#1696,.F.);
#1696 = EDGE_CURVE('',#1697,#1699,#1701,.T.);
#1697 = VERTEX_POINT('',#1698);
#1698 = CARTESIAN_POINT('',(-0.325,-0.175,1.7E-02));
#1699 = VERTEX_POINT('',#1700);
#1700 = CARTESIAN_POINT('',(-0.325,-0.175,0.107));
#1701 = LINE('',#1702,#1703);
#1702 = CARTESIAN_POINT('',(-0.325,-0.175,1.7E-02));
#1703 = VECTOR('',#1704,1.);
#1704 = DIRECTION('',(0.,0.,1.));
#1705 = ORIENTED_EDGE('',*,*,#1706,.T.);
#1706 = EDGE_CURVE('',#1697,#1707,#1709,.T.);
#1707 = VERTEX_POINT('',#1708);
#1708 = CARTESIAN_POINT('',(-0.325,0.175,1.7E-02));
#1709 = LINE('',#1710,#1711);
#1710 = CARTESIAN_POINT('',(-0.325,-0.175,1.7E-02));
#1711 = VECTOR('',#1712,1.);
#1712 = DIRECTION('',(0.,1.,0.));
#1713 = ORIENTED_EDGE('',*,*,#1714,.T.);
#1714 = EDGE_CURVE('',#1707,#1715,#1717,.T.);
#1715 = VERTEX_POINT('',#1716);
#1716 = CARTESIAN_POINT('',(-0.325,0.175,0.107));
#1717 = LINE('',#1718,#1719);
#1718 = CARTESIAN_POINT('',(-0.325,0.175,1.7E-02));
#1719 = VECTOR('',#1720,1.);
#1720 = DIRECTION('',(0.,0.,1.));
#1721 = ORIENTED_EDGE('',*,*,#1722,.T.);
#1722 = EDGE_CURVE('',#1715,#1699,#1723,.T.);
#1723 = LINE('',#1724,#1725);
#1724 = CARTESIAN_POINT('',(-0.325,0.175,0.107));
#1725 = VECTOR('',#1726,1.);
#1726 = DIRECTION('',(0.,-1.,0.));
#1727 = PLANE('',#1728);
#1728 = AXIS2_PLACEMENT_3D('',#1729,#1730,#1731);
#1729 = CARTESIAN_POINT('',(-0.325,-0.175,1.7E-02));
#1730 = DIRECTION('',(1.,0.,0.));
#1731 = DIRECTION('',(0.,0.,1.));
#1732 = ADVANCED_FACE('',(#1733),#1758,.F.);
#1733 = FACE_BOUND('',#1734,.F.);
#1734 = EDGE_LOOP('',(#1735,#1743,#1744,#1752));
#1735 = ORIENTED_EDGE('',*,*,#1736,.F.);
#1736 = EDGE_CURVE('',#1697,#1737,#1739,.T.);
#1737 = VERTEX_POINT('',#1738);
#1738 = CARTESIAN_POINT('',(0.325,-0.175,1.7E-02));
#1739 = LINE('',#1740,#1741);
#1740 = CARTESIAN_POINT('',(-0.325,-0.175,1.7E-02));
#1741 = VECTOR('',#1742,1.);
#1742 = DIRECTION('',(1.,0.,0.));
#1743 = ORIENTED_EDGE('',*,*,#1696,.T.);
#1744 = ORIENTED_EDGE('',*,*,#1745,.F.);
#1745 = EDGE_CURVE('',#1746,#1699,#1748,.T.);
#1746 = VERTEX_POINT('',#1747);
#1747 = CARTESIAN_POINT('',(0.325,-0.175,0.107));
#1748 = LINE('',#1749,#1750);
#1749 = CARTESIAN_POINT('',(0.325,-0.175,0.107));
#1750 = VECTOR('',#1751,1.);
#1751 = DIRECTION('',(-1.,0.,0.));
#1752 = ORIENTED_EDGE('',*,*,#1753,.F.);
#1753 = EDGE_CURVE('',#1737,#1746,#1754,.T.);
#1754 = LINE('',#1755,#1756);
#1755 = CARTESIAN_POINT('',(0.325,-0.175,1.7E-02));
#1756 = VECTOR('',#1757,1.);
#1757 = DIRECTION('',(0.,0.,1.));
#1758 = PLANE('',#1759);
#1759 = AXIS2_PLACEMENT_3D('',#1760,#1761,#1762);
#1760 = CARTESIAN_POINT('',(-0.325,-0.175,1.7E-02));
#1761 = DIRECTION('',(0.,1.,0.));
#1762 = DIRECTION('',(0.,-0.,1.));
#1763 = ADVANCED_FACE('',(#1764,#1782,#1816,#1850),#1876,.F.);
#1764 = FACE_BOUND('',#1765,.F.);
#1765 = EDGE_LOOP('',(#1766,#1767,#1768,#1776));
#1766 = ORIENTED_EDGE('',*,*,#1706,.F.);
#1767 = ORIENTED_EDGE('',*,*,#1736,.T.);
#1768 = ORIENTED_EDGE('',*,*,#1769,.T.);
#1769 = EDGE_CURVE('',#1737,#1770,#1772,.T.);
#1770 = VERTEX_POINT('',#1771);
#1771 = CARTESIAN_POINT('',(0.325,0.175,1.7E-02));
#1772 = LINE('',#1773,#1774);
#1773 = CARTESIAN_POINT('',(0.325,-0.175,1.7E-02));
#1774 = VECTOR('',#1775,1.);
#1775 = DIRECTION('',(0.,1.,0.));
#1776 = ORIENTED_EDGE('',*,*,#1777,.F.);
#1777 = EDGE_CURVE('',#1707,#1770,#1778,.T.);
#1778 = LINE('',#1779,#1780);
#1779 = CARTESIAN_POINT('',(-0.325,0.175,1.7E-02));
#1780 = VECTOR('',#1781,1.);
#1781 = DIRECTION('',(1.,0.,0.));
#1782 = FACE_BOUND('',#1783,.F.);
#1783 = EDGE_LOOP('',(#1784,#1794,#1802,#1810));
#1784 = ORIENTED_EDGE('',*,*,#1785,.T.);
#1785 = EDGE_CURVE('',#1786,#1788,#1790,.T.);
#1786 = VERTEX_POINT('',#1787);
#1787 = CARTESIAN_POINT('',(0.105,0.125,1.7E-02));
#1788 = VERTEX_POINT('',#1789);
#1789 = CARTESIAN_POINT('',(0.275,0.125,1.7E-02));
#1790 = LINE('',#1791,#1792);
#1791 = CARTESIAN_POINT('',(0.105,0.125,1.7E-02));
#1792 = VECTOR('',#1793,1.);
#1793 = DIRECTION('',(1.,0.,0.));
#1794 = ORIENTED_EDGE('',*,*,#1795,.F.);
#1795 = EDGE_CURVE('',#1796,#1788,#1798,.T.);
#1796 = VERTEX_POINT('',#1797);
#1797 = CARTESIAN_POINT('',(0.275,-0.125,1.7E-02));
#1798 = LINE('',#1799,#1800);
#1799 = CARTESIAN_POINT('',(0.275,-0.125,1.7E-02));
#1800 = VECTOR('',#1801,1.);
#1801 = DIRECTION('',(0.,1.,0.));
#1802 = ORIENTED_EDGE('',*,*,#1803,.F.);
#1803 = EDGE_CURVE('',#1804,#1796,#1806,.T.);
#1804 = VERTEX_POINT('',#1805);
#1805 = CARTESIAN_POINT('',(0.105,-0.125,1.7E-02));
#1806 = LINE('',#1807,#1808);
#1807 = CARTESIAN_POINT('',(0.105,-0.125,1.7E-02));
#1808 = VECTOR('',#1809,1.);
#1809 = DIRECTION('',(1.,0.,0.));
#1810 = ORIENTED_EDGE('',*,*,#1811,.T.);
#1811 = EDGE_CURVE('',#1804,#1786,#1812,.T.);
#1812 = LINE('',#1813,#1814);
#1813 = CARTESIAN_POINT('',(0.105,-0.125,1.7E-02));
#1814 = VECTOR('',#1815,1.);
#1815 = DIRECTION('',(0.,1.,0.));
#1816 = FACE_BOUND('',#1817,.F.);
#1817 = EDGE_LOOP('',(#1818,#1828,#1836,#1844));
#1818 = ORIENTED_EDGE('',*,*,#1819,.T.);
#1819 = EDGE_CURVE('',#1820,#1822,#1824,.T.);
#1820 = VERTEX_POINT('',#1821);
#1821 = CARTESIAN_POINT('',(-0.275,0.125,1.7E-02));
#1822 = VERTEX_POINT('',#1823);
#1823 = CARTESIAN_POINT('',(-0.105,0.125,1.7E-02));
#1824 = LINE('',#1825,#1826);
#1825 = CARTESIAN_POINT('',(-0.275,0.125,1.7E-02));
#1826 = VECTOR('',#1827,1.);
#1827 = DIRECTION('',(1.,0.,0.));
#1828 = ORIENTED_EDGE('',*,*,#1829,.F.);
#1829 = EDGE_CURVE('',#1830,#1822,#1832,.T.);
#1830 = VERTEX_POINT('',#1831);
#1831 = CARTESIAN_POINT('',(-0.105,-0.125,1.7E-02));
#1832 = LINE('',#1833,#1834);
#1833 = CARTESIAN_POINT('',(-0.105,-0.125,1.7E-02));
#1834 = VECTOR('',#1835,1.);
#1835 = DIRECTION('',(0.,1.,0.));
#1836 = ORIENTED_EDGE('',*,*,#1837,.F.);
#1837 = EDGE_CURVE('',#1838,#1830,#1840,.T.);
#1838 = VERTEX_POINT('',#1839);
#1839 = CARTESIAN_POINT('',(-0.275,-0.125,1.7E-02));
#1840 = LINE('',#1841,#1842);
#1841 = CARTESIAN_POINT('',(-0.275,-0.125,1.7E-02));
#1842 = VECTOR('',#1843,1.);
#1843 = DIRECTION('',(1.,0.,0.));
#1844 = ORIENTED_EDGE('',*,*,#1845,.T.);
#1845 = EDGE_CURVE('',#1838,#1820,#1846,.T.);
#1846 = LINE('',#1847,#1848);
#1847 = CARTESIAN_POINT('',(-0.275,-0.125,1.7E-02));
#1848 = VECTOR('',#1849,1.);
#1849 = DIRECTION('',(0.,1.,0.));
#1850 = FACE_BOUND('',#1851,.F.);
#1851 = EDGE_LOOP('',(#1852,#1862,#1870));
#1852 = ORIENTED_EDGE('',*,*,#1853,.T.);
#1853 = EDGE_CURVE('',#1854,#1856,#1858,.T.);
#1854 = VERTEX_POINT('',#1855);
#1855 = CARTESIAN_POINT('',(7.274613391789E-02,8.4E-02,1.7E-02));
#1856 = VERTEX_POINT('',#1857);
#1857 = CARTESIAN_POINT('',(7.274613391789E-02,-8.4E-02,1.7E-02));
#1858 = LINE('',#1859,#1860);
#1859 = CARTESIAN_POINT('',(7.274613391789E-02,8.4E-02,1.7E-02));
#1860 = VECTOR('',#1861,1.);
#1861 = DIRECTION('',(0.,-1.,0.));
#1862 = ORIENTED_EDGE('',*,*,#1863,.T.);
#1863 = EDGE_CURVE('',#1856,#1864,#1866,.T.);
#1864 = VERTEX_POINT('',#1865);
#1865 = CARTESIAN_POINT('',(-7.274613391789E-02,0.,1.7E-02));
#1866 = LINE('',#1867,#1868);
#1867 = CARTESIAN_POINT('',(7.274613391789E-02,-8.4E-02,1.7E-02));
#1868 = VECTOR('',#1869,1.);
#1869 = DIRECTION('',(-0.866025403784,0.5,0.));
#1870 = ORIENTED_EDGE('',*,*,#1871,.T.);
#1871 = EDGE_CURVE('',#1864,#1854,#1872,.T.);
#1872 = LINE('',#1873,#1874);
#1873 = CARTESIAN_POINT('',(-7.274613391789E-02,0.,1.7E-02));
#1874 = VECTOR('',#1875,1.);
#1875 = DIRECTION('',(0.866025403784,0.5,0.));
#1876 = PLANE('',#1877);
#1877 = AXIS2_PLACEMENT_3D('',#1878,#1879,#1880);
#1878 = CARTESIAN_POINT('',(-0.325,-0.175,1.7E-02));
#1879 = DIRECTION('',(0.,0.,1.));
#1880 = DIRECTION('',(1.,0.,-0.));
#1881 = ADVANCED_FACE('',(#1882),#1907,.T.);
#1882 = FACE_BOUND('',#1883,.T.);
#1883 = EDGE_LOOP('',(#1884,#1885,#1893,#1901));
#1884 = ORIENTED_EDGE('',*,*,#1722,.T.);
#1885 = ORIENTED_EDGE('',*,*,#1886,.T.);
#1886 = EDGE_CURVE('',#1699,#1887,#1889,.T.);
#1887 = VERTEX_POINT('',#1888);
#1888 = CARTESIAN_POINT('',(-0.2925,-0.175,0.2));
#1889 = LINE('',#1890,#1891);
#1890 = CARTESIAN_POINT('',(-0.325,-0.175,0.107));
#1891 = VECTOR('',#1892,1.);
#1892 = DIRECTION('',(0.32989823916,0.,0.944016499749));
#1893 = ORIENTED_EDGE('',*,*,#1894,.F.);
#1894 = EDGE_CURVE('',#1895,#1887,#1897,.T.);
#1895 = VERTEX_POINT('',#1896);
#1896 = CARTESIAN_POINT('',(-0.2925,0.175,0.2));
#1897 = LINE('',#1898,#1899);
#1898 = CARTESIAN_POINT('',(-0.2925,0.175,0.2));
#1899 = VECTOR('',#1900,1.);
#1900 = DIRECTION('',(0.,-1.,0.));
#1901 = ORIENTED_EDGE('',*,*,#1902,.F.);
#1902 = EDGE_CURVE('',#1715,#1895,#1903,.T.);
#1903 = LINE('',#1904,#1905);
#1904 = CARTESIAN_POINT('',(-0.325,0.175,0.107));
#1905 = VECTOR('',#1906,1.);
#1906 = DIRECTION('',(0.32989823916,0.,0.944016499749));
#1907 = PLANE('',#1908);
#1908 = AXIS2_PLACEMENT_3D('',#1909,#1910,#1911);
#1909 = CARTESIAN_POINT('',(-0.325,0.175,0.107));
#1910 = DIRECTION('',(-0.944016499749,0.,0.32989823916));
#1911 = DIRECTION('',(0.32989823916,0.,0.944016499749));
#1912 = ADVANCED_FACE('',(#1913),#1931,.T.);
#1913 = FACE_BOUND('',#1914,.T.);
#1914 = EDGE_LOOP('',(#1915,#1916,#1917,#1925));
#1915 = ORIENTED_EDGE('',*,*,#1777,.F.);
#1916 = ORIENTED_EDGE('',*,*,#1714,.T.);
#1917 = ORIENTED_EDGE('',*,*,#1918,.F.);
#1918 = EDGE_CURVE('',#1919,#1715,#1921,.T.);
#1919 = VERTEX_POINT('',#1920);
#1920 = CARTESIAN_POINT('',(0.325,0.175,0.107));
#1921 = LINE('',#1922,#1923);
#1922 = CARTESIAN_POINT('',(0.325,0.175,0.107));
#1923 = VECTOR('',#1924,1.);
#1924 = DIRECTION('',(-1.,0.,0.));
#1925 = ORIENTED_EDGE('',*,*,#1926,.F.);
#1926 = EDGE_CURVE('',#1770,#1919,#1927,.T.);
#1927 = LINE('',#1928,#1929);
#1928 = CARTESIAN_POINT('',(0.325,0.175,1.7E-02));
#1929 = VECTOR('',#1930,1.);
#1930 = DIRECTION('',(0.,0.,1.));
#1931 = PLANE('',#1932);
#1932 = AXIS2_PLACEMENT_3D('',#1933,#1934,#1935);
#1933 = CARTESIAN_POINT('',(-0.325,0.175,1.7E-02));
#1934 = DIRECTION('',(0.,1.,0.));
#1935 = DIRECTION('',(0.,-0.,1.));
#1936 = ADVANCED_FACE('',(#1937),#1948,.T.);
#1937 = FACE_BOUND('',#1938,.T.);
#1938 = EDGE_LOOP('',(#1939,#1940,#1941,#1942));
#1939 = ORIENTED_EDGE('',*,*,#1753,.F.);
#1940 = ORIENTED_EDGE('',*,*,#1769,.T.);
#1941 = ORIENTED_EDGE('',*,*,#1926,.T.);
#1942 = ORIENTED_EDGE('',*,*,#1943,.T.);
#1943 = EDGE_CURVE('',#1919,#1746,#1944,.T.);
#1944 = LINE('',#1945,#1946);
#1945 = CARTESIAN_POINT('',(0.325,0.175,0.107));
#1946 = VECTOR('',#1947,1.);
#1947 = DIRECTION('',(0.,-1.,0.));
#1948 = PLANE('',#1949);
#1949 = AXIS2_PLACEMENT_3D('',#1950,#1951,#1952);
#1950 = CARTESIAN_POINT('',(0.325,-0.175,1.7E-02));
#1951 = DIRECTION('',(1.,0.,0.));
#1952 = DIRECTION('',(0.,0.,1.));
#1953 = ADVANCED_FACE('',(#1954),#1972,.F.);
#1954 = FACE_BOUND('',#1955,.F.);
#1955 = EDGE_LOOP('',(#1956,#1957,#1965,#1971));
#1956 = ORIENTED_EDGE('',*,*,#1886,.T.);
#1957 = ORIENTED_EDGE('',*,*,#1958,.T.);
#1958 = EDGE_CURVE('',#1887,#1959,#1961,.T.);
#1959 = VERTEX_POINT('',#1960);
#1960 = CARTESIAN_POINT('',(0.2925,-0.175,0.2));
#1961 = LINE('',#1962,#1963);
#1962 = CARTESIAN_POINT('',(-0.2925,-0.175,0.2));
#1963 = VECTOR('',#1964,1.);
#1964 = DIRECTION('',(1.,0.,0.));
#1965 = ORIENTED_EDGE('',*,*,#1966,.T.);
#1966 = EDGE_CURVE('',#1959,#1746,#1967,.T.);
#1967 = LINE('',#1968,#1969);
#1968 = CARTESIAN_POINT('',(0.2925,-0.175,0.2));
#1969 = VECTOR('',#1970,1.);
#1970 = DIRECTION('',(0.32989823916,0.,-0.944016499749));
#1971 = ORIENTED_EDGE('',*,*,#1745,.T.);
#1972 = PLANE('',#1973);
#1973 = AXIS2_PLACEMENT_3D('',#1974,#1975,#1976);
#1974 = CARTESIAN_POINT('',(9.690986503965E-18,-0.175,0.15138936053));
#1975 = DIRECTION('',(3.640674961141E-33,1.,-8.102543307743E-32));
#1976 = DIRECTION('',(0.,8.102543307743E-32,1.));
#1977 = ADVANCED_FACE('',(#1978),#2003,.T.);
#1978 = FACE_BOUND('',#1979,.T.);
#1979 = EDGE_LOOP('',(#1980,#1990,#1996,#1997));
#1980 = ORIENTED_EDGE('',*,*,#1981,.F.);
#1981 = EDGE_CURVE('',#1982,#1984,#1986,.T.);
#1982 = VERTEX_POINT('',#1983);
#1983 = CARTESIAN_POINT('',(0.105,0.125,0.));
#1984 = VERTEX_POINT('',#1985);
#1985 = CARTESIAN_POINT('',(0.275,0.125,0.));
#1986 = LINE('',#1987,#1988);
#1987 = CARTESIAN_POINT('',(0.105,0.125,0.));
#1988 = VECTOR('',#1989,1.);
#1989 = DIRECTION('',(1.,0.,0.));
#1990 = ORIENTED_EDGE('',*,*,#1991,.T.);
#1991 = EDGE_CURVE('',#1982,#1786,#1992,.T.);
#1992 = LINE('',#1993,#1994);
#1993 = CARTESIAN_POINT('',(0.105,0.125,0.));
#1994 = VECTOR('',#1995,1.);
#1995 = DIRECTION('',(0.,0.,1.));
#1996 = ORIENTED_EDGE('',*,*,#1785,.T.);
#1997 = ORIENTED_EDGE('',*,*,#1998,.F.);
#1998 = EDGE_CURVE('',#1984,#1788,#1999,.T.);
#1999 = LINE('',#2000,#2001);
#2000 = CARTESIAN_POINT('',(0.275,0.125,0.));
#2001 = VECTOR('',#2002,1.);
#2002 = DIRECTION('',(0.,0.,1.));
#2003 = PLANE('',#2004);
#2004 = AXIS2_PLACEMENT_3D('',#2005,#2006,#2007);
#2005 = CARTESIAN_POINT('',(0.105,0.125,0.));
#2006 = DIRECTION('',(0.,1.,0.));
#2007 = DIRECTION('',(0.,-0.,1.));
#2008 = ADVANCED_FACE('',(#2009),#2027,.F.);
#2009 = FACE_BOUND('',#2010,.F.);
#2010 = EDGE_LOOP('',(#2011,#2019,#2025,#2026));
#2011 = ORIENTED_EDGE('',*,*,#2012,.F.);
#2012 = EDGE_CURVE('',#2013,#1804,#2015,.T.);
#2013 = VERTEX_POINT('',#2014);
#2014 = CARTESIAN_POINT('',(0.105,-0.125,0.));
#2015 = LINE('',#2016,#2017);
#2016 = CARTESIAN_POINT('',(0.105,-0.125,0.));
#2017 = VECTOR('',#2018,1.);
#2018 = DIRECTION('',(0.,0.,1.));
#2019 = ORIENTED_EDGE('',*,*,#2020,.T.);
#2020 = EDGE_CURVE('',#2013,#1982,#2021,.T.);
#2021 = LINE('',#2022,#2023);
#2022 = CARTESIAN_POINT('',(0.105,-0.125,0.));
#2023 = VECTOR('',#2024,1.);
#2024 = DIRECTION('',(0.,1.,0.));
#2025 = ORIENTED_EDGE('',*,*,#1991,.T.);
#2026 = ORIENTED_EDGE('',*,*,#1811,.F.);
#2027 = PLANE('',#2028);
#2028 = AXIS2_PLACEMENT_3D('',#2029,#2030,#2031);
#2029 = CARTESIAN_POINT('',(0.105,-0.125,0.));
#2030 = DIRECTION('',(1.,0.,0.));
#2031 = DIRECTION('',(0.,0.,1.));
#2032 = ADVANCED_FACE('',(#2033),#2051,.F.);
#2033 = FACE_BOUND('',#2034,.F.);
#2034 = EDGE_LOOP('',(#2035,#2043,#2044,#2045));
#2035 = ORIENTED_EDGE('',*,*,#2036,.F.);
#2036 = EDGE_CURVE('',#2013,#2037,#2039,.T.);
#2037 = VERTEX_POINT('',#2038);
#2038 = CARTESIAN_POINT('',(0.275,-0.125,0.));
#2039 = LINE('',#2040,#2041);
#2040 = CARTESIAN_POINT('',(0.105,-0.125,0.));
#2041 = VECTOR('',#2042,1.);
#2042 = DIRECTION('',(1.,0.,0.));
#2043 = ORIENTED_EDGE('',*,*,#2012,.T.);
#2044 = ORIENTED_EDGE('',*,*,#1803,.T.);
#2045 = ORIENTED_EDGE('',*,*,#2046,.F.);
#2046 = EDGE_CURVE('',#2037,#1796,#2047,.T.);
#2047 = LINE('',#2048,#2049);
#2048 = CARTESIAN_POINT('',(0.275,-0.125,0.));
#2049 = VECTOR('',#2050,1.);
#2050 = DIRECTION('',(0.,0.,1.));
#2051 = PLANE('',#2052);
#2052 = AXIS2_PLACEMENT_3D('',#2053,#2054,#2055);
#2053 = CARTESIAN_POINT('',(0.105,-0.125,0.));
#2054 = DIRECTION('',(0.,1.,0.));
#2055 = DIRECTION('',(0.,-0.,1.));
#2056 = ADVANCED_FACE('',(#2057),#2068,.T.);
#2057 = FACE_BOUND('',#2058,.T.);
#2058 = EDGE_LOOP('',(#2059,#2060,#2066,#2067));
#2059 = ORIENTED_EDGE('',*,*,#2046,.F.);
#2060 = ORIENTED_EDGE('',*,*,#2061,.T.);
#2061 = EDGE_CURVE('',#2037,#1984,#2062,.T.);
#2062 = LINE('',#2063,#2064);
#2063 = CARTESIAN_POINT('',(0.275,-0.125,0.));
#2064 = VECTOR('',#2065,1.);
#2065 = DIRECTION('',(0.,1.,0.));
#2066 = ORIENTED_EDGE('',*,*,#1998,.T.);
#2067 = ORIENTED_EDGE('',*,*,#1795,.F.);
#2068 = PLANE('',#2069);
#2069 = AXIS2_PLACEMENT_3D('',#2070,#2071,#2072);
#2070 = CARTESIAN_POINT('',(0.275,-0.125,0.));
#2071 = DIRECTION('',(1.,0.,0.));
#2072 = DIRECTION('',(0.,0.,1.));
#2073 = ADVANCED_FACE('',(#2074),#2099,.T.);
#2074 = FACE_BOUND('',#2075,.T.);
#2075 = EDGE_LOOP('',(#2076,#2086,#2092,#2093));
#2076 = ORIENTED_EDGE('',*,*,#2077,.F.);
#2077 = EDGE_CURVE('',#2078,#2080,#2082,.T.);
#2078 = VERTEX_POINT('',#2079);
#2079 = CARTESIAN_POINT('',(-0.275,0.125,0.));
#2080 = VERTEX_POINT('',#2081);
#2081 = CARTESIAN_POINT('',(-0.105,0.125,0.));
#2082 = LINE('',#2083,#2084);
#2083 = CARTESIAN_POINT('',(-0.275,0.125,0.));
#2084 = VECTOR('',#2085,1.);
#2085 = DIRECTION('',(1.,0.,0.));
#2086 = ORIENTED_EDGE('',*,*,#2087,.T.);
#2087 = EDGE_CURVE('',#2078,#1820,#2088,.T.);
#2088 = LINE('',#2089,#2090);
#2089 = CARTESIAN_POINT('',(-0.275,0.125,0.));
#2090 = VECTOR('',#2091,1.);
#2091 = DIRECTION('',(0.,0.,1.));
#2092 = ORIENTED_EDGE('',*,*,#1819,.T.);
#2093 = ORIENTED_EDGE('',*,*,#2094,.F.);
#2094 = EDGE_CURVE('',#2080,#1822,#2095,.T.);
#2095 = LINE('',#2096,#2097);
#2096 = CARTESIAN_POINT('',(-0.105,0.125,0.));
#2097 = VECTOR('',#2098,1.);
#2098 = DIRECTION('',(0.,0.,1.));
#2099 = PLANE('',#2100);
#2100 = AXIS2_PLACEMENT_3D('',#2101,#2102,#2103);
#2101 = CARTESIAN_POINT('',(-0.275,0.125,0.));
#2102 = DIRECTION('',(0.,1.,0.));
#2103 = DIRECTION('',(0.,-0.,1.));
#2104 = ADVANCED_FACE('',(#2105),#2123,.F.);
#2105 = FACE_BOUND('',#2106,.F.);
#2106 = EDGE_LOOP('',(#2107,#2115,#2121,#2122));
#2107 = ORIENTED_EDGE('',*,*,#2108,.F.);
#2108 = EDGE_CURVE('',#2109,#1838,#2111,.T.);
#2109 = VERTEX_POINT('',#2110);
#2110 = CARTESIAN_POINT('',(-0.275,-0.125,0.));
#2111 = LINE('',#2112,#2113);
#2112 = CARTESIAN_POINT('',(-0.275,-0.125,0.));
#2113 = VECTOR('',#2114,1.);
#2114 = DIRECTION('',(0.,0.,1.));
#2115 = ORIENTED_EDGE('',*,*,#2116,.T.);
#2116 = EDGE_CURVE('',#2109,#2078,#2117,.T.);
#2117 = LINE('',#2118,#2119);
#2118 = CARTESIAN_POINT('',(-0.275,-0.125,0.));
#2119 = VECTOR('',#2120,1.);
#2120 = DIRECTION('',(0.,1.,0.));
#2121 = ORIENTED_EDGE('',*,*,#2087,.T.);
#2122 = ORIENTED_EDGE('',*,*,#1845,.F.);
#2123 = PLANE('',#2124);
#2124 = AXIS2_PLACEMENT_3D('',#2125,#2126,#2127);
#2125 = CARTESIAN_POINT('',(-0.275,-0.125,0.));
#2126 = DIRECTION('',(1.,0.,0.));
#2127 = DIRECTION('',(0.,0.,1.));
#2128 = ADVANCED_FACE('',(#2129),#2147,.F.);
#2129 = FACE_BOUND('',#2130,.F.);
#2130 = EDGE_LOOP('',(#2131,#2139,#2140,#2141));
#2131 = ORIENTED_EDGE('',*,*,#2132,.F.);
#2132 = EDGE_CURVE('',#2109,#2133,#2135,.T.);
#2133 = VERTEX_POINT('',#2134);
#2134 = CARTESIAN_POINT('',(-0.105,-0.125,0.));
#2135 = LINE('',#2136,#2137);
#2136 = CARTESIAN_POINT('',(-0.275,-0.125,0.));
#2137 = VECTOR('',#2138,1.);
#2138 = DIRECTION('',(1.,0.,0.));
#2139 = ORIENTED_EDGE('',*,*,#2108,.T.);
#2140 = ORIENTED_EDGE('',*,*,#1837,.T.);
#2141 = ORIENTED_EDGE('',*,*,#2142,.F.);
#2142 = EDGE_CURVE('',#2133,#1830,#2143,.T.);
#2143 = LINE('',#2144,#2145);
#2144 = CARTESIAN_POINT('',(-0.105,-0.125,0.));
#2145 = VECTOR('',#2146,1.);
#2146 = DIRECTION('',(0.,0.,1.));
#2147 = PLANE('',#2148);
#2148 = AXIS2_PLACEMENT_3D('',#2149,#2150,#2151);
#2149 = CARTESIAN_POINT('',(-0.275,-0.125,0.));
#2150 = DIRECTION('',(0.,1.,0.));
#2151 = DIRECTION('',(0.,-0.,1.));
#2152 = ADVANCED_FACE('',(#2153),#2164,.T.);
#2153 = FACE_BOUND('',#2154,.T.);
#2154 = EDGE_LOOP('',(#2155,#2156,#2162,#2163));
#2155 = ORIENTED_EDGE('',*,*,#2142,.F.);
#2156 = ORIENTED_EDGE('',*,*,#2157,.T.);
#2157 = EDGE_CURVE('',#2133,#2080,#2158,.T.);
#2158 = LINE('',#2159,#2160);
#2159 = CARTESIAN_POINT('',(-0.105,-0.125,0.));
#2160 = VECTOR('',#2161,1.);
#2161 = DIRECTION('',(0.,1.,0.));
#2162 = ORIENTED_EDGE('',*,*,#2094,.T.);
#2163 = ORIENTED_EDGE('',*,*,#1829,.F.);
#2164 = PLANE('',#2165);
#2165 = AXIS2_PLACEMENT_3D('',#2166,#2167,#2168);
#2166 = CARTESIAN_POINT('',(-0.105,-0.125,0.));
#2167 = DIRECTION('',(1.,0.,0.));
#2168 = DIRECTION('',(0.,0.,1.));
#2169 = ADVANCED_FACE('',(#2170),#2195,.T.);
#2170 = FACE_BOUND('',#2171,.T.);
#2171 = EDGE_LOOP('',(#2172,#2180,#2181,#2189));
#2172 = ORIENTED_EDGE('',*,*,#2173,.T.);
#2173 = EDGE_CURVE('',#2174,#1854,#2176,.T.);
#2174 = VERTEX_POINT('',#2175);
#2175 = CARTESIAN_POINT('',(7.274613391789E-02,8.4E-02,8.5E-03));
#2176 = LINE('',#2177,#2178);
#2177 = CARTESIAN_POINT('',(7.274613391789E-02,8.4E-02,8.5E-03));
#2178 = VECTOR('',#2179,1.);
#2179 = DIRECTION('',(0.,0.,1.));
#2180 = ORIENTED_EDGE('',*,*,#1853,.T.);
#2181 = ORIENTED_EDGE('',*,*,#2182,.F.);
#2182 = EDGE_CURVE('',#2183,#1856,#2185,.T.);
#2183 = VERTEX_POINT('',#2184);
#2184 = CARTESIAN_POINT('',(7.274613391789E-02,-8.4E-02,8.5E-03));
#2185 = LINE('',#2186,#2187);
#2186 = CARTESIAN_POINT('',(7.274613391789E-02,-8.4E-02,8.5E-03));
#2187 = VECTOR('',#2188,1.);
#2188 = DIRECTION('',(0.,0.,1.));
#2189 = ORIENTED_EDGE('',*,*,#2190,.F.);
#2190 = EDGE_CURVE('',#2174,#2183,#2191,.T.);
#2191 = LINE('',#2192,#2193);
#2192 = CARTESIAN_POINT('',(7.274613391789E-02,8.4E-02,8.5E-03));
#2193 = VECTOR('',#2194,1.);
#2194 = DIRECTION('',(0.,-1.,0.));
#2195 = PLANE('',#2196);
#2196 = AXIS2_PLACEMENT_3D('',#2197,#2198,#2199);
#2197 = CARTESIAN_POINT('',(7.274613391789E-02,8.4E-02,8.5E-03));
#2198 = DIRECTION('',(1.,0.,0.));
#2199 = DIRECTION('',(0.,-1.,0.));
#2200 = ADVANCED_FACE('',(#2201),#2219,.T.);
#2201 = FACE_BOUND('',#2202,.T.);
#2202 = EDGE_LOOP('',(#2203,#2211,#2212,#2213));
#2203 = ORIENTED_EDGE('',*,*,#2204,.T.);
#2204 = EDGE_CURVE('',#2205,#1864,#2207,.T.);
#2205 = VERTEX_POINT('',#2206);
#2206 = CARTESIAN_POINT('',(-7.274613391789E-02,0.,8.5E-03));
#2207 = LINE('',#2208,#2209);
#2208 = CARTESIAN_POINT('',(-7.274613391789E-02,0.,8.5E-03));
#2209 = VECTOR('',#2210,1.);
#2210 = DIRECTION('',(0.,0.,1.));
#2211 = ORIENTED_EDGE('',*,*,#1871,.T.);
#2212 = ORIENTED_EDGE('',*,*,#2173,.F.);
#2213 = ORIENTED_EDGE('',*,*,#2214,.F.);
#2214 = EDGE_CURVE('',#2205,#2174,#2215,.T.);
#2215 = LINE('',#2216,#2217);
#2216 = CARTESIAN_POINT('',(-7.274613391789E-02,0.,8.5E-03));
#2217 = VECTOR('',#2218,1.);
#2218 = DIRECTION('',(0.866025403784,0.5,0.));
#2219 = PLANE('',#2220);
#2220 = AXIS2_PLACEMENT_3D('',#2221,#2222,#2223);
#2221 = CARTESIAN_POINT('',(-7.274613391789E-02,0.,8.5E-03));
#2222 = DIRECTION('',(-0.5,0.866025403784,0.));
#2223 = DIRECTION('',(0.866025403784,0.5,0.));
#2224 = ADVANCED_FACE('',(#2225),#2236,.T.);
#2225 = FACE_BOUND('',#2226,.T.);
#2226 = EDGE_LOOP('',(#2227,#2228,#2229,#2230));
#2227 = ORIENTED_EDGE('',*,*,#2182,.T.);
#2228 = ORIENTED_EDGE('',*,*,#1863,.T.);
#2229 = ORIENTED_EDGE('',*,*,#2204,.F.);
#2230 = ORIENTED_EDGE('',*,*,#2231,.F.);
#2231 = EDGE_CURVE('',#2183,#2205,#2232,.T.);
#2232 = LINE('',#2233,#2234);
#2233 = CARTESIAN_POINT('',(7.274613391789E-02,-8.4E-02,8.5E-03));
#2234 = VECTOR('',#2235,1.);
#2235 = DIRECTION('',(-0.866025403784,0.5,0.));
#2236 = PLANE('',#2237);
#2237 = AXIS2_PLACEMENT_3D('',#2238,#2239,#2240);
#2238 = CARTESIAN_POINT('',(7.274613391789E-02,-8.4E-02,8.5E-03));
#2239 = DIRECTION('',(-0.5,-0.866025403784,0.));
#2240 = DIRECTION('',(-0.866025403784,0.5,0.));
#2241 = ADVANCED_FACE('',(#2242),#2260,.T.);
#2242 = FACE_BOUND('',#2243,.T.);
#2243 = EDGE_LOOP('',(#2244,#2245,#2253,#2259));
#2244 = ORIENTED_EDGE('',*,*,#1902,.T.);
#2245 = ORIENTED_EDGE('',*,*,#2246,.T.);
#2246 = EDGE_CURVE('',#1895,#2247,#2249,.T.);
#2247 = VERTEX_POINT('',#2248);
#2248 = CARTESIAN_POINT('',(0.2925,0.175,0.2));
#2249 = LINE('',#2250,#2251);
#2250 = CARTESIAN_POINT('',(-0.2925,0.175,0.2));
#2251 = VECTOR('',#2252,1.);
#2252 = DIRECTION('',(1.,0.,0.));
#2253 = ORIENTED_EDGE('',*,*,#2254,.T.);
#2254 = EDGE_CURVE('',#2247,#1919,#2255,.T.);
#2255 = LINE('',#2256,#2257);
#2256 = CARTESIAN_POINT('',(0.2925,0.175,0.2));
#2257 = VECTOR('',#2258,1.);
#2258 = DIRECTION('',(0.32989823916,0.,-0.944016499749));
#2259 = ORIENTED_EDGE('',*,*,#1918,.T.);
#2260 = PLANE('',#2261);
#2261 = AXIS2_PLACEMENT_3D('',#2262,#2263,#2264);
#2262 = CARTESIAN_POINT('',(9.690986503965E-18,0.175,0.15138936053));
#2263 = DIRECTION('',(3.640674961141E-33,1.,-8.102543307743E-32));
#2264 = DIRECTION('',(0.,8.102543307743E-32,1.));
#2265 = ADVANCED_FACE('',(#2266),#2277,.T.);
#2266 = FACE_BOUND('',#2267,.T.);
#2267 = EDGE_LOOP('',(#2268,#2269,#2270,#2276));
#2268 = ORIENTED_EDGE('',*,*,#1894,.T.);
#2269 = ORIENTED_EDGE('',*,*,#1958,.T.);
#2270 = ORIENTED_EDGE('',*,*,#2271,.F.);
#2271 = EDGE_CURVE('',#2247,#1959,#2272,.T.);
#2272 = LINE('',#2273,#2274);
#2273 = CARTESIAN_POINT('',(0.2925,0.175,0.2));
#2274 = VECTOR('',#2275,1.);
#2275 = DIRECTION('',(0.,-1.,0.));
#2276 = ORIENTED_EDGE('',*,*,#2246,.F.);
#2277 = PLANE('',#2278);
#2278 = AXIS2_PLACEMENT_3D('',#2279,#2280,#2281);
#2279 = CARTESIAN_POINT('',(-0.2925,0.175,0.2));
#2280 = DIRECTION('',(0.,0.,1.));
#2281 = DIRECTION('',(1.,0.,-0.));
#2282 = ADVANCED_FACE('',(#2283),#2289,.T.);
#2283 = FACE_BOUND('',#2284,.T.);
#2284 = EDGE_LOOP('',(#2285,#2286,#2287,#2288));
#2285 = ORIENTED_EDGE('',*,*,#2271,.T.);
#2286 = ORIENTED_EDGE('',*,*,#1966,.T.);
#2287 = ORIENTED_EDGE('',*,*,#1943,.F.);
#2288 = ORIENTED_EDGE('',*,*,#2254,.F.);
#2289 = PLANE('',#2290);
#2290 = AXIS2_PLACEMENT_3D('',#2291,#2292,#2293);
#2291 = CARTESIAN_POINT('',(0.2925,0.175,0.2));
#2292 = DIRECTION('',(0.944016499749,0.,0.32989823916));
#2293 = DIRECTION('',(0.32989823916,0.,-0.944016499749));
#2294 = ADVANCED_FACE('',(#2295),#2301,.F.);
#2295 = FACE_BOUND('',#2296,.F.);
#2296 = EDGE_LOOP('',(#2297,#2298,#2299,#2300));
#2297 = ORIENTED_EDGE('',*,*,#2020,.F.);
#2298 = ORIENTED_EDGE('',*,*,#2036,.T.);
#2299 = ORIENTED_EDGE('',*,*,#2061,.T.);
#2300 = ORIENTED_EDGE('',*,*,#1981,.F.);
#2301 = PLANE('',#2302);
#2302 = AXIS2_PLACEMENT_3D('',#2303,#2304,#2305);
#2303 = CARTESIAN_POINT('',(0.105,-0.125,0.));
#2304 = DIRECTION('',(0.,0.,1.));
#2305 = DIRECTION('',(1.,0.,-0.));
#2306 = ADVANCED_FACE('',(#2307),#2313,.F.);
#2307 = FACE_BOUND('',#2308,.F.);
#2308 = EDGE_LOOP('',(#2309,#2310,#2311,#2312));
#2309 = ORIENTED_EDGE('',*,*,#2116,.F.);
#2310 = ORIENTED_EDGE('',*,*,#2132,.T.);
#2311 = ORIENTED_EDGE('',*,*,#2157,.T.);
#2312 = ORIENTED_EDGE('',*,*,#2077,.F.);
#2313 = PLANE('',#2314);
#2314 = AXIS2_PLACEMENT_3D('',#2315,#2316,#2317);
#2315 = CARTESIAN_POINT('',(-0.275,-0.125,0.));
#2316 = DIRECTION('',(0.,0.,1.));
#2317 = DIRECTION('',(1.,0.,-0.));
#2318 = ADVANCED_FACE('',(#2319),#2324,.T.);
#2319 = FACE_BOUND('',#2320,.T.);
#2320 = EDGE_LOOP('',(#2321,#2322,#2323));
#2321 = ORIENTED_EDGE('',*,*,#2214,.T.);
#2322 = ORIENTED_EDGE('',*,*,#2190,.T.);
#2323 = ORIENTED_EDGE('',*,*,#2231,.T.);
#2324 = PLANE('',#2325);
#2325 = AXIS2_PLACEMENT_3D('',#2326,#2327,#2328);
#2326 = CARTESIAN_POINT('',(2.424871130596E-02,0.,8.5E-03));
#2327 = DIRECTION('',(-0.,-0.,-1.));
#2328 = DIRECTION('',(-1.,0.,0.));
#2329 = ( GEOMETRIC_REPRESENTATION_CONTEXT(3) 
GLOBAL_UNCERTAINTY_ASSIGNED_CONTEXT((#2333)) 
GLOBAL_UNIT_ASSIGNED_CONTEXT((#2330,#2331,#2332)) REPRESENTATION_CONTEXT
('Context #1','3D Context with UNIT and UNCERTAINTY') );
#2330 = ( LENGTH_UNIT() NAMED_UNIT(*) SI_UNIT(.MILLI.,.METRE.) );
#2331 = ( NAMED_UNIT(*) PLANE_ANGLE_UNIT() SI_UNIT($,.RADIAN.) );
#2332 = ( NAMED_UNIT(*) SI_UNIT($,.STERADIAN.) SOLID_ANGLE_UNIT() );
#2333 = UNCERTAINTY_MEASURE_WITH_UNIT(LENGTH_MEASURE(1.E-07),#2330,
  'distance_accuracy_value','confusion accuracy');
#2334 = CONTEXT_DEPENDENT_SHAPE_REPRESENTATION(#2335,#2337);
#2335 = ( REPRESENTATION_RELATIONSHIP('','',#1689,#10) 
REPRESENTATION_RELATIONSHIP_WITH_TRANSFORMATION(#2336) 
SHAPE_REPRESENTATION_RELATIONSHIP() );
#2336 = ITEM_DEFINED_TRANSFORMATION('','',#11,#23);
#2337 = PRODUCT_DEFINITION_SHAPE('Placement','Placement of an item',
  #2338);
#2338 = NEXT_ASSEMBLY_USAGE_OCCURRENCE('4','D1','',#5,#1684,$);
#2339 = PRODUCT_RELATED_PRODUCT_CATEGORY('part',$,(#1686));
#2340 = SHAPE_DEFINITION_REPRESENTATION(#2341,#2347);
#2341 = PRODUCT_DEFINITION_SHAPE('','',#2342);
#2342 = PRODUCT_DEFINITION('design','',#2343,#2346);
#2343 = PRODUCT_DEFINITION_FORMATION('','',#2344);
#2344 = PRODUCT('Molex_SlimStack_505413-0610_2x3_P0.35mm_Vertical',
  'Molex_SlimStack_505413-0610_2x3_P0.35mm_Vertical','',(#2345));
#2345 = PRODUCT_CONTEXT('',#2,'mechanical');
#2346 = PRODUCT_DEFINITION_CONTEXT('part definition',#2,'design');
#2347 = SHAPE_REPRESENTATION('',(#11,#2348,#2352),#2356);
#2348 = AXIS2_PLACEMENT_3D('',#2349,#2350,#2351);
#2349 = CARTESIAN_POINT('',(0.,0.,0.));
#2350 = DIRECTION('',(0.,0.,1.));
#2351 = DIRECTION('',(1.,0.,-0.));
#2352 = AXIS2_PLACEMENT_3D('',#2353,#2354,#2355);
#2353 = CARTESIAN_POINT('',(0.,0.,0.));
#2354 = DIRECTION('',(0.,0.,1.));
#2355 = DIRECTION('',(1.,0.,-0.));
#2356 = ( GEOMETRIC_REPRESENTATION_CONTEXT(3) 
GLOBAL_UNCERTAINTY_ASSIGNED_CONTEXT((#2360)) 
GLOBAL_UNIT_ASSIGNED_CONTEXT((#2357,#2358,#2359)) REPRESENTATION_CONTEXT
('Context #1','3D Context with UNIT and UNCERTAINTY') );
#2357 = ( LENGTH_UNIT() NAMED_UNIT(*) SI_UNIT(.MILLI.,.METRE.) );
#2358 = ( NAMED_UNIT(*) PLANE_ANGLE_UNIT() SI_UNIT($,.RADIAN.) );
#2359 = ( NAMED_UNIT(*) SI_UNIT($,.STERADIAN.) SOLID_ANGLE_UNIT() );
#2360 = UNCERTAINTY_MEASURE_WITH_UNIT(LENGTH_MEASURE(2.E-06),#2357,
  'distance_accuracy_value','confusion accuracy');
#2361 = CONTEXT_DEPENDENT_SHAPE_REPRESENTATION(#2362,#2364);
#2362 = ( REPRESENTATION_RELATIONSHIP('','',#2347,#10) 
REPRESENTATION_RELATIONSHIP_WITH_TRANSFORMATION(#2363) 
SHAPE_REPRESENTATION_RELATIONSHIP() );
#2363 = ITEM_DEFINED_TRANSFORMATION('','',#11,#27);
#2364 = PRODUCT_DEFINITION_SHAPE('Placement','Placement of an item',
  #2365);
#2365 = NEXT_ASSEMBLY_USAGE_OCCURRENCE('7','J4','',#5,#2342,$);
#2366 = PRODUCT_RELATED_PRODUCT_CATEGORY('part',$,(#2344));
#2367 = SHAPE_DEFINITION_REPRESENTATION(#2368,#2374);
#2368 = PRODUCT_DEFINITION_SHAPE('','',#2369);
#2369 = PRODUCT_DEFINITION('design','',#2370,#2373);
#2370 = PRODUCT_DEFINITION_FORMATION('','',#2371);
#2371 = PRODUCT('SOLID','SOLID','',(#2372));
#2372 = PRODUCT_CONTEXT('',#2,'mechanical');
#2373 = PRODUCT_DEFINITION_CONTEXT('part definition',#2,'design');
#2374 = ADVANCED_BREP_SHAPE_REPRESENTATION('',(#11,#2375),#17180);
#2375 = MANIFOLD_SOLID_BREP('',#2376);
#2376 = CLOSED_SHELL('',(#2377,#2419,#2461,#2503,#2545,#2587,#2629,#2671
    ,#2713,#2755,#2797,#2839,#3267,#3300,#3380,#3420,#3460,#3491,#3515,
    #3546,#3579,#3619,#3724,#3806,#3903,#3935,#3966,#3997,#4037,#4100,
    #4172,#4326,#4382,#4438,#4494,#4637,#4684,#4737,#4769,#4801,#4965,
    #5028,#5059,#5099,#5146,#5445,#5477,#5518,#5550,#5582,#5606,#5631,
    #5672,#5704,#5736,#5753,#5765,#6073,#6090,#6107,#6119,#6151,#6183,
    #6215,#6247,#6271,#6296,#6328,#6360,#6392,#6409,#6421,#6438,#6455,
    #6467,#6554,#6571,#6583,#6600,#6612,#6644,#6676,#6701,#6733,#6757,
    #6782,#6814,#6839,#6871,#6888,#6900,#6917,#6934,#6946,#6963,#6975,
    #7041,#7058,#7070,#7087,#7099,#7116,#7128,#7145,#7170,#7197,#7226,
    #7251,#7273,#7290,#7302,#7319,#7344,#7361,#7378,#7390,#7421,#7545,
    #7585,#7609,#7634,#7651,#7676,#7700,#7717,#7791,#7803,#7820,#7837,
    #7854,#7871,#7896,#7936,#8083,#8114,#8136,#8174,#8212,#8243,#8364,
    #8423,#8446,#8463,#8480,#8497,#8514,#8531,#8564,#8628,#8676,#8748,
    #8806,#8862,#8911,#8942,#8982,#9014,#9053,#9084,#9216,#9247,#9278,
    #9300,#9317,#9334,#9351,#9384,#9408,#9434,#9460,#9472,#9496,#9527,
    #9558,#9579,#9596,#9612,#9624,#9661,#9685,#9702,#9719,#9752,#9884,
    #9908,#9933,#9972,#9983,#10007,#10025,#10072,#10128,#10184,#10198,
    #10238,#10284,#10317,#10328,#10345,#10363,#10495,#10512,#10524,
    #10548,#10653,#10712,#10791,#10816,#10887,#10912,#10929,#10946,
    #10970,#10987,#11012,#11034,#11056,#11080,#11092,#11127,#11151,
    #11182,#11214,#11247,#11264,#11304,#11322,#11361,#11392,#11489,
    #11522,#11580,#11605,#11661,#11673,#11690,#11707,#11724,#11741,
    #11753,#11777,#11794,#11811,#11828,#11845,#11857,#11874,#11941,
    #11966,#12024,#12041,#12058,#12075,#12092,#12109,#12121,#12140,
    #12163,#12180,#12192,#12211,#12223,#12242,#12264,#12281,#12312,
    #12329,#12422,#12488,#12567,#12592,#12663,#12688,#12705,#12717,
    #12734,#12751,#12769,#12911,#13053,#13066,#13083,#13100,#13112,
    #13130,#13147,#13172,#13189,#13213,#13225,#13242,#13259,#13271,
    #13283,#13295,#13312,#13329,#13341,#13372,#13446,#13477,#13501,
    #13526,#13543,#13588,#13605,#13622,#13639,#13651,#13682,#13756,
    #13780,#13847,#13864,#13881,#13898,#13915,#13932,#13949,#13961,
    #13992,#14066,#14097,#14121,#14146,#14163,#14208,#14225,#14242,
    #14259,#14271,#14302,#14376,#14407,#14431,#14455,#14479,#14503,
    #14528,#14545,#14569,#14581,#14612,#14686,#14717,#14741,#14766,
    #14783,#14828,#14845,#14862,#14879,#14891,#14922,#14996,#15027,
    #15051,#15075,#15099,#15123,#15148,#15165,#15189,#15201,#15213,
    #15225,#15242,#15259,#15271,#15288,#15305,#15317,#15334,#15351,
    #15368,#15380,#15397,#15414,#15431,#15448,#15460,#15488,#15520,
    #15551,#15575,#15601,#15613,#15631,#15653,#15670,#15684,#15698,
    #15712,#15728,#15740,#15754,#15766,#15783,#15800,#15812,#15829,
    #15846,#15858,#15875,#15892,#15904,#15936,#15976,#16001,#16018,
    #16042,#16061,#16079,#16092,#16109,#16121,#16138,#16151,#16162,
    #16200,#16211,#16228,#16245,#16354,#16371,#16388,#16405,#16422,
    #16491,#16508,#16525,#16542,#16554,#16571,#16588,#16600,#16618,
    #16630,#16647,#16664,#16681,#16698,#16710,#16721,#16732,#16749,
    #16766,#16778,#16845,#16870,#16928,#16945,#16962,#16979,#16996,
    #17013,#17025,#17083,#17100,#17117,#17134,#17151,#17168));
#2377 = ADVANCED_FACE('',(#2378),#2414,.T.);
#2378 = FACE_BOUND('',#2379,.T.);
#2379 = EDGE_LOOP('',(#2380,#2390,#2399,#2407));
#2380 = ORIENTED_EDGE('',*,*,#2381,.F.);
#2381 = EDGE_CURVE('',#2382,#2384,#2386,.T.);
#2382 = VERTEX_POINT('',#2383);
#2383 = CARTESIAN_POINT('',(0.62,0.2,0.555));
#2384 = VERTEX_POINT('',#2385);
#2385 = CARTESIAN_POINT('',(0.795,0.2,0.555));
#2386 = LINE('',#2387,#2388);
#2387 = CARTESIAN_POINT('',(0.7075,0.2,0.555));
#2388 = VECTOR('',#2389,1.);
#2389 = DIRECTION('',(1.,-0.,-0.));
#2390 = ORIENTED_EDGE('',*,*,#2391,.T.);
#2391 = EDGE_CURVE('',#2382,#2392,#2394,.T.);
#2392 = VERTEX_POINT('',#2393);
#2393 = CARTESIAN_POINT('',(0.62,0.257850884872,0.576056000119));
#2394 = CIRCLE('',#2395,9.E-02);
#2395 = AXIS2_PLACEMENT_3D('',#2396,#2397,#2398);
#2396 = CARTESIAN_POINT('',(0.62,0.2,0.645));
#2397 = DIRECTION('',(1.,0.,0.));
#2398 = DIRECTION('',(0.,-0.581129145978,-0.813811351416));
#2399 = ORIENTED_EDGE('',*,*,#2400,.T.);
#2400 = EDGE_CURVE('',#2392,#2401,#2403,.T.);
#2401 = VERTEX_POINT('',#2402);
#2402 = CARTESIAN_POINT('',(0.795,0.257850884872,0.576056000119));
#2403 = LINE('',#2404,#2405);
#2404 = CARTESIAN_POINT('',(0.62,0.257850884872,0.576056000119));
#2405 = VECTOR('',#2406,1.);
#2406 = DIRECTION('',(1.,0.,0.));
#2407 = ORIENTED_EDGE('',*,*,#2408,.F.);
#2408 = EDGE_CURVE('',#2384,#2401,#2409,.T.);
#2409 = CIRCLE('',#2410,9.E-02);
#2410 = AXIS2_PLACEMENT_3D('',#2411,#2412,#2413);
#2411 = CARTESIAN_POINT('',(0.795,0.2,0.645));
#2412 = DIRECTION('',(1.,0.,0.));
#2413 = DIRECTION('',(0.,-0.581129145978,-0.813811351416));
#2414 = CYLINDRICAL_SURFACE('',#2415,9.E-02);
#2415 = AXIS2_PLACEMENT_3D('',#2416,#2417,#2418);
#2416 = CARTESIAN_POINT('',(0.62,0.2,0.645));
#2417 = DIRECTION('',(-1.,0.,-0.));
#2418 = DIRECTION('',(0.,0.,-1.));
#2419 = ADVANCED_FACE('',(#2420),#2456,.T.);
#2420 = FACE_BOUND('',#2421,.T.);
#2421 = EDGE_LOOP('',(#2422,#2432,#2441,#2449));
#2422 = ORIENTED_EDGE('',*,*,#2423,.F.);
#2423 = EDGE_CURVE('',#2424,#2426,#2428,.T.);
#2424 = VERTEX_POINT('',#2425);
#2425 = CARTESIAN_POINT('',(-0.795,0.2,0.555));
#2426 = VERTEX_POINT('',#2427);
#2427 = CARTESIAN_POINT('',(-0.62,0.2,0.555));
#2428 = LINE('',#2429,#2430);
#2429 = CARTESIAN_POINT('',(-0.7075,0.2,0.555));
#2430 = VECTOR('',#2431,1.);
#2431 = DIRECTION('',(1.,-0.,-0.));
#2432 = ORIENTED_EDGE('',*,*,#2433,.T.);
#2433 = EDGE_CURVE('',#2424,#2434,#2436,.T.);
#2434 = VERTEX_POINT('',#2435);
#2435 = CARTESIAN_POINT('',(-0.795,0.257850884872,0.576056000119));
#2436 = CIRCLE('',#2437,9.E-02);
#2437 = AXIS2_PLACEMENT_3D('',#2438,#2439,#2440);
#2438 = CARTESIAN_POINT('',(-0.795,0.2,0.645));
#2439 = DIRECTION('',(1.,0.,0.));
#2440 = DIRECTION('',(0.,-0.581129145978,-0.813811351416));
#2441 = ORIENTED_EDGE('',*,*,#2442,.F.);
#2442 = EDGE_CURVE('',#2443,#2434,#2445,.T.);
#2443 = VERTEX_POINT('',#2444);
#2444 = CARTESIAN_POINT('',(-0.62,0.257850884872,0.576056000119));
#2445 = LINE('',#2446,#2447);
#2446 = CARTESIAN_POINT('',(-0.62,0.257850884872,0.576056000119));
#2447 = VECTOR('',#2448,1.);
#2448 = DIRECTION('',(-1.,0.,0.));
#2449 = ORIENTED_EDGE('',*,*,#2450,.F.);
#2450 = EDGE_CURVE('',#2426,#2443,#2451,.T.);
#2451 = CIRCLE('',#2452,9.E-02);
#2452 = AXIS2_PLACEMENT_3D('',#2453,#2454,#2455);
#2453 = CARTESIAN_POINT('',(-0.62,0.2,0.645));
#2454 = DIRECTION('',(1.,0.,0.));
#2455 = DIRECTION('',(0.,-0.581129145978,-0.813811351416));
#2456 = CYLINDRICAL_SURFACE('',#2457,9.E-02);
#2457 = AXIS2_PLACEMENT_3D('',#2458,#2459,#2460);
#2458 = CARTESIAN_POINT('',(-0.62,0.2,0.645));
#2459 = DIRECTION('',(-1.,0.,-0.));
#2460 = DIRECTION('',(0.,0.,-1.));
#2461 = ADVANCED_FACE('',(#2462),#2498,.T.);
#2462 = FACE_BOUND('',#2463,.T.);
#2463 = EDGE_LOOP('',(#2464,#2474,#2483,#2491));
#2464 = ORIENTED_EDGE('',*,*,#2465,.F.);
#2465 = EDGE_CURVE('',#2466,#2468,#2470,.T.);
#2466 = VERTEX_POINT('',#2467);
#2467 = CARTESIAN_POINT('',(0.795,0.2,-0.555));
#2468 = VERTEX_POINT('',#2469);
#2469 = CARTESIAN_POINT('',(0.62,0.2,-0.555));
#2470 = LINE('',#2471,#2472);
#2471 = CARTESIAN_POINT('',(0.7075,0.2,-0.555));
#2472 = VECTOR('',#2473,1.);
#2473 = DIRECTION('',(-1.,0.,-0.));
#2474 = ORIENTED_EDGE('',*,*,#2475,.T.);
#2475 = EDGE_CURVE('',#2466,#2476,#2478,.T.);
#2476 = VERTEX_POINT('',#2477);
#2477 = CARTESIAN_POINT('',(0.795,0.257850884872,-0.576056000119));
#2478 = CIRCLE('',#2479,9.E-02);
#2479 = AXIS2_PLACEMENT_3D('',#2480,#2481,#2482);
#2480 = CARTESIAN_POINT('',(0.795,0.2,-0.645));
#2481 = DIRECTION('',(-1.,0.,0.));
#2482 = DIRECTION('',(0.,-0.581129145978,0.813811351416));
#2483 = ORIENTED_EDGE('',*,*,#2484,.F.);
#2484 = EDGE_CURVE('',#2485,#2476,#2487,.T.);
#2485 = VERTEX_POINT('',#2486);
#2486 = CARTESIAN_POINT('',(0.62,0.257850884872,-0.576056000119));
#2487 = LINE('',#2488,#2489);
#2488 = CARTESIAN_POINT('',(0.62,0.257850884872,-0.576056000119));
#2489 = VECTOR('',#2490,1.);
#2490 = DIRECTION('',(1.,0.,0.));
#2491 = ORIENTED_EDGE('',*,*,#2492,.F.);
#2492 = EDGE_CURVE('',#2468,#2485,#2493,.T.);
#2493 = CIRCLE('',#2494,9.E-02);
#2494 = AXIS2_PLACEMENT_3D('',#2495,#2496,#2497);
#2495 = CARTESIAN_POINT('',(0.62,0.2,-0.645));
#2496 = DIRECTION('',(-1.,0.,0.));
#2497 = DIRECTION('',(0.,-0.581129145978,0.813811351416));
#2498 = CYLINDRICAL_SURFACE('',#2499,9.E-02);
#2499 = AXIS2_PLACEMENT_3D('',#2500,#2501,#2502);
#2500 = CARTESIAN_POINT('',(0.62,0.2,-0.645));
#2501 = DIRECTION('',(1.,-0.,0.));
#2502 = DIRECTION('',(0.,0.,1.));
#2503 = ADVANCED_FACE('',(#2504),#2540,.F.);
#2504 = FACE_BOUND('',#2505,.F.);
#2505 = EDGE_LOOP('',(#2506,#2517,#2525,#2534));
#2506 = ORIENTED_EDGE('',*,*,#2507,.F.);
#2507 = EDGE_CURVE('',#2508,#2510,#2512,.T.);
#2508 = VERTEX_POINT('',#2509);
#2509 = CARTESIAN_POINT('',(-0.62,0.219283628291,-0.622018666706));
#2510 = VERTEX_POINT('',#2511);
#2511 = CARTESIAN_POINT('',(-0.62,0.2,-0.615));
#2512 = CIRCLE('',#2513,3.E-02);
#2513 = AXIS2_PLACEMENT_3D('',#2514,#2515,#2516);
#2514 = CARTESIAN_POINT('',(-0.62,0.2,-0.645));
#2515 = DIRECTION('',(1.,0.,-0.));
#2516 = DIRECTION('',(0.,0.642787609687,0.766044443119));
#2517 = ORIENTED_EDGE('',*,*,#2518,.T.);
#2518 = EDGE_CURVE('',#2508,#2519,#2521,.T.);
#2519 = VERTEX_POINT('',#2520);
#2520 = CARTESIAN_POINT('',(-0.795,0.219283628291,-0.622018666706));
#2521 = LINE('',#2522,#2523);
#2522 = CARTESIAN_POINT('',(-0.62,0.219283628291,-0.622018666706));
#2523 = VECTOR('',#2524,1.);
#2524 = DIRECTION('',(-1.,0.,0.));
#2525 = ORIENTED_EDGE('',*,*,#2526,.T.);
#2526 = EDGE_CURVE('',#2519,#2527,#2529,.T.);
#2527 = VERTEX_POINT('',#2528);
#2528 = CARTESIAN_POINT('',(-0.795,0.2,-0.615));
#2529 = CIRCLE('',#2530,3.E-02);
#2530 = AXIS2_PLACEMENT_3D('',#2531,#2532,#2533);
#2531 = CARTESIAN_POINT('',(-0.795,0.2,-0.645));
#2532 = DIRECTION('',(1.,0.,-0.));
#2533 = DIRECTION('',(0.,0.642787609687,0.766044443119));
#2534 = ORIENTED_EDGE('',*,*,#2535,.T.);
#2535 = EDGE_CURVE('',#2527,#2510,#2536,.T.);
#2536 = LINE('',#2537,#2538);
#2537 = CARTESIAN_POINT('',(-0.7075,0.2,-0.615));
#2538 = VECTOR('',#2539,1.);
#2539 = DIRECTION('',(1.,-0.,-0.));
#2540 = CYLINDRICAL_SURFACE('',#2541,3.E-02);
#2541 = AXIS2_PLACEMENT_3D('',#2542,#2543,#2544);
#2542 = CARTESIAN_POINT('',(-0.62,0.2,-0.645));
#2543 = DIRECTION('',(1.,-0.,0.));
#2544 = DIRECTION('',(0.,0.,1.));
#2545 = ADVANCED_FACE('',(#2546),#2582,.T.);
#2546 = FACE_BOUND('',#2547,.T.);
#2547 = EDGE_LOOP('',(#2548,#2558,#2567,#2575));
#2548 = ORIENTED_EDGE('',*,*,#2549,.F.);
#2549 = EDGE_CURVE('',#2550,#2552,#2554,.T.);
#2550 = VERTEX_POINT('',#2551);
#2551 = CARTESIAN_POINT('',(-0.62,0.2,-0.555));
#2552 = VERTEX_POINT('',#2553);
#2553 = CARTESIAN_POINT('',(-0.795,0.2,-0.555));
#2554 = LINE('',#2555,#2556);
#2555 = CARTESIAN_POINT('',(-0.7075,0.2,-0.555));
#2556 = VECTOR('',#2557,1.);
#2557 = DIRECTION('',(-1.,0.,-0.));
#2558 = ORIENTED_EDGE('',*,*,#2559,.T.);
#2559 = EDGE_CURVE('',#2550,#2560,#2562,.T.);
#2560 = VERTEX_POINT('',#2561);
#2561 = CARTESIAN_POINT('',(-0.62,0.257850884872,-0.576056000119));
#2562 = CIRCLE('',#2563,9.E-02);
#2563 = AXIS2_PLACEMENT_3D('',#2564,#2565,#2566);
#2564 = CARTESIAN_POINT('',(-0.62,0.2,-0.645));
#2565 = DIRECTION('',(-1.,0.,0.));
#2566 = DIRECTION('',(0.,-0.581129145978,0.813811351416));
#2567 = ORIENTED_EDGE('',*,*,#2568,.T.);
#2568 = EDGE_CURVE('',#2560,#2569,#2571,.T.);
#2569 = VERTEX_POINT('',#2570);
#2570 = CARTESIAN_POINT('',(-0.795,0.257850884872,-0.576056000119));
#2571 = LINE('',#2572,#2573);
#2572 = CARTESIAN_POINT('',(-0.62,0.257850884872,-0.576056000119));
#2573 = VECTOR('',#2574,1.);
#2574 = DIRECTION('',(-1.,0.,0.));
#2575 = ORIENTED_EDGE('',*,*,#2576,.F.);
#2576 = EDGE_CURVE('',#2552,#2569,#2577,.T.);
#2577 = CIRCLE('',#2578,9.E-02);
#2578 = AXIS2_PLACEMENT_3D('',#2579,#2580,#2581);
#2579 = CARTESIAN_POINT('',(-0.795,0.2,-0.645));
#2580 = DIRECTION('',(-1.,0.,0.));
#2581 = DIRECTION('',(0.,-0.581129145978,0.813811351416));
#2582 = CYLINDRICAL_SURFACE('',#2583,9.E-02);
#2583 = AXIS2_PLACEMENT_3D('',#2584,#2585,#2586);
#2584 = CARTESIAN_POINT('',(-0.62,0.2,-0.645));
#2585 = DIRECTION('',(1.,-0.,0.));
#2586 = DIRECTION('',(0.,0.,1.));
#2587 = ADVANCED_FACE('',(#2588),#2624,.T.);
#2588 = FACE_BOUND('',#2589,.T.);
#2589 = EDGE_LOOP('',(#2590,#2600,#2609,#2617));
#2590 = ORIENTED_EDGE('',*,*,#2591,.F.);
#2591 = EDGE_CURVE('',#2592,#2594,#2596,.T.);
#2592 = VERTEX_POINT('',#2593);
#2593 = CARTESIAN_POINT('',(-0.27,0.17,0.409828053652));
#2594 = VERTEX_POINT('',#2595);
#2595 = CARTESIAN_POINT('',(-0.43,0.17,0.409828053652));
#2596 = LINE('',#2597,#2598);
#2597 = CARTESIAN_POINT('',(-0.35,0.17,0.409828053652));
#2598 = VECTOR('',#2599,1.);
#2599 = DIRECTION('',(-1.,0.,-0.));
#2600 = ORIENTED_EDGE('',*,*,#2601,.F.);
#2601 = EDGE_CURVE('',#2602,#2592,#2604,.T.);
#2602 = VERTEX_POINT('',#2603);
#2603 = CARTESIAN_POINT('',(-0.27,0.257710276368,0.34));
#2604 = CIRCLE('',#2605,9.E-02);
#2605 = AXIS2_PLACEMENT_3D('',#2606,#2607,#2608);
#2606 = CARTESIAN_POINT('',(-0.27,0.17,0.319828053652));
#2607 = DIRECTION('',(1.,0.,-0.));
#2608 = DIRECTION('',(0.,0.974558626309,0.224132737203));
#2609 = ORIENTED_EDGE('',*,*,#2610,.F.);
#2610 = EDGE_CURVE('',#2611,#2602,#2613,.T.);
#2611 = VERTEX_POINT('',#2612);
#2612 = CARTESIAN_POINT('',(-0.43,0.257710276368,0.34));
#2613 = LINE('',#2614,#2615);
#2614 = CARTESIAN_POINT('',(-0.43,0.257710276368,0.34));
#2615 = VECTOR('',#2616,1.);
#2616 = DIRECTION('',(1.,0.,0.));
#2617 = ORIENTED_EDGE('',*,*,#2618,.T.);
#2618 = EDGE_CURVE('',#2611,#2594,#2619,.T.);
#2619 = CIRCLE('',#2620,9.E-02);
#2620 = AXIS2_PLACEMENT_3D('',#2621,#2622,#2623);
#2621 = CARTESIAN_POINT('',(-0.43,0.17,0.319828053652));
#2622 = DIRECTION('',(1.,0.,-0.));
#2623 = DIRECTION('',(0.,0.974558626309,0.224132737203));
#2624 = CYLINDRICAL_SURFACE('',#2625,9.E-02);
#2625 = AXIS2_PLACEMENT_3D('',#2626,#2627,#2628);
#2626 = CARTESIAN_POINT('',(-0.43,0.17,0.319828053652));
#2627 = DIRECTION('',(-1.,0.,-0.));
#2628 = DIRECTION('',(0.,0.,-1.));
#2629 = ADVANCED_FACE('',(#2630),#2666,.T.);
#2630 = FACE_BOUND('',#2631,.T.);
#2631 = EDGE_LOOP('',(#2632,#2642,#2651,#2659));
#2632 = ORIENTED_EDGE('',*,*,#2633,.F.);
#2633 = EDGE_CURVE('',#2634,#2636,#2638,.T.);
#2634 = VERTEX_POINT('',#2635);
#2635 = CARTESIAN_POINT('',(8.E-02,0.17,0.409828053652));
#2636 = VERTEX_POINT('',#2637);
#2637 = CARTESIAN_POINT('',(-8.E-02,0.17,0.409828053652));
#2638 = LINE('',#2639,#2640);
#2639 = CARTESIAN_POINT('',(0.,0.17,0.409828053652));
#2640 = VECTOR('',#2641,1.);
#2641 = DIRECTION('',(-1.,0.,-0.));
#2642 = ORIENTED_EDGE('',*,*,#2643,.F.);
#2643 = EDGE_CURVE('',#2644,#2634,#2646,.T.);
#2644 = VERTEX_POINT('',#2645);
#2645 = CARTESIAN_POINT('',(8.E-02,0.257710276368,0.34));
#2646 = CIRCLE('',#2647,9.E-02);
#2647 = AXIS2_PLACEMENT_3D('',#2648,#2649,#2650);
#2648 = CARTESIAN_POINT('',(8.E-02,0.17,0.319828053652));
#2649 = DIRECTION('',(1.,0.,-0.));
#2650 = DIRECTION('',(0.,0.974558626309,0.224132737203));
#2651 = ORIENTED_EDGE('',*,*,#2652,.F.);
#2652 = EDGE_CURVE('',#2653,#2644,#2655,.T.);
#2653 = VERTEX_POINT('',#2654);
#2654 = CARTESIAN_POINT('',(-8.E-02,0.257710276368,0.34));
#2655 = LINE('',#2656,#2657);
#2656 = CARTESIAN_POINT('',(-8.E-02,0.257710276368,0.34));
#2657 = VECTOR('',#2658,1.);
#2658 = DIRECTION('',(1.,0.,0.));
#2659 = ORIENTED_EDGE('',*,*,#2660,.T.);
#2660 = EDGE_CURVE('',#2653,#2636,#2661,.T.);
#2661 = CIRCLE('',#2662,9.E-02);
#2662 = AXIS2_PLACEMENT_3D('',#2663,#2664,#2665);
#2663 = CARTESIAN_POINT('',(-8.E-02,0.17,0.319828053652));
#2664 = DIRECTION('',(1.,0.,-0.));
#2665 = DIRECTION('',(0.,0.974558626309,0.224132737203));
#2666 = CYLINDRICAL_SURFACE('',#2667,9.E-02);
#2667 = AXIS2_PLACEMENT_3D('',#2668,#2669,#2670);
#2668 = CARTESIAN_POINT('',(-8.E-02,0.17,0.319828053652));
#2669 = DIRECTION('',(-1.,0.,-0.));
#2670 = DIRECTION('',(0.,0.,-1.));
#2671 = ADVANCED_FACE('',(#2672),#2708,.T.);
#2672 = FACE_BOUND('',#2673,.T.);
#2673 = EDGE_LOOP('',(#2674,#2684,#2693,#2701));
#2674 = ORIENTED_EDGE('',*,*,#2675,.F.);
#2675 = EDGE_CURVE('',#2676,#2678,#2680,.T.);
#2676 = VERTEX_POINT('',#2677);
#2677 = CARTESIAN_POINT('',(0.43,0.17,0.409828053652));
#2678 = VERTEX_POINT('',#2679);
#2679 = CARTESIAN_POINT('',(0.27,0.17,0.409828053652));
#2680 = LINE('',#2681,#2682);
#2681 = CARTESIAN_POINT('',(0.35,0.17,0.409828053652));
#2682 = VECTOR('',#2683,1.);
#2683 = DIRECTION('',(-1.,0.,-0.));
#2684 = ORIENTED_EDGE('',*,*,#2685,.F.);
#2685 = EDGE_CURVE('',#2686,#2676,#2688,.T.);
#2686 = VERTEX_POINT('',#2687);
#2687 = CARTESIAN_POINT('',(0.43,0.257710276368,0.34));
#2688 = CIRCLE('',#2689,9.E-02);
#2689 = AXIS2_PLACEMENT_3D('',#2690,#2691,#2692);
#2690 = CARTESIAN_POINT('',(0.43,0.17,0.319828053652));
#2691 = DIRECTION('',(1.,0.,-0.));
#2692 = DIRECTION('',(0.,0.974558626309,0.224132737203));
#2693 = ORIENTED_EDGE('',*,*,#2694,.F.);
#2694 = EDGE_CURVE('',#2695,#2686,#2697,.T.);
#2695 = VERTEX_POINT('',#2696);
#2696 = CARTESIAN_POINT('',(0.27,0.257710276368,0.34));
#2697 = LINE('',#2698,#2699);
#2698 = CARTESIAN_POINT('',(0.27,0.257710276368,0.34));
#2699 = VECTOR('',#2700,1.);
#2700 = DIRECTION('',(1.,0.,0.));
#2701 = ORIENTED_EDGE('',*,*,#2702,.T.);
#2702 = EDGE_CURVE('',#2695,#2678,#2703,.T.);
#2703 = CIRCLE('',#2704,9.E-02);
#2704 = AXIS2_PLACEMENT_3D('',#2705,#2706,#2707);
#2705 = CARTESIAN_POINT('',(0.27,0.17,0.319828053652));
#2706 = DIRECTION('',(1.,0.,-0.));
#2707 = DIRECTION('',(0.,0.974558626309,0.224132737203));
#2708 = CYLINDRICAL_SURFACE('',#2709,9.E-02);
#2709 = AXIS2_PLACEMENT_3D('',#2710,#2711,#2712);
#2710 = CARTESIAN_POINT('',(0.27,0.17,0.319828053652));
#2711 = DIRECTION('',(-1.,0.,-0.));
#2712 = DIRECTION('',(0.,0.,-1.));
#2713 = ADVANCED_FACE('',(#2714),#2750,.T.);
#2714 = FACE_BOUND('',#2715,.T.);
#2715 = EDGE_LOOP('',(#2716,#2726,#2735,#2743));
#2716 = ORIENTED_EDGE('',*,*,#2717,.F.);
#2717 = EDGE_CURVE('',#2718,#2720,#2722,.T.);
#2718 = VERTEX_POINT('',#2719);
#2719 = CARTESIAN_POINT('',(-0.43,0.17,-0.409828053652));
#2720 = VERTEX_POINT('',#2721);
#2721 = CARTESIAN_POINT('',(-0.27,0.17,-0.409828053652));
#2722 = LINE('',#2723,#2724);
#2723 = CARTESIAN_POINT('',(-0.35,0.17,-0.409828053652));
#2724 = VECTOR('',#2725,1.);
#2725 = DIRECTION('',(1.,-0.,-0.));
#2726 = ORIENTED_EDGE('',*,*,#2727,.T.);
#2727 = EDGE_CURVE('',#2718,#2728,#2730,.T.);
#2728 = VERTEX_POINT('',#2729);
#2729 = CARTESIAN_POINT('',(-0.43,0.257710276368,-0.34));
#2730 = CIRCLE('',#2731,9.E-02);
#2731 = AXIS2_PLACEMENT_3D('',#2732,#2733,#2734);
#2732 = CARTESIAN_POINT('',(-0.43,0.17,-0.319828053652));
#2733 = DIRECTION('',(1.,0.,0.));
#2734 = DIRECTION('',(0.,-0.32312890736,-0.946354959425));
#2735 = ORIENTED_EDGE('',*,*,#2736,.T.);
#2736 = EDGE_CURVE('',#2728,#2737,#2739,.T.);
#2737 = VERTEX_POINT('',#2738);
#2738 = CARTESIAN_POINT('',(-0.27,0.257710276368,-0.34));
#2739 = LINE('',#2740,#2741);
#2740 = CARTESIAN_POINT('',(-0.43,0.257710276368,-0.34));
#2741 = VECTOR('',#2742,1.);
#2742 = DIRECTION('',(1.,0.,0.));
#2743 = ORIENTED_EDGE('',*,*,#2744,.F.);
#2744 = EDGE_CURVE('',#2720,#2737,#2745,.T.);
#2745 = CIRCLE('',#2746,9.E-02);
#2746 = AXIS2_PLACEMENT_3D('',#2747,#2748,#2749);
#2747 = CARTESIAN_POINT('',(-0.27,0.17,-0.319828053652));
#2748 = DIRECTION('',(1.,0.,0.));
#2749 = DIRECTION('',(0.,-0.32312890736,-0.946354959425));
#2750 = CYLINDRICAL_SURFACE('',#2751,9.E-02);
#2751 = AXIS2_PLACEMENT_3D('',#2752,#2753,#2754);
#2752 = CARTESIAN_POINT('',(-0.43,0.17,-0.319828053652));
#2753 = DIRECTION('',(-1.,0.,-0.));
#2754 = DIRECTION('',(0.,0.,-1.));
#2755 = ADVANCED_FACE('',(#2756),#2792,.T.);
#2756 = FACE_BOUND('',#2757,.T.);
#2757 = EDGE_LOOP('',(#2758,#2768,#2777,#2785));
#2758 = ORIENTED_EDGE('',*,*,#2759,.F.);
#2759 = EDGE_CURVE('',#2760,#2762,#2764,.T.);
#2760 = VERTEX_POINT('',#2761);
#2761 = CARTESIAN_POINT('',(-8.E-02,0.17,-0.409828053652));
#2762 = VERTEX_POINT('',#2763);
#2763 = CARTESIAN_POINT('',(8.E-02,0.17,-0.409828053652));
#2764 = LINE('',#2765,#2766);
#2765 = CARTESIAN_POINT('',(0.,0.17,-0.409828053652));
#2766 = VECTOR('',#2767,1.);
#2767 = DIRECTION('',(1.,-0.,-0.));
#2768 = ORIENTED_EDGE('',*,*,#2769,.T.);
#2769 = EDGE_CURVE('',#2760,#2770,#2772,.T.);
#2770 = VERTEX_POINT('',#2771);
#2771 = CARTESIAN_POINT('',(-8.E-02,0.257710276368,-0.34));
#2772 = CIRCLE('',#2773,9.E-02);
#2773 = AXIS2_PLACEMENT_3D('',#2774,#2775,#2776);
#2774 = CARTESIAN_POINT('',(-8.E-02,0.17,-0.319828053652));
#2775 = DIRECTION('',(1.,0.,0.));
#2776 = DIRECTION('',(0.,-0.32312890736,-0.946354959425));
#2777 = ORIENTED_EDGE('',*,*,#2778,.T.);
#2778 = EDGE_CURVE('',#2770,#2779,#2781,.T.);
#2779 = VERTEX_POINT('',#2780);
#2780 = CARTESIAN_POINT('',(8.E-02,0.257710276368,-0.34));
#2781 = LINE('',#2782,#2783);
#2782 = CARTESIAN_POINT('',(-8.E-02,0.257710276368,-0.34));
#2783 = VECTOR('',#2784,1.);
#2784 = DIRECTION('',(1.,0.,0.));
#2785 = ORIENTED_EDGE('',*,*,#2786,.F.);
#2786 = EDGE_CURVE('',#2762,#2779,#2787,.T.);
#2787 = CIRCLE('',#2788,9.E-02);
#2788 = AXIS2_PLACEMENT_3D('',#2789,#2790,#2791);
#2789 = CARTESIAN_POINT('',(8.E-02,0.17,-0.319828053652));
#2790 = DIRECTION('',(1.,0.,0.));
#2791 = DIRECTION('',(0.,-0.32312890736,-0.946354959425));
#2792 = CYLINDRICAL_SURFACE('',#2793,9.E-02);
#2793 = AXIS2_PLACEMENT_3D('',#2794,#2795,#2796);
#2794 = CARTESIAN_POINT('',(-8.E-02,0.17,-0.319828053652));
#2795 = DIRECTION('',(-1.,0.,-0.));
#2796 = DIRECTION('',(0.,0.,-1.));
#2797 = ADVANCED_FACE('',(#2798),#2834,.T.);
#2798 = FACE_BOUND('',#2799,.T.);
#2799 = EDGE_LOOP('',(#2800,#2810,#2819,#2827));
#2800 = ORIENTED_EDGE('',*,*,#2801,.F.);
#2801 = EDGE_CURVE('',#2802,#2804,#2806,.T.);
#2802 = VERTEX_POINT('',#2803);
#2803 = CARTESIAN_POINT('',(0.27,0.17,-0.409828053652));
#2804 = VERTEX_POINT('',#2805);
#2805 = CARTESIAN_POINT('',(0.43,0.17,-0.409828053652));
#2806 = LINE('',#2807,#2808);
#2807 = CARTESIAN_POINT('',(0.35,0.17,-0.409828053652));
#2808 = VECTOR('',#2809,1.);
#2809 = DIRECTION('',(1.,-0.,-0.));
#2810 = ORIENTED_EDGE('',*,*,#2811,.T.);
#2811 = EDGE_CURVE('',#2802,#2812,#2814,.T.);
#2812 = VERTEX_POINT('',#2813);
#2813 = CARTESIAN_POINT('',(0.27,0.257710276368,-0.34));
#2814 = CIRCLE('',#2815,9.E-02);
#2815 = AXIS2_PLACEMENT_3D('',#2816,#2817,#2818);
#2816 = CARTESIAN_POINT('',(0.27,0.17,-0.319828053652));
#2817 = DIRECTION('',(1.,0.,0.));
#2818 = DIRECTION('',(0.,-0.32312890736,-0.946354959425));
#2819 = ORIENTED_EDGE('',*,*,#2820,.T.);
#2820 = EDGE_CURVE('',#2812,#2821,#2823,.T.);
#2821 = VERTEX_POINT('',#2822);
#2822 = CARTESIAN_POINT('',(0.43,0.257710276368,-0.34));
#2823 = LINE('',#2824,#2825);
#2824 = CARTESIAN_POINT('',(0.27,0.257710276368,-0.34));
#2825 = VECTOR('',#2826,1.);
#2826 = DIRECTION('',(1.,0.,0.));
#2827 = ORIENTED_EDGE('',*,*,#2828,.F.);
#2828 = EDGE_CURVE('',#2804,#2821,#2829,.T.);
#2829 = CIRCLE('',#2830,9.E-02);
#2830 = AXIS2_PLACEMENT_3D('',#2831,#2832,#2833);
#2831 = CARTESIAN_POINT('',(0.43,0.17,-0.319828053652));
#2832 = DIRECTION('',(1.,0.,0.));
#2833 = DIRECTION('',(0.,-0.32312890736,-0.946354959425));
#2834 = CYLINDRICAL_SURFACE('',#2835,9.E-02);
#2835 = AXIS2_PLACEMENT_3D('',#2836,#2837,#2838);
#2836 = CARTESIAN_POINT('',(0.27,0.17,-0.319828053652));
#2837 = DIRECTION('',(-1.,0.,-0.));
#2838 = DIRECTION('',(0.,0.,-1.));
#2839 = ADVANCED_FACE('',(#2840),#3262,.F.);
#2840 = FACE_BOUND('',#2841,.T.);
#2841 = EDGE_LOOP('',(#2842,#2852,#2860,#2868,#2877,#2885,#2893,#2901,
    #2909,#2917,#2925,#2933,#2941,#2949,#2958,#2966,#2974,#2982,#2990,
    #2998,#3006,#3014,#3022,#3030,#3038,#3046,#3054,#3062,#3070,#3078,
    #3087,#3095,#3103,#3111,#3119,#3127,#3135,#3143,#3151,#3159,#3168,
    #3176,#3184,#3192,#3200,#3208,#3216,#3224,#3232,#3240,#3248,#3256));
#2842 = ORIENTED_EDGE('',*,*,#2843,.T.);
#2843 = EDGE_CURVE('',#2844,#2846,#2848,.T.);
#2844 = VERTEX_POINT('',#2845);
#2845 = CARTESIAN_POINT('',(1.5,-0.33,0.595));
#2846 = VERTEX_POINT('',#2847);
#2847 = CARTESIAN_POINT('',(1.5,-0.33,0.615));
#2848 = LINE('',#2849,#2850);
#2849 = CARTESIAN_POINT('',(1.5,-0.33,0.595));
#2850 = VECTOR('',#2851,1.);
#2851 = DIRECTION('',(0.,-1.820765760385E-12,1.));
#2852 = ORIENTED_EDGE('',*,*,#2853,.F.);
#2853 = EDGE_CURVE('',#2854,#2846,#2856,.T.);
#2854 = VERTEX_POINT('',#2855);
#2855 = CARTESIAN_POINT('',(1.65,-0.33,0.615));
#2856 = LINE('',#2857,#2858);
#2857 = CARTESIAN_POINT('',(1.65,-0.33,0.615));
#2858 = VECTOR('',#2859,1.);
#2859 = DIRECTION('',(-1.,0.,0.));
#2860 = ORIENTED_EDGE('',*,*,#2861,.F.);
#2861 = EDGE_CURVE('',#2862,#2854,#2864,.T.);
#2862 = VERTEX_POINT('',#2863);
#2863 = CARTESIAN_POINT('',(1.65,-0.33,0.973205080757));
#2864 = LINE('',#2865,#2866);
#2865 = CARTESIAN_POINT('',(1.65,-0.33,0.973205080757));
#2866 = VECTOR('',#2867,1.);
#2867 = DIRECTION('',(0.,0.,-1.));
#2868 = ORIENTED_EDGE('',*,*,#2869,.F.);
#2869 = EDGE_CURVE('',#2870,#2862,#2872,.T.);
#2870 = VERTEX_POINT('',#2871);
#2871 = CARTESIAN_POINT('',(1.55,-0.33,1.));
#2872 = CIRCLE('',#2873,0.2);
#2873 = AXIS2_PLACEMENT_3D('',#2874,#2875,#2876);
#2874 = CARTESIAN_POINT('',(1.55,-0.33,0.8));
#2875 = DIRECTION('',(0.,1.,0.));
#2876 = DIRECTION('',(0.,-0.,1.));
#2877 = ORIENTED_EDGE('',*,*,#2878,.F.);
#2878 = EDGE_CURVE('',#2879,#2870,#2881,.T.);
#2879 = VERTEX_POINT('',#2880);
#2880 = CARTESIAN_POINT('',(1.265,-0.33,1.));
#2881 = LINE('',#2882,#2883);
#2882 = CARTESIAN_POINT('',(1.265,-0.33,1.));
#2883 = VECTOR('',#2884,1.);
#2884 = DIRECTION('',(1.,0.,0.));
#2885 = ORIENTED_EDGE('',*,*,#2886,.T.);
#2886 = EDGE_CURVE('',#2879,#2887,#2889,.T.);
#2887 = VERTEX_POINT('',#2888);
#2888 = CARTESIAN_POINT('',(1.265,-0.33,0.88));
#2889 = LINE('',#2890,#2891);
#2890 = CARTESIAN_POINT('',(1.265,-0.33,1.));
#2891 = VECTOR('',#2892,1.);
#2892 = DIRECTION('',(0.,0.,-1.));
#2893 = ORIENTED_EDGE('',*,*,#2894,.T.);
#2894 = EDGE_CURVE('',#2887,#2895,#2897,.T.);
#2895 = VERTEX_POINT('',#2896);
#2896 = CARTESIAN_POINT('',(0.525,-0.33,0.88));
#2897 = LINE('',#2898,#2899);
#2898 = CARTESIAN_POINT('',(1.265,-0.33,0.88));
#2899 = VECTOR('',#2900,1.);
#2900 = DIRECTION('',(-1.,0.,0.));
#2901 = ORIENTED_EDGE('',*,*,#2902,.F.);
#2902 = EDGE_CURVE('',#2903,#2895,#2905,.T.);
#2903 = VERTEX_POINT('',#2904);
#2904 = CARTESIAN_POINT('',(0.525,-0.33,0.76));
#2905 = LINE('',#2906,#2907);
#2906 = CARTESIAN_POINT('',(0.525,-0.33,0.76));
#2907 = VECTOR('',#2908,1.);
#2908 = DIRECTION('',(0.,0.,1.));
#2909 = ORIENTED_EDGE('',*,*,#2910,.F.);
#2910 = EDGE_CURVE('',#2911,#2903,#2913,.T.);
#2911 = VERTEX_POINT('',#2912);
#2912 = CARTESIAN_POINT('',(-0.525,-0.33,0.76));
#2913 = LINE('',#2914,#2915);
#2914 = CARTESIAN_POINT('',(-0.525,-0.33,0.76));
#2915 = VECTOR('',#2916,1.);
#2916 = DIRECTION('',(1.,0.,0.));
#2917 = ORIENTED_EDGE('',*,*,#2918,.F.);
#2918 = EDGE_CURVE('',#2919,#2911,#2921,.T.);
#2919 = VERTEX_POINT('',#2920);
#2920 = CARTESIAN_POINT('',(-0.525,-0.33,0.88));
#2921 = LINE('',#2922,#2923);
#2922 = CARTESIAN_POINT('',(-0.525,-0.33,0.88));
#2923 = VECTOR('',#2924,1.);
#2924 = DIRECTION('',(0.,0.,-1.));
#2925 = ORIENTED_EDGE('',*,*,#2926,.T.);
#2926 = EDGE_CURVE('',#2919,#2927,#2929,.T.);
#2927 = VERTEX_POINT('',#2928);
#2928 = CARTESIAN_POINT('',(-1.265,-0.33,0.88));
#2929 = LINE('',#2930,#2931);
#2930 = CARTESIAN_POINT('',(-0.525,-0.33,0.88));
#2931 = VECTOR('',#2932,1.);
#2932 = DIRECTION('',(-1.,0.,0.));
#2933 = ORIENTED_EDGE('',*,*,#2934,.F.);
#2934 = EDGE_CURVE('',#2935,#2927,#2937,.T.);
#2935 = VERTEX_POINT('',#2936);
#2936 = CARTESIAN_POINT('',(-1.265,-0.33,1.));
#2937 = LINE('',#2938,#2939);
#2938 = CARTESIAN_POINT('',(-1.265,-0.33,1.));
#2939 = VECTOR('',#2940,1.);
#2940 = DIRECTION('',(0.,0.,-1.));
#2941 = ORIENTED_EDGE('',*,*,#2942,.F.);
#2942 = EDGE_CURVE('',#2943,#2935,#2945,.T.);
#2943 = VERTEX_POINT('',#2944);
#2944 = CARTESIAN_POINT('',(-1.55,-0.33,1.));
#2945 = LINE('',#2946,#2947);
#2946 = CARTESIAN_POINT('',(-1.55,-0.33,1.));
#2947 = VECTOR('',#2948,1.);
#2948 = DIRECTION('',(1.,0.,0.));
#2949 = ORIENTED_EDGE('',*,*,#2950,.F.);
#2950 = EDGE_CURVE('',#2951,#2943,#2953,.T.);
#2951 = VERTEX_POINT('',#2952);
#2952 = CARTESIAN_POINT('',(-1.65,-0.33,0.973205080757));
#2953 = CIRCLE('',#2954,0.2);
#2954 = AXIS2_PLACEMENT_3D('',#2955,#2956,#2957);
#2955 = CARTESIAN_POINT('',(-1.55,-0.33,0.8));
#2956 = DIRECTION('',(0.,1.,0.));
#2957 = DIRECTION('',(-0.5,0.,0.866025403784));
#2958 = ORIENTED_EDGE('',*,*,#2959,.T.);
#2959 = EDGE_CURVE('',#2951,#2960,#2962,.T.);
#2960 = VERTEX_POINT('',#2961);
#2961 = CARTESIAN_POINT('',(-1.65,-0.33,0.615));
#2962 = LINE('',#2963,#2964);
#2963 = CARTESIAN_POINT('',(-1.65,-0.33,0.973205080757));
#2964 = VECTOR('',#2965,1.);
#2965 = DIRECTION('',(0.,0.,-1.));
#2966 = ORIENTED_EDGE('',*,*,#2967,.T.);
#2967 = EDGE_CURVE('',#2960,#2968,#2970,.T.);
#2968 = VERTEX_POINT('',#2969);
#2969 = CARTESIAN_POINT('',(-1.5,-0.33,0.615));
#2970 = LINE('',#2971,#2972);
#2971 = CARTESIAN_POINT('',(-1.65,-0.33,0.615));
#2972 = VECTOR('',#2973,1.);
#2973 = DIRECTION('',(1.,0.,0.));
#2974 = ORIENTED_EDGE('',*,*,#2975,.T.);
#2975 = EDGE_CURVE('',#2968,#2976,#2978,.T.);
#2976 = VERTEX_POINT('',#2977);
#2977 = CARTESIAN_POINT('',(-1.5,-0.33,0.595));
#2978 = LINE('',#2979,#2980);
#2979 = CARTESIAN_POINT('',(-1.5,-0.33,0.615));
#2980 = VECTOR('',#2981,1.);
#2981 = DIRECTION('',(0.,1.820765760385E-12,-1.));
#2982 = ORIENTED_EDGE('',*,*,#2983,.T.);
#2983 = EDGE_CURVE('',#2976,#2984,#2986,.T.);
#2984 = VERTEX_POINT('',#2985);
#2985 = CARTESIAN_POINT('',(-1.5,-0.33,0.37));
#2986 = LINE('',#2987,#2988);
#2987 = CARTESIAN_POINT('',(-1.5,-0.33,0.595));
#2988 = VECTOR('',#2989,1.);
#2989 = DIRECTION('',(0.,5.403085386509E-14,-1.));
#2990 = ORIENTED_EDGE('',*,*,#2991,.T.);
#2991 = EDGE_CURVE('',#2984,#2992,#2994,.T.);
#2992 = VERTEX_POINT('',#2993);
#2993 = CARTESIAN_POINT('',(-1.58,-0.33,0.37));
#2994 = LINE('',#2995,#2996);
#2995 = CARTESIAN_POINT('',(-1.5,-0.33,0.37));
#2996 = VECTOR('',#2997,1.);
#2997 = DIRECTION('',(-1.,-6.071532165919E-13,-4.024558464266E-14));
#2998 = ORIENTED_EDGE('',*,*,#2999,.T.);
#2999 = EDGE_CURVE('',#2992,#3000,#3002,.T.);
#3000 = VERTEX_POINT('',#3001);
#3001 = CARTESIAN_POINT('',(-1.58,-0.33,0.35));
#3002 = LINE('',#3003,#3004);
#3003 = CARTESIAN_POINT('',(-1.58,-0.33,0.37));
#3004 = VECTOR('',#3005,1.);
#3005 = DIRECTION('',(0.,0.,-1.));
#3006 = ORIENTED_EDGE('',*,*,#3007,.F.);
#3007 = EDGE_CURVE('',#3008,#3000,#3010,.T.);
#3008 = VERTEX_POINT('',#3009);
#3009 = CARTESIAN_POINT('',(-1.65,-0.33,0.35));
#3010 = LINE('',#3011,#3012);
#3011 = CARTESIAN_POINT('',(-1.65,-0.33,0.35));
#3012 = VECTOR('',#3013,1.);
#3013 = DIRECTION('',(1.,0.,0.));
#3014 = ORIENTED_EDGE('',*,*,#3015,.T.);
#3015 = EDGE_CURVE('',#3008,#3016,#3018,.T.);
#3016 = VERTEX_POINT('',#3017);
#3017 = CARTESIAN_POINT('',(-1.65,-0.33,-0.35));
#3018 = LINE('',#3019,#3020);
#3019 = CARTESIAN_POINT('',(-1.65,-0.33,0.35));
#3020 = VECTOR('',#3021,1.);
#3021 = DIRECTION('',(0.,0.,-1.));
#3022 = ORIENTED_EDGE('',*,*,#3023,.T.);
#3023 = EDGE_CURVE('',#3016,#3024,#3026,.T.);
#3024 = VERTEX_POINT('',#3025);
#3025 = CARTESIAN_POINT('',(-1.58,-0.33,-0.35));
#3026 = LINE('',#3027,#3028);
#3027 = CARTESIAN_POINT('',(-1.65,-0.33,-0.35));
#3028 = VECTOR('',#3029,1.);
#3029 = DIRECTION('',(1.,0.,0.));
#3030 = ORIENTED_EDGE('',*,*,#3031,.T.);
#3031 = EDGE_CURVE('',#3024,#3032,#3034,.T.);
#3032 = VERTEX_POINT('',#3033);
#3033 = CARTESIAN_POINT('',(-1.58,-0.33,-0.37));
#3034 = LINE('',#3035,#3036);
#3035 = CARTESIAN_POINT('',(-1.58,-0.33,-0.35));
#3036 = VECTOR('',#3037,1.);
#3037 = DIRECTION('',(0.,0.,-1.));
#3038 = ORIENTED_EDGE('',*,*,#3039,.F.);
#3039 = EDGE_CURVE('',#3040,#3032,#3042,.T.);
#3040 = VERTEX_POINT('',#3041);
#3041 = CARTESIAN_POINT('',(-1.5,-0.33,-0.37));
#3042 = LINE('',#3043,#3044);
#3043 = CARTESIAN_POINT('',(-1.5,-0.33,-0.37));
#3044 = VECTOR('',#3045,1.);
#3045 = DIRECTION('',(-1.,-8.257283745656E-14,0.));
#3046 = ORIENTED_EDGE('',*,*,#3047,.T.);
#3047 = EDGE_CURVE('',#3040,#3048,#3050,.T.);
#3048 = VERTEX_POINT('',#3049);
#3049 = CARTESIAN_POINT('',(-1.5,-0.33,-0.595));
#3050 = LINE('',#3051,#3052);
#3051 = CARTESIAN_POINT('',(-1.5,-0.33,-0.37));
#3052 = VECTOR('',#3053,1.);
#3053 = DIRECTION('',(8.48703823269E-14,0.,-1.));
#3054 = ORIENTED_EDGE('',*,*,#3055,.T.);
#3055 = EDGE_CURVE('',#3048,#3056,#3058,.T.);
#3056 = VERTEX_POINT('',#3057);
#3057 = CARTESIAN_POINT('',(-1.5,-0.33,-0.615));
#3058 = LINE('',#3059,#3060);
#3059 = CARTESIAN_POINT('',(-1.5,-0.33,-0.595));
#3060 = VECTOR('',#3061,1.);
#3061 = DIRECTION('',(2.209343819003E-12,-3.524958103184E-13,-1.));
#3062 = ORIENTED_EDGE('',*,*,#3063,.F.);
#3063 = EDGE_CURVE('',#3064,#3056,#3066,.T.);
#3064 = VERTEX_POINT('',#3065);
#3065 = CARTESIAN_POINT('',(-1.65,-0.33,-0.615));
#3066 = LINE('',#3067,#3068);
#3067 = CARTESIAN_POINT('',(-1.65,-0.33,-0.615));
#3068 = VECTOR('',#3069,1.);
#3069 = DIRECTION('',(1.,0.,0.));
#3070 = ORIENTED_EDGE('',*,*,#3071,.T.);
#3071 = EDGE_CURVE('',#3064,#3072,#3074,.T.);
#3072 = VERTEX_POINT('',#3073);
#3073 = CARTESIAN_POINT('',(-1.65,-0.33,-0.973205080757));
#3074 = LINE('',#3075,#3076);
#3075 = CARTESIAN_POINT('',(-1.65,-0.33,-0.615));
#3076 = VECTOR('',#3077,1.);
#3077 = DIRECTION('',(0.,0.,-1.));
#3078 = ORIENTED_EDGE('',*,*,#3079,.F.);
#3079 = EDGE_CURVE('',#3080,#3072,#3082,.T.);
#3080 = VERTEX_POINT('',#3081);
#3081 = CARTESIAN_POINT('',(-1.55,-0.33,-1.));
#3082 = CIRCLE('',#3083,0.2);
#3083 = AXIS2_PLACEMENT_3D('',#3084,#3085,#3086);
#3084 = CARTESIAN_POINT('',(-1.55,-0.33,-0.8));
#3085 = DIRECTION('',(0.,1.,0.));
#3086 = DIRECTION('',(0.,0.,-1.));
#3087 = ORIENTED_EDGE('',*,*,#3088,.F.);
#3088 = EDGE_CURVE('',#3089,#3080,#3091,.T.);
#3089 = VERTEX_POINT('',#3090);
#3090 = CARTESIAN_POINT('',(-1.265,-0.33,-1.));
#3091 = LINE('',#3092,#3093);
#3092 = CARTESIAN_POINT('',(-1.265,-0.33,-1.));
#3093 = VECTOR('',#3094,1.);
#3094 = DIRECTION('',(-1.,0.,0.));
#3095 = ORIENTED_EDGE('',*,*,#3096,.T.);
#3096 = EDGE_CURVE('',#3089,#3097,#3099,.T.);
#3097 = VERTEX_POINT('',#3098);
#3098 = CARTESIAN_POINT('',(-1.265,-0.33,-0.88));
#3099 = LINE('',#3100,#3101);
#3100 = CARTESIAN_POINT('',(-1.265,-0.33,-1.));
#3101 = VECTOR('',#3102,1.);
#3102 = DIRECTION('',(0.,0.,1.));
#3103 = ORIENTED_EDGE('',*,*,#3104,.T.);
#3104 = EDGE_CURVE('',#3097,#3105,#3107,.T.);
#3105 = VERTEX_POINT('',#3106);
#3106 = CARTESIAN_POINT('',(-0.525,-0.33,-0.88));
#3107 = LINE('',#3108,#3109);
#3108 = CARTESIAN_POINT('',(-1.265,-0.33,-0.88));
#3109 = VECTOR('',#3110,1.);
#3110 = DIRECTION('',(1.,0.,0.));
#3111 = ORIENTED_EDGE('',*,*,#3112,.F.);
#3112 = EDGE_CURVE('',#3113,#3105,#3115,.T.);
#3113 = VERTEX_POINT('',#3114);
#3114 = CARTESIAN_POINT('',(-0.525,-0.33,-0.76));
#3115 = LINE('',#3116,#3117);
#3116 = CARTESIAN_POINT('',(-0.525,-0.33,-0.76));
#3117 = VECTOR('',#3118,1.);
#3118 = DIRECTION('',(0.,0.,-1.));
#3119 = ORIENTED_EDGE('',*,*,#3120,.F.);
#3120 = EDGE_CURVE('',#3121,#3113,#3123,.T.);
#3121 = VERTEX_POINT('',#3122);
#3122 = CARTESIAN_POINT('',(0.525,-0.33,-0.76));
#3123 = LINE('',#3124,#3125);
#3124 = CARTESIAN_POINT('',(0.525,-0.33,-0.76));
#3125 = VECTOR('',#3126,1.);
#3126 = DIRECTION('',(-1.,0.,0.));
#3127 = ORIENTED_EDGE('',*,*,#3128,.F.);
#3128 = EDGE_CURVE('',#3129,#3121,#3131,.T.);
#3129 = VERTEX_POINT('',#3130);
#3130 = CARTESIAN_POINT('',(0.525,-0.33,-0.88));
#3131 = LINE('',#3132,#3133);
#3132 = CARTESIAN_POINT('',(0.525,-0.33,-0.88));
#3133 = VECTOR('',#3134,1.);
#3134 = DIRECTION('',(0.,0.,1.));
#3135 = ORIENTED_EDGE('',*,*,#3136,.T.);
#3136 = EDGE_CURVE('',#3129,#3137,#3139,.T.);
#3137 = VERTEX_POINT('',#3138);
#3138 = CARTESIAN_POINT('',(1.265,-0.33,-0.88));
#3139 = LINE('',#3140,#3141);
#3140 = CARTESIAN_POINT('',(0.525,-0.33,-0.88));
#3141 = VECTOR('',#3142,1.);
#3142 = DIRECTION('',(1.,0.,0.));
#3143 = ORIENTED_EDGE('',*,*,#3144,.F.);
#3144 = EDGE_CURVE('',#3145,#3137,#3147,.T.);
#3145 = VERTEX_POINT('',#3146);
#3146 = CARTESIAN_POINT('',(1.265,-0.33,-1.));
#3147 = LINE('',#3148,#3149);
#3148 = CARTESIAN_POINT('',(1.265,-0.33,-1.));
#3149 = VECTOR('',#3150,1.);
#3150 = DIRECTION('',(0.,0.,1.));
#3151 = ORIENTED_EDGE('',*,*,#3152,.F.);
#3152 = EDGE_CURVE('',#3153,#3145,#3155,.T.);
#3153 = VERTEX_POINT('',#3154);
#3154 = CARTESIAN_POINT('',(1.55,-0.33,-1.));
#3155 = LINE('',#3156,#3157);
#3156 = CARTESIAN_POINT('',(1.55,-0.33,-1.));
#3157 = VECTOR('',#3158,1.);
#3158 = DIRECTION('',(-1.,0.,0.));
#3159 = ORIENTED_EDGE('',*,*,#3160,.F.);
#3160 = EDGE_CURVE('',#3161,#3153,#3163,.T.);
#3161 = VERTEX_POINT('',#3162);
#3162 = CARTESIAN_POINT('',(1.65,-0.33,-0.973205080757));
#3163 = CIRCLE('',#3164,0.2);
#3164 = AXIS2_PLACEMENT_3D('',#3165,#3166,#3167);
#3165 = CARTESIAN_POINT('',(1.55,-0.33,-0.8));
#3166 = DIRECTION('',(0.,1.,0.));
#3167 = DIRECTION('',(0.5,0.,-0.866025403784));
#3168 = ORIENTED_EDGE('',*,*,#3169,.F.);
#3169 = EDGE_CURVE('',#3170,#3161,#3172,.T.);
#3170 = VERTEX_POINT('',#3171);
#3171 = CARTESIAN_POINT('',(1.65,-0.33,-0.615));
#3172 = LINE('',#3173,#3174);
#3173 = CARTESIAN_POINT('',(1.65,-0.33,-0.615));
#3174 = VECTOR('',#3175,1.);
#3175 = DIRECTION('',(0.,0.,-1.));
#3176 = ORIENTED_EDGE('',*,*,#3177,.T.);
#3177 = EDGE_CURVE('',#3170,#3178,#3180,.T.);
#3178 = VERTEX_POINT('',#3179);
#3179 = CARTESIAN_POINT('',(1.5,-0.33,-0.615));
#3180 = LINE('',#3181,#3182);
#3181 = CARTESIAN_POINT('',(1.65,-0.33,-0.615));
#3182 = VECTOR('',#3183,1.);
#3183 = DIRECTION('',(-1.,0.,0.));
#3184 = ORIENTED_EDGE('',*,*,#3185,.T.);
#3185 = EDGE_CURVE('',#3178,#3186,#3188,.T.);
#3186 = VERTEX_POINT('',#3187);
#3187 = CARTESIAN_POINT('',(1.5,-0.33,-0.595));
#3188 = LINE('',#3189,#3190);
#3189 = CARTESIAN_POINT('',(1.5,-0.33,-0.615));
#3190 = VECTOR('',#3191,1.);
#3191 = DIRECTION('',(0.,1.817990202823E-12,1.));
#3192 = ORIENTED_EDGE('',*,*,#3193,.T.);
#3193 = EDGE_CURVE('',#3186,#3194,#3196,.T.);
#3194 = VERTEX_POINT('',#3195);
#3195 = CARTESIAN_POINT('',(1.5,-0.33,-0.37));
#3196 = LINE('',#3197,#3198);
#3197 = CARTESIAN_POINT('',(1.5,-0.33,-0.595));
#3198 = VECTOR('',#3199,1.);
#3199 = DIRECTION('',(0.,5.37841376374E-14,1.));
#3200 = ORIENTED_EDGE('',*,*,#3201,.T.);
#3201 = EDGE_CURVE('',#3194,#3202,#3204,.T.);
#3202 = VERTEX_POINT('',#3203);
#3203 = CARTESIAN_POINT('',(1.58,-0.33,-0.37));
#3204 = LINE('',#3205,#3206);
#3205 = CARTESIAN_POINT('',(1.5,-0.33,-0.37));
#3206 = VECTOR('',#3207,1.);
#3207 = DIRECTION('',(1.,-6.057654378111E-13,0.));
#3208 = ORIENTED_EDGE('',*,*,#3209,.F.);
#3209 = EDGE_CURVE('',#3210,#3202,#3212,.T.);
#3210 = VERTEX_POINT('',#3211);
#3211 = CARTESIAN_POINT('',(1.58,-0.33,-0.35));
#3212 = LINE('',#3213,#3214);
#3213 = CARTESIAN_POINT('',(1.58,-0.33,-0.35));
#3214 = VECTOR('',#3215,1.);
#3215 = DIRECTION('',(0.,0.,-1.));
#3216 = ORIENTED_EDGE('',*,*,#3217,.F.);
#3217 = EDGE_CURVE('',#3218,#3210,#3220,.T.);
#3218 = VERTEX_POINT('',#3219);
#3219 = CARTESIAN_POINT('',(1.65,-0.33,-0.35));
#3220 = LINE('',#3221,#3222);
#3221 = CARTESIAN_POINT('',(1.65,-0.33,-0.35));
#3222 = VECTOR('',#3223,1.);
#3223 = DIRECTION('',(-1.,0.,0.));
#3224 = ORIENTED_EDGE('',*,*,#3225,.F.);
#3225 = EDGE_CURVE('',#3226,#3218,#3228,.T.);
#3226 = VERTEX_POINT('',#3227);
#3227 = CARTESIAN_POINT('',(1.65,-0.33,0.35));
#3228 = LINE('',#3229,#3230);
#3229 = CARTESIAN_POINT('',(1.65,-0.33,0.35));
#3230 = VECTOR('',#3231,1.);
#3231 = DIRECTION('',(0.,0.,-1.));
#3232 = ORIENTED_EDGE('',*,*,#3233,.T.);
#3233 = EDGE_CURVE('',#3226,#3234,#3236,.T.);
#3234 = VERTEX_POINT('',#3235);
#3235 = CARTESIAN_POINT('',(1.58,-0.33,0.35));
#3236 = LINE('',#3237,#3238);
#3237 = CARTESIAN_POINT('',(1.65,-0.33,0.35));
#3238 = VECTOR('',#3239,1.);
#3239 = DIRECTION('',(-1.,0.,0.));
#3240 = ORIENTED_EDGE('',*,*,#3241,.F.);
#3241 = EDGE_CURVE('',#3242,#3234,#3244,.T.);
#3242 = VERTEX_POINT('',#3243);
#3243 = CARTESIAN_POINT('',(1.58,-0.33,0.37));
#3244 = LINE('',#3245,#3246);
#3245 = CARTESIAN_POINT('',(1.58,-0.33,0.37));
#3246 = VECTOR('',#3247,1.);
#3247 = DIRECTION('',(0.,0.,-1.));
#3248 = ORIENTED_EDGE('',*,*,#3249,.F.);
#3249 = EDGE_CURVE('',#3250,#3242,#3252,.T.);
#3250 = VERTEX_POINT('',#3251);
#3251 = CARTESIAN_POINT('',(1.5,-0.33,0.37));
#3252 = LINE('',#3253,#3254);
#3253 = CARTESIAN_POINT('',(1.5,-0.33,0.37));
#3254 = VECTOR('',#3255,1.);
#3255 = DIRECTION('',(1.,-6.071532165919E-13,-4.440892098501E-14));
#3256 = ORIENTED_EDGE('',*,*,#3257,.T.);
#3257 = EDGE_CURVE('',#3250,#2844,#3258,.T.);
#3258 = LINE('',#3259,#3260);
#3259 = CARTESIAN_POINT('',(1.5,-0.33,0.37));
#3260 = VECTOR('',#3261,1.);
#3261 = DIRECTION('',(0.,-5.403085386509E-14,1.));
#3262 = PLANE('',#3263);
#3263 = AXIS2_PLACEMENT_3D('',#3264,#3265,#3266);
#3264 = CARTESIAN_POINT('',(0.,-0.33,0.));
#3265 = DIRECTION('',(-0.,1.,0.));
#3266 = DIRECTION('',(1.,0.,0.));
#3267 = ADVANCED_FACE('',(#3268),#3295,.T.);
#3268 = FACE_BOUND('',#3269,.T.);
#3269 = EDGE_LOOP('',(#3270,#3271,#3280,#3288));
#3270 = ORIENTED_EDGE('',*,*,#3257,.F.);
#3271 = ORIENTED_EDGE('',*,*,#3272,.F.);
#3272 = EDGE_CURVE('',#3273,#3250,#3275,.T.);
#3273 = VERTEX_POINT('',#3274);
#3274 = CARTESIAN_POINT('',(1.566332495807,-0.35,0.37));
#3275 = CIRCLE('',#3276,0.12);
#3276 = AXIS2_PLACEMENT_3D('',#3277,#3278,#3279);
#3277 = CARTESIAN_POINT('',(1.566332495807,-0.23,0.37));
#3278 = DIRECTION('',(-0.,0.,-1.));
#3279 = DIRECTION('',(-1.826316875508E-12,-1.,0.));
#3280 = ORIENTED_EDGE('',*,*,#3281,.T.);
#3281 = EDGE_CURVE('',#3273,#3282,#3284,.T.);
#3282 = VERTEX_POINT('',#3283);
#3283 = CARTESIAN_POINT('',(1.566332495807,-0.35,0.595));
#3284 = LINE('',#3285,#3286);
#3285 = CARTESIAN_POINT('',(1.566332495807,-0.35,0.37));
#3286 = VECTOR('',#3287,1.);
#3287 = DIRECTION('',(0.,0.,1.));
#3288 = ORIENTED_EDGE('',*,*,#3289,.F.);
#3289 = EDGE_CURVE('',#2844,#3282,#3290,.T.);
#3290 = CIRCLE('',#3291,0.12);
#3291 = AXIS2_PLACEMENT_3D('',#3292,#3293,#3294);
#3292 = CARTESIAN_POINT('',(1.566332495807,-0.23,0.595));
#3293 = DIRECTION('',(0.,0.,1.));
#3294 = DIRECTION('',(-0.552770798394,-0.833333333333,0.));
#3295 = CYLINDRICAL_SURFACE('',#3296,0.12);
#3296 = AXIS2_PLACEMENT_3D('',#3297,#3298,#3299);
#3297 = CARTESIAN_POINT('',(1.566332495807,-0.23,-3.6072));
#3298 = DIRECTION('',(0.,-0.,-1.));
#3299 = DIRECTION('',(-0.552770798394,-0.833333333332,0.));
#3300 = ADVANCED_FACE('',(#3301),#3375,.T.);
#3301 = FACE_BOUND('',#3302,.T.);
#3302 = EDGE_LOOP('',(#3303,#3311,#3319,#3327,#3335,#3343,#3352,#3360,
    #3368,#3374));
#3303 = ORIENTED_EDGE('',*,*,#3304,.T.);
#3304 = EDGE_CURVE('',#3282,#3305,#3307,.T.);
#3305 = VERTEX_POINT('',#3306);
#3306 = CARTESIAN_POINT('',(1.67,-0.35,0.595));
#3307 = LINE('',#3308,#3309);
#3308 = CARTESIAN_POINT('',(1.566332495807,-0.35,0.595));
#3309 = VECTOR('',#3310,1.);
#3310 = DIRECTION('',(1.,0.,0.));
#3311 = ORIENTED_EDGE('',*,*,#3312,.F.);
#3312 = EDGE_CURVE('',#3313,#3305,#3315,.T.);
#3313 = VERTEX_POINT('',#3314);
#3314 = CARTESIAN_POINT('',(1.69,-0.33,0.595));
#3315 = LINE('',#3316,#3317);
#3316 = CARTESIAN_POINT('',(1.69,-0.33,0.595));
#3317 = VECTOR('',#3318,1.);
#3318 = DIRECTION('',(-0.707106781187,-0.707106781187,0.));
#3319 = ORIENTED_EDGE('',*,*,#3320,.F.);
#3320 = EDGE_CURVE('',#3321,#3313,#3323,.T.);
#3321 = VERTEX_POINT('',#3322);
#3322 = CARTESIAN_POINT('',(1.73,-0.33,0.595));
#3323 = LINE('',#3324,#3325);
#3324 = CARTESIAN_POINT('',(1.73,-0.33,0.595));
#3325 = VECTOR('',#3326,1.);
#3326 = DIRECTION('',(-1.,0.,0.));
#3327 = ORIENTED_EDGE('',*,*,#3328,.F.);
#3328 = EDGE_CURVE('',#3329,#3321,#3331,.T.);
#3329 = VERTEX_POINT('',#3330);
#3330 = CARTESIAN_POINT('',(1.73,-0.27,0.595));
#3331 = LINE('',#3332,#3333);
#3332 = CARTESIAN_POINT('',(1.73,-0.27,0.595));
#3333 = VECTOR('',#3334,1.);
#3334 = DIRECTION('',(0.,-1.,0.));
#3335 = ORIENTED_EDGE('',*,*,#3336,.F.);
#3336 = EDGE_CURVE('',#3337,#3329,#3339,.T.);
#3337 = VERTEX_POINT('',#3338);
#3338 = CARTESIAN_POINT('',(1.62,-0.27,0.595));
#3339 = LINE('',#3340,#3341);
#3340 = CARTESIAN_POINT('',(1.62,-0.27,0.595));
#3341 = VECTOR('',#3342,1.);
#3342 = DIRECTION('',(1.,0.,0.));
#3343 = ORIENTED_EDGE('',*,*,#3344,.T.);
#3344 = EDGE_CURVE('',#3337,#3345,#3347,.T.);
#3345 = VERTEX_POINT('',#3346);
#3346 = CARTESIAN_POINT('',(1.58,-0.23,0.595));
#3347 = CIRCLE('',#3348,4.E-02);
#3348 = AXIS2_PLACEMENT_3D('',#3349,#3350,#3351);
#3349 = CARTESIAN_POINT('',(1.62,-0.23,0.595));
#3350 = DIRECTION('',(0.,0.,-1.));
#3351 = DIRECTION('',(0.,-1.,0.));
#3352 = ORIENTED_EDGE('',*,*,#3353,.F.);
#3353 = EDGE_CURVE('',#3354,#3345,#3356,.T.);
#3354 = VERTEX_POINT('',#3355);
#3355 = CARTESIAN_POINT('',(1.58,-3.5E-02,0.595));
#3356 = LINE('',#3357,#3358);
#3357 = CARTESIAN_POINT('',(1.58,-3.5E-02,0.595));
#3358 = VECTOR('',#3359,1.);
#3359 = DIRECTION('',(0.,-1.,0.));
#3360 = ORIENTED_EDGE('',*,*,#3361,.F.);
#3361 = EDGE_CURVE('',#3362,#3354,#3364,.T.);
#3362 = VERTEX_POINT('',#3363);
#3363 = CARTESIAN_POINT('',(1.5,-3.5E-02,0.595));
#3364 = LINE('',#3365,#3366);
#3365 = CARTESIAN_POINT('',(1.5,-3.5E-02,0.595));
#3366 = VECTOR('',#3367,1.);
#3367 = DIRECTION('',(1.,0.,0.));
#3368 = ORIENTED_EDGE('',*,*,#3369,.F.);
#3369 = EDGE_CURVE('',#2844,#3362,#3370,.T.);
#3370 = LINE('',#3371,#3372);
#3371 = CARTESIAN_POINT('',(1.5,-0.33,0.595));
#3372 = VECTOR('',#3373,1.);
#3373 = DIRECTION('',(0.,1.,0.));
#3374 = ORIENTED_EDGE('',*,*,#3289,.T.);
#3375 = PLANE('',#3376);
#3376 = AXIS2_PLACEMENT_3D('',#3377,#3378,#3379);
#3377 = CARTESIAN_POINT('',(1.5,-2.E-02,0.595));
#3378 = DIRECTION('',(0.,0.,1.));
#3379 = DIRECTION('',(1.,0.,-0.));
#3380 = ADVANCED_FACE('',(#3381),#3415,.F.);
#3381 = FACE_BOUND('',#3382,.T.);
#3382 = EDGE_LOOP('',(#3383,#3393,#3401,#3409));
#3383 = ORIENTED_EDGE('',*,*,#3384,.F.);
#3384 = EDGE_CURVE('',#3385,#3387,#3389,.T.);
#3385 = VERTEX_POINT('',#3386);
#3386 = CARTESIAN_POINT('',(1.5,2.E-02,0.88));
#3387 = VERTEX_POINT('',#3388);
#3388 = CARTESIAN_POINT('',(1.5,2.E-02,0.75));
#3389 = LINE('',#3390,#3391);
#3390 = CARTESIAN_POINT('',(1.5,2.E-02,0.88));
#3391 = VECTOR('',#3392,1.);
#3392 = DIRECTION('',(0.,0.,-1.));
#3393 = ORIENTED_EDGE('',*,*,#3394,.T.);
#3394 = EDGE_CURVE('',#3385,#3395,#3397,.T.);
#3395 = VERTEX_POINT('',#3396);
#3396 = CARTESIAN_POINT('',(1.5,-1.E-02,0.88));
#3397 = LINE('',#3398,#3399);
#3398 = CARTESIAN_POINT('',(1.5,2.E-02,0.88));
#3399 = VECTOR('',#3400,1.);
#3400 = DIRECTION('',(0.,-1.,2.960594732334E-14));
#3401 = ORIENTED_EDGE('',*,*,#3402,.F.);
#3402 = EDGE_CURVE('',#3403,#3395,#3405,.T.);
#3403 = VERTEX_POINT('',#3404);
#3404 = CARTESIAN_POINT('',(1.5,-1.E-02,0.75));
#3405 = LINE('',#3406,#3407);
#3406 = CARTESIAN_POINT('',(1.5,-1.E-02,0.75));
#3407 = VECTOR('',#3408,1.);
#3408 = DIRECTION('',(0.,0.,1.));
#3409 = ORIENTED_EDGE('',*,*,#3410,.F.);
#3410 = EDGE_CURVE('',#3387,#3403,#3411,.T.);
#3411 = LINE('',#3412,#3413);
#3412 = CARTESIAN_POINT('',(1.5,2.E-02,0.75));
#3413 = VECTOR('',#3414,1.);
#3414 = DIRECTION('',(0.,-1.,0.));
#3415 = PLANE('',#3416);
#3416 = AXIS2_PLACEMENT_3D('',#3417,#3418,#3419);
#3417 = CARTESIAN_POINT('',(1.5,0.33,-0.615));
#3418 = DIRECTION('',(-1.,0.,0.));
#3419 = DIRECTION('',(0.,0.,1.));
#3420 = ADVANCED_FACE('',(#3421),#3455,.F.);
#3421 = FACE_BOUND('',#3422,.T.);
#3422 = EDGE_LOOP('',(#3423,#3433,#3441,#3449));
#3423 = ORIENTED_EDGE('',*,*,#3424,.T.);
#3424 = EDGE_CURVE('',#3425,#3427,#3429,.T.);
#3425 = VERTEX_POINT('',#3426);
#3426 = CARTESIAN_POINT('',(1.5,2.E-02,-0.88));
#3427 = VERTEX_POINT('',#3428);
#3428 = CARTESIAN_POINT('',(1.5,2.E-02,-0.75));
#3429 = LINE('',#3430,#3431);
#3430 = CARTESIAN_POINT('',(1.5,2.E-02,-0.88));
#3431 = VECTOR('',#3432,1.);
#3432 = DIRECTION('',(0.,0.,1.));
#3433 = ORIENTED_EDGE('',*,*,#3434,.T.);
#3434 = EDGE_CURVE('',#3427,#3435,#3437,.T.);
#3435 = VERTEX_POINT('',#3436);
#3436 = CARTESIAN_POINT('',(1.5,-1.E-02,-0.75));
#3437 = LINE('',#3438,#3439);
#3438 = CARTESIAN_POINT('',(1.5,2.E-02,-0.75));
#3439 = VECTOR('',#3440,1.);
#3440 = DIRECTION('',(0.,-1.,0.));
#3441 = ORIENTED_EDGE('',*,*,#3442,.F.);
#3442 = EDGE_CURVE('',#3443,#3435,#3445,.T.);
#3443 = VERTEX_POINT('',#3444);
#3444 = CARTESIAN_POINT('',(1.5,-1.E-02,-0.88));
#3445 = LINE('',#3446,#3447);
#3446 = CARTESIAN_POINT('',(1.5,-1.E-02,-0.88));
#3447 = VECTOR('',#3448,1.);
#3448 = DIRECTION('',(0.,0.,1.));
#3449 = ORIENTED_EDGE('',*,*,#3450,.F.);
#3450 = EDGE_CURVE('',#3425,#3443,#3451,.T.);
#3451 = LINE('',#3452,#3453);
#3452 = CARTESIAN_POINT('',(1.5,2.E-02,-0.88));
#3453 = VECTOR('',#3454,1.);
#3454 = DIRECTION('',(0.,-1.,0.));
#3455 = PLANE('',#3456);
#3456 = AXIS2_PLACEMENT_3D('',#3457,#3458,#3459);
#3457 = CARTESIAN_POINT('',(1.5,0.33,-0.615));
#3458 = DIRECTION('',(-1.,0.,0.));
#3459 = DIRECTION('',(0.,0.,1.));
#3460 = ADVANCED_FACE('',(#3461),#3486,.F.);
#3461 = FACE_BOUND('',#3462,.T.);
#3462 = EDGE_LOOP('',(#3463,#3471,#3479,#3485));
#3463 = ORIENTED_EDGE('',*,*,#3464,.F.);
#3464 = EDGE_CURVE('',#3465,#3178,#3467,.T.);
#3465 = VERTEX_POINT('',#3466);
#3466 = CARTESIAN_POINT('',(1.5,-3.5E-02,-0.615));
#3467 = LINE('',#3468,#3469);
#3468 = CARTESIAN_POINT('',(1.5,-3.5E-02,-0.615));
#3469 = VECTOR('',#3470,1.);
#3470 = DIRECTION('',(0.,-1.,0.));
#3471 = ORIENTED_EDGE('',*,*,#3472,.F.);
#3472 = EDGE_CURVE('',#3473,#3465,#3475,.T.);
#3473 = VERTEX_POINT('',#3474);
#3474 = CARTESIAN_POINT('',(1.5,-3.5E-02,-0.595));
#3475 = LINE('',#3476,#3477);
#3476 = CARTESIAN_POINT('',(1.5,-3.5E-02,-0.595));
#3477 = VECTOR('',#3478,1.);
#3478 = DIRECTION('',(0.,0.,-1.));
#3479 = ORIENTED_EDGE('',*,*,#3480,.F.);
#3480 = EDGE_CURVE('',#3186,#3473,#3481,.T.);
#3481 = LINE('',#3482,#3483);
#3482 = CARTESIAN_POINT('',(1.5,-0.33,-0.595));
#3483 = VECTOR('',#3484,1.);
#3484 = DIRECTION('',(0.,1.,0.));
#3485 = ORIENTED_EDGE('',*,*,#3185,.F.);
#3486 = PLANE('',#3487);
#3487 = AXIS2_PLACEMENT_3D('',#3488,#3489,#3490);
#3488 = CARTESIAN_POINT('',(1.5,0.33,-0.615));
#3489 = DIRECTION('',(-1.,0.,0.));
#3490 = DIRECTION('',(0.,0.,1.));
#3491 = ADVANCED_FACE('',(#3492),#3510,.F.);
#3492 = FACE_BOUND('',#3493,.T.);
#3493 = EDGE_LOOP('',(#3494,#3495,#3503,#3509));
#3494 = ORIENTED_EDGE('',*,*,#3369,.T.);
#3495 = ORIENTED_EDGE('',*,*,#3496,.F.);
#3496 = EDGE_CURVE('',#3497,#3362,#3499,.T.);
#3497 = VERTEX_POINT('',#3498);
#3498 = CARTESIAN_POINT('',(1.5,-3.5E-02,0.615));
#3499 = LINE('',#3500,#3501);
#3500 = CARTESIAN_POINT('',(1.5,-3.5E-02,0.615));
#3501 = VECTOR('',#3502,1.);
#3502 = DIRECTION('',(0.,0.,-1.));
#3503 = ORIENTED_EDGE('',*,*,#3504,.T.);
#3504 = EDGE_CURVE('',#3497,#2846,#3505,.T.);
#3505 = LINE('',#3506,#3507);
#3506 = CARTESIAN_POINT('',(1.5,-3.5E-02,0.615));
#3507 = VECTOR('',#3508,1.);
#3508 = DIRECTION('',(0.,-1.,0.));
#3509 = ORIENTED_EDGE('',*,*,#2843,.F.);
#3510 = PLANE('',#3511);
#3511 = AXIS2_PLACEMENT_3D('',#3512,#3513,#3514);
#3512 = CARTESIAN_POINT('',(1.5,0.33,-0.615));
#3513 = DIRECTION('',(-1.,0.,0.));
#3514 = DIRECTION('',(0.,0.,1.));
#3515 = ADVANCED_FACE('',(#3516),#3541,.F.);
#3516 = FACE_BOUND('',#3517,.T.);
#3517 = EDGE_LOOP('',(#3518,#3526,#3534,#3540));
#3518 = ORIENTED_EDGE('',*,*,#3519,.F.);
#3519 = EDGE_CURVE('',#3520,#3403,#3522,.T.);
#3520 = VERTEX_POINT('',#3521);
#3521 = CARTESIAN_POINT('',(1.58,-1.E-02,0.75));
#3522 = LINE('',#3523,#3524);
#3523 = CARTESIAN_POINT('',(1.58,-1.E-02,0.75));
#3524 = VECTOR('',#3525,1.);
#3525 = DIRECTION('',(-1.,0.,0.));
#3526 = ORIENTED_EDGE('',*,*,#3527,.F.);
#3527 = EDGE_CURVE('',#3528,#3520,#3530,.T.);
#3528 = VERTEX_POINT('',#3529);
#3529 = CARTESIAN_POINT('',(1.58,2.E-02,0.75));
#3530 = LINE('',#3531,#3532);
#3531 = CARTESIAN_POINT('',(1.58,2.E-02,0.75));
#3532 = VECTOR('',#3533,1.);
#3533 = DIRECTION('',(0.,-1.,0.));
#3534 = ORIENTED_EDGE('',*,*,#3535,.F.);
#3535 = EDGE_CURVE('',#3387,#3528,#3536,.T.);
#3536 = LINE('',#3537,#3538);
#3537 = CARTESIAN_POINT('',(1.5,2.E-02,0.75));
#3538 = VECTOR('',#3539,1.);
#3539 = DIRECTION('',(1.,0.,0.));
#3540 = ORIENTED_EDGE('',*,*,#3410,.T.);
#3541 = PLANE('',#3542);
#3542 = AXIS2_PLACEMENT_3D('',#3543,#3544,#3545);
#3543 = CARTESIAN_POINT('',(0.,0.,0.75));
#3544 = DIRECTION('',(0.,0.,-1.));
#3545 = DIRECTION('',(0.,-1.,0.));
#3546 = ADVANCED_FACE('',(#3547),#3574,.F.);
#3547 = FACE_BOUND('',#3548,.T.);
#3548 = EDGE_LOOP('',(#3549,#3559,#3568));
#3549 = ORIENTED_EDGE('',*,*,#3550,.F.);
#3550 = EDGE_CURVE('',#3551,#3553,#3555,.T.);
#3551 = VERTEX_POINT('',#3552);
#3552 = CARTESIAN_POINT('',(1.578321595662,0.33,0.75));
#3553 = VERTEX_POINT('',#3554);
#3554 = CARTESIAN_POINT('',(1.411191602831,0.33,0.75));
#3555 = LINE('',#3556,#3557);
#3556 = CARTESIAN_POINT('',(1.578321595662,0.33,0.75));
#3557 = VECTOR('',#3558,1.);
#3558 = DIRECTION('',(-1.,0.,0.));
#3559 = ORIENTED_EDGE('',*,*,#3560,.F.);
#3560 = EDGE_CURVE('',#3561,#3551,#3563,.T.);
#3561 = VERTEX_POINT('',#3562);
#3562 = CARTESIAN_POINT('',(1.411191602831,0.419625454917,0.75));
#3563 = CIRCLE('',#3564,0.12);
#3564 = AXIS2_PLACEMENT_3D('',#3565,#3566,#3567);
#3565 = CARTESIAN_POINT('',(1.46,0.31,0.75));
#3566 = DIRECTION('',(0.,0.,-1.));
#3567 = DIRECTION('',(-0.406736643076,0.913545457643,0.));
#3568 = ORIENTED_EDGE('',*,*,#3569,.F.);
#3569 = EDGE_CURVE('',#3553,#3561,#3570,.T.);
#3570 = LINE('',#3571,#3572);
#3571 = CARTESIAN_POINT('',(1.411191602831,0.33,0.75));
#3572 = VECTOR('',#3573,1.);
#3573 = DIRECTION('',(0.,1.,0.));
#3574 = PLANE('',#3575);
#3575 = AXIS2_PLACEMENT_3D('',#3576,#3577,#3578);
#3576 = CARTESIAN_POINT('',(0.,0.,0.75));
#3577 = DIRECTION('',(0.,0.,-1.));
#3578 = DIRECTION('',(0.,-1.,0.));
#3579 = ADVANCED_FACE('',(#3580),#3614,.T.);
#3580 = FACE_BOUND('',#3581,.T.);
#3581 = EDGE_LOOP('',(#3582,#3590,#3598,#3606,#3612,#3613));
#3582 = ORIENTED_EDGE('',*,*,#3583,.F.);
#3583 = EDGE_CURVE('',#3584,#3528,#3586,.T.);
#3584 = VERTEX_POINT('',#3585);
#3585 = CARTESIAN_POINT('',(1.58,2.E-02,0.97));
#3586 = LINE('',#3587,#3588);
#3587 = CARTESIAN_POINT('',(1.58,2.E-02,0.97));
#3588 = VECTOR('',#3589,1.);
#3589 = DIRECTION('',(0.,0.,-1.));
#3590 = ORIENTED_EDGE('',*,*,#3591,.T.);
#3591 = EDGE_CURVE('',#3584,#3592,#3594,.T.);
#3592 = VERTEX_POINT('',#3593);
#3593 = CARTESIAN_POINT('',(1.246209542351,2.E-02,0.97));
#3594 = LINE('',#3595,#3596);
#3595 = CARTESIAN_POINT('',(1.58,2.E-02,0.97));
#3596 = VECTOR('',#3597,1.);
#3597 = DIRECTION('',(-1.,0.,0.));
#3598 = ORIENTED_EDGE('',*,*,#3599,.F.);
#3599 = EDGE_CURVE('',#3600,#3592,#3602,.T.);
#3600 = VERTEX_POINT('',#3601);
#3601 = CARTESIAN_POINT('',(1.246209542351,2.E-02,0.88));
#3602 = LINE('',#3603,#3604);
#3603 = CARTESIAN_POINT('',(1.246209542351,2.E-02,0.88));
#3604 = VECTOR('',#3605,1.);
#3605 = DIRECTION('',(0.,0.,1.));
#3606 = ORIENTED_EDGE('',*,*,#3607,.F.);
#3607 = EDGE_CURVE('',#3385,#3600,#3608,.T.);
#3608 = LINE('',#3609,#3610);
#3609 = CARTESIAN_POINT('',(1.5,2.E-02,0.88));
#3610 = VECTOR('',#3611,1.);
#3611 = DIRECTION('',(-1.,0.,0.));
#3612 = ORIENTED_EDGE('',*,*,#3384,.T.);
#3613 = ORIENTED_EDGE('',*,*,#3535,.T.);
#3614 = PLANE('',#3615);
#3615 = AXIS2_PLACEMENT_3D('',#3616,#3617,#3618);
#3616 = CARTESIAN_POINT('',(1.5,2.E-02,0.97));
#3617 = DIRECTION('',(0.,-1.,0.));
#3618 = DIRECTION('',(0.,0.,-1.));
#3619 = ADVANCED_FACE('',(#3620),#3719,.F.);
#3620 = FACE_BOUND('',#3621,.T.);
#3621 = EDGE_LOOP('',(#3622,#3632,#3640,#3648,#3654,#3655,#3663,#3669,
    #3670,#3671,#3680,#3688,#3697,#3705,#3713));
#3622 = ORIENTED_EDGE('',*,*,#3623,.F.);
#3623 = EDGE_CURVE('',#3624,#3626,#3628,.T.);
#3624 = VERTEX_POINT('',#3625);
#3625 = CARTESIAN_POINT('',(0.59,0.19,0.88));
#3626 = VERTEX_POINT('',#3627);
#3627 = CARTESIAN_POINT('',(0.62,0.19,0.88));
#3628 = LINE('',#3629,#3630);
#3629 = CARTESIAN_POINT('',(0.59,0.19,0.88));
#3630 = VECTOR('',#3631,1.);
#3631 = DIRECTION('',(1.,0.,1.110223024625E-14));
#3632 = ORIENTED_EDGE('',*,*,#3633,.T.);
#3633 = EDGE_CURVE('',#3624,#3634,#3636,.T.);
#3634 = VERTEX_POINT('',#3635);
#3635 = CARTESIAN_POINT('',(0.59,-0.18,0.88));
#3636 = LINE('',#3637,#3638);
#3637 = CARTESIAN_POINT('',(0.59,0.19,0.88));
#3638 = VECTOR('',#3639,1.);
#3639 = DIRECTION('',(0.,-1.,0.));
#3640 = ORIENTED_EDGE('',*,*,#3641,.F.);
#3641 = EDGE_CURVE('',#3642,#3634,#3644,.T.);
#3642 = VERTEX_POINT('',#3643);
#3643 = CARTESIAN_POINT('',(0.525,-0.18,0.88));
#3644 = LINE('',#3645,#3646);
#3645 = CARTESIAN_POINT('',(0.525,-0.18,0.88));
#3646 = VECTOR('',#3647,1.);
#3647 = DIRECTION('',(1.,0.,0.));
#3648 = ORIENTED_EDGE('',*,*,#3649,.T.);
#3649 = EDGE_CURVE('',#3642,#2895,#3650,.T.);
#3650 = LINE('',#3651,#3652);
#3651 = CARTESIAN_POINT('',(0.525,-0.18,0.88));
#3652 = VECTOR('',#3653,1.);
#3653 = DIRECTION('',(0.,-1.,0.));
#3654 = ORIENTED_EDGE('',*,*,#2894,.F.);
#3655 = ORIENTED_EDGE('',*,*,#3656,.F.);
#3656 = EDGE_CURVE('',#3657,#2887,#3659,.T.);
#3657 = VERTEX_POINT('',#3658);
#3658 = CARTESIAN_POINT('',(1.265,-1.E-02,0.88));
#3659 = LINE('',#3660,#3661);
#3660 = CARTESIAN_POINT('',(1.265,-1.E-02,0.88));
#3661 = VECTOR('',#3662,1.);
#3662 = DIRECTION('',(0.,-1.,0.));
#3663 = ORIENTED_EDGE('',*,*,#3664,.F.);
#3664 = EDGE_CURVE('',#3395,#3657,#3665,.T.);
#3665 = LINE('',#3666,#3667);
#3666 = CARTESIAN_POINT('',(1.5,-1.E-02,0.88));
#3667 = VECTOR('',#3668,1.);
#3668 = DIRECTION('',(-1.,0.,0.));
#3669 = ORIENTED_EDGE('',*,*,#3394,.F.);
#3670 = ORIENTED_EDGE('',*,*,#3607,.T.);
#3671 = ORIENTED_EDGE('',*,*,#3672,.T.);
#3672 = EDGE_CURVE('',#3600,#3673,#3675,.T.);
#3673 = VERTEX_POINT('',#3674);
#3674 = CARTESIAN_POINT('',(1.177929076513,-6.939901553669E-03,0.88));
#3675 = CIRCLE('',#3676,0.1);
#3676 = AXIS2_PLACEMENT_3D('',#3677,#3678,#3679);
#3677 = CARTESIAN_POINT('',(1.246209542351,-8.E-02,0.88));
#3678 = DIRECTION('',(0.,-0.,1.));
#3679 = DIRECTION('',(0.,1.,0.));
#3680 = ORIENTED_EDGE('',*,*,#3681,.F.);
#3681 = EDGE_CURVE('',#3682,#3673,#3684,.T.);
#3682 = VERTEX_POINT('',#3683);
#3683 = CARTESIAN_POINT('',(1.032280465838,-0.143060098446,0.88));
#3684 = LINE('',#3685,#3686);
#3685 = CARTESIAN_POINT('',(1.032280465838,-0.143060098446,0.88));
#3686 = VECTOR('',#3687,1.);
#3687 = DIRECTION('',(0.730600984463,0.682804658377,0.));
#3688 = ORIENTED_EDGE('',*,*,#3689,.F.);
#3689 = EDGE_CURVE('',#3690,#3682,#3692,.T.);
#3690 = VERTEX_POINT('',#3691);
#3691 = CARTESIAN_POINT('',(0.964,-0.17,0.88));
#3692 = CIRCLE('',#3693,0.1);
#3693 = AXIS2_PLACEMENT_3D('',#3694,#3695,#3696);
#3694 = CARTESIAN_POINT('',(0.964,-7.E-02,0.88));
#3695 = DIRECTION('',(0.,0.,1.));
#3696 = DIRECTION('',(0.,-1.,0.));
#3697 = ORIENTED_EDGE('',*,*,#3698,.F.);
#3698 = EDGE_CURVE('',#3699,#3690,#3701,.T.);
#3699 = VERTEX_POINT('',#3700);
#3700 = CARTESIAN_POINT('',(0.67,-0.17,0.88));
#3701 = LINE('',#3702,#3703);
#3702 = CARTESIAN_POINT('',(0.67,-0.17,0.88));
#3703 = VECTOR('',#3704,1.);
#3704 = DIRECTION('',(1.,0.,0.));
#3705 = ORIENTED_EDGE('',*,*,#3706,.F.);
#3706 = EDGE_CURVE('',#3707,#3699,#3709,.T.);
#3707 = VERTEX_POINT('',#3708);
#3708 = CARTESIAN_POINT('',(0.62,-0.12,0.88));
#3709 = LINE('',#3710,#3711);
#3710 = CARTESIAN_POINT('',(0.62,-0.12,0.88));
#3711 = VECTOR('',#3712,1.);
#3712 = DIRECTION('',(0.707106781187,-0.707106781186,0.));
#3713 = ORIENTED_EDGE('',*,*,#3714,.F.);
#3714 = EDGE_CURVE('',#3626,#3707,#3715,.T.);
#3715 = LINE('',#3716,#3717);
#3716 = CARTESIAN_POINT('',(0.62,0.19,0.88));
#3717 = VECTOR('',#3718,1.);
#3718 = DIRECTION('',(0.,-1.,0.));
#3719 = PLANE('',#3720);
#3720 = AXIS2_PLACEMENT_3D('',#3721,#3722,#3723);
#3721 = CARTESIAN_POINT('',(1.265,0.33,0.88));
#3722 = DIRECTION('',(0.,0.,-1.));
#3723 = DIRECTION('',(0.,-1.,0.));
#3724 = ADVANCED_FACE('',(#3725),#3801,.F.);
#3725 = FACE_BOUND('',#3726,.T.);
#3726 = EDGE_LOOP('',(#3727,#3737,#3745,#3753,#3761,#3769,#3778,#3786,
    #3795));
#3727 = ORIENTED_EDGE('',*,*,#3728,.F.);
#3728 = EDGE_CURVE('',#3729,#3731,#3733,.T.);
#3729 = VERTEX_POINT('',#3730);
#3730 = CARTESIAN_POINT('',(1.0253078203,0.33,0.88));
#3731 = VERTEX_POINT('',#3732);
#3732 = CARTESIAN_POINT('',(1.13,0.33,0.88));
#3733 = LINE('',#3734,#3735);
#3734 = CARTESIAN_POINT('',(1.0253078203,0.33,0.88));
#3735 = VECTOR('',#3736,1.);
#3736 = DIRECTION('',(1.,0.,0.));
#3737 = ORIENTED_EDGE('',*,*,#3738,.F.);
#3738 = EDGE_CURVE('',#3739,#3729,#3741,.T.);
#3739 = VERTEX_POINT('',#3740);
#3740 = CARTESIAN_POINT('',(0.8275,0.33,0.88));
#3741 = LINE('',#3742,#3743);
#3742 = CARTESIAN_POINT('',(0.8275,0.33,0.88));
#3743 = VECTOR('',#3744,1.);
#3744 = DIRECTION('',(1.,0.,0.));
#3745 = ORIENTED_EDGE('',*,*,#3746,.T.);
#3746 = EDGE_CURVE('',#3739,#3747,#3749,.T.);
#3747 = VERTEX_POINT('',#3748);
#3748 = CARTESIAN_POINT('',(0.8275,0.19,0.88));
#3749 = LINE('',#3750,#3751);
#3750 = CARTESIAN_POINT('',(0.8275,0.33,0.88));
#3751 = VECTOR('',#3752,1.);
#3752 = DIRECTION('',(0.,-1.,0.));
#3753 = ORIENTED_EDGE('',*,*,#3754,.F.);
#3754 = EDGE_CURVE('',#3755,#3747,#3757,.T.);
#3755 = VERTEX_POINT('',#3756);
#3756 = CARTESIAN_POINT('',(0.795,0.19,0.88));
#3757 = LINE('',#3758,#3759);
#3758 = CARTESIAN_POINT('',(0.795,0.19,0.88));
#3759 = VECTOR('',#3760,1.);
#3760 = DIRECTION('',(1.,0.,0.));
#3761 = ORIENTED_EDGE('',*,*,#3762,.T.);
#3762 = EDGE_CURVE('',#3755,#3763,#3765,.T.);
#3763 = VERTEX_POINT('',#3764);
#3764 = CARTESIAN_POINT('',(0.795,0.17,0.88));
#3765 = LINE('',#3766,#3767);
#3766 = CARTESIAN_POINT('',(0.795,0.19,0.88));
#3767 = VECTOR('',#3768,1.);
#3768 = DIRECTION('',(0.,-1.,0.));
#3769 = ORIENTED_EDGE('',*,*,#3770,.T.);
#3770 = EDGE_CURVE('',#3763,#3771,#3773,.T.);
#3771 = VERTEX_POINT('',#3772);
#3772 = CARTESIAN_POINT('',(0.835,0.13,0.88));
#3773 = CIRCLE('',#3774,4.E-02);
#3774 = AXIS2_PLACEMENT_3D('',#3775,#3776,#3777);
#3775 = CARTESIAN_POINT('',(0.835,0.17,0.88));
#3776 = DIRECTION('',(0.,0.,1.));
#3777 = DIRECTION('',(-1.,0.,0.));
#3778 = ORIENTED_EDGE('',*,*,#3779,.F.);
#3779 = EDGE_CURVE('',#3780,#3771,#3782,.T.);
#3780 = VERTEX_POINT('',#3781);
#3781 = CARTESIAN_POINT('',(0.90021809153,0.13,0.88));
#3782 = LINE('',#3783,#3784);
#3783 = CARTESIAN_POINT('',(0.90021809153,0.13,0.88));
#3784 = VECTOR('',#3785,1.);
#3785 = DIRECTION('',(-1.,0.,0.));
#3786 = ORIENTED_EDGE('',*,*,#3787,.T.);
#3787 = EDGE_CURVE('',#3780,#3788,#3790,.T.);
#3788 = VERTEX_POINT('',#3789);
#3789 = CARTESIAN_POINT('',(0.927530277865,0.140775960621,0.88));
#3790 = CIRCLE('',#3791,4.E-02);
#3791 = AXIS2_PLACEMENT_3D('',#3792,#3793,#3794);
#3792 = CARTESIAN_POINT('',(0.90021809153,0.17,0.88));
#3793 = DIRECTION('',(0.,0.,1.));
#3794 = DIRECTION('',(0.,-1.,0.));
#3795 = ORIENTED_EDGE('',*,*,#3796,.F.);
#3796 = EDGE_CURVE('',#3731,#3788,#3797,.T.);
#3797 = LINE('',#3798,#3799);
#3798 = CARTESIAN_POINT('',(1.13,0.33,0.88));
#3799 = VECTOR('',#3800,1.);
#3800 = DIRECTION('',(-0.730600984463,-0.682804658377,0.));
#3801 = PLANE('',#3802);
#3802 = AXIS2_PLACEMENT_3D('',#3803,#3804,#3805);
#3803 = CARTESIAN_POINT('',(1.265,0.33,0.88));
#3804 = DIRECTION('',(0.,0.,-1.));
#3805 = DIRECTION('',(0.,-1.,0.));
#3806 = ADVANCED_FACE('',(#3807),#3898,.T.);
#3807 = FACE_BOUND('',#3808,.T.);
#3808 = EDGE_LOOP('',(#3809,#3817,#3825,#3834,#3842,#3851,#3857,#3858,
    #3867,#3875,#3883,#3891,#3897));
#3809 = ORIENTED_EDGE('',*,*,#3810,.T.);
#3810 = EDGE_CURVE('',#3707,#3811,#3813,.T.);
#3811 = VERTEX_POINT('',#3812);
#3812 = CARTESIAN_POINT('',(0.62,-0.12,0.97));
#3813 = LINE('',#3814,#3815);
#3814 = CARTESIAN_POINT('',(0.62,-0.12,0.88));
#3815 = VECTOR('',#3816,1.);
#3816 = DIRECTION('',(0.,0.,1.));
#3817 = ORIENTED_EDGE('',*,*,#3818,.F.);
#3818 = EDGE_CURVE('',#3819,#3811,#3821,.T.);
#3819 = VERTEX_POINT('',#3820);
#3820 = CARTESIAN_POINT('',(0.62,0.21,0.97));
#3821 = LINE('',#3822,#3823);
#3822 = CARTESIAN_POINT('',(0.62,0.21,0.97));
#3823 = VECTOR('',#3824,1.);
#3824 = DIRECTION('',(0.,-1.,0.));
#3825 = ORIENTED_EDGE('',*,*,#3826,.F.);
#3826 = EDGE_CURVE('',#3827,#3819,#3829,.T.);
#3827 = VERTEX_POINT('',#3828);
#3828 = CARTESIAN_POINT('',(0.62,0.33,0.85));
#3829 = CIRCLE('',#3830,0.12);
#3830 = AXIS2_PLACEMENT_3D('',#3831,#3832,#3833);
#3831 = CARTESIAN_POINT('',(0.62,0.21,0.85));
#3832 = DIRECTION('',(1.,0.,0.));
#3833 = DIRECTION('',(-0.,1.,0.));
#3834 = ORIENTED_EDGE('',*,*,#3835,.F.);
#3835 = EDGE_CURVE('',#3836,#3827,#3838,.T.);
#3836 = VERTEX_POINT('',#3837);
#3837 = CARTESIAN_POINT('',(0.62,0.33,0.678563985247));
#3838 = LINE('',#3839,#3840);
#3839 = CARTESIAN_POINT('',(0.62,0.33,0.678563985247));
#3840 = VECTOR('',#3841,1.);
#3841 = DIRECTION('',(0.,0.,1.));
#3842 = ORIENTED_EDGE('',*,*,#3843,.F.);
#3843 = EDGE_CURVE('',#3844,#3836,#3846,.T.);
#3844 = VERTEX_POINT('',#3845);
#3845 = CARTESIAN_POINT('',(0.62,0.297850884872,0.609619985366));
#3846 = CIRCLE('',#3847,9.E-02);
#3847 = AXIS2_PLACEMENT_3D('',#3848,#3849,#3850);
#3848 = CARTESIAN_POINT('',(0.62,0.24,0.678563985247));
#3849 = DIRECTION('',(1.,0.,0.));
#3850 = DIRECTION('',(0.,0.642787609686,-0.766044443119));
#3851 = ORIENTED_EDGE('',*,*,#3852,.F.);
#3852 = EDGE_CURVE('',#2392,#3844,#3853,.T.);
#3853 = LINE('',#3854,#3855);
#3854 = CARTESIAN_POINT('',(0.62,0.257850884872,0.576056000119));
#3855 = VECTOR('',#3856,1.);
#3856 = DIRECTION('',(0.,0.766044443119,0.642787609686));
#3857 = ORIENTED_EDGE('',*,*,#2391,.F.);
#3858 = ORIENTED_EDGE('',*,*,#3859,.F.);
#3859 = EDGE_CURVE('',#3860,#2382,#3862,.T.);
#3860 = VERTEX_POINT('',#3861);
#3861 = CARTESIAN_POINT('',(0.62,0.147698376862,0.571756978372));
#3862 = CIRCLE('',#3863,9.E-02);
#3863 = AXIS2_PLACEMENT_3D('',#3864,#3865,#3866);
#3864 = CARTESIAN_POINT('',(0.62,0.2,0.645));
#3865 = DIRECTION('',(1.,0.,0.));
#3866 = DIRECTION('',(0.,-0.581129145978,-0.813811351416));
#3867 = ORIENTED_EDGE('',*,*,#3868,.F.);
#3868 = EDGE_CURVE('',#3869,#3860,#3871,.T.);
#3869 = VERTEX_POINT('',#3870);
#3870 = CARTESIAN_POINT('',(0.62,6.8E-02,0.62866826328));
#3871 = LINE('',#3872,#3873);
#3872 = CARTESIAN_POINT('',(0.62,6.8E-02,0.62866826328));
#3873 = VECTOR('',#3874,1.);
#3874 = DIRECTION('',(0.,0.813811351416,-0.581129145978));
#3875 = ORIENTED_EDGE('',*,*,#3876,.F.);
#3876 = EDGE_CURVE('',#3877,#3869,#3879,.T.);
#3877 = VERTEX_POINT('',#3878);
#3878 = CARTESIAN_POINT('',(0.62,6.8E-02,0.63));
#3879 = LINE('',#3880,#3881);
#3880 = CARTESIAN_POINT('',(0.62,6.8E-02,0.63));
#3881 = VECTOR('',#3882,1.);
#3882 = DIRECTION('',(0.,0.,-1.));
#3883 = ORIENTED_EDGE('',*,*,#3884,.F.);
#3884 = EDGE_CURVE('',#3885,#3877,#3887,.T.);
#3885 = VERTEX_POINT('',#3886);
#3886 = CARTESIAN_POINT('',(0.62,0.21,0.63));
#3887 = LINE('',#3888,#3889);
#3888 = CARTESIAN_POINT('',(0.62,0.21,0.63));
#3889 = VECTOR('',#3890,1.);
#3890 = DIRECTION('',(0.,-1.,0.));
#3891 = ORIENTED_EDGE('',*,*,#3892,.F.);
#3892 = EDGE_CURVE('',#3626,#3885,#3893,.T.);
#3893 = LINE('',#3894,#3895);
#3894 = CARTESIAN_POINT('',(0.62,0.19,0.88));
#3895 = VECTOR('',#3896,1.);
#3896 = DIRECTION('',(0.,7.974522228289E-02,-0.996815278536));
#3897 = ORIENTED_EDGE('',*,*,#3714,.T.);
#3898 = PLANE('',#3899);
#3899 = AXIS2_PLACEMENT_3D('',#3900,#3901,#3902);
#3900 = CARTESIAN_POINT('',(0.62,0.21,0.88));
#3901 = DIRECTION('',(-1.,0.,0.));
#3902 = DIRECTION('',(0.,0.,1.));
#3903 = ADVANCED_FACE('',(#3904),#3930,.F.);
#3904 = FACE_BOUND('',#3905,.T.);
#3905 = EDGE_LOOP('',(#3906,#3914,#3922,#3928,#3929));
#3906 = ORIENTED_EDGE('',*,*,#3907,.F.);
#3907 = EDGE_CURVE('',#3908,#3885,#3910,.T.);
#3908 = VERTEX_POINT('',#3909);
#3909 = CARTESIAN_POINT('',(0.5725,0.21,0.63));
#3910 = LINE('',#3911,#3912);
#3911 = CARTESIAN_POINT('',(0.5725,0.21,0.63));
#3912 = VECTOR('',#3913,1.);
#3913 = DIRECTION('',(1.,0.,0.));
#3914 = ORIENTED_EDGE('',*,*,#3915,.F.);
#3915 = EDGE_CURVE('',#3916,#3908,#3918,.T.);
#3916 = VERTEX_POINT('',#3917);
#3917 = CARTESIAN_POINT('',(0.5725,0.19,0.88));
#3918 = LINE('',#3919,#3920);
#3919 = CARTESIAN_POINT('',(0.5725,0.19,0.88));
#3920 = VECTOR('',#3921,1.);
#3921 = DIRECTION('',(0.,7.974522228289E-02,-0.996815278536));
#3922 = ORIENTED_EDGE('',*,*,#3923,.T.);
#3923 = EDGE_CURVE('',#3916,#3624,#3924,.T.);
#3924 = LINE('',#3925,#3926);
#3925 = CARTESIAN_POINT('',(0.5725,0.19,0.88));
#3926 = VECTOR('',#3927,1.);
#3927 = DIRECTION('',(1.,0.,2.537652627715E-14));
#3928 = ORIENTED_EDGE('',*,*,#3623,.T.);
#3929 = ORIENTED_EDGE('',*,*,#3892,.T.);
#3930 = PLANE('',#3931);
#3931 = AXIS2_PLACEMENT_3D('',#3932,#3933,#3934);
#3932 = CARTESIAN_POINT('',(0.5725,0.19,0.88));
#3933 = DIRECTION('',(0.,-0.996815278536,-7.974522228289E-02));
#3934 = DIRECTION('',(0.,7.974522228289E-02,-0.996815278536));
#3935 = ADVANCED_FACE('',(#3936),#3961,.F.);
#3936 = FACE_BOUND('',#3937,.T.);
#3937 = EDGE_LOOP('',(#3938,#3939,#3947,#3955));
#3938 = ORIENTED_EDGE('',*,*,#3754,.T.);
#3939 = ORIENTED_EDGE('',*,*,#3940,.T.);
#3940 = EDGE_CURVE('',#3747,#3941,#3943,.T.);
#3941 = VERTEX_POINT('',#3942);
#3942 = CARTESIAN_POINT('',(0.8275,0.21,0.63));
#3943 = LINE('',#3944,#3945);
#3944 = CARTESIAN_POINT('',(0.8275,0.19,0.88));
#3945 = VECTOR('',#3946,1.);
#3946 = DIRECTION('',(0.,7.974522228289E-02,-0.996815278536));
#3947 = ORIENTED_EDGE('',*,*,#3948,.F.);
#3948 = EDGE_CURVE('',#3949,#3941,#3951,.T.);
#3949 = VERTEX_POINT('',#3950);
#3950 = CARTESIAN_POINT('',(0.795,0.21,0.63));
#3951 = LINE('',#3952,#3953);
#3952 = CARTESIAN_POINT('',(0.795,0.21,0.63));
#3953 = VECTOR('',#3954,1.);
#3954 = DIRECTION('',(1.,0.,0.));
#3955 = ORIENTED_EDGE('',*,*,#3956,.F.);
#3956 = EDGE_CURVE('',#3755,#3949,#3957,.T.);
#3957 = LINE('',#3958,#3959);
#3958 = CARTESIAN_POINT('',(0.795,0.19,0.88));
#3959 = VECTOR('',#3960,1.);
#3960 = DIRECTION('',(0.,7.974522228289E-02,-0.996815278536));
#3961 = PLANE('',#3962);
#3962 = AXIS2_PLACEMENT_3D('',#3963,#3964,#3965);
#3963 = CARTESIAN_POINT('',(0.5725,0.19,0.88));
#3964 = DIRECTION('',(0.,-0.996815278536,-7.974522228289E-02));
#3965 = DIRECTION('',(0.,7.974522228289E-02,-0.996815278536));
#3966 = ADVANCED_FACE('',(#3967),#3992,.F.);
#3967 = FACE_BOUND('',#3968,.T.);
#3968 = EDGE_LOOP('',(#3969,#3977,#3978,#3986));
#3969 = ORIENTED_EDGE('',*,*,#3970,.T.);
#3970 = EDGE_CURVE('',#3971,#3624,#3973,.T.);
#3971 = VERTEX_POINT('',#3972);
#3972 = CARTESIAN_POINT('',(0.59,0.33,0.88));
#3973 = LINE('',#3974,#3975);
#3974 = CARTESIAN_POINT('',(0.59,0.33,0.88));
#3975 = VECTOR('',#3976,1.);
#3976 = DIRECTION('',(0.,-1.,0.));
#3977 = ORIENTED_EDGE('',*,*,#3923,.F.);
#3978 = ORIENTED_EDGE('',*,*,#3979,.F.);
#3979 = EDGE_CURVE('',#3980,#3916,#3982,.T.);
#3980 = VERTEX_POINT('',#3981);
#3981 = CARTESIAN_POINT('',(0.5725,0.33,0.88));
#3982 = LINE('',#3983,#3984);
#3983 = CARTESIAN_POINT('',(0.5725,0.33,0.88));
#3984 = VECTOR('',#3985,1.);
#3985 = DIRECTION('',(0.,-1.,0.));
#3986 = ORIENTED_EDGE('',*,*,#3987,.T.);
#3987 = EDGE_CURVE('',#3980,#3971,#3988,.T.);
#3988 = LINE('',#3989,#3990);
#3989 = CARTESIAN_POINT('',(0.5725,0.33,0.88));
#3990 = VECTOR('',#3991,1.);
#3991 = DIRECTION('',(1.,0.,0.));
#3992 = PLANE('',#3993);
#3993 = AXIS2_PLACEMENT_3D('',#3994,#3995,#3996);
#3994 = CARTESIAN_POINT('',(0.5725,0.33,0.88));
#3995 = DIRECTION('',(0.,0.,1.));
#3996 = DIRECTION('',(1.,0.,-0.));
#3997 = ADVANCED_FACE('',(#3998),#4032,.T.);
#3998 = FACE_BOUND('',#3999,.T.);
#3999 = EDGE_LOOP('',(#4000,#4010,#4018,#4026));
#4000 = ORIENTED_EDGE('',*,*,#4001,.F.);
#4001 = EDGE_CURVE('',#4002,#4004,#4006,.T.);
#4002 = VERTEX_POINT('',#4003);
#4003 = CARTESIAN_POINT('',(0.575,0.33,0.34));
#4004 = VERTEX_POINT('',#4005);
#4005 = CARTESIAN_POINT('',(-0.575,0.33,0.34));
#4006 = LINE('',#4007,#4008);
#4007 = CARTESIAN_POINT('',(0.575,0.33,0.34));
#4008 = VECTOR('',#4009,1.);
#4009 = DIRECTION('',(-1.,0.,0.));
#4010 = ORIENTED_EDGE('',*,*,#4011,.T.);
#4011 = EDGE_CURVE('',#4002,#4012,#4014,.T.);
#4012 = VERTEX_POINT('',#4013);
#4013 = CARTESIAN_POINT('',(0.575,0.33,-0.34));
#4014 = LINE('',#4015,#4016);
#4015 = CARTESIAN_POINT('',(0.575,0.33,0.34));
#4016 = VECTOR('',#4017,1.);
#4017 = DIRECTION('',(0.,0.,-1.));
#4018 = ORIENTED_EDGE('',*,*,#4019,.F.);
#4019 = EDGE_CURVE('',#4020,#4012,#4022,.T.);
#4020 = VERTEX_POINT('',#4021);
#4021 = CARTESIAN_POINT('',(-0.575,0.33,-0.34));
#4022 = LINE('',#4023,#4024);
#4023 = CARTESIAN_POINT('',(-0.575,0.33,-0.34));
#4024 = VECTOR('',#4025,1.);
#4025 = DIRECTION('',(1.,0.,0.));
#4026 = ORIENTED_EDGE('',*,*,#4027,.T.);
#4027 = EDGE_CURVE('',#4020,#4004,#4028,.T.);
#4028 = LINE('',#4029,#4030);
#4029 = CARTESIAN_POINT('',(-0.575,0.33,-0.34));
#4030 = VECTOR('',#4031,1.);
#4031 = DIRECTION('',(0.,0.,1.));
#4032 = PLANE('',#4033);
#4033 = AXIS2_PLACEMENT_3D('',#4034,#4035,#4036);
#4034 = CARTESIAN_POINT('',(0.,0.33,0.));
#4035 = DIRECTION('',(-0.,1.,0.));
#4036 = DIRECTION('',(1.,0.,0.));
#4037 = ADVANCED_FACE('',(#4038),#4095,.T.);
#4038 = FACE_BOUND('',#4039,.T.);
#4039 = EDGE_LOOP('',(#4040,#4050,#4058,#4066,#4072,#4073,#4081,#4089));
#4040 = ORIENTED_EDGE('',*,*,#4041,.T.);
#4041 = EDGE_CURVE('',#4042,#4044,#4046,.T.);
#4042 = VERTEX_POINT('',#4043);
#4043 = CARTESIAN_POINT('',(-0.5725,0.33,0.88));
#4044 = VERTEX_POINT('',#4045);
#4045 = CARTESIAN_POINT('',(-0.59,0.33,0.88));
#4046 = LINE('',#4047,#4048);
#4047 = CARTESIAN_POINT('',(-0.5725,0.33,0.88));
#4048 = VECTOR('',#4049,1.);
#4049 = DIRECTION('',(-1.,0.,0.));
#4050 = ORIENTED_EDGE('',*,*,#4051,.F.);
#4051 = EDGE_CURVE('',#4052,#4044,#4054,.T.);
#4052 = VERTEX_POINT('',#4053);
#4053 = CARTESIAN_POINT('',(-0.59,0.33,1.));
#4054 = LINE('',#4055,#4056);
#4055 = CARTESIAN_POINT('',(-0.59,0.33,1.));
#4056 = VECTOR('',#4057,1.);
#4057 = DIRECTION('',(0.,0.,-1.));
#4058 = ORIENTED_EDGE('',*,*,#4059,.T.);
#4059 = EDGE_CURVE('',#4052,#4060,#4062,.T.);
#4060 = VERTEX_POINT('',#4061);
#4061 = CARTESIAN_POINT('',(0.59,0.33,1.));
#4062 = LINE('',#4063,#4064);
#4063 = CARTESIAN_POINT('',(-0.59,0.33,1.));
#4064 = VECTOR('',#4065,1.);
#4065 = DIRECTION('',(1.,0.,0.));
#4066 = ORIENTED_EDGE('',*,*,#4067,.T.);
#4067 = EDGE_CURVE('',#4060,#3971,#4068,.T.);
#4068 = LINE('',#4069,#4070);
#4069 = CARTESIAN_POINT('',(0.59,0.33,1.));
#4070 = VECTOR('',#4071,1.);
#4071 = DIRECTION('',(0.,0.,-1.));
#4072 = ORIENTED_EDGE('',*,*,#3987,.F.);
#4073 = ORIENTED_EDGE('',*,*,#4074,.T.);
#4074 = EDGE_CURVE('',#3980,#4075,#4077,.T.);
#4075 = VERTEX_POINT('',#4076);
#4076 = CARTESIAN_POINT('',(0.5725,0.33,0.63));
#4077 = LINE('',#4078,#4079);
#4078 = CARTESIAN_POINT('',(0.5725,0.33,0.88));
#4079 = VECTOR('',#4080,1.);
#4080 = DIRECTION('',(0.,0.,-1.));
#4081 = ORIENTED_EDGE('',*,*,#4082,.F.);
#4082 = EDGE_CURVE('',#4083,#4075,#4085,.T.);
#4083 = VERTEX_POINT('',#4084);
#4084 = CARTESIAN_POINT('',(-0.5725,0.33,0.63));
#4085 = LINE('',#4086,#4087);
#4086 = CARTESIAN_POINT('',(-0.5725,0.33,0.63));
#4087 = VECTOR('',#4088,1.);
#4088 = DIRECTION('',(1.,0.,0.));
#4089 = ORIENTED_EDGE('',*,*,#4090,.F.);
#4090 = EDGE_CURVE('',#4042,#4083,#4091,.T.);
#4091 = LINE('',#4092,#4093);
#4092 = CARTESIAN_POINT('',(-0.5725,0.33,0.88));
#4093 = VECTOR('',#4094,1.);
#4094 = DIRECTION('',(0.,0.,-1.));
#4095 = PLANE('',#4096);
#4096 = AXIS2_PLACEMENT_3D('',#4097,#4098,#4099);
#4097 = CARTESIAN_POINT('',(0.,0.33,0.));
#4098 = DIRECTION('',(-0.,1.,0.));
#4099 = DIRECTION('',(1.,0.,0.));
#4100 = ADVANCED_FACE('',(#4101),#4167,.T.);
#4101 = FACE_BOUND('',#4102,.T.);
#4102 = EDGE_LOOP('',(#4103,#4113,#4121,#4129,#4137,#4145,#4153,#4161));
#4103 = ORIENTED_EDGE('',*,*,#4104,.F.);
#4104 = EDGE_CURVE('',#4105,#4107,#4109,.T.);
#4105 = VERTEX_POINT('',#4106);
#4106 = CARTESIAN_POINT('',(0.5725,0.33,-0.63));
#4107 = VERTEX_POINT('',#4108);
#4108 = CARTESIAN_POINT('',(-0.5725,0.33,-0.63));
#4109 = LINE('',#4110,#4111);
#4110 = CARTESIAN_POINT('',(0.5725,0.33,-0.63));
#4111 = VECTOR('',#4112,1.);
#4112 = DIRECTION('',(-1.,0.,0.));
#4113 = ORIENTED_EDGE('',*,*,#4114,.T.);
#4114 = EDGE_CURVE('',#4105,#4115,#4117,.T.);
#4115 = VERTEX_POINT('',#4116);
#4116 = CARTESIAN_POINT('',(0.5725,0.33,-0.88));
#4117 = LINE('',#4118,#4119);
#4118 = CARTESIAN_POINT('',(0.5725,0.33,-0.63));
#4119 = VECTOR('',#4120,1.);
#4120 = DIRECTION('',(0.,0.,-1.));
#4121 = ORIENTED_EDGE('',*,*,#4122,.T.);
#4122 = EDGE_CURVE('',#4115,#4123,#4125,.T.);
#4123 = VERTEX_POINT('',#4124);
#4124 = CARTESIAN_POINT('',(0.59,0.33,-0.88));
#4125 = LINE('',#4126,#4127);
#4126 = CARTESIAN_POINT('',(0.5725,0.33,-0.88));
#4127 = VECTOR('',#4128,1.);
#4128 = DIRECTION('',(1.,0.,0.));
#4129 = ORIENTED_EDGE('',*,*,#4130,.F.);
#4130 = EDGE_CURVE('',#4131,#4123,#4133,.T.);
#4131 = VERTEX_POINT('',#4132);
#4132 = CARTESIAN_POINT('',(0.59,0.33,-1.));
#4133 = LINE('',#4134,#4135);
#4134 = CARTESIAN_POINT('',(0.59,0.33,-1.));
#4135 = VECTOR('',#4136,1.);
#4136 = DIRECTION('',(0.,0.,1.));
#4137 = ORIENTED_EDGE('',*,*,#4138,.T.);
#4138 = EDGE_CURVE('',#4131,#4139,#4141,.T.);
#4139 = VERTEX_POINT('',#4140);
#4140 = CARTESIAN_POINT('',(-0.59,0.33,-1.));
#4141 = LINE('',#4142,#4143);
#4142 = CARTESIAN_POINT('',(0.59,0.33,-1.));
#4143 = VECTOR('',#4144,1.);
#4144 = DIRECTION('',(-1.,0.,0.));
#4145 = ORIENTED_EDGE('',*,*,#4146,.T.);
#4146 = EDGE_CURVE('',#4139,#4147,#4149,.T.);
#4147 = VERTEX_POINT('',#4148);
#4148 = CARTESIAN_POINT('',(-0.59,0.33,-0.88));
#4149 = LINE('',#4150,#4151);
#4150 = CARTESIAN_POINT('',(-0.59,0.33,-1.));
#4151 = VECTOR('',#4152,1.);
#4152 = DIRECTION('',(0.,0.,1.));
#4153 = ORIENTED_EDGE('',*,*,#4154,.F.);
#4154 = EDGE_CURVE('',#4155,#4147,#4157,.T.);
#4155 = VERTEX_POINT('',#4156);
#4156 = CARTESIAN_POINT('',(-0.5725,0.33,-0.88));
#4157 = LINE('',#4158,#4159);
#4158 = CARTESIAN_POINT('',(-0.5725,0.33,-0.88));
#4159 = VECTOR('',#4160,1.);
#4160 = DIRECTION('',(-1.,0.,0.));
#4161 = ORIENTED_EDGE('',*,*,#4162,.F.);
#4162 = EDGE_CURVE('',#4107,#4155,#4163,.T.);
#4163 = LINE('',#4164,#4165);
#4164 = CARTESIAN_POINT('',(-0.5725,0.33,-0.63));
#4165 = VECTOR('',#4166,1.);
#4166 = DIRECTION('',(0.,0.,-1.));
#4167 = PLANE('',#4168);
#4168 = AXIS2_PLACEMENT_3D('',#4169,#4170,#4171);
#4169 = CARTESIAN_POINT('',(0.,0.33,0.));
#4170 = DIRECTION('',(-0.,1.,0.));
#4171 = DIRECTION('',(1.,0.,0.));
#4172 = ADVANCED_FACE('',(#4173,#4287),#4321,.T.);
#4173 = FACE_BOUND('',#4174,.T.);
#4174 = EDGE_LOOP('',(#4175,#4185,#4193,#4201,#4209,#4217,#4225,#4233,
    #4241,#4249,#4257,#4265,#4273,#4281));
#4175 = ORIENTED_EDGE('',*,*,#4176,.F.);
#4176 = EDGE_CURVE('',#4177,#4179,#4181,.T.);
#4177 = VERTEX_POINT('',#4178);
#4178 = CARTESIAN_POINT('',(-1.2203,0.33,-0.787));
#4179 = VERTEX_POINT('',#4180);
#4180 = CARTESIAN_POINT('',(-1.2203,0.33,-0.631678404338));
#4181 = LINE('',#4182,#4183);
#4182 = CARTESIAN_POINT('',(-1.2203,0.33,-0.787));
#4183 = VECTOR('',#4184,1.);
#4184 = DIRECTION('',(0.,0.,1.));
#4185 = ORIENTED_EDGE('',*,*,#4186,.F.);
#4186 = EDGE_CURVE('',#4187,#4177,#4189,.T.);
#4187 = VERTEX_POINT('',#4188);
#4188 = CARTESIAN_POINT('',(-1.37,0.33,-0.97));
#4189 = LINE('',#4190,#4191);
#4190 = CARTESIAN_POINT('',(-1.37,0.33,-0.97));
#4191 = VECTOR('',#4192,1.);
#4192 = DIRECTION('',(0.633168690573,0.,0.774013830159));
#4193 = ORIENTED_EDGE('',*,*,#4194,.T.);
#4194 = EDGE_CURVE('',#4187,#4195,#4197,.T.);
#4195 = VERTEX_POINT('',#4196);
#4196 = CARTESIAN_POINT('',(-1.58,0.33,-0.97));
#4197 = LINE('',#4198,#4199);
#4198 = CARTESIAN_POINT('',(-1.37,0.33,-0.97));
#4199 = VECTOR('',#4200,1.);
#4200 = DIRECTION('',(-1.,0.,0.));
#4201 = ORIENTED_EDGE('',*,*,#4202,.T.);
#4202 = EDGE_CURVE('',#4195,#4203,#4205,.T.);
#4203 = VERTEX_POINT('',#4204);
#4204 = CARTESIAN_POINT('',(-1.58,0.33,0.97));
#4205 = LINE('',#4206,#4207);
#4206 = CARTESIAN_POINT('',(-1.58,0.33,-0.97));
#4207 = VECTOR('',#4208,1.);
#4208 = DIRECTION('',(0.,0.,1.));
#4209 = ORIENTED_EDGE('',*,*,#4210,.T.);
#4210 = EDGE_CURVE('',#4203,#4211,#4213,.T.);
#4211 = VERTEX_POINT('',#4212);
#4212 = CARTESIAN_POINT('',(-1.37,0.33,0.97));
#4213 = LINE('',#4214,#4215);
#4214 = CARTESIAN_POINT('',(-1.58,0.33,0.97));
#4215 = VECTOR('',#4216,1.);
#4216 = DIRECTION('',(1.,0.,0.));
#4217 = ORIENTED_EDGE('',*,*,#4218,.F.);
#4218 = EDGE_CURVE('',#4219,#4211,#4221,.T.);
#4219 = VERTEX_POINT('',#4220);
#4220 = CARTESIAN_POINT('',(-1.2203,0.33,0.787));
#4221 = LINE('',#4222,#4223);
#4222 = CARTESIAN_POINT('',(-1.2203,0.33,0.787));
#4223 = VECTOR('',#4224,1.);
#4224 = DIRECTION('',(-0.633168690573,0.,0.774013830159));
#4225 = ORIENTED_EDGE('',*,*,#4226,.F.);
#4226 = EDGE_CURVE('',#4227,#4219,#4229,.T.);
#4227 = VERTEX_POINT('',#4228);
#4228 = CARTESIAN_POINT('',(-1.2203,0.33,0.631678404338));
#4229 = LINE('',#4230,#4231);
#4230 = CARTESIAN_POINT('',(-1.2203,0.33,0.631678404338));
#4231 = VECTOR('',#4232,1.);
#4232 = DIRECTION('',(0.,0.,1.));
#4233 = ORIENTED_EDGE('',*,*,#4234,.F.);
#4234 = EDGE_CURVE('',#4235,#4227,#4237,.T.);
#4235 = VERTEX_POINT('',#4236);
#4236 = CARTESIAN_POINT('',(-1.232699145762,0.33,0.631678404338));
#4237 = LINE('',#4238,#4239);
#4238 = CARTESIAN_POINT('',(-1.232699145762,0.33,0.631678404338));
#4239 = VECTOR('',#4240,1.);
#4240 = DIRECTION('',(1.,0.,0.));
#4241 = ORIENTED_EDGE('',*,*,#4242,.T.);
#4242 = EDGE_CURVE('',#4235,#4243,#4245,.T.);
#4243 = VERTEX_POINT('',#4244);
#4244 = CARTESIAN_POINT('',(-1.232699145762,0.33,0.600627366954));
#4245 = LINE('',#4246,#4247);
#4246 = CARTESIAN_POINT('',(-1.232699145762,0.33,0.631678404338));
#4247 = VECTOR('',#4248,1.);
#4248 = DIRECTION('',(0.,0.,-1.));
#4249 = ORIENTED_EDGE('',*,*,#4250,.F.);
#4250 = EDGE_CURVE('',#4251,#4243,#4253,.T.);
#4251 = VERTEX_POINT('',#4252);
#4252 = CARTESIAN_POINT('',(-1.406577002055,0.33,0.746138239791));
#4253 = LINE('',#4254,#4255);
#4254 = CARTESIAN_POINT('',(-1.406577002055,0.33,0.746138239791));
#4255 = VECTOR('',#4256,1.);
#4256 = DIRECTION('',(0.766890702033,0.,-0.641777727204));
#4257 = ORIENTED_EDGE('',*,*,#4258,.T.);
#4258 = EDGE_CURVE('',#4251,#4259,#4261,.T.);
#4259 = VERTEX_POINT('',#4260);
#4260 = CARTESIAN_POINT('',(-1.406577002055,0.33,-0.746138239791));
#4261 = LINE('',#4262,#4263);
#4262 = CARTESIAN_POINT('',(-1.406577002055,0.33,0.746138239791));
#4263 = VECTOR('',#4264,1.);
#4264 = DIRECTION('',(0.,0.,-1.));
#4265 = ORIENTED_EDGE('',*,*,#4266,.F.);
#4266 = EDGE_CURVE('',#4267,#4259,#4269,.T.);
#4267 = VERTEX_POINT('',#4268);
#4268 = CARTESIAN_POINT('',(-1.232699145762,0.33,-0.600627366954));
#4269 = LINE('',#4270,#4271);
#4270 = CARTESIAN_POINT('',(-1.232699145762,0.33,-0.600627366954));
#4271 = VECTOR('',#4272,1.);
#4272 = DIRECTION('',(-0.766890702033,0.,-0.641777727204));
#4273 = ORIENTED_EDGE('',*,*,#4274,.T.);
#4274 = EDGE_CURVE('',#4267,#4275,#4277,.T.);
#4275 = VERTEX_POINT('',#4276);
#4276 = CARTESIAN_POINT('',(-1.232699145762,0.33,-0.631678404338));
#4277 = LINE('',#4278,#4279);
#4278 = CARTESIAN_POINT('',(-1.232699145762,0.33,-0.600627366954));
#4279 = VECTOR('',#4280,1.);
#4280 = DIRECTION('',(0.,0.,-1.));
#4281 = ORIENTED_EDGE('',*,*,#4282,.F.);
#4282 = EDGE_CURVE('',#4179,#4275,#4283,.T.);
#4283 = LINE('',#4284,#4285);
#4284 = CARTESIAN_POINT('',(-1.2203,0.33,-0.631678404338));
#4285 = VECTOR('',#4286,1.);
#4286 = DIRECTION('',(-1.,0.,0.));
#4287 = FACE_BOUND('',#4288,.T.);
#4288 = EDGE_LOOP('',(#4289,#4299,#4307,#4315));
#4289 = ORIENTED_EDGE('',*,*,#4290,.F.);
#4290 = EDGE_CURVE('',#4291,#4293,#4295,.T.);
#4291 = VERTEX_POINT('',#4292);
#4292 = CARTESIAN_POINT('',(-1.578321595662,0.33,-0.75));
#4293 = VERTEX_POINT('',#4294);
#4294 = CARTESIAN_POINT('',(-1.578321595662,0.33,0.75));
#4295 = LINE('',#4296,#4297);
#4296 = CARTESIAN_POINT('',(-1.578321595662,0.33,-0.75));
#4297 = VECTOR('',#4298,1.);
#4298 = DIRECTION('',(0.,0.,1.));
#4299 = ORIENTED_EDGE('',*,*,#4300,.T.);
#4300 = EDGE_CURVE('',#4291,#4301,#4303,.T.);
#4301 = VERTEX_POINT('',#4302);
#4302 = CARTESIAN_POINT('',(-1.494641016151,0.33,-0.75));
#4303 = LINE('',#4304,#4305);
#4304 = CARTESIAN_POINT('',(-1.578321595662,0.33,-0.75));
#4305 = VECTOR('',#4306,1.);
#4306 = DIRECTION('',(1.,0.,0.));
#4307 = ORIENTED_EDGE('',*,*,#4308,.T.);
#4308 = EDGE_CURVE('',#4301,#4309,#4311,.T.);
#4309 = VERTEX_POINT('',#4310);
#4310 = CARTESIAN_POINT('',(-1.494641016151,0.33,0.75));
#4311 = LINE('',#4312,#4313);
#4312 = CARTESIAN_POINT('',(-1.494641016151,0.33,-0.75));
#4313 = VECTOR('',#4314,1.);
#4314 = DIRECTION('',(0.,0.,1.));
#4315 = ORIENTED_EDGE('',*,*,#4316,.F.);
#4316 = EDGE_CURVE('',#4293,#4309,#4317,.T.);
#4317 = LINE('',#4318,#4319);
#4318 = CARTESIAN_POINT('',(-1.578321595662,0.33,0.75));
#4319 = VECTOR('',#4320,1.);
#4320 = DIRECTION('',(1.,0.,0.));
#4321 = PLANE('',#4322);
#4322 = AXIS2_PLACEMENT_3D('',#4323,#4324,#4325);
#4323 = CARTESIAN_POINT('',(0.,0.33,0.));
#4324 = DIRECTION('',(-0.,1.,0.));
#4325 = DIRECTION('',(1.,0.,0.));
#4326 = ADVANCED_FACE('',(#4327),#4377,.T.);
#4327 = FACE_BOUND('',#4328,.T.);
#4328 = EDGE_LOOP('',(#4329,#4339,#4347,#4355,#4363,#4371));
#4329 = ORIENTED_EDGE('',*,*,#4330,.F.);
#4330 = EDGE_CURVE('',#4331,#4333,#4335,.T.);
#4331 = VERTEX_POINT('',#4332);
#4332 = CARTESIAN_POINT('',(-0.9303,0.33,-0.63));
#4333 = VERTEX_POINT('',#4334);
#4334 = CARTESIAN_POINT('',(-0.9303,0.33,-0.631678404338));
#4335 = LINE('',#4336,#4337);
#4336 = CARTESIAN_POINT('',(-0.9303,0.33,-0.63));
#4337 = VECTOR('',#4338,1.);
#4338 = DIRECTION('',(-6.614753069234E-14,0.,-1.));
#4339 = ORIENTED_EDGE('',*,*,#4340,.F.);
#4340 = EDGE_CURVE('',#4341,#4331,#4343,.T.);
#4341 = VERTEX_POINT('',#4342);
#4342 = CARTESIAN_POINT('',(-0.8275,0.33,-0.63));
#4343 = LINE('',#4344,#4345);
#4344 = CARTESIAN_POINT('',(-0.8275,0.33,-0.63));
#4345 = VECTOR('',#4346,1.);
#4346 = DIRECTION('',(-1.,0.,0.));
#4347 = ORIENTED_EDGE('',*,*,#4348,.T.);
#4348 = EDGE_CURVE('',#4341,#4349,#4351,.T.);
#4349 = VERTEX_POINT('',#4350);
#4350 = CARTESIAN_POINT('',(-0.8275,0.33,-0.88));
#4351 = LINE('',#4352,#4353);
#4352 = CARTESIAN_POINT('',(-0.8275,0.33,-0.63));
#4353 = VECTOR('',#4354,1.);
#4354 = DIRECTION('',(0.,0.,-1.));
#4355 = ORIENTED_EDGE('',*,*,#4356,.T.);
#4356 = EDGE_CURVE('',#4349,#4357,#4359,.T.);
#4357 = VERTEX_POINT('',#4358);
#4358 = CARTESIAN_POINT('',(-1.0253078203,0.33,-0.88));
#4359 = LINE('',#4360,#4361);
#4360 = CARTESIAN_POINT('',(-0.8275,0.33,-0.88));
#4361 = VECTOR('',#4362,1.);
#4362 = DIRECTION('',(-1.,0.,0.));
#4363 = ORIENTED_EDGE('',*,*,#4364,.F.);
#4364 = EDGE_CURVE('',#4365,#4357,#4367,.T.);
#4365 = VERTEX_POINT('',#4366);
#4366 = CARTESIAN_POINT('',(-0.9303,0.33,-0.7897));
#4367 = LINE('',#4368,#4369);
#4368 = CARTESIAN_POINT('',(-0.9303,0.33,-0.7897));
#4369 = VECTOR('',#4370,1.);
#4370 = DIRECTION('',(-0.724837235836,0.,-0.688920156147));
#4371 = ORIENTED_EDGE('',*,*,#4372,.F.);
#4372 = EDGE_CURVE('',#4333,#4365,#4373,.T.);
#4373 = LINE('',#4374,#4375);
#4374 = CARTESIAN_POINT('',(-0.9303,0.33,-0.631678404338));
#4375 = VECTOR('',#4376,1.);
#4376 = DIRECTION('',(0.,0.,-1.));
#4377 = PLANE('',#4378);
#4378 = AXIS2_PLACEMENT_3D('',#4379,#4380,#4381);
#4379 = CARTESIAN_POINT('',(0.,0.33,0.));
#4380 = DIRECTION('',(-0.,1.,0.));
#4381 = DIRECTION('',(1.,0.,0.));
#4382 = ADVANCED_FACE('',(#4383),#4433,.T.);
#4383 = FACE_BOUND('',#4384,.T.);
#4384 = EDGE_LOOP('',(#4385,#4395,#4403,#4411,#4419,#4427));
#4385 = ORIENTED_EDGE('',*,*,#4386,.F.);
#4386 = EDGE_CURVE('',#4387,#4389,#4391,.T.);
#4387 = VERTEX_POINT('',#4388);
#4388 = CARTESIAN_POINT('',(-1.0253078203,0.33,0.88));
#4389 = VERTEX_POINT('',#4390);
#4390 = CARTESIAN_POINT('',(-0.9303,0.33,0.7897));
#4391 = LINE('',#4392,#4393);
#4392 = CARTESIAN_POINT('',(-1.0253078203,0.33,0.88));
#4393 = VECTOR('',#4394,1.);
#4394 = DIRECTION('',(0.724837235836,0.,-0.688920156147));
#4395 = ORIENTED_EDGE('',*,*,#4396,.T.);
#4396 = EDGE_CURVE('',#4387,#4397,#4399,.T.);
#4397 = VERTEX_POINT('',#4398);
#4398 = CARTESIAN_POINT('',(-0.8275,0.33,0.88));
#4399 = LINE('',#4400,#4401);
#4400 = CARTESIAN_POINT('',(-1.0253078203,0.33,0.88));
#4401 = VECTOR('',#4402,1.);
#4402 = DIRECTION('',(1.,0.,0.));
#4403 = ORIENTED_EDGE('',*,*,#4404,.T.);
#4404 = EDGE_CURVE('',#4397,#4405,#4407,.T.);
#4405 = VERTEX_POINT('',#4406);
#4406 = CARTESIAN_POINT('',(-0.8275,0.33,0.63));
#4407 = LINE('',#4408,#4409);
#4408 = CARTESIAN_POINT('',(-0.8275,0.33,0.88));
#4409 = VECTOR('',#4410,1.);
#4410 = DIRECTION('',(0.,0.,-1.));
#4411 = ORIENTED_EDGE('',*,*,#4412,.F.);
#4412 = EDGE_CURVE('',#4413,#4405,#4415,.T.);
#4413 = VERTEX_POINT('',#4414);
#4414 = CARTESIAN_POINT('',(-0.9303,0.33,0.63));
#4415 = LINE('',#4416,#4417);
#4416 = CARTESIAN_POINT('',(-0.9303,0.33,0.63));
#4417 = VECTOR('',#4418,1.);
#4418 = DIRECTION('',(1.,0.,0.));
#4419 = ORIENTED_EDGE('',*,*,#4420,.F.);
#4420 = EDGE_CURVE('',#4421,#4413,#4423,.T.);
#4421 = VERTEX_POINT('',#4422);
#4422 = CARTESIAN_POINT('',(-0.9303,0.33,0.631678404338));
#4423 = LINE('',#4424,#4425);
#4424 = CARTESIAN_POINT('',(-0.9303,0.33,0.631678404338));
#4425 = VECTOR('',#4426,1.);
#4426 = DIRECTION('',(6.614753069234E-14,0.,-1.));
#4427 = ORIENTED_EDGE('',*,*,#4428,.F.);
#4428 = EDGE_CURVE('',#4389,#4421,#4429,.T.);
#4429 = LINE('',#4430,#4431);
#4430 = CARTESIAN_POINT('',(-0.9303,0.33,0.7897));
#4431 = VECTOR('',#4432,1.);
#4432 = DIRECTION('',(0.,0.,-1.));
#4433 = PLANE('',#4434);
#4434 = AXIS2_PLACEMENT_3D('',#4435,#4436,#4437);
#4435 = CARTESIAN_POINT('',(0.,0.33,0.));
#4436 = DIRECTION('',(-0.,1.,0.));
#4437 = DIRECTION('',(1.,0.,0.));
#4438 = ADVANCED_FACE('',(#4439),#4489,.T.);
#4439 = FACE_BOUND('',#4440,.T.);
#4440 = EDGE_LOOP('',(#4441,#4451,#4459,#4467,#4475,#4483));
#4441 = ORIENTED_EDGE('',*,*,#4442,.F.);
#4442 = EDGE_CURVE('',#4443,#4445,#4447,.T.);
#4443 = VERTEX_POINT('',#4444);
#4444 = CARTESIAN_POINT('',(1.0253078203,0.33,-0.88));
#4445 = VERTEX_POINT('',#4446);
#4446 = CARTESIAN_POINT('',(0.9303,0.33,-0.7897));
#4447 = LINE('',#4448,#4449);
#4448 = CARTESIAN_POINT('',(1.0253078203,0.33,-0.88));
#4449 = VECTOR('',#4450,1.);
#4450 = DIRECTION('',(-0.724837235836,0.,0.688920156147));
#4451 = ORIENTED_EDGE('',*,*,#4452,.T.);
#4452 = EDGE_CURVE('',#4443,#4453,#4455,.T.);
#4453 = VERTEX_POINT('',#4454);
#4454 = CARTESIAN_POINT('',(0.8275,0.33,-0.88));
#4455 = LINE('',#4456,#4457);
#4456 = CARTESIAN_POINT('',(1.0253078203,0.33,-0.88));
#4457 = VECTOR('',#4458,1.);
#4458 = DIRECTION('',(-1.,0.,0.));
#4459 = ORIENTED_EDGE('',*,*,#4460,.F.);
#4460 = EDGE_CURVE('',#4461,#4453,#4463,.T.);
#4461 = VERTEX_POINT('',#4462);
#4462 = CARTESIAN_POINT('',(0.8275,0.33,-0.63));
#4463 = LINE('',#4464,#4465);
#4464 = CARTESIAN_POINT('',(0.8275,0.33,-0.63));
#4465 = VECTOR('',#4466,1.);
#4466 = DIRECTION('',(0.,0.,-1.));
#4467 = ORIENTED_EDGE('',*,*,#4468,.F.);
#4468 = EDGE_CURVE('',#4469,#4461,#4471,.T.);
#4469 = VERTEX_POINT('',#4470);
#4470 = CARTESIAN_POINT('',(0.9303,0.33,-0.63));
#4471 = LINE('',#4472,#4473);
#4472 = CARTESIAN_POINT('',(0.9303,0.33,-0.63));
#4473 = VECTOR('',#4474,1.);
#4474 = DIRECTION('',(-1.,0.,0.));
#4475 = ORIENTED_EDGE('',*,*,#4476,.F.);
#4476 = EDGE_CURVE('',#4477,#4469,#4479,.T.);
#4477 = VERTEX_POINT('',#4478);
#4478 = CARTESIAN_POINT('',(0.9303,0.33,-0.631678404338));
#4479 = LINE('',#4480,#4481);
#4480 = CARTESIAN_POINT('',(0.9303,0.33,-0.631678404338));
#4481 = VECTOR('',#4482,1.);
#4482 = DIRECTION('',(-6.614753069234E-14,0.,1.));
#4483 = ORIENTED_EDGE('',*,*,#4484,.F.);
#4484 = EDGE_CURVE('',#4445,#4477,#4485,.T.);
#4485 = LINE('',#4486,#4487);
#4486 = CARTESIAN_POINT('',(0.9303,0.33,-0.7897));
#4487 = VECTOR('',#4488,1.);
#4488 = DIRECTION('',(0.,0.,1.));
#4489 = PLANE('',#4490);
#4490 = AXIS2_PLACEMENT_3D('',#4491,#4492,#4493);
#4491 = CARTESIAN_POINT('',(0.,0.33,0.));
#4492 = DIRECTION('',(-0.,1.,0.));
#4493 = DIRECTION('',(1.,0.,0.));
#4494 = ADVANCED_FACE('',(#4495),#4632,.T.);
#4495 = FACE_BOUND('',#4496,.T.);
#4496 = EDGE_LOOP('',(#4497,#4507,#4515,#4523,#4531,#4539,#4545,#4546,
    #4554,#4562,#4570,#4578,#4586,#4594,#4602,#4610,#4618,#4626));
#4497 = ORIENTED_EDGE('',*,*,#4498,.F.);
#4498 = EDGE_CURVE('',#4499,#4501,#4503,.T.);
#4499 = VERTEX_POINT('',#4500);
#4500 = CARTESIAN_POINT('',(1.2203,0.33,-0.63));
#4501 = VERTEX_POINT('',#4502);
#4502 = CARTESIAN_POINT('',(1.2203,0.33,-0.631678404338));
#4503 = LINE('',#4504,#4505);
#4504 = CARTESIAN_POINT('',(1.2203,0.33,-0.63));
#4505 = VECTOR('',#4506,1.);
#4506 = DIRECTION('',(0.,0.,-1.));
#4507 = ORIENTED_EDGE('',*,*,#4508,.F.);
#4508 = EDGE_CURVE('',#4509,#4499,#4511,.T.);
#4509 = VERTEX_POINT('',#4510);
#4510 = CARTESIAN_POINT('',(1.245087352126,0.33,-0.63));
#4511 = LINE('',#4512,#4513);
#4512 = CARTESIAN_POINT('',(1.245087352126,0.33,-0.63));
#4513 = VECTOR('',#4514,1.);
#4514 = DIRECTION('',(-1.,0.,0.));
#4515 = ORIENTED_EDGE('',*,*,#4516,.F.);
#4516 = EDGE_CURVE('',#4517,#4509,#4519,.T.);
#4517 = VERTEX_POINT('',#4518);
#4518 = CARTESIAN_POINT('',(1.245087352126,0.33,-0.610994522148));
#4519 = LINE('',#4520,#4521);
#4520 = CARTESIAN_POINT('',(1.245087352126,0.33,-0.610994522148));
#4521 = VECTOR('',#4522,1.);
#4522 = DIRECTION('',(-2.336637959342E-14,0.,-1.));
#4523 = ORIENTED_EDGE('',*,*,#4524,.T.);
#4524 = EDGE_CURVE('',#4517,#4525,#4527,.T.);
#4525 = VERTEX_POINT('',#4526);
#4526 = CARTESIAN_POINT('',(1.411191602831,0.33,-0.75));
#4527 = LINE('',#4528,#4529);
#4528 = CARTESIAN_POINT('',(1.245087352126,0.33,-0.610994522148));
#4529 = VECTOR('',#4530,1.);
#4530 = DIRECTION('',(0.766890702033,0.,-0.641777727204));
#4531 = ORIENTED_EDGE('',*,*,#4532,.F.);
#4532 = EDGE_CURVE('',#4533,#4525,#4535,.T.);
#4533 = VERTEX_POINT('',#4534);
#4534 = CARTESIAN_POINT('',(1.578321595662,0.33,-0.75));
#4535 = LINE('',#4536,#4537);
#4536 = CARTESIAN_POINT('',(1.578321595662,0.33,-0.75));
#4537 = VECTOR('',#4538,1.);
#4538 = DIRECTION('',(-1.,0.,0.));
#4539 = ORIENTED_EDGE('',*,*,#4540,.F.);
#4540 = EDGE_CURVE('',#3551,#4533,#4541,.T.);
#4541 = LINE('',#4542,#4543);
#4542 = CARTESIAN_POINT('',(1.578321595662,0.33,0.75));
#4543 = VECTOR('',#4544,1.);
#4544 = DIRECTION('',(0.,0.,-1.));
#4545 = ORIENTED_EDGE('',*,*,#3550,.T.);
#4546 = ORIENTED_EDGE('',*,*,#4547,.T.);
#4547 = EDGE_CURVE('',#3553,#4548,#4550,.T.);
#4548 = VERTEX_POINT('',#4549);
#4549 = CARTESIAN_POINT('',(1.245087352126,0.33,0.610994522148));
#4550 = LINE('',#4551,#4552);
#4551 = CARTESIAN_POINT('',(1.411191602831,0.33,0.75));
#4552 = VECTOR('',#4553,1.);
#4553 = DIRECTION('',(-0.766890702033,0.,-0.641777727204));
#4554 = ORIENTED_EDGE('',*,*,#4555,.F.);
#4555 = EDGE_CURVE('',#4556,#4548,#4558,.T.);
#4556 = VERTEX_POINT('',#4557);
#4557 = CARTESIAN_POINT('',(1.245087352126,0.33,0.63));
#4558 = LINE('',#4559,#4560);
#4559 = CARTESIAN_POINT('',(1.245087352126,0.33,0.63));
#4560 = VECTOR('',#4561,1.);
#4561 = DIRECTION('',(1.168318979671E-14,0.,-1.));
#4562 = ORIENTED_EDGE('',*,*,#4563,.F.);
#4563 = EDGE_CURVE('',#4564,#4556,#4566,.T.);
#4564 = VERTEX_POINT('',#4565);
#4565 = CARTESIAN_POINT('',(1.2203,0.33,0.63));
#4566 = LINE('',#4567,#4568);
#4567 = CARTESIAN_POINT('',(1.2203,0.33,0.63));
#4568 = VECTOR('',#4569,1.);
#4569 = DIRECTION('',(1.,0.,0.));
#4570 = ORIENTED_EDGE('',*,*,#4571,.F.);
#4571 = EDGE_CURVE('',#4572,#4564,#4574,.T.);
#4572 = VERTEX_POINT('',#4573);
#4573 = CARTESIAN_POINT('',(1.2203,0.33,0.631678404338));
#4574 = LINE('',#4575,#4576);
#4575 = CARTESIAN_POINT('',(1.2203,0.33,0.631678404338));
#4576 = VECTOR('',#4577,1.);
#4577 = DIRECTION('',(0.,0.,-1.));
#4578 = ORIENTED_EDGE('',*,*,#4579,.F.);
#4579 = EDGE_CURVE('',#4580,#4572,#4582,.T.);
#4580 = VERTEX_POINT('',#4581);
#4581 = CARTESIAN_POINT('',(1.2203,0.33,0.787));
#4582 = LINE('',#4583,#4584);
#4583 = CARTESIAN_POINT('',(1.2203,0.33,0.787));
#4584 = VECTOR('',#4585,1.);
#4585 = DIRECTION('',(0.,0.,-1.));
#4586 = ORIENTED_EDGE('',*,*,#4587,.F.);
#4587 = EDGE_CURVE('',#4588,#4580,#4590,.T.);
#4588 = VERTEX_POINT('',#4589);
#4589 = CARTESIAN_POINT('',(1.37,0.33,0.97));
#4590 = LINE('',#4591,#4592);
#4591 = CARTESIAN_POINT('',(1.37,0.33,0.97));
#4592 = VECTOR('',#4593,1.);
#4593 = DIRECTION('',(-0.633168690573,0.,-0.774013830159));
#4594 = ORIENTED_EDGE('',*,*,#4595,.T.);
#4595 = EDGE_CURVE('',#4588,#4596,#4598,.T.);
#4596 = VERTEX_POINT('',#4597);
#4597 = CARTESIAN_POINT('',(1.58,0.33,0.97));
#4598 = LINE('',#4599,#4600);
#4599 = CARTESIAN_POINT('',(1.37,0.33,0.97));
#4600 = VECTOR('',#4601,1.);
#4601 = DIRECTION('',(1.,0.,0.));
#4602 = ORIENTED_EDGE('',*,*,#4603,.F.);
#4603 = EDGE_CURVE('',#4604,#4596,#4606,.T.);
#4604 = VERTEX_POINT('',#4605);
#4605 = CARTESIAN_POINT('',(1.58,0.33,-0.97));
#4606 = LINE('',#4607,#4608);
#4607 = CARTESIAN_POINT('',(1.58,0.33,-0.97));
#4608 = VECTOR('',#4609,1.);
#4609 = DIRECTION('',(0.,0.,1.));
#4610 = ORIENTED_EDGE('',*,*,#4611,.T.);
#4611 = EDGE_CURVE('',#4604,#4612,#4614,.T.);
#4612 = VERTEX_POINT('',#4613);
#4613 = CARTESIAN_POINT('',(1.37,0.33,-0.97));
#4614 = LINE('',#4615,#4616);
#4615 = CARTESIAN_POINT('',(1.58,0.33,-0.97));
#4616 = VECTOR('',#4617,1.);
#4617 = DIRECTION('',(-1.,0.,0.));
#4618 = ORIENTED_EDGE('',*,*,#4619,.F.);
#4619 = EDGE_CURVE('',#4620,#4612,#4622,.T.);
#4620 = VERTEX_POINT('',#4621);
#4621 = CARTESIAN_POINT('',(1.2203,0.33,-0.787));
#4622 = LINE('',#4623,#4624);
#4623 = CARTESIAN_POINT('',(1.2203,0.33,-0.787));
#4624 = VECTOR('',#4625,1.);
#4625 = DIRECTION('',(0.633168690573,0.,-0.774013830159));
#4626 = ORIENTED_EDGE('',*,*,#4627,.F.);
#4627 = EDGE_CURVE('',#4501,#4620,#4628,.T.);
#4628 = LINE('',#4629,#4630);
#4629 = CARTESIAN_POINT('',(1.2203,0.33,-0.631678404338));
#4630 = VECTOR('',#4631,1.);
#4631 = DIRECTION('',(0.,0.,-1.));
#4632 = PLANE('',#4633);
#4633 = AXIS2_PLACEMENT_3D('',#4634,#4635,#4636);
#4634 = CARTESIAN_POINT('',(0.,0.33,0.));
#4635 = DIRECTION('',(-0.,1.,0.));
#4636 = DIRECTION('',(1.,0.,0.));
#4637 = ADVANCED_FACE('',(#4638),#4679,.T.);
#4638 = FACE_BOUND('',#4639,.T.);
#4639 = EDGE_LOOP('',(#4640,#4650,#4658,#4664,#4665,#4673));
#4640 = ORIENTED_EDGE('',*,*,#4641,.F.);
#4641 = EDGE_CURVE('',#4642,#4644,#4646,.T.);
#4642 = VERTEX_POINT('',#4643);
#4643 = CARTESIAN_POINT('',(0.9303,0.33,0.63));
#4644 = VERTEX_POINT('',#4645);
#4645 = CARTESIAN_POINT('',(0.9303,0.33,0.631678404338));
#4646 = LINE('',#4647,#4648);
#4647 = CARTESIAN_POINT('',(0.9303,0.33,0.63));
#4648 = VECTOR('',#4649,1.);
#4649 = DIRECTION('',(6.614753069234E-14,0.,1.));
#4650 = ORIENTED_EDGE('',*,*,#4651,.F.);
#4651 = EDGE_CURVE('',#4652,#4642,#4654,.T.);
#4652 = VERTEX_POINT('',#4653);
#4653 = CARTESIAN_POINT('',(0.8275,0.33,0.63));
#4654 = LINE('',#4655,#4656);
#4655 = CARTESIAN_POINT('',(0.8275,0.33,0.63));
#4656 = VECTOR('',#4657,1.);
#4657 = DIRECTION('',(1.,0.,0.));
#4658 = ORIENTED_EDGE('',*,*,#4659,.F.);
#4659 = EDGE_CURVE('',#3739,#4652,#4660,.T.);
#4660 = LINE('',#4661,#4662);
#4661 = CARTESIAN_POINT('',(0.8275,0.33,0.88));
#4662 = VECTOR('',#4663,1.);
#4663 = DIRECTION('',(0.,0.,-1.));
#4664 = ORIENTED_EDGE('',*,*,#3738,.T.);
#4665 = ORIENTED_EDGE('',*,*,#4666,.F.);
#4666 = EDGE_CURVE('',#4667,#3729,#4669,.T.);
#4667 = VERTEX_POINT('',#4668);
#4668 = CARTESIAN_POINT('',(0.9303,0.33,0.7897));
#4669 = LINE('',#4670,#4671);
#4670 = CARTESIAN_POINT('',(0.9303,0.33,0.7897));
#4671 = VECTOR('',#4672,1.);
#4672 = DIRECTION('',(0.724837235836,0.,0.688920156147));
#4673 = ORIENTED_EDGE('',*,*,#4674,.F.);
#4674 = EDGE_CURVE('',#4644,#4667,#4675,.T.);
#4675 = LINE('',#4676,#4677);
#4676 = CARTESIAN_POINT('',(0.9303,0.33,0.631678404338));
#4677 = VECTOR('',#4678,1.);
#4678 = DIRECTION('',(0.,0.,1.));
#4679 = PLANE('',#4680);
#4680 = AXIS2_PLACEMENT_3D('',#4681,#4682,#4683);
#4681 = CARTESIAN_POINT('',(0.,0.33,0.));
#4682 = DIRECTION('',(-0.,1.,0.));
#4683 = DIRECTION('',(1.,0.,0.));
#4684 = ADVANCED_FACE('',(#4685),#4732,.T.);
#4685 = FACE_BOUND('',#4686,.T.);
#4686 = EDGE_LOOP('',(#4687,#4695,#4696,#4704,#4715,#4723));
#4687 = ORIENTED_EDGE('',*,*,#4688,.F.);
#4688 = EDGE_CURVE('',#4004,#4689,#4691,.T.);
#4689 = VERTEX_POINT('',#4690);
#4690 = CARTESIAN_POINT('',(-0.77,0.161,0.34));
#4691 = LINE('',#4692,#4693);
#4692 = CARTESIAN_POINT('',(-0.575,0.33,0.34));
#4693 = VECTOR('',#4694,1.);
#4694 = DIRECTION('',(-0.75568908279,-0.654930538418,0.));
#4695 = ORIENTED_EDGE('',*,*,#4027,.F.);
#4696 = ORIENTED_EDGE('',*,*,#4697,.F.);
#4697 = EDGE_CURVE('',#4698,#4020,#4700,.T.);
#4698 = VERTEX_POINT('',#4699);
#4699 = CARTESIAN_POINT('',(-0.77,0.161,-0.34));
#4700 = LINE('',#4701,#4702);
#4701 = CARTESIAN_POINT('',(-0.77,0.161,-0.34));
#4702 = VECTOR('',#4703,1.);
#4703 = DIRECTION('',(0.75568908279,0.654930538418,0.));
#4704 = ORIENTED_EDGE('',*,*,#4705,.T.);
#4705 = EDGE_CURVE('',#4698,#4706,#4708,.T.);
#4706 = VERTEX_POINT('',#4707);
#4707 = CARTESIAN_POINT('',(-0.8,0.135,-0.31));
#4708 = B_SPLINE_CURVE_WITH_KNOTS('',3,(#4709,#4710,#4711,#4712,#4713,
    #4714),.UNSPECIFIED.,.F.,.F.,(4,1,1,4),(0.,0.5,0.75,1.),
  .UNSPECIFIED.);
#4709 = CARTESIAN_POINT('',(-0.77,0.161,-0.34));
#4710 = CARTESIAN_POINT('',(-0.778778445414,0.153392013975,-0.34));
#4711 = CARTESIAN_POINT('',(-0.788446028787,0.145013441718,
    -0.33536835343));
#4712 = CARTESIAN_POINT('',(-0.79733104223,0.137313096734,
    -0.323892896683));
#4713 = CARTESIAN_POINT('',(-0.8,0.135,-0.315808238874));
#4714 = CARTESIAN_POINT('',(-0.8,0.135,-0.31));
#4715 = ORIENTED_EDGE('',*,*,#4716,.T.);
#4716 = EDGE_CURVE('',#4706,#4717,#4719,.T.);
#4717 = VERTEX_POINT('',#4718);
#4718 = CARTESIAN_POINT('',(-0.8,0.135,0.31));
#4719 = LINE('',#4720,#4721);
#4720 = CARTESIAN_POINT('',(-0.8,0.135,-0.31));
#4721 = VECTOR('',#4722,1.);
#4722 = DIRECTION('',(0.,0.,1.));
#4723 = ORIENTED_EDGE('',*,*,#4724,.T.);
#4724 = EDGE_CURVE('',#4717,#4689,#4725,.T.);
#4725 = B_SPLINE_CURVE_WITH_KNOTS('',3,(#4726,#4727,#4728,#4729,#4730,
    #4731),.UNSPECIFIED.,.F.,.F.,(4,1,1,4),(0.,0.25,0.5,1.),
  .UNSPECIFIED.);
#4726 = CARTESIAN_POINT('',(-0.8,0.135,0.31));
#4727 = CARTESIAN_POINT('',(-0.8,0.135,0.315808238874));
#4728 = CARTESIAN_POINT('',(-0.79733104223,0.137313096734,0.323892896683
    ));
#4729 = CARTESIAN_POINT('',(-0.788446028787,0.145013441718,0.33536835343
    ));
#4730 = CARTESIAN_POINT('',(-0.778778445414,0.153392013975,0.34));
#4731 = CARTESIAN_POINT('',(-0.77,0.161,0.34));
#4732 = PLANE('',#4733);
#4733 = AXIS2_PLACEMENT_3D('',#4734,#4735,#4736);
#4734 = CARTESIAN_POINT('',(-0.6875,0.2325,0.));
#4735 = DIRECTION('',(-0.654930538418,0.75568908279,0.));
#4736 = DIRECTION('',(0.,0.,1.));
#4737 = ADVANCED_FACE('',(#4738),#4764,.T.);
#4738 = FACE_BOUND('',#4739,.T.);
#4739 = EDGE_LOOP('',(#4740,#4748,#4749,#4757));
#4740 = ORIENTED_EDGE('',*,*,#4741,.T.);
#4741 = EDGE_CURVE('',#4742,#4689,#4744,.T.);
#4742 = VERTEX_POINT('',#4743);
#4743 = CARTESIAN_POINT('',(-0.77,-0.12,0.34));
#4744 = LINE('',#4745,#4746);
#4745 = CARTESIAN_POINT('',(-0.769999999962,-0.119999999997,
    0.339999999997));
#4746 = VECTOR('',#4747,1.);
#4747 = DIRECTION('',(-1.371405954411E-10,1.,1.011191921033E-11));
#4748 = ORIENTED_EDGE('',*,*,#4724,.F.);
#4749 = ORIENTED_EDGE('',*,*,#4750,.F.);
#4750 = EDGE_CURVE('',#4751,#4717,#4753,.T.);
#4751 = VERTEX_POINT('',#4752);
#4752 = CARTESIAN_POINT('',(-0.8,-0.12,0.310000000001));
#4753 = LINE('',#4754,#4755);
#4754 = CARTESIAN_POINT('',(-0.8,-0.12,0.310000000001));
#4755 = VECTOR('',#4756,1.);
#4756 = DIRECTION('',(-4.527968414158E-14,1.,-4.820762525554E-12));
#4757 = ORIENTED_EDGE('',*,*,#4758,.T.);
#4758 = EDGE_CURVE('',#4751,#4742,#4759,.T.);
#4759 = CIRCLE('',#4760,3.E-02);
#4760 = AXIS2_PLACEMENT_3D('',#4761,#4762,#4763);
#4761 = CARTESIAN_POINT('',(-0.77,-0.12,0.31));
#4762 = DIRECTION('',(0.,1.,0.));
#4763 = DIRECTION('',(-1.,0.,0.));
#4764 = CYLINDRICAL_SURFACE('',#4765,3.E-02);
#4765 = AXIS2_PLACEMENT_3D('',#4766,#4767,#4768);
#4766 = CARTESIAN_POINT('',(-0.77,-1.367035260326,0.31));
#4767 = DIRECTION('',(-0.,-1.,0.));
#4768 = DIRECTION('',(-1.,0.,0.));
#4769 = ADVANCED_FACE('',(#4770),#4796,.T.);
#4770 = FACE_BOUND('',#4771,.T.);
#4771 = EDGE_LOOP('',(#4772,#4780,#4781,#4789));
#4772 = ORIENTED_EDGE('',*,*,#4773,.T.);
#4773 = EDGE_CURVE('',#4774,#4742,#4776,.T.);
#4774 = VERTEX_POINT('',#4775);
#4775 = CARTESIAN_POINT('',(-0.77,-0.15,0.37));
#4776 = LINE('',#4777,#4778);
#4777 = CARTESIAN_POINT('',(-0.769999999897,-0.149999999992,
    0.369999999992));
#4778 = VECTOR('',#4779,1.);
#4779 = DIRECTION('',(-1.513862214336E-09,0.707106781187,-0.707106781187
    ));
#4780 = ORIENTED_EDGE('',*,*,#4758,.F.);
#4781 = ORIENTED_EDGE('',*,*,#4782,.F.);
#4782 = EDGE_CURVE('',#4783,#4751,#4785,.T.);
#4783 = VERTEX_POINT('',#4784);
#4784 = CARTESIAN_POINT('',(-0.83,-0.15,0.310000000003));
#4785 = LINE('',#4786,#4787);
#4786 = CARTESIAN_POINT('',(-0.83,-0.15,0.310000000003));
#4787 = VECTOR('',#4788,1.);
#4788 = DIRECTION('',(0.707106781187,0.707106781187,-4.828165151494E-11)
  );
#4789 = ORIENTED_EDGE('',*,*,#4790,.T.);
#4790 = EDGE_CURVE('',#4783,#4774,#4791,.T.);
#4791 = CIRCLE('',#4792,6.E-02);
#4792 = AXIS2_PLACEMENT_3D('',#4793,#4794,#4795);
#4793 = CARTESIAN_POINT('',(-0.77,-0.15,0.31));
#4794 = DIRECTION('',(0.,1.,0.));
#4795 = DIRECTION('',(-1.,0.,0.));
#4796 = CONICAL_SURFACE('',#4797,4.499999999432E-02,0.785398163397);
#4797 = AXIS2_PLACEMENT_3D('',#4798,#4799,#4800);
#4798 = CARTESIAN_POINT('',(-0.77,-0.134999999994,0.31));
#4799 = DIRECTION('',(-0.,-1.,-0.));
#4800 = DIRECTION('',(0.,0.,-1.));
#4801 = ADVANCED_FACE('',(#4802,#4900),#4960,.T.);
#4802 = FACE_BOUND('',#4803,.T.);
#4803 = EDGE_LOOP('',(#4804,#4814,#4822,#4830,#4838,#4846,#4854,#4862,
    #4870,#4878,#4886,#4894));
#4804 = ORIENTED_EDGE('',*,*,#4805,.T.);
#4805 = EDGE_CURVE('',#4806,#4808,#4810,.T.);
#4806 = VERTEX_POINT('',#4807);
#4807 = CARTESIAN_POINT('',(-1.295,-0.15,0.19));
#4808 = VERTEX_POINT('',#4809);
#4809 = CARTESIAN_POINT('',(-1.295,-0.15,0.63));
#4810 = LINE('',#4811,#4812);
#4811 = CARTESIAN_POINT('',(-1.295,-0.15,0.19));
#4812 = VECTOR('',#4813,1.);
#4813 = DIRECTION('',(0.,0.,1.));
#4814 = ORIENTED_EDGE('',*,*,#4815,.T.);
#4815 = EDGE_CURVE('',#4808,#4816,#4818,.T.);
#4816 = VERTEX_POINT('',#4817);
#4817 = CARTESIAN_POINT('',(1.295,-0.15,0.63));
#4818 = LINE('',#4819,#4820);
#4819 = CARTESIAN_POINT('',(-1.295,-0.15,0.63));
#4820 = VECTOR('',#4821,1.);
#4821 = DIRECTION('',(1.,0.,0.));
#4822 = ORIENTED_EDGE('',*,*,#4823,.T.);
#4823 = EDGE_CURVE('',#4816,#4824,#4826,.T.);
#4824 = VERTEX_POINT('',#4825);
#4825 = CARTESIAN_POINT('',(1.295,-0.15,0.19));
#4826 = LINE('',#4827,#4828);
#4827 = CARTESIAN_POINT('',(1.295,-0.15,0.63));
#4828 = VECTOR('',#4829,1.);
#4829 = DIRECTION('',(0.,0.,-1.));
#4830 = ORIENTED_EDGE('',*,*,#4831,.T.);
#4831 = EDGE_CURVE('',#4824,#4832,#4834,.T.);
#4832 = VERTEX_POINT('',#4833);
#4833 = CARTESIAN_POINT('',(1.19,-0.15,0.19));
#4834 = LINE('',#4835,#4836);
#4835 = CARTESIAN_POINT('',(1.295,-0.15,0.19));
#4836 = VECTOR('',#4837,1.);
#4837 = DIRECTION('',(-1.,0.,0.));
#4838 = ORIENTED_EDGE('',*,*,#4839,.F.);
#4839 = EDGE_CURVE('',#4840,#4832,#4842,.T.);
#4840 = VERTEX_POINT('',#4841);
#4841 = CARTESIAN_POINT('',(1.19,-0.15,-0.19));
#4842 = LINE('',#4843,#4844);
#4843 = CARTESIAN_POINT('',(1.19,-0.15,-0.19));
#4844 = VECTOR('',#4845,1.);
#4845 = DIRECTION('',(0.,0.,1.));
#4846 = ORIENTED_EDGE('',*,*,#4847,.F.);
#4847 = EDGE_CURVE('',#4848,#4840,#4850,.T.);
#4848 = VERTEX_POINT('',#4849);
#4849 = CARTESIAN_POINT('',(1.295,-0.15,-0.19));
#4850 = LINE('',#4851,#4852);
#4851 = CARTESIAN_POINT('',(1.295,-0.15,-0.19));
#4852 = VECTOR('',#4853,1.);
#4853 = DIRECTION('',(-1.,0.,0.));
#4854 = ORIENTED_EDGE('',*,*,#4855,.T.);
#4855 = EDGE_CURVE('',#4848,#4856,#4858,.T.);
#4856 = VERTEX_POINT('',#4857);
#4857 = CARTESIAN_POINT('',(1.295,-0.15,-0.63));
#4858 = LINE('',#4859,#4860);
#4859 = CARTESIAN_POINT('',(1.295,-0.15,-0.19));
#4860 = VECTOR('',#4861,1.);
#4861 = DIRECTION('',(0.,0.,-1.));
#4862 = ORIENTED_EDGE('',*,*,#4863,.T.);
#4863 = EDGE_CURVE('',#4856,#4864,#4866,.T.);
#4864 = VERTEX_POINT('',#4865);
#4865 = CARTESIAN_POINT('',(-1.295,-0.15,-0.63));
#4866 = LINE('',#4867,#4868);
#4867 = CARTESIAN_POINT('',(1.295,-0.15,-0.63));
#4868 = VECTOR('',#4869,1.);
#4869 = DIRECTION('',(-1.,0.,0.));
#4870 = ORIENTED_EDGE('',*,*,#4871,.T.);
#4871 = EDGE_CURVE('',#4864,#4872,#4874,.T.);
#4872 = VERTEX_POINT('',#4873);
#4873 = CARTESIAN_POINT('',(-1.295,-0.15,-0.19));
#4874 = LINE('',#4875,#4876);
#4875 = CARTESIAN_POINT('',(-1.295,-0.15,-0.63));
#4876 = VECTOR('',#4877,1.);
#4877 = DIRECTION('',(0.,0.,1.));
#4878 = ORIENTED_EDGE('',*,*,#4879,.T.);
#4879 = EDGE_CURVE('',#4872,#4880,#4882,.T.);
#4880 = VERTEX_POINT('',#4881);
#4881 = CARTESIAN_POINT('',(-1.19,-0.15,-0.19));
#4882 = LINE('',#4883,#4884);
#4883 = CARTESIAN_POINT('',(-1.295,-0.15,-0.19));
#4884 = VECTOR('',#4885,1.);
#4885 = DIRECTION('',(1.,0.,0.));
#4886 = ORIENTED_EDGE('',*,*,#4887,.F.);
#4887 = EDGE_CURVE('',#4888,#4880,#4890,.T.);
#4888 = VERTEX_POINT('',#4889);
#4889 = CARTESIAN_POINT('',(-1.19,-0.15,0.19));
#4890 = LINE('',#4891,#4892);
#4891 = CARTESIAN_POINT('',(-1.19,-0.15,0.19));
#4892 = VECTOR('',#4893,1.);
#4893 = DIRECTION('',(0.,0.,-1.));
#4894 = ORIENTED_EDGE('',*,*,#4895,.F.);
#4895 = EDGE_CURVE('',#4806,#4888,#4896,.T.);
#4896 = LINE('',#4897,#4898);
#4897 = CARTESIAN_POINT('',(-1.295,-0.15,0.19));
#4898 = VECTOR('',#4899,1.);
#4899 = DIRECTION('',(1.,0.,0.));
#4900 = FACE_BOUND('',#4901,.T.);
#4901 = EDGE_LOOP('',(#4902,#4912,#4921,#4929,#4938,#4944,#4945,#4953));
#4902 = ORIENTED_EDGE('',*,*,#4903,.F.);
#4903 = EDGE_CURVE('',#4904,#4906,#4908,.T.);
#4904 = VERTEX_POINT('',#4905);
#4905 = CARTESIAN_POINT('',(0.77,-0.15,-0.37));
#4906 = VERTEX_POINT('',#4907);
#4907 = CARTESIAN_POINT('',(-0.77,-0.15,-0.37));
#4908 = LINE('',#4909,#4910);
#4909 = CARTESIAN_POINT('',(0.769999999897,-0.149999999992,
    -0.369999999992));
#4910 = VECTOR('',#4911,1.);
#4911 = DIRECTION('',(-1.,-4.900409083165E-12,-4.900409083165E-12));
#4912 = ORIENTED_EDGE('',*,*,#4913,.F.);
#4913 = EDGE_CURVE('',#4914,#4904,#4916,.T.);
#4914 = VERTEX_POINT('',#4915);
#4915 = CARTESIAN_POINT('',(0.83,-0.15,-0.310000000003));
#4916 = CIRCLE('',#4917,6.E-02);
#4917 = AXIS2_PLACEMENT_3D('',#4918,#4919,#4920);
#4918 = CARTESIAN_POINT('',(0.77,-0.15,-0.31));
#4919 = DIRECTION('',(-0.,1.,0.));
#4920 = DIRECTION('',(1.,0.,0.));
#4921 = ORIENTED_EDGE('',*,*,#4922,.F.);
#4922 = EDGE_CURVE('',#4923,#4914,#4925,.T.);
#4923 = VERTEX_POINT('',#4924);
#4924 = CARTESIAN_POINT('',(0.83,-0.15,0.31));
#4925 = LINE('',#4926,#4927);
#4926 = CARTESIAN_POINT('',(0.829999999992,-0.149999999992,
    0.309999999897));
#4927 = VECTOR('',#4928,1.);
#4928 = DIRECTION('',(1.21719838529E-11,-1.21719838529E-11,-1.));
#4929 = ORIENTED_EDGE('',*,*,#4930,.F.);
#4930 = EDGE_CURVE('',#4931,#4923,#4933,.T.);
#4931 = VERTEX_POINT('',#4932);
#4932 = CARTESIAN_POINT('',(0.770000000003,-0.15,0.37));
#4933 = CIRCLE('',#4934,6.E-02);
#4934 = AXIS2_PLACEMENT_3D('',#4935,#4936,#4937);
#4935 = CARTESIAN_POINT('',(0.77,-0.15,0.31));
#4936 = DIRECTION('',(0.,1.,0.));
#4937 = DIRECTION('',(0.,-0.,1.));
#4938 = ORIENTED_EDGE('',*,*,#4939,.F.);
#4939 = EDGE_CURVE('',#4774,#4931,#4940,.T.);
#4940 = LINE('',#4941,#4942);
#4941 = CARTESIAN_POINT('',(-0.769999999897,-0.149999999992,
    0.369999999992));
#4942 = VECTOR('',#4943,1.);
#4943 = DIRECTION('',(1.,-4.900409083165E-12,4.900409083165E-12));
#4944 = ORIENTED_EDGE('',*,*,#4790,.F.);
#4945 = ORIENTED_EDGE('',*,*,#4946,.F.);
#4946 = EDGE_CURVE('',#4947,#4783,#4949,.T.);
#4947 = VERTEX_POINT('',#4948);
#4948 = CARTESIAN_POINT('',(-0.83,-0.15,-0.31));
#4949 = LINE('',#4950,#4951);
#4950 = CARTESIAN_POINT('',(-0.829999999992,-0.149999999992,
    -0.309999999897));
#4951 = VECTOR('',#4952,1.);
#4952 = DIRECTION('',(-1.21719838529E-11,-1.217211815407E-11,1.));
#4953 = ORIENTED_EDGE('',*,*,#4954,.F.);
#4954 = EDGE_CURVE('',#4906,#4947,#4955,.T.);
#4955 = CIRCLE('',#4956,6.E-02);
#4956 = AXIS2_PLACEMENT_3D('',#4957,#4958,#4959);
#4957 = CARTESIAN_POINT('',(-0.77,-0.15,-0.31));
#4958 = DIRECTION('',(0.,1.,0.));
#4959 = DIRECTION('',(0.,0.,-1.));
#4960 = PLANE('',#4961);
#4961 = AXIS2_PLACEMENT_3D('',#4962,#4963,#4964);
#4962 = CARTESIAN_POINT('',(0.,-0.15,0.));
#4963 = DIRECTION('',(-0.,1.,0.));
#4964 = DIRECTION('',(1.,0.,0.));
#4965 = ADVANCED_FACE('',(#4966),#5023,.T.);
#4966 = FACE_BOUND('',#4967,.T.);
#4967 = EDGE_LOOP('',(#4968,#4978,#4986,#4992,#4993,#5001,#5009,#5017));
#4968 = ORIENTED_EDGE('',*,*,#4969,.F.);
#4969 = EDGE_CURVE('',#4970,#4972,#4974,.T.);
#4970 = VERTEX_POINT('',#4971);
#4971 = CARTESIAN_POINT('',(-1.28,0.15,0.19));
#4972 = VERTEX_POINT('',#4973);
#4973 = CARTESIAN_POINT('',(-1.28,-3.5E-02,0.19));
#4974 = LINE('',#4975,#4976);
#4975 = CARTESIAN_POINT('',(-1.28,0.15,0.19));
#4976 = VECTOR('',#4977,1.);
#4977 = DIRECTION('',(0.,-1.,0.));
#4978 = ORIENTED_EDGE('',*,*,#4979,.F.);
#4979 = EDGE_CURVE('',#4980,#4970,#4982,.T.);
#4980 = VERTEX_POINT('',#4981);
#4981 = CARTESIAN_POINT('',(-1.295,0.15,0.19));
#4982 = LINE('',#4983,#4984);
#4983 = CARTESIAN_POINT('',(-1.295,0.15,0.19));
#4984 = VECTOR('',#4985,1.);
#4985 = DIRECTION('',(1.,0.,0.));
#4986 = ORIENTED_EDGE('',*,*,#4987,.F.);
#4987 = EDGE_CURVE('',#4806,#4980,#4988,.T.);
#4988 = LINE('',#4989,#4990);
#4989 = CARTESIAN_POINT('',(-1.295,-0.15,0.19));
#4990 = VECTOR('',#4991,1.);
#4991 = DIRECTION('',(0.,1.,0.));
#4992 = ORIENTED_EDGE('',*,*,#4895,.T.);
#4993 = ORIENTED_EDGE('',*,*,#4994,.T.);
#4994 = EDGE_CURVE('',#4888,#4995,#4997,.T.);
#4995 = VERTEX_POINT('',#4996);
#4996 = CARTESIAN_POINT('',(-1.19,0.15,0.19));
#4997 = LINE('',#4998,#4999);
#4998 = CARTESIAN_POINT('',(-1.19,-0.15,0.19));
#4999 = VECTOR('',#5000,1.);
#5000 = DIRECTION('',(0.,1.,0.));
#5001 = ORIENTED_EDGE('',*,*,#5002,.F.);
#5002 = EDGE_CURVE('',#5003,#4995,#5005,.T.);
#5003 = VERTEX_POINT('',#5004);
#5004 = CARTESIAN_POINT('',(-1.2,0.15,0.19));
#5005 = LINE('',#5006,#5007);
#5006 = CARTESIAN_POINT('',(-1.2,0.15,0.19));
#5007 = VECTOR('',#5008,1.);
#5008 = DIRECTION('',(1.,0.,0.));
#5009 = ORIENTED_EDGE('',*,*,#5010,.T.);
#5010 = EDGE_CURVE('',#5003,#5011,#5013,.T.);
#5011 = VERTEX_POINT('',#5012);
#5012 = CARTESIAN_POINT('',(-1.2,-3.5E-02,0.19));
#5013 = LINE('',#5014,#5015);
#5014 = CARTESIAN_POINT('',(-1.2,0.15,0.19));
#5015 = VECTOR('',#5016,1.);
#5016 = DIRECTION('',(0.,-1.,0.));
#5017 = ORIENTED_EDGE('',*,*,#5018,.F.);
#5018 = EDGE_CURVE('',#4972,#5011,#5019,.T.);
#5019 = LINE('',#5020,#5021);
#5020 = CARTESIAN_POINT('',(-1.28,-3.5E-02,0.19));
#5021 = VECTOR('',#5022,1.);
#5022 = DIRECTION('',(1.,0.,0.));
#5023 = PLANE('',#5024);
#5024 = AXIS2_PLACEMENT_3D('',#5025,#5026,#5027);
#5025 = CARTESIAN_POINT('',(-1.295,-0.15,0.19));
#5026 = DIRECTION('',(0.,0.,1.));
#5027 = DIRECTION('',(1.,0.,-0.));
#5028 = ADVANCED_FACE('',(#5029),#5054,.F.);
#5029 = FACE_BOUND('',#5030,.T.);
#5030 = EDGE_LOOP('',(#5031,#5041,#5047,#5048));
#5031 = ORIENTED_EDGE('',*,*,#5032,.F.);
#5032 = EDGE_CURVE('',#5033,#5035,#5037,.T.);
#5033 = VERTEX_POINT('',#5034);
#5034 = CARTESIAN_POINT('',(-1.28,-3.5E-02,0.63));
#5035 = VERTEX_POINT('',#5036);
#5036 = CARTESIAN_POINT('',(-1.2,-3.5E-02,0.63));
#5037 = LINE('',#5038,#5039);
#5038 = CARTESIAN_POINT('',(-1.28,-3.5E-02,0.63));
#5039 = VECTOR('',#5040,1.);
#5040 = DIRECTION('',(1.,0.,0.));
#5041 = ORIENTED_EDGE('',*,*,#5042,.T.);
#5042 = EDGE_CURVE('',#5033,#4972,#5043,.T.);
#5043 = LINE('',#5044,#5045);
#5044 = CARTESIAN_POINT('',(-1.28,-3.5E-02,0.63));
#5045 = VECTOR('',#5046,1.);
#5046 = DIRECTION('',(0.,0.,-1.));
#5047 = ORIENTED_EDGE('',*,*,#5018,.T.);
#5048 = ORIENTED_EDGE('',*,*,#5049,.F.);
#5049 = EDGE_CURVE('',#5035,#5011,#5050,.T.);
#5050 = LINE('',#5051,#5052);
#5051 = CARTESIAN_POINT('',(-1.2,-3.5E-02,0.63));
#5052 = VECTOR('',#5053,1.);
#5053 = DIRECTION('',(0.,0.,-1.));
#5054 = PLANE('',#5055);
#5055 = AXIS2_PLACEMENT_3D('',#5056,#5057,#5058);
#5056 = CARTESIAN_POINT('',(-1.28,-3.5E-02,0.75));
#5057 = DIRECTION('',(-0.,1.,0.));
#5058 = DIRECTION('',(1.,0.,0.));
#5059 = ADVANCED_FACE('',(#5060),#5094,.F.);
#5060 = FACE_BOUND('',#5061,.T.);
#5061 = EDGE_LOOP('',(#5062,#5072,#5080,#5088));
#5062 = ORIENTED_EDGE('',*,*,#5063,.F.);
#5063 = EDGE_CURVE('',#5064,#5066,#5068,.T.);
#5064 = VERTEX_POINT('',#5065);
#5065 = CARTESIAN_POINT('',(-1.28,-3.5E-02,-0.19));
#5066 = VERTEX_POINT('',#5067);
#5067 = CARTESIAN_POINT('',(-1.2,-3.5E-02,-0.19));
#5068 = LINE('',#5069,#5070);
#5069 = CARTESIAN_POINT('',(-1.28,-3.5E-02,-0.19));
#5070 = VECTOR('',#5071,1.);
#5071 = DIRECTION('',(1.,0.,0.));
#5072 = ORIENTED_EDGE('',*,*,#5073,.T.);
#5073 = EDGE_CURVE('',#5064,#5074,#5076,.T.);
#5074 = VERTEX_POINT('',#5075);
#5075 = CARTESIAN_POINT('',(-1.28,-3.5E-02,-0.63));
#5076 = LINE('',#5077,#5078);
#5077 = CARTESIAN_POINT('',(-1.28,-3.5E-02,-0.19));
#5078 = VECTOR('',#5079,1.);
#5079 = DIRECTION('',(0.,0.,-1.));
#5080 = ORIENTED_EDGE('',*,*,#5081,.T.);
#5081 = EDGE_CURVE('',#5074,#5082,#5084,.T.);
#5082 = VERTEX_POINT('',#5083);
#5083 = CARTESIAN_POINT('',(-1.2,-3.5E-02,-0.63));
#5084 = LINE('',#5085,#5086);
#5085 = CARTESIAN_POINT('',(-1.28,-3.5E-02,-0.63));
#5086 = VECTOR('',#5087,1.);
#5087 = DIRECTION('',(1.,0.,0.));
#5088 = ORIENTED_EDGE('',*,*,#5089,.F.);
#5089 = EDGE_CURVE('',#5066,#5082,#5090,.T.);
#5090 = LINE('',#5091,#5092);
#5091 = CARTESIAN_POINT('',(-1.2,-3.5E-02,-0.19));
#5092 = VECTOR('',#5093,1.);
#5093 = DIRECTION('',(0.,0.,-1.));
#5094 = PLANE('',#5095);
#5095 = AXIS2_PLACEMENT_3D('',#5096,#5097,#5098);
#5096 = CARTESIAN_POINT('',(-1.28,-3.5E-02,0.75));
#5097 = DIRECTION('',(-0.,1.,0.));
#5098 = DIRECTION('',(1.,0.,0.));
#5099 = ADVANCED_FACE('',(#5100),#5141,.F.);
#5100 = FACE_BOUND('',#5101,.T.);
#5101 = EDGE_LOOP('',(#5102,#5103,#5111,#5117,#5118,#5126,#5134,#5140));
#5102 = ORIENTED_EDGE('',*,*,#5010,.F.);
#5103 = ORIENTED_EDGE('',*,*,#5104,.T.);
#5104 = EDGE_CURVE('',#5003,#5105,#5107,.T.);
#5105 = VERTEX_POINT('',#5106);
#5106 = CARTESIAN_POINT('',(-1.2,0.15,-0.19));
#5107 = LINE('',#5108,#5109);
#5108 = CARTESIAN_POINT('',(-1.2,0.15,0.19));
#5109 = VECTOR('',#5110,1.);
#5110 = DIRECTION('',(0.,0.,-1.));
#5111 = ORIENTED_EDGE('',*,*,#5112,.T.);
#5112 = EDGE_CURVE('',#5105,#5066,#5113,.T.);
#5113 = LINE('',#5114,#5115);
#5114 = CARTESIAN_POINT('',(-1.2,0.15,-0.19));
#5115 = VECTOR('',#5116,1.);
#5116 = DIRECTION('',(0.,-1.,0.));
#5117 = ORIENTED_EDGE('',*,*,#5089,.T.);
#5118 = ORIENTED_EDGE('',*,*,#5119,.T.);
#5119 = EDGE_CURVE('',#5082,#5120,#5122,.T.);
#5120 = VERTEX_POINT('',#5121);
#5121 = CARTESIAN_POINT('',(-1.2,0.247667984057,-0.63));
#5122 = LINE('',#5123,#5124);
#5123 = CARTESIAN_POINT('',(-1.2,-3.5E-02,-0.63));
#5124 = VECTOR('',#5125,1.);
#5125 = DIRECTION('',(0.,1.,0.));
#5126 = ORIENTED_EDGE('',*,*,#5127,.F.);
#5127 = EDGE_CURVE('',#5128,#5120,#5130,.T.);
#5128 = VERTEX_POINT('',#5129);
#5129 = CARTESIAN_POINT('',(-1.2,0.247667984057,0.63));
#5130 = LINE('',#5131,#5132);
#5131 = CARTESIAN_POINT('',(-1.2,0.247667984057,0.63));
#5132 = VECTOR('',#5133,1.);
#5133 = DIRECTION('',(0.,0.,-1.));
#5134 = ORIENTED_EDGE('',*,*,#5135,.F.);
#5135 = EDGE_CURVE('',#5035,#5128,#5136,.T.);
#5136 = LINE('',#5137,#5138);
#5137 = CARTESIAN_POINT('',(-1.2,-3.5E-02,0.63));
#5138 = VECTOR('',#5139,1.);
#5139 = DIRECTION('',(0.,1.,0.));
#5140 = ORIENTED_EDGE('',*,*,#5049,.T.);
#5141 = PLANE('',#5142);
#5142 = AXIS2_PLACEMENT_3D('',#5143,#5144,#5145);
#5143 = CARTESIAN_POINT('',(-1.2,-3.5E-02,0.75));
#5144 = DIRECTION('',(-1.,0.,0.));
#5145 = DIRECTION('',(0.,0.,1.));
#5146 = ADVANCED_FACE('',(#5147,#5338,#5372,#5406),#5440,.F.);
#5147 = FACE_BOUND('',#5148,.T.);
#5148 = EDGE_LOOP('',(#5149,#5157,#5158,#5166,#5174,#5182,#5190,#5198,
    #5206,#5212,#5213,#5219,#5220,#5221,#5229,#5235,#5236,#5242,#5243,
    #5251,#5259,#5265,#5266,#5275,#5283,#5291,#5297,#5298,#5306,#5315,
    #5321,#5322,#5323,#5332));
#5149 = ORIENTED_EDGE('',*,*,#5150,.T.);
#5150 = EDGE_CURVE('',#5151,#4413,#5153,.T.);
#5151 = VERTEX_POINT('',#5152);
#5152 = CARTESIAN_POINT('',(-0.9303,0.31,0.63));
#5153 = LINE('',#5154,#5155);
#5154 = CARTESIAN_POINT('',(-0.9303,0.31,0.63));
#5155 = VECTOR('',#5156,1.);
#5156 = DIRECTION('',(-2.775557561563E-14,1.,0.));
#5157 = ORIENTED_EDGE('',*,*,#4412,.T.);
#5158 = ORIENTED_EDGE('',*,*,#5159,.T.);
#5159 = EDGE_CURVE('',#4405,#5160,#5162,.T.);
#5160 = VERTEX_POINT('',#5161);
#5161 = CARTESIAN_POINT('',(-0.8275,0.21,0.63));
#5162 = LINE('',#5163,#5164);
#5163 = CARTESIAN_POINT('',(-0.8275,0.33,0.63));
#5164 = VECTOR('',#5165,1.);
#5165 = DIRECTION('',(0.,-1.,0.));
#5166 = ORIENTED_EDGE('',*,*,#5167,.F.);
#5167 = EDGE_CURVE('',#5168,#5160,#5170,.T.);
#5168 = VERTEX_POINT('',#5169);
#5169 = CARTESIAN_POINT('',(-0.795,0.21,0.63));
#5170 = LINE('',#5171,#5172);
#5171 = CARTESIAN_POINT('',(-0.795,0.21,0.63));
#5172 = VECTOR('',#5173,1.);
#5173 = DIRECTION('',(-1.,0.,0.));
#5174 = ORIENTED_EDGE('',*,*,#5175,.T.);
#5175 = EDGE_CURVE('',#5168,#5176,#5178,.T.);
#5176 = VERTEX_POINT('',#5177);
#5177 = CARTESIAN_POINT('',(-0.795,6.8E-02,0.63));
#5178 = LINE('',#5179,#5180);
#5179 = CARTESIAN_POINT('',(-0.795,0.21,0.63));
#5180 = VECTOR('',#5181,1.);
#5181 = DIRECTION('',(0.,-1.,0.));
#5182 = ORIENTED_EDGE('',*,*,#5183,.F.);
#5183 = EDGE_CURVE('',#5184,#5176,#5186,.T.);
#5184 = VERTEX_POINT('',#5185);
#5185 = CARTESIAN_POINT('',(-0.62,6.8E-02,0.63));
#5186 = LINE('',#5187,#5188);
#5187 = CARTESIAN_POINT('',(-0.62,6.8E-02,0.63));
#5188 = VECTOR('',#5189,1.);
#5189 = DIRECTION('',(-1.,0.,0.));
#5190 = ORIENTED_EDGE('',*,*,#5191,.F.);
#5191 = EDGE_CURVE('',#5192,#5184,#5194,.T.);
#5192 = VERTEX_POINT('',#5193);
#5193 = CARTESIAN_POINT('',(-0.62,0.21,0.63));
#5194 = LINE('',#5195,#5196);
#5195 = CARTESIAN_POINT('',(-0.62,0.21,0.63));
#5196 = VECTOR('',#5197,1.);
#5197 = DIRECTION('',(0.,-1.,0.));
#5198 = ORIENTED_EDGE('',*,*,#5199,.F.);
#5199 = EDGE_CURVE('',#5200,#5192,#5202,.T.);
#5200 = VERTEX_POINT('',#5201);
#5201 = CARTESIAN_POINT('',(-0.5725,0.21,0.63));
#5202 = LINE('',#5203,#5204);
#5203 = CARTESIAN_POINT('',(-0.5725,0.21,0.63));
#5204 = VECTOR('',#5205,1.);
#5205 = DIRECTION('',(-1.,0.,0.));
#5206 = ORIENTED_EDGE('',*,*,#5207,.F.);
#5207 = EDGE_CURVE('',#4083,#5200,#5208,.T.);
#5208 = LINE('',#5209,#5210);
#5209 = CARTESIAN_POINT('',(-0.5725,0.33,0.63));
#5210 = VECTOR('',#5211,1.);
#5211 = DIRECTION('',(0.,-1.,0.));
#5212 = ORIENTED_EDGE('',*,*,#4082,.T.);
#5213 = ORIENTED_EDGE('',*,*,#5214,.T.);
#5214 = EDGE_CURVE('',#4075,#3908,#5215,.T.);
#5215 = LINE('',#5216,#5217);
#5216 = CARTESIAN_POINT('',(0.5725,0.33,0.63));
#5217 = VECTOR('',#5218,1.);
#5218 = DIRECTION('',(0.,-1.,0.));
#5219 = ORIENTED_EDGE('',*,*,#3907,.T.);
#5220 = ORIENTED_EDGE('',*,*,#3884,.T.);
#5221 = ORIENTED_EDGE('',*,*,#5222,.T.);
#5222 = EDGE_CURVE('',#3877,#5223,#5225,.T.);
#5223 = VERTEX_POINT('',#5224);
#5224 = CARTESIAN_POINT('',(0.795,6.8E-02,0.63));
#5225 = LINE('',#5226,#5227);
#5226 = CARTESIAN_POINT('',(0.62,6.8E-02,0.63));
#5227 = VECTOR('',#5228,1.);
#5228 = DIRECTION('',(1.,0.,0.));
#5229 = ORIENTED_EDGE('',*,*,#5230,.F.);
#5230 = EDGE_CURVE('',#3949,#5223,#5231,.T.);
#5231 = LINE('',#5232,#5233);
#5232 = CARTESIAN_POINT('',(0.795,0.21,0.63));
#5233 = VECTOR('',#5234,1.);
#5234 = DIRECTION('',(0.,-1.,0.));
#5235 = ORIENTED_EDGE('',*,*,#3948,.T.);
#5236 = ORIENTED_EDGE('',*,*,#5237,.F.);
#5237 = EDGE_CURVE('',#4652,#3941,#5238,.T.);
#5238 = LINE('',#5239,#5240);
#5239 = CARTESIAN_POINT('',(0.8275,0.33,0.63));
#5240 = VECTOR('',#5241,1.);
#5241 = DIRECTION('',(0.,-1.,0.));
#5242 = ORIENTED_EDGE('',*,*,#4651,.T.);
#5243 = ORIENTED_EDGE('',*,*,#5244,.F.);
#5244 = EDGE_CURVE('',#5245,#4642,#5247,.T.);
#5245 = VERTEX_POINT('',#5246);
#5246 = CARTESIAN_POINT('',(0.9303,0.31,0.63));
#5247 = LINE('',#5248,#5249);
#5248 = CARTESIAN_POINT('',(0.9303,0.31,0.63));
#5249 = VECTOR('',#5250,1.);
#5250 = DIRECTION('',(0.,1.,-1.665334536938E-14));
#5251 = ORIENTED_EDGE('',*,*,#5252,.F.);
#5252 = EDGE_CURVE('',#5253,#5245,#5255,.T.);
#5253 = VERTEX_POINT('',#5254);
#5254 = CARTESIAN_POINT('',(1.2203,0.31,0.63));
#5255 = LINE('',#5256,#5257);
#5256 = CARTESIAN_POINT('',(1.2203,0.31,0.63));
#5257 = VECTOR('',#5258,1.);
#5258 = DIRECTION('',(-1.,0.,0.));
#5259 = ORIENTED_EDGE('',*,*,#5260,.T.);
#5260 = EDGE_CURVE('',#5253,#4564,#5261,.T.);
#5261 = LINE('',#5262,#5263);
#5262 = CARTESIAN_POINT('',(1.2203,0.31,0.63));
#5263 = VECTOR('',#5264,1.);
#5264 = DIRECTION('',(1.110223024625E-14,1.,0.));
#5265 = ORIENTED_EDGE('',*,*,#4563,.T.);
#5266 = ORIENTED_EDGE('',*,*,#5267,.F.);
#5267 = EDGE_CURVE('',#5268,#4556,#5270,.T.);
#5268 = VERTEX_POINT('',#5269);
#5269 = CARTESIAN_POINT('',(1.22,0.256572557763,0.63));
#5270 = CIRCLE('',#5271,0.12);
#5271 = AXIS2_PLACEMENT_3D('',#5272,#5273,#5274);
#5272 = CARTESIAN_POINT('',(1.34,0.256572557763,0.63));
#5273 = DIRECTION('',(0.,0.,-1.));
#5274 = DIRECTION('',(-1.,0.,0.));
#5275 = ORIENTED_EDGE('',*,*,#5276,.F.);
#5276 = EDGE_CURVE('',#5277,#5268,#5279,.T.);
#5277 = VERTEX_POINT('',#5278);
#5278 = CARTESIAN_POINT('',(1.22,-3.5E-02,0.63));
#5279 = LINE('',#5280,#5281);
#5280 = CARTESIAN_POINT('',(1.22,-3.5E-02,0.63));
#5281 = VECTOR('',#5282,1.);
#5282 = DIRECTION('',(0.,1.,0.));
#5283 = ORIENTED_EDGE('',*,*,#5284,.F.);
#5284 = EDGE_CURVE('',#5285,#5277,#5287,.T.);
#5285 = VERTEX_POINT('',#5286);
#5286 = CARTESIAN_POINT('',(1.295,-3.5E-02,0.63));
#5287 = LINE('',#5288,#5289);
#5288 = CARTESIAN_POINT('',(1.295,-3.5E-02,0.63));
#5289 = VECTOR('',#5290,1.);
#5290 = DIRECTION('',(-1.,0.,0.));
#5291 = ORIENTED_EDGE('',*,*,#5292,.T.);
#5292 = EDGE_CURVE('',#5285,#4816,#5293,.T.);
#5293 = LINE('',#5294,#5295);
#5294 = CARTESIAN_POINT('',(1.295,-3.5E-02,0.63));
#5295 = VECTOR('',#5296,1.);
#5296 = DIRECTION('',(0.,-1.,0.));
#5297 = ORIENTED_EDGE('',*,*,#4815,.F.);
#5298 = ORIENTED_EDGE('',*,*,#5299,.F.);
#5299 = EDGE_CURVE('',#5300,#4808,#5302,.T.);
#5300 = VERTEX_POINT('',#5301);
#5301 = CARTESIAN_POINT('',(-1.295,0.278892974049,0.63));
#5302 = LINE('',#5303,#5304);
#5303 = CARTESIAN_POINT('',(-1.295,0.278892974049,0.63));
#5304 = VECTOR('',#5305,1.);
#5305 = DIRECTION('',(0.,-1.,0.));
#5306 = ORIENTED_EDGE('',*,*,#5307,.F.);
#5307 = EDGE_CURVE('',#5308,#5300,#5310,.T.);
#5308 = VERTEX_POINT('',#5309);
#5309 = CARTESIAN_POINT('',(-1.28,0.247667984057,0.63));
#5310 = CIRCLE('',#5311,4.E-02);
#5311 = AXIS2_PLACEMENT_3D('',#5312,#5313,#5314);
#5312 = CARTESIAN_POINT('',(-1.32,0.247667984057,0.63));
#5313 = DIRECTION('',(0.,0.,1.));
#5314 = DIRECTION('',(1.,0.,-0.));
#5315 = ORIENTED_EDGE('',*,*,#5316,.T.);
#5316 = EDGE_CURVE('',#5308,#5033,#5317,.T.);
#5317 = LINE('',#5318,#5319);
#5318 = CARTESIAN_POINT('',(-1.28,0.247667984057,0.63));
#5319 = VECTOR('',#5320,1.);
#5320 = DIRECTION('',(0.,-1.,0.));
#5321 = ORIENTED_EDGE('',*,*,#5032,.T.);
#5322 = ORIENTED_EDGE('',*,*,#5135,.T.);
#5323 = ORIENTED_EDGE('',*,*,#5324,.T.);
#5324 = EDGE_CURVE('',#5128,#5325,#5327,.T.);
#5325 = VERTEX_POINT('',#5326);
#5326 = CARTESIAN_POINT('',(-1.217458692282,0.31,0.63));
#5327 = CIRCLE('',#5328,0.12);
#5328 = AXIS2_PLACEMENT_3D('',#5329,#5330,#5331);
#5329 = CARTESIAN_POINT('',(-1.32,0.247667984057,0.63));
#5330 = DIRECTION('',(0.,0.,1.));
#5331 = DIRECTION('',(1.,-1.919760646748E-14,0.));
#5332 = ORIENTED_EDGE('',*,*,#5333,.F.);
#5333 = EDGE_CURVE('',#5151,#5325,#5334,.T.);
#5334 = LINE('',#5335,#5336);
#5335 = CARTESIAN_POINT('',(-0.9303,0.31,0.63));
#5336 = VECTOR('',#5337,1.);
#5337 = DIRECTION('',(-1.,0.,0.));
#5338 = FACE_BOUND('',#5339,.T.);
#5339 = EDGE_LOOP('',(#5340,#5350,#5358,#5366));
#5340 = ORIENTED_EDGE('',*,*,#5341,.T.);
#5341 = EDGE_CURVE('',#5342,#5344,#5346,.T.);
#5342 = VERTEX_POINT('',#5343);
#5343 = CARTESIAN_POINT('',(-8.E-02,0.105,0.63));
#5344 = VERTEX_POINT('',#5345);
#5345 = CARTESIAN_POINT('',(8.E-02,0.105,0.63));
#5346 = LINE('',#5347,#5348);
#5347 = CARTESIAN_POINT('',(-8.E-02,0.105,0.63));
#5348 = VECTOR('',#5349,1.);
#5349 = DIRECTION('',(1.,0.,0.));
#5350 = ORIENTED_EDGE('',*,*,#5351,.T.);
#5351 = EDGE_CURVE('',#5344,#5352,#5354,.T.);
#5352 = VERTEX_POINT('',#5353);
#5353 = CARTESIAN_POINT('',(8.E-02,0.2275,0.63));
#5354 = LINE('',#5355,#5356);
#5355 = CARTESIAN_POINT('',(8.E-02,0.105,0.63));
#5356 = VECTOR('',#5357,1.);
#5357 = DIRECTION('',(0.,1.,0.));
#5358 = ORIENTED_EDGE('',*,*,#5359,.F.);
#5359 = EDGE_CURVE('',#5360,#5352,#5362,.T.);
#5360 = VERTEX_POINT('',#5361);
#5361 = CARTESIAN_POINT('',(-8.E-02,0.2275,0.63));
#5362 = LINE('',#5363,#5364);
#5363 = CARTESIAN_POINT('',(-8.E-02,0.2275,0.63));
#5364 = VECTOR('',#5365,1.);
#5365 = DIRECTION('',(1.,0.,0.));
#5366 = ORIENTED_EDGE('',*,*,#5367,.F.);
#5367 = EDGE_CURVE('',#5342,#5360,#5368,.T.);
#5368 = LINE('',#5369,#5370);
#5369 = CARTESIAN_POINT('',(-8.E-02,0.105,0.63));
#5370 = VECTOR('',#5371,1.);
#5371 = DIRECTION('',(0.,1.,0.));
#5372 = FACE_BOUND('',#5373,.T.);
#5373 = EDGE_LOOP('',(#5374,#5384,#5392,#5400));
#5374 = ORIENTED_EDGE('',*,*,#5375,.T.);
#5375 = EDGE_CURVE('',#5376,#5378,#5380,.T.);
#5376 = VERTEX_POINT('',#5377);
#5377 = CARTESIAN_POINT('',(-0.43,0.105,0.63));
#5378 = VERTEX_POINT('',#5379);
#5379 = CARTESIAN_POINT('',(-0.27,0.105,0.63));
#5380 = LINE('',#5381,#5382);
#5381 = CARTESIAN_POINT('',(-0.43,0.105,0.63));
#5382 = VECTOR('',#5383,1.);
#5383 = DIRECTION('',(1.,0.,0.));
#5384 = ORIENTED_EDGE('',*,*,#5385,.T.);
#5385 = EDGE_CURVE('',#5378,#5386,#5388,.T.);
#5386 = VERTEX_POINT('',#5387);
#5387 = CARTESIAN_POINT('',(-0.27,0.2275,0.63));
#5388 = LINE('',#5389,#5390);
#5389 = CARTESIAN_POINT('',(-0.27,0.105,0.63));
#5390 = VECTOR('',#5391,1.);
#5391 = DIRECTION('',(0.,1.,0.));
#5392 = ORIENTED_EDGE('',*,*,#5393,.F.);
#5393 = EDGE_CURVE('',#5394,#5386,#5396,.T.);
#5394 = VERTEX_POINT('',#5395);
#5395 = CARTESIAN_POINT('',(-0.43,0.2275,0.63));
#5396 = LINE('',#5397,#5398);
#5397 = CARTESIAN_POINT('',(-0.43,0.2275,0.63));
#5398 = VECTOR('',#5399,1.);
#5399 = DIRECTION('',(1.,0.,0.));
#5400 = ORIENTED_EDGE('',*,*,#5401,.F.);
#5401 = EDGE_CURVE('',#5376,#5394,#5402,.T.);
#5402 = LINE('',#5403,#5404);
#5403 = CARTESIAN_POINT('',(-0.43,0.105,0.63));
#5404 = VECTOR('',#5405,1.);
#5405 = DIRECTION('',(0.,1.,0.));
#5406 = FACE_BOUND('',#5407,.T.);
#5407 = EDGE_LOOP('',(#5408,#5418,#5426,#5434));
#5408 = ORIENTED_EDGE('',*,*,#5409,.T.);
#5409 = EDGE_CURVE('',#5410,#5412,#5414,.T.);
#5410 = VERTEX_POINT('',#5411);
#5411 = CARTESIAN_POINT('',(0.27,0.105,0.63));
#5412 = VERTEX_POINT('',#5413);
#5413 = CARTESIAN_POINT('',(0.43,0.105,0.63));
#5414 = LINE('',#5415,#5416);
#5415 = CARTESIAN_POINT('',(0.27,0.105,0.63));
#5416 = VECTOR('',#5417,1.);
#5417 = DIRECTION('',(1.,0.,0.));
#5418 = ORIENTED_EDGE('',*,*,#5419,.T.);
#5419 = EDGE_CURVE('',#5412,#5420,#5422,.T.);
#5420 = VERTEX_POINT('',#5421);
#5421 = CARTESIAN_POINT('',(0.43,0.2275,0.63));
#5422 = LINE('',#5423,#5424);
#5423 = CARTESIAN_POINT('',(0.43,0.105,0.63));
#5424 = VECTOR('',#5425,1.);
#5425 = DIRECTION('',(0.,1.,0.));
#5426 = ORIENTED_EDGE('',*,*,#5427,.F.);
#5427 = EDGE_CURVE('',#5428,#5420,#5430,.T.);
#5428 = VERTEX_POINT('',#5429);
#5429 = CARTESIAN_POINT('',(0.27,0.2275,0.63));
#5430 = LINE('',#5431,#5432);
#5431 = CARTESIAN_POINT('',(0.27,0.2275,0.63));
#5432 = VECTOR('',#5433,1.);
#5433 = DIRECTION('',(1.,0.,0.));
#5434 = ORIENTED_EDGE('',*,*,#5435,.F.);
#5435 = EDGE_CURVE('',#5410,#5428,#5436,.T.);
#5436 = LINE('',#5437,#5438);
#5437 = CARTESIAN_POINT('',(0.27,0.105,0.63));
#5438 = VECTOR('',#5439,1.);
#5439 = DIRECTION('',(0.,1.,0.));
#5440 = PLANE('',#5441);
#5441 = AXIS2_PLACEMENT_3D('',#5442,#5443,#5444);
#5442 = CARTESIAN_POINT('',(-1.295,0.33,0.63));
#5443 = DIRECTION('',(0.,0.,1.));
#5444 = DIRECTION('',(1.,0.,-0.));
#5445 = ADVANCED_FACE('',(#5446),#5472,.F.);
#5446 = FACE_BOUND('',#5447,.T.);
#5447 = EDGE_LOOP('',(#5448,#5457,#5465,#5471));
#5448 = ORIENTED_EDGE('',*,*,#5449,.F.);
#5449 = EDGE_CURVE('',#5450,#5428,#5452,.T.);
#5450 = VERTEX_POINT('',#5451);
#5451 = CARTESIAN_POINT('',(0.27,0.1575,0.61));
#5452 = CIRCLE('',#5453,0.1325);
#5453 = AXIS2_PLACEMENT_3D('',#5454,#5455,#5456);
#5454 = CARTESIAN_POINT('',(0.27,0.1575,0.7425));
#5455 = DIRECTION('',(1.,0.,0.));
#5456 = DIRECTION('',(0.,0.,-1.));
#5457 = ORIENTED_EDGE('',*,*,#5458,.F.);
#5458 = EDGE_CURVE('',#5459,#5450,#5461,.T.);
#5459 = VERTEX_POINT('',#5460);
#5460 = CARTESIAN_POINT('',(0.27,0.125,0.61));
#5461 = LINE('',#5462,#5463);
#5462 = CARTESIAN_POINT('',(0.27,0.125,0.61));
#5463 = VECTOR('',#5464,1.);
#5464 = DIRECTION('',(0.,1.,0.));
#5465 = ORIENTED_EDGE('',*,*,#5466,.F.);
#5466 = EDGE_CURVE('',#5410,#5459,#5467,.T.);
#5467 = LINE('',#5468,#5469);
#5468 = CARTESIAN_POINT('',(0.27,0.105,0.63));
#5469 = VECTOR('',#5470,1.);
#5470 = DIRECTION('',(0.,0.707106781187,-0.707106781186));
#5471 = ORIENTED_EDGE('',*,*,#5435,.T.);
#5472 = PLANE('',#5473);
#5473 = AXIS2_PLACEMENT_3D('',#5474,#5475,#5476);
#5474 = CARTESIAN_POINT('',(0.27,-0.33,0.));
#5475 = DIRECTION('',(1.,0.,0.));
#5476 = DIRECTION('',(-0.,1.,0.));
#5477 = ADVANCED_FACE('',(#5478),#5513,.F.);
#5478 = FACE_BOUND('',#5479,.T.);
#5479 = EDGE_LOOP('',(#5480,#5490,#5498,#5507));
#5480 = ORIENTED_EDGE('',*,*,#5481,.F.);
#5481 = EDGE_CURVE('',#5482,#5484,#5486,.T.);
#5482 = VERTEX_POINT('',#5483);
#5483 = CARTESIAN_POINT('',(0.27,0.125,-0.61));
#5484 = VERTEX_POINT('',#5485);
#5485 = CARTESIAN_POINT('',(0.27,0.105,-0.63));
#5486 = LINE('',#5487,#5488);
#5487 = CARTESIAN_POINT('',(0.27,0.125,-0.61));
#5488 = VECTOR('',#5489,1.);
#5489 = DIRECTION('',(0.,-0.707106781187,-0.707106781186));
#5490 = ORIENTED_EDGE('',*,*,#5491,.F.);
#5491 = EDGE_CURVE('',#5492,#5482,#5494,.T.);
#5492 = VERTEX_POINT('',#5493);
#5493 = CARTESIAN_POINT('',(0.27,0.1575,-0.61));
#5494 = LINE('',#5495,#5496);
#5495 = CARTESIAN_POINT('',(0.27,0.1575,-0.61));
#5496 = VECTOR('',#5497,1.);
#5497 = DIRECTION('',(0.,-1.,0.));
#5498 = ORIENTED_EDGE('',*,*,#5499,.F.);
#5499 = EDGE_CURVE('',#5500,#5492,#5502,.T.);
#5500 = VERTEX_POINT('',#5501);
#5501 = CARTESIAN_POINT('',(0.27,0.2275,-0.63));
#5502 = CIRCLE('',#5503,0.1325);
#5503 = AXIS2_PLACEMENT_3D('',#5504,#5505,#5506);
#5504 = CARTESIAN_POINT('',(0.27,0.1575,-0.7425));
#5505 = DIRECTION('',(1.,0.,-0.));
#5506 = DIRECTION('',(0.,0.528301886792,0.849056603774));
#5507 = ORIENTED_EDGE('',*,*,#5508,.F.);
#5508 = EDGE_CURVE('',#5484,#5500,#5509,.T.);
#5509 = LINE('',#5510,#5511);
#5510 = CARTESIAN_POINT('',(0.27,0.105,-0.63));
#5511 = VECTOR('',#5512,1.);
#5512 = DIRECTION('',(0.,1.,0.));
#5513 = PLANE('',#5514);
#5514 = AXIS2_PLACEMENT_3D('',#5515,#5516,#5517);
#5515 = CARTESIAN_POINT('',(0.27,-0.33,0.));
#5516 = DIRECTION('',(1.,0.,0.));
#5517 = DIRECTION('',(-0.,1.,0.));
#5518 = ADVANCED_FACE('',(#5519),#5545,.F.);
#5519 = FACE_BOUND('',#5520,.T.);
#5520 = EDGE_LOOP('',(#5521,#5530,#5538,#5544));
#5521 = ORIENTED_EDGE('',*,*,#5522,.F.);
#5522 = EDGE_CURVE('',#5523,#2802,#5525,.T.);
#5523 = VERTEX_POINT('',#5524);
#5524 = CARTESIAN_POINT('',(0.27,0.140918398338,-0.405));
#5525 = CIRCLE('',#5526,9.E-02);
#5526 = AXIS2_PLACEMENT_3D('',#5527,#5528,#5529);
#5527 = CARTESIAN_POINT('',(0.27,0.17,-0.319828053652));
#5528 = DIRECTION('',(1.,0.,0.));
#5529 = DIRECTION('',(0.,-0.32312890736,-0.946354959425));
#5530 = ORIENTED_EDGE('',*,*,#5531,.F.);
#5531 = EDGE_CURVE('',#5532,#5523,#5534,.T.);
#5532 = VERTEX_POINT('',#5533);
#5533 = CARTESIAN_POINT('',(0.27,-4.944857583726E-02,-0.34));
#5534 = LINE('',#5535,#5536);
#5535 = CARTESIAN_POINT('',(0.27,-4.944857583726E-02,-0.34));
#5536 = VECTOR('',#5537,1.);
#5537 = DIRECTION('',(0.,0.946354959425,-0.32312890736));
#5538 = ORIENTED_EDGE('',*,*,#5539,.T.);
#5539 = EDGE_CURVE('',#5532,#2812,#5540,.T.);
#5540 = LINE('',#5541,#5542);
#5541 = CARTESIAN_POINT('',(0.27,-4.944857583726E-02,-0.34));
#5542 = VECTOR('',#5543,1.);
#5543 = DIRECTION('',(0.,1.,0.));
#5544 = ORIENTED_EDGE('',*,*,#2811,.F.);
#5545 = PLANE('',#5546);
#5546 = AXIS2_PLACEMENT_3D('',#5547,#5548,#5549);
#5547 = CARTESIAN_POINT('',(0.27,-0.33,0.));
#5548 = DIRECTION('',(1.,0.,0.));
#5549 = DIRECTION('',(-0.,1.,0.));
#5550 = ADVANCED_FACE('',(#5551),#5577,.F.);
#5551 = FACE_BOUND('',#5552,.T.);
#5552 = EDGE_LOOP('',(#5553,#5563,#5570,#5571));
#5553 = ORIENTED_EDGE('',*,*,#5554,.F.);
#5554 = EDGE_CURVE('',#5555,#5557,#5559,.T.);
#5555 = VERTEX_POINT('',#5556);
#5556 = CARTESIAN_POINT('',(0.27,0.140918398338,0.405));
#5557 = VERTEX_POINT('',#5558);
#5558 = CARTESIAN_POINT('',(0.27,-4.944857583726E-02,0.34));
#5559 = LINE('',#5560,#5561);
#5560 = CARTESIAN_POINT('',(0.27,0.140918398338,0.405));
#5561 = VECTOR('',#5562,1.);
#5562 = DIRECTION('',(0.,-0.946354959425,-0.32312890736));
#5563 = ORIENTED_EDGE('',*,*,#5564,.F.);
#5564 = EDGE_CURVE('',#2678,#5555,#5565,.T.);
#5565 = CIRCLE('',#5566,9.E-02);
#5566 = AXIS2_PLACEMENT_3D('',#5567,#5568,#5569);
#5567 = CARTESIAN_POINT('',(0.27,0.17,0.319828053652));
#5568 = DIRECTION('',(1.,0.,-0.));
#5569 = DIRECTION('',(0.,0.974558626309,0.224132737203));
#5570 = ORIENTED_EDGE('',*,*,#2702,.F.);
#5571 = ORIENTED_EDGE('',*,*,#5572,.F.);
#5572 = EDGE_CURVE('',#5557,#2695,#5573,.T.);
#5573 = LINE('',#5574,#5575);
#5574 = CARTESIAN_POINT('',(0.27,-4.944857583726E-02,0.34));
#5575 = VECTOR('',#5576,1.);
#5576 = DIRECTION('',(0.,1.,0.));
#5577 = PLANE('',#5578);
#5578 = AXIS2_PLACEMENT_3D('',#5579,#5580,#5581);
#5579 = CARTESIAN_POINT('',(0.27,-0.33,0.));
#5580 = DIRECTION('',(1.,0.,0.));
#5581 = DIRECTION('',(-0.,1.,0.));
#5582 = ADVANCED_FACE('',(#5583),#5601,.T.);
#5583 = FACE_BOUND('',#5584,.T.);
#5584 = EDGE_LOOP('',(#5585,#5586,#5594,#5600));
#5585 = ORIENTED_EDGE('',*,*,#5466,.T.);
#5586 = ORIENTED_EDGE('',*,*,#5587,.T.);
#5587 = EDGE_CURVE('',#5459,#5588,#5590,.T.);
#5588 = VERTEX_POINT('',#5589);
#5589 = CARTESIAN_POINT('',(0.43,0.125,0.61));
#5590 = LINE('',#5591,#5592);
#5591 = CARTESIAN_POINT('',(0.27,0.125,0.61));
#5592 = VECTOR('',#5593,1.);
#5593 = DIRECTION('',(1.,0.,0.));
#5594 = ORIENTED_EDGE('',*,*,#5595,.F.);
#5595 = EDGE_CURVE('',#5412,#5588,#5596,.T.);
#5596 = LINE('',#5597,#5598);
#5597 = CARTESIAN_POINT('',(0.43,0.105,0.63));
#5598 = VECTOR('',#5599,1.);
#5599 = DIRECTION('',(0.,0.707106781187,-0.707106781186));
#5600 = ORIENTED_EDGE('',*,*,#5409,.F.);
#5601 = PLANE('',#5602);
#5602 = AXIS2_PLACEMENT_3D('',#5603,#5604,#5605);
#5603 = CARTESIAN_POINT('',(0.27,0.105,0.63));
#5604 = DIRECTION('',(0.,-0.707106781186,-0.707106781187));
#5605 = DIRECTION('',(0.,-0.707106781187,0.707106781186));
#5606 = ADVANCED_FACE('',(#5607),#5626,.T.);
#5607 = FACE_BOUND('',#5608,.T.);
#5608 = EDGE_LOOP('',(#5609,#5610,#5618,#5625));
#5609 = ORIENTED_EDGE('',*,*,#5595,.T.);
#5610 = ORIENTED_EDGE('',*,*,#5611,.T.);
#5611 = EDGE_CURVE('',#5588,#5612,#5614,.T.);
#5612 = VERTEX_POINT('',#5613);
#5613 = CARTESIAN_POINT('',(0.43,0.1575,0.61));
#5614 = LINE('',#5615,#5616);
#5615 = CARTESIAN_POINT('',(0.43,0.125,0.61));
#5616 = VECTOR('',#5617,1.);
#5617 = DIRECTION('',(0.,1.,0.));
#5618 = ORIENTED_EDGE('',*,*,#5619,.T.);
#5619 = EDGE_CURVE('',#5612,#5420,#5620,.T.);
#5620 = CIRCLE('',#5621,0.1325);
#5621 = AXIS2_PLACEMENT_3D('',#5622,#5623,#5624);
#5622 = CARTESIAN_POINT('',(0.43,0.1575,0.7425));
#5623 = DIRECTION('',(1.,0.,0.));
#5624 = DIRECTION('',(0.,0.,-1.));
#5625 = ORIENTED_EDGE('',*,*,#5419,.F.);
#5626 = PLANE('',#5627);
#5627 = AXIS2_PLACEMENT_3D('',#5628,#5629,#5630);
#5628 = CARTESIAN_POINT('',(0.43,-0.33,0.));
#5629 = DIRECTION('',(1.,0.,0.));
#5630 = DIRECTION('',(-0.,1.,0.));
#5631 = ADVANCED_FACE('',(#5632),#5667,.T.);
#5632 = FACE_BOUND('',#5633,.T.);
#5633 = EDGE_LOOP('',(#5634,#5645,#5653,#5661));
#5634 = ORIENTED_EDGE('',*,*,#5635,.T.);
#5635 = EDGE_CURVE('',#5636,#5638,#5640,.T.);
#5636 = VERTEX_POINT('',#5637);
#5637 = CARTESIAN_POINT('',(0.43,0.2275,-0.63));
#5638 = VERTEX_POINT('',#5639);
#5639 = CARTESIAN_POINT('',(0.43,0.1575,-0.61));
#5640 = CIRCLE('',#5641,0.1325);
#5641 = AXIS2_PLACEMENT_3D('',#5642,#5643,#5644);
#5642 = CARTESIAN_POINT('',(0.43,0.1575,-0.7425));
#5643 = DIRECTION('',(1.,0.,-0.));
#5644 = DIRECTION('',(0.,0.528301886792,0.849056603774));
#5645 = ORIENTED_EDGE('',*,*,#5646,.T.);
#5646 = EDGE_CURVE('',#5638,#5647,#5649,.T.);
#5647 = VERTEX_POINT('',#5648);
#5648 = CARTESIAN_POINT('',(0.43,0.125,-0.61));
#5649 = LINE('',#5650,#5651);
#5650 = CARTESIAN_POINT('',(0.43,0.1575,-0.61));
#5651 = VECTOR('',#5652,1.);
#5652 = DIRECTION('',(0.,-1.,0.));
#5653 = ORIENTED_EDGE('',*,*,#5654,.T.);
#5654 = EDGE_CURVE('',#5647,#5655,#5657,.T.);
#5655 = VERTEX_POINT('',#5656);
#5656 = CARTESIAN_POINT('',(0.43,0.105,-0.63));
#5657 = LINE('',#5658,#5659);
#5658 = CARTESIAN_POINT('',(0.43,0.125,-0.61));
#5659 = VECTOR('',#5660,1.);
#5660 = DIRECTION('',(0.,-0.707106781187,-0.707106781186));
#5661 = ORIENTED_EDGE('',*,*,#5662,.T.);
#5662 = EDGE_CURVE('',#5655,#5636,#5663,.T.);
#5663 = LINE('',#5664,#5665);
#5664 = CARTESIAN_POINT('',(0.43,0.105,-0.63));
#5665 = VECTOR('',#5666,1.);
#5666 = DIRECTION('',(0.,1.,0.));
#5667 = PLANE('',#5668);
#5668 = AXIS2_PLACEMENT_3D('',#5669,#5670,#5671);
#5669 = CARTESIAN_POINT('',(0.43,-0.33,0.));
#5670 = DIRECTION('',(1.,0.,0.));
#5671 = DIRECTION('',(-0.,1.,0.));
#5672 = ADVANCED_FACE('',(#5673),#5699,.T.);
#5673 = FACE_BOUND('',#5674,.T.);
#5674 = EDGE_LOOP('',(#5675,#5685,#5692,#5693));
#5675 = ORIENTED_EDGE('',*,*,#5676,.T.);
#5676 = EDGE_CURVE('',#5677,#5679,#5681,.T.);
#5677 = VERTEX_POINT('',#5678);
#5678 = CARTESIAN_POINT('',(0.43,-4.944857583726E-02,-0.34));
#5679 = VERTEX_POINT('',#5680);
#5680 = CARTESIAN_POINT('',(0.43,0.140918398338,-0.405));
#5681 = LINE('',#5682,#5683);
#5682 = CARTESIAN_POINT('',(0.43,-4.944857583726E-02,-0.34));
#5683 = VECTOR('',#5684,1.);
#5684 = DIRECTION('',(0.,0.946354959425,-0.32312890736));
#5685 = ORIENTED_EDGE('',*,*,#5686,.T.);
#5686 = EDGE_CURVE('',#5679,#2804,#5687,.T.);
#5687 = CIRCLE('',#5688,9.E-02);
#5688 = AXIS2_PLACEMENT_3D('',#5689,#5690,#5691);
#5689 = CARTESIAN_POINT('',(0.43,0.17,-0.319828053652));
#5690 = DIRECTION('',(1.,0.,0.));
#5691 = DIRECTION('',(0.,-0.32312890736,-0.946354959425));
#5692 = ORIENTED_EDGE('',*,*,#2828,.T.);
#5693 = ORIENTED_EDGE('',*,*,#5694,.F.);
#5694 = EDGE_CURVE('',#5677,#2821,#5695,.T.);
#5695 = LINE('',#5696,#5697);
#5696 = CARTESIAN_POINT('',(0.43,-4.944857583726E-02,-0.34));
#5697 = VECTOR('',#5698,1.);
#5698 = DIRECTION('',(0.,1.,0.));
#5699 = PLANE('',#5700);
#5700 = AXIS2_PLACEMENT_3D('',#5701,#5702,#5703);
#5701 = CARTESIAN_POINT('',(0.43,-0.33,0.));
#5702 = DIRECTION('',(1.,0.,0.));
#5703 = DIRECTION('',(-0.,1.,0.));
#5704 = ADVANCED_FACE('',(#5705),#5731,.T.);
#5705 = FACE_BOUND('',#5706,.T.);
#5706 = EDGE_LOOP('',(#5707,#5708,#5717,#5725));
#5707 = ORIENTED_EDGE('',*,*,#2685,.T.);
#5708 = ORIENTED_EDGE('',*,*,#5709,.T.);
#5709 = EDGE_CURVE('',#2676,#5710,#5712,.T.);
#5710 = VERTEX_POINT('',#5711);
#5711 = CARTESIAN_POINT('',(0.43,0.140918398338,0.405));
#5712 = CIRCLE('',#5713,9.E-02);
#5713 = AXIS2_PLACEMENT_3D('',#5714,#5715,#5716);
#5714 = CARTESIAN_POINT('',(0.43,0.17,0.319828053652));
#5715 = DIRECTION('',(1.,0.,-0.));
#5716 = DIRECTION('',(0.,0.974558626309,0.224132737203));
#5717 = ORIENTED_EDGE('',*,*,#5718,.T.);
#5718 = EDGE_CURVE('',#5710,#5719,#5721,.T.);
#5719 = VERTEX_POINT('',#5720);
#5720 = CARTESIAN_POINT('',(0.43,-4.944857583726E-02,0.34));
#5721 = LINE('',#5722,#5723);
#5722 = CARTESIAN_POINT('',(0.43,0.140918398338,0.405));
#5723 = VECTOR('',#5724,1.);
#5724 = DIRECTION('',(0.,-0.946354959425,-0.32312890736));
#5725 = ORIENTED_EDGE('',*,*,#5726,.T.);
#5726 = EDGE_CURVE('',#5719,#2686,#5727,.T.);
#5727 = LINE('',#5728,#5729);
#5728 = CARTESIAN_POINT('',(0.43,-4.944857583726E-02,0.34));
#5729 = VECTOR('',#5730,1.);
#5730 = DIRECTION('',(0.,1.,0.));
#5731 = PLANE('',#5732);
#5732 = AXIS2_PLACEMENT_3D('',#5733,#5734,#5735);
#5733 = CARTESIAN_POINT('',(0.43,-0.33,0.));
#5734 = DIRECTION('',(1.,0.,0.));
#5735 = DIRECTION('',(-0.,1.,0.));
#5736 = ADVANCED_FACE('',(#5737),#5748,.T.);
#5737 = FACE_BOUND('',#5738,.T.);
#5738 = EDGE_LOOP('',(#5739,#5740,#5746,#5747));
#5739 = ORIENTED_EDGE('',*,*,#5619,.F.);
#5740 = ORIENTED_EDGE('',*,*,#5741,.F.);
#5741 = EDGE_CURVE('',#5450,#5612,#5742,.T.);
#5742 = LINE('',#5743,#5744);
#5743 = CARTESIAN_POINT('',(0.27,0.1575,0.61));
#5744 = VECTOR('',#5745,1.);
#5745 = DIRECTION('',(1.,0.,0.));
#5746 = ORIENTED_EDGE('',*,*,#5449,.T.);
#5747 = ORIENTED_EDGE('',*,*,#5427,.T.);
#5748 = CYLINDRICAL_SURFACE('',#5749,0.1325);
#5749 = AXIS2_PLACEMENT_3D('',#5750,#5751,#5752);
#5750 = CARTESIAN_POINT('',(0.27,0.1575,0.7425));
#5751 = DIRECTION('',(-1.,0.,-0.));
#5752 = DIRECTION('',(0.,0.,-1.));
#5753 = ADVANCED_FACE('',(#5754),#5760,.T.);
#5754 = FACE_BOUND('',#5755,.T.);
#5755 = EDGE_LOOP('',(#5756,#5757,#5758,#5759));
#5756 = ORIENTED_EDGE('',*,*,#5741,.T.);
#5757 = ORIENTED_EDGE('',*,*,#5611,.F.);
#5758 = ORIENTED_EDGE('',*,*,#5587,.F.);
#5759 = ORIENTED_EDGE('',*,*,#5458,.T.);
#5760 = PLANE('',#5761);
#5761 = AXIS2_PLACEMENT_3D('',#5762,#5763,#5764);
#5762 = CARTESIAN_POINT('',(0.27,0.125,0.61));
#5763 = DIRECTION('',(0.,0.,-1.));
#5764 = DIRECTION('',(0.,-1.,0.));
#5765 = ADVANCED_FACE('',(#5766,#5950,#5984,#6018,#6052),#6068,.F.);
#5766 = FACE_BOUND('',#5767,.T.);
#5767 = EDGE_LOOP('',(#5768,#5777,#5778,#5779,#5787,#5796,#5802,#5803,
    #5811,#5819,#5827,#5834,#5835,#5843,#5851,#5857,#5858,#5866,#5874,
    #5882,#5890,#5898,#5906,#5912,#5913,#5921,#5929,#5935,#5936,#5944));
#5768 = ORIENTED_EDGE('',*,*,#5769,.F.);
#5769 = EDGE_CURVE('',#5120,#5770,#5772,.T.);
#5770 = VERTEX_POINT('',#5771);
#5771 = CARTESIAN_POINT('',(-1.217458692282,0.31,-0.63));
#5772 = CIRCLE('',#5773,0.12);
#5773 = AXIS2_PLACEMENT_3D('',#5774,#5775,#5776);
#5774 = CARTESIAN_POINT('',(-1.32,0.247667984057,-0.63));
#5775 = DIRECTION('',(0.,0.,1.));
#5776 = DIRECTION('',(1.,-3.862650939842E-14,0.));
#5777 = ORIENTED_EDGE('',*,*,#5119,.F.);
#5778 = ORIENTED_EDGE('',*,*,#5081,.F.);
#5779 = ORIENTED_EDGE('',*,*,#5780,.F.);
#5780 = EDGE_CURVE('',#5781,#5074,#5783,.T.);
#5781 = VERTEX_POINT('',#5782);
#5782 = CARTESIAN_POINT('',(-1.28,0.247667984057,-0.63));
#5783 = LINE('',#5784,#5785);
#5784 = CARTESIAN_POINT('',(-1.28,0.247667984057,-0.63));
#5785 = VECTOR('',#5786,1.);
#5786 = DIRECTION('',(0.,-1.,0.));
#5787 = ORIENTED_EDGE('',*,*,#5788,.T.);
#5788 = EDGE_CURVE('',#5781,#5789,#5791,.T.);
#5789 = VERTEX_POINT('',#5790);
#5790 = CARTESIAN_POINT('',(-1.295,0.278892974049,-0.63));
#5791 = CIRCLE('',#5792,4.E-02);
#5792 = AXIS2_PLACEMENT_3D('',#5793,#5794,#5795);
#5793 = CARTESIAN_POINT('',(-1.32,0.247667984057,-0.63));
#5794 = DIRECTION('',(0.,0.,1.));
#5795 = DIRECTION('',(1.,0.,-0.));
#5796 = ORIENTED_EDGE('',*,*,#5797,.T.);
#5797 = EDGE_CURVE('',#5789,#4864,#5798,.T.);
#5798 = LINE('',#5799,#5800);
#5799 = CARTESIAN_POINT('',(-1.295,0.278892974049,-0.63));
#5800 = VECTOR('',#5801,1.);
#5801 = DIRECTION('',(0.,-1.,0.));
#5802 = ORIENTED_EDGE('',*,*,#4863,.F.);
#5803 = ORIENTED_EDGE('',*,*,#5804,.F.);
#5804 = EDGE_CURVE('',#5805,#4856,#5807,.T.);
#5805 = VERTEX_POINT('',#5806);
#5806 = CARTESIAN_POINT('',(1.295,-3.5E-02,-0.63));
#5807 = LINE('',#5808,#5809);
#5808 = CARTESIAN_POINT('',(1.295,-3.5E-02,-0.63));
#5809 = VECTOR('',#5810,1.);
#5810 = DIRECTION('',(0.,-1.,0.));
#5811 = ORIENTED_EDGE('',*,*,#5812,.T.);
#5812 = EDGE_CURVE('',#5805,#5813,#5815,.T.);
#5813 = VERTEX_POINT('',#5814);
#5814 = CARTESIAN_POINT('',(1.22,-3.5E-02,-0.63));
#5815 = LINE('',#5816,#5817);
#5816 = CARTESIAN_POINT('',(1.295,-3.5E-02,-0.63));
#5817 = VECTOR('',#5818,1.);
#5818 = DIRECTION('',(-1.,0.,0.));
#5819 = ORIENTED_EDGE('',*,*,#5820,.T.);
#5820 = EDGE_CURVE('',#5813,#5821,#5823,.T.);
#5821 = VERTEX_POINT('',#5822);
#5822 = CARTESIAN_POINT('',(1.22,0.256572557763,-0.63));
#5823 = LINE('',#5824,#5825);
#5824 = CARTESIAN_POINT('',(1.22,-3.5E-02,-0.63));
#5825 = VECTOR('',#5826,1.);
#5826 = DIRECTION('',(0.,1.,0.));
#5827 = ORIENTED_EDGE('',*,*,#5828,.T.);
#5828 = EDGE_CURVE('',#5821,#4509,#5829,.T.);
#5829 = CIRCLE('',#5830,0.12);
#5830 = AXIS2_PLACEMENT_3D('',#5831,#5832,#5833);
#5831 = CARTESIAN_POINT('',(1.34,0.256572557763,-0.63));
#5832 = DIRECTION('',(0.,0.,-1.));
#5833 = DIRECTION('',(-1.,0.,0.));
#5834 = ORIENTED_EDGE('',*,*,#4508,.T.);
#5835 = ORIENTED_EDGE('',*,*,#5836,.F.);
#5836 = EDGE_CURVE('',#5837,#4499,#5839,.T.);
#5837 = VERTEX_POINT('',#5838);
#5838 = CARTESIAN_POINT('',(1.2203,0.31,-0.63));
#5839 = LINE('',#5840,#5841);
#5840 = CARTESIAN_POINT('',(1.2203,0.31,-0.63));
#5841 = VECTOR('',#5842,1.);
#5842 = DIRECTION('',(0.,1.,1.665334536938E-14));
#5843 = ORIENTED_EDGE('',*,*,#5844,.F.);
#5844 = EDGE_CURVE('',#5845,#5837,#5847,.T.);
#5845 = VERTEX_POINT('',#5846);
#5846 = CARTESIAN_POINT('',(0.9303,0.31,-0.63));
#5847 = LINE('',#5848,#5849);
#5848 = CARTESIAN_POINT('',(0.9303,0.31,-0.63));
#5849 = VECTOR('',#5850,1.);
#5850 = DIRECTION('',(1.,0.,0.));
#5851 = ORIENTED_EDGE('',*,*,#5852,.T.);
#5852 = EDGE_CURVE('',#5845,#4469,#5853,.T.);
#5853 = LINE('',#5854,#5855);
#5854 = CARTESIAN_POINT('',(0.9303,0.31,-0.63));
#5855 = VECTOR('',#5856,1.);
#5856 = DIRECTION('',(1.110223024625E-14,1.,2.22044604925E-14));
#5857 = ORIENTED_EDGE('',*,*,#4468,.T.);
#5858 = ORIENTED_EDGE('',*,*,#5859,.T.);
#5859 = EDGE_CURVE('',#4461,#5860,#5862,.T.);
#5860 = VERTEX_POINT('',#5861);
#5861 = CARTESIAN_POINT('',(0.8275,0.21,-0.63));
#5862 = LINE('',#5863,#5864);
#5863 = CARTESIAN_POINT('',(0.8275,0.33,-0.63));
#5864 = VECTOR('',#5865,1.);
#5865 = DIRECTION('',(0.,-1.,0.));
#5866 = ORIENTED_EDGE('',*,*,#5867,.F.);
#5867 = EDGE_CURVE('',#5868,#5860,#5870,.T.);
#5868 = VERTEX_POINT('',#5869);
#5869 = CARTESIAN_POINT('',(0.795,0.21,-0.63));
#5870 = LINE('',#5871,#5872);
#5871 = CARTESIAN_POINT('',(0.795,0.21,-0.63));
#5872 = VECTOR('',#5873,1.);
#5873 = DIRECTION('',(1.,0.,0.));
#5874 = ORIENTED_EDGE('',*,*,#5875,.T.);
#5875 = EDGE_CURVE('',#5868,#5876,#5878,.T.);
#5876 = VERTEX_POINT('',#5877);
#5877 = CARTESIAN_POINT('',(0.795,6.8E-02,-0.63));
#5878 = LINE('',#5879,#5880);
#5879 = CARTESIAN_POINT('',(0.795,0.21,-0.63));
#5880 = VECTOR('',#5881,1.);
#5881 = DIRECTION('',(0.,-1.,0.));
#5882 = ORIENTED_EDGE('',*,*,#5883,.F.);
#5883 = EDGE_CURVE('',#5884,#5876,#5886,.T.);
#5884 = VERTEX_POINT('',#5885);
#5885 = CARTESIAN_POINT('',(0.62,6.8E-02,-0.63));
#5886 = LINE('',#5887,#5888);
#5887 = CARTESIAN_POINT('',(0.62,6.8E-02,-0.63));
#5888 = VECTOR('',#5889,1.);
#5889 = DIRECTION('',(1.,0.,0.));
#5890 = ORIENTED_EDGE('',*,*,#5891,.F.);
#5891 = EDGE_CURVE('',#5892,#5884,#5894,.T.);
#5892 = VERTEX_POINT('',#5893);
#5893 = CARTESIAN_POINT('',(0.62,0.21,-0.63));
#5894 = LINE('',#5895,#5896);
#5895 = CARTESIAN_POINT('',(0.62,0.21,-0.63));
#5896 = VECTOR('',#5897,1.);
#5897 = DIRECTION('',(0.,-1.,0.));
#5898 = ORIENTED_EDGE('',*,*,#5899,.F.);
#5899 = EDGE_CURVE('',#5900,#5892,#5902,.T.);
#5900 = VERTEX_POINT('',#5901);
#5901 = CARTESIAN_POINT('',(0.5725,0.21,-0.63));
#5902 = LINE('',#5903,#5904);
#5903 = CARTESIAN_POINT('',(0.5725,0.21,-0.63));
#5904 = VECTOR('',#5905,1.);
#5905 = DIRECTION('',(1.,0.,0.));
#5906 = ORIENTED_EDGE('',*,*,#5907,.F.);
#5907 = EDGE_CURVE('',#4105,#5900,#5908,.T.);
#5908 = LINE('',#5909,#5910);
#5909 = CARTESIAN_POINT('',(0.5725,0.33,-0.63));
#5910 = VECTOR('',#5911,1.);
#5911 = DIRECTION('',(0.,-1.,0.));
#5912 = ORIENTED_EDGE('',*,*,#4104,.T.);
#5913 = ORIENTED_EDGE('',*,*,#5914,.T.);
#5914 = EDGE_CURVE('',#4107,#5915,#5917,.T.);
#5915 = VERTEX_POINT('',#5916);
#5916 = CARTESIAN_POINT('',(-0.5725,0.21,-0.63));
#5917 = LINE('',#5918,#5919);
#5918 = CARTESIAN_POINT('',(-0.5725,0.33,-0.63));
#5919 = VECTOR('',#5920,1.);
#5920 = DIRECTION('',(0.,-1.,0.));
#5921 = ORIENTED_EDGE('',*,*,#5922,.T.);
#5922 = EDGE_CURVE('',#5915,#5923,#5925,.T.);
#5923 = VERTEX_POINT('',#5924);
#5924 = CARTESIAN_POINT('',(-0.8275,0.21,-0.63));
#5925 = LINE('',#5926,#5927);
#5926 = CARTESIAN_POINT('',(-0.5725,0.21,-0.63));
#5927 = VECTOR('',#5928,1.);
#5928 = DIRECTION('',(-1.,0.,0.));
#5929 = ORIENTED_EDGE('',*,*,#5930,.F.);
#5930 = EDGE_CURVE('',#4341,#5923,#5931,.T.);
#5931 = LINE('',#5932,#5933);
#5932 = CARTESIAN_POINT('',(-0.8275,0.33,-0.63));
#5933 = VECTOR('',#5934,1.);
#5934 = DIRECTION('',(0.,-1.,0.));
#5935 = ORIENTED_EDGE('',*,*,#4340,.T.);
#5936 = ORIENTED_EDGE('',*,*,#5937,.F.);
#5937 = EDGE_CURVE('',#5938,#4331,#5940,.T.);
#5938 = VERTEX_POINT('',#5939);
#5939 = CARTESIAN_POINT('',(-0.9303,0.31,-0.63));
#5940 = LINE('',#5941,#5942);
#5941 = CARTESIAN_POINT('',(-0.9303,0.31,-0.63));
#5942 = VECTOR('',#5943,1.);
#5943 = DIRECTION('',(-1.110223024625E-14,1.,-1.110223024625E-14));
#5944 = ORIENTED_EDGE('',*,*,#5945,.F.);
#5945 = EDGE_CURVE('',#5770,#5938,#5946,.T.);
#5946 = LINE('',#5947,#5948);
#5947 = CARTESIAN_POINT('',(-1.217458692282,0.31,-0.63));
#5948 = VECTOR('',#5949,1.);
#5949 = DIRECTION('',(1.,0.,0.));
#5950 = FACE_BOUND('',#5951,.T.);
#5951 = EDGE_LOOP('',(#5952,#5962,#5970,#5978));
#5952 = ORIENTED_EDGE('',*,*,#5953,.T.);
#5953 = EDGE_CURVE('',#5954,#5956,#5958,.T.);
#5954 = VERTEX_POINT('',#5955);
#5955 = CARTESIAN_POINT('',(-8.E-02,0.2275,-0.63));
#5956 = VERTEX_POINT('',#5957);
#5957 = CARTESIAN_POINT('',(8.E-02,0.2275,-0.63));
#5958 = LINE('',#5959,#5960);
#5959 = CARTESIAN_POINT('',(-8.E-02,0.2275,-0.63));
#5960 = VECTOR('',#5961,1.);
#5961 = DIRECTION('',(1.,0.,0.));
#5962 = ORIENTED_EDGE('',*,*,#5963,.F.);
#5963 = EDGE_CURVE('',#5964,#5956,#5966,.T.);
#5964 = VERTEX_POINT('',#5965);
#5965 = CARTESIAN_POINT('',(8.E-02,0.105,-0.63));
#5966 = LINE('',#5967,#5968);
#5967 = CARTESIAN_POINT('',(8.E-02,0.105,-0.63));
#5968 = VECTOR('',#5969,1.);
#5969 = DIRECTION('',(0.,1.,0.));
#5970 = ORIENTED_EDGE('',*,*,#5971,.F.);
#5971 = EDGE_CURVE('',#5972,#5964,#5974,.T.);
#5972 = VERTEX_POINT('',#5973);
#5973 = CARTESIAN_POINT('',(-8.E-02,0.105,-0.63));
#5974 = LINE('',#5975,#5976);
#5975 = CARTESIAN_POINT('',(-8.E-02,0.105,-0.63));
#5976 = VECTOR('',#5977,1.);
#5977 = DIRECTION('',(1.,0.,0.));
#5978 = ORIENTED_EDGE('',*,*,#5979,.T.);
#5979 = EDGE_CURVE('',#5972,#5954,#5980,.T.);
#5980 = LINE('',#5981,#5982);
#5981 = CARTESIAN_POINT('',(-8.E-02,0.105,-0.63));
#5982 = VECTOR('',#5983,1.);
#5983 = DIRECTION('',(0.,1.,0.));
#5984 = FACE_BOUND('',#5985,.T.);
#5985 = EDGE_LOOP('',(#5986,#5996,#6004,#6012));
#5986 = ORIENTED_EDGE('',*,*,#5987,.T.);
#5987 = EDGE_CURVE('',#5988,#5990,#5992,.T.);
#5988 = VERTEX_POINT('',#5989);
#5989 = CARTESIAN_POINT('',(-0.43,0.2275,-0.63));
#5990 = VERTEX_POINT('',#5991);
#5991 = CARTESIAN_POINT('',(-0.27,0.2275,-0.63));
#5992 = LINE('',#5993,#5994);
#5993 = CARTESIAN_POINT('',(-0.43,0.2275,-0.63));
#5994 = VECTOR('',#5995,1.);
#5995 = DIRECTION('',(1.,0.,0.));
#5996 = ORIENTED_EDGE('',*,*,#5997,.F.);
#5997 = EDGE_CURVE('',#5998,#5990,#6000,.T.);
#5998 = VERTEX_POINT('',#5999);
#5999 = CARTESIAN_POINT('',(-0.27,0.105,-0.63));
#6000 = LINE('',#6001,#6002);
#6001 = CARTESIAN_POINT('',(-0.27,0.105,-0.63));
#6002 = VECTOR('',#6003,1.);
#6003 = DIRECTION('',(0.,1.,0.));
#6004 = ORIENTED_EDGE('',*,*,#6005,.F.);
#6005 = EDGE_CURVE('',#6006,#5998,#6008,.T.);
#6006 = VERTEX_POINT('',#6007);
#6007 = CARTESIAN_POINT('',(-0.43,0.105,-0.63));
#6008 = LINE('',#6009,#6010);
#6009 = CARTESIAN_POINT('',(-0.43,0.105,-0.63));
#6010 = VECTOR('',#6011,1.);
#6011 = DIRECTION('',(1.,0.,0.));
#6012 = ORIENTED_EDGE('',*,*,#6013,.T.);
#6013 = EDGE_CURVE('',#6006,#5988,#6014,.T.);
#6014 = LINE('',#6015,#6016);
#6015 = CARTESIAN_POINT('',(-0.43,0.105,-0.63));
#6016 = VECTOR('',#6017,1.);
#6017 = DIRECTION('',(0.,1.,0.));
#6018 = FACE_BOUND('',#6019,.T.);
#6019 = EDGE_LOOP('',(#6020,#6030,#6038,#6046));
#6020 = ORIENTED_EDGE('',*,*,#6021,.T.);
#6021 = EDGE_CURVE('',#6022,#6024,#6026,.T.);
#6022 = VERTEX_POINT('',#6023);
#6023 = CARTESIAN_POINT('',(-0.62,0.16938231398,-0.63));
#6024 = VERTEX_POINT('',#6025);
#6025 = CARTESIAN_POINT('',(-0.62,6.895097103431E-02,-0.63));
#6026 = LINE('',#6027,#6028);
#6027 = CARTESIAN_POINT('',(-0.62,0.16938231398,-0.63));
#6028 = VECTOR('',#6029,1.);
#6029 = DIRECTION('',(0.,-1.,0.));
#6030 = ORIENTED_EDGE('',*,*,#6031,.T.);
#6031 = EDGE_CURVE('',#6024,#6032,#6034,.T.);
#6032 = VERTEX_POINT('',#6033);
#6033 = CARTESIAN_POINT('',(-0.795,6.895097103431E-02,-0.63));
#6034 = LINE('',#6035,#6036);
#6035 = CARTESIAN_POINT('',(-0.62,6.895097103431E-02,-0.63));
#6036 = VECTOR('',#6037,1.);
#6037 = DIRECTION('',(-1.,0.,0.));
#6038 = ORIENTED_EDGE('',*,*,#6039,.F.);
#6039 = EDGE_CURVE('',#6040,#6032,#6042,.T.);
#6040 = VERTEX_POINT('',#6041);
#6041 = CARTESIAN_POINT('',(-0.795,0.16938231398,-0.63));
#6042 = LINE('',#6043,#6044);
#6043 = CARTESIAN_POINT('',(-0.795,0.16938231398,-0.63));
#6044 = VECTOR('',#6045,1.);
#6045 = DIRECTION('',(0.,-1.,0.));
#6046 = ORIENTED_EDGE('',*,*,#6047,.F.);
#6047 = EDGE_CURVE('',#6022,#6040,#6048,.T.);
#6048 = LINE('',#6049,#6050);
#6049 = CARTESIAN_POINT('',(-0.62,0.16938231398,-0.63));
#6050 = VECTOR('',#6051,1.);
#6051 = DIRECTION('',(-1.,0.,0.));
#6052 = FACE_BOUND('',#6053,.T.);
#6053 = EDGE_LOOP('',(#6054,#6060,#6061,#6067));
#6054 = ORIENTED_EDGE('',*,*,#6055,.T.);
#6055 = EDGE_CURVE('',#5500,#5636,#6056,.T.);
#6056 = LINE('',#6057,#6058);
#6057 = CARTESIAN_POINT('',(0.27,0.2275,-0.63));
#6058 = VECTOR('',#6059,1.);
#6059 = DIRECTION('',(1.,0.,0.));
#6060 = ORIENTED_EDGE('',*,*,#5662,.F.);
#6061 = ORIENTED_EDGE('',*,*,#6062,.F.);
#6062 = EDGE_CURVE('',#5484,#5655,#6063,.T.);
#6063 = LINE('',#6064,#6065);
#6064 = CARTESIAN_POINT('',(0.27,0.105,-0.63));
#6065 = VECTOR('',#6066,1.);
#6066 = DIRECTION('',(1.,0.,0.));
#6067 = ORIENTED_EDGE('',*,*,#5508,.T.);
#6068 = PLANE('',#6069);
#6069 = AXIS2_PLACEMENT_3D('',#6070,#6071,#6072);
#6070 = CARTESIAN_POINT('',(1.295,0.33,-0.63));
#6071 = DIRECTION('',(0.,0.,-1.));
#6072 = DIRECTION('',(0.,-1.,0.));
#6073 = ADVANCED_FACE('',(#6074),#6085,.T.);
#6074 = FACE_BOUND('',#6075,.T.);
#6075 = EDGE_LOOP('',(#6076,#6077,#6083,#6084));
#6076 = ORIENTED_EDGE('',*,*,#5654,.F.);
#6077 = ORIENTED_EDGE('',*,*,#6078,.F.);
#6078 = EDGE_CURVE('',#5482,#5647,#6079,.T.);
#6079 = LINE('',#6080,#6081);
#6080 = CARTESIAN_POINT('',(0.27,0.125,-0.61));
#6081 = VECTOR('',#6082,1.);
#6082 = DIRECTION('',(1.,0.,0.));
#6083 = ORIENTED_EDGE('',*,*,#5481,.T.);
#6084 = ORIENTED_EDGE('',*,*,#6062,.T.);
#6085 = PLANE('',#6086);
#6086 = AXIS2_PLACEMENT_3D('',#6087,#6088,#6089);
#6087 = CARTESIAN_POINT('',(0.27,0.125,-0.61));
#6088 = DIRECTION('',(0.,-0.707106781186,0.707106781187));
#6089 = DIRECTION('',(-1.,0.,0.));
#6090 = ADVANCED_FACE('',(#6091),#6102,.T.);
#6091 = FACE_BOUND('',#6092,.T.);
#6092 = EDGE_LOOP('',(#6093,#6094,#6095,#6101));
#6093 = ORIENTED_EDGE('',*,*,#6078,.T.);
#6094 = ORIENTED_EDGE('',*,*,#5646,.F.);
#6095 = ORIENTED_EDGE('',*,*,#6096,.F.);
#6096 = EDGE_CURVE('',#5492,#5638,#6097,.T.);
#6097 = LINE('',#6098,#6099);
#6098 = CARTESIAN_POINT('',(0.27,0.1575,-0.61));
#6099 = VECTOR('',#6100,1.);
#6100 = DIRECTION('',(1.,0.,0.));
#6101 = ORIENTED_EDGE('',*,*,#5491,.T.);
#6102 = PLANE('',#6103);
#6103 = AXIS2_PLACEMENT_3D('',#6104,#6105,#6106);
#6104 = CARTESIAN_POINT('',(0.27,0.1575,-0.61));
#6105 = DIRECTION('',(0.,0.,1.));
#6106 = DIRECTION('',(1.,0.,-0.));
#6107 = ADVANCED_FACE('',(#6108),#6114,.T.);
#6108 = FACE_BOUND('',#6109,.T.);
#6109 = EDGE_LOOP('',(#6110,#6111,#6112,#6113));
#6110 = ORIENTED_EDGE('',*,*,#5499,.T.);
#6111 = ORIENTED_EDGE('',*,*,#6096,.T.);
#6112 = ORIENTED_EDGE('',*,*,#5635,.F.);
#6113 = ORIENTED_EDGE('',*,*,#6055,.F.);
#6114 = CYLINDRICAL_SURFACE('',#6115,0.1325);
#6115 = AXIS2_PLACEMENT_3D('',#6116,#6117,#6118);
#6116 = CARTESIAN_POINT('',(0.27,0.1575,-0.7425));
#6117 = DIRECTION('',(-1.,0.,-0.));
#6118 = DIRECTION('',(0.,0.,-1.));
#6119 = ADVANCED_FACE('',(#6120),#6146,.F.);
#6120 = FACE_BOUND('',#6121,.T.);
#6121 = EDGE_LOOP('',(#6122,#6131,#6139,#6145));
#6122 = ORIENTED_EDGE('',*,*,#6123,.F.);
#6123 = EDGE_CURVE('',#6124,#5360,#6126,.T.);
#6124 = VERTEX_POINT('',#6125);
#6125 = CARTESIAN_POINT('',(-8.E-02,0.1575,0.61));
#6126 = CIRCLE('',#6127,0.1325);
#6127 = AXIS2_PLACEMENT_3D('',#6128,#6129,#6130);
#6128 = CARTESIAN_POINT('',(-8.E-02,0.1575,0.7425));
#6129 = DIRECTION('',(1.,0.,0.));
#6130 = DIRECTION('',(0.,0.,-1.));
#6131 = ORIENTED_EDGE('',*,*,#6132,.F.);
#6132 = EDGE_CURVE('',#6133,#6124,#6135,.T.);
#6133 = VERTEX_POINT('',#6134);
#6134 = CARTESIAN_POINT('',(-8.E-02,0.125,0.61));
#6135 = LINE('',#6136,#6137);
#6136 = CARTESIAN_POINT('',(-8.E-02,0.125,0.61));
#6137 = VECTOR('',#6138,1.);
#6138 = DIRECTION('',(0.,1.,0.));
#6139 = ORIENTED_EDGE('',*,*,#6140,.F.);
#6140 = EDGE_CURVE('',#5342,#6133,#6141,.T.);
#6141 = LINE('',#6142,#6143);
#6142 = CARTESIAN_POINT('',(-8.E-02,0.105,0.63));
#6143 = VECTOR('',#6144,1.);
#6144 = DIRECTION('',(0.,0.707106781187,-0.707106781186));
#6145 = ORIENTED_EDGE('',*,*,#5367,.T.);
#6146 = PLANE('',#6147);
#6147 = AXIS2_PLACEMENT_3D('',#6148,#6149,#6150);
#6148 = CARTESIAN_POINT('',(-8.E-02,-0.33,0.));
#6149 = DIRECTION('',(1.,0.,0.));
#6150 = DIRECTION('',(-0.,1.,0.));
#6151 = ADVANCED_FACE('',(#6152),#6178,.F.);
#6152 = FACE_BOUND('',#6153,.T.);
#6153 = EDGE_LOOP('',(#6154,#6162,#6170,#6177));
#6154 = ORIENTED_EDGE('',*,*,#6155,.F.);
#6155 = EDGE_CURVE('',#6156,#5972,#6158,.T.);
#6156 = VERTEX_POINT('',#6157);
#6157 = CARTESIAN_POINT('',(-8.E-02,0.125,-0.61));
#6158 = LINE('',#6159,#6160);
#6159 = CARTESIAN_POINT('',(-8.E-02,0.125,-0.61));
#6160 = VECTOR('',#6161,1.);
#6161 = DIRECTION('',(0.,-0.707106781187,-0.707106781186));
#6162 = ORIENTED_EDGE('',*,*,#6163,.F.);
#6163 = EDGE_CURVE('',#6164,#6156,#6166,.T.);
#6164 = VERTEX_POINT('',#6165);
#6165 = CARTESIAN_POINT('',(-8.E-02,0.1575,-0.61));
#6166 = LINE('',#6167,#6168);
#6167 = CARTESIAN_POINT('',(-8.E-02,0.1575,-0.61));
#6168 = VECTOR('',#6169,1.);
#6169 = DIRECTION('',(0.,-1.,0.));
#6170 = ORIENTED_EDGE('',*,*,#6171,.F.);
#6171 = EDGE_CURVE('',#5954,#6164,#6172,.T.);
#6172 = CIRCLE('',#6173,0.1325);
#6173 = AXIS2_PLACEMENT_3D('',#6174,#6175,#6176);
#6174 = CARTESIAN_POINT('',(-8.E-02,0.1575,-0.7425));
#6175 = DIRECTION('',(1.,0.,-0.));
#6176 = DIRECTION('',(0.,0.528301886792,0.849056603774));
#6177 = ORIENTED_EDGE('',*,*,#5979,.F.);
#6178 = PLANE('',#6179);
#6179 = AXIS2_PLACEMENT_3D('',#6180,#6181,#6182);
#6180 = CARTESIAN_POINT('',(-8.E-02,-0.33,0.));
#6181 = DIRECTION('',(1.,0.,0.));
#6182 = DIRECTION('',(-0.,1.,0.));
#6183 = ADVANCED_FACE('',(#6184),#6210,.F.);
#6184 = FACE_BOUND('',#6185,.T.);
#6185 = EDGE_LOOP('',(#6186,#6195,#6203,#6209));
#6186 = ORIENTED_EDGE('',*,*,#6187,.F.);
#6187 = EDGE_CURVE('',#6188,#2760,#6190,.T.);
#6188 = VERTEX_POINT('',#6189);
#6189 = CARTESIAN_POINT('',(-8.E-02,0.140918398338,-0.405));
#6190 = CIRCLE('',#6191,9.E-02);
#6191 = AXIS2_PLACEMENT_3D('',#6192,#6193,#6194);
#6192 = CARTESIAN_POINT('',(-8.E-02,0.17,-0.319828053652));
#6193 = DIRECTION('',(1.,0.,0.));
#6194 = DIRECTION('',(0.,-0.32312890736,-0.946354959425));
#6195 = ORIENTED_EDGE('',*,*,#6196,.F.);
#6196 = EDGE_CURVE('',#6197,#6188,#6199,.T.);
#6197 = VERTEX_POINT('',#6198);
#6198 = CARTESIAN_POINT('',(-8.E-02,-4.944857583726E-02,-0.34));
#6199 = LINE('',#6200,#6201);
#6200 = CARTESIAN_POINT('',(-8.E-02,-4.944857583726E-02,-0.34));
#6201 = VECTOR('',#6202,1.);
#6202 = DIRECTION('',(0.,0.946354959425,-0.32312890736));
#6203 = ORIENTED_EDGE('',*,*,#6204,.T.);
#6204 = EDGE_CURVE('',#6197,#2770,#6205,.T.);
#6205 = LINE('',#6206,#6207);
#6206 = CARTESIAN_POINT('',(-8.E-02,-4.944857583726E-02,-0.34));
#6207 = VECTOR('',#6208,1.);
#6208 = DIRECTION('',(0.,1.,0.));
#6209 = ORIENTED_EDGE('',*,*,#2769,.F.);
#6210 = PLANE('',#6211);
#6211 = AXIS2_PLACEMENT_3D('',#6212,#6213,#6214);
#6212 = CARTESIAN_POINT('',(-8.E-02,-0.33,0.));
#6213 = DIRECTION('',(1.,0.,0.));
#6214 = DIRECTION('',(-0.,1.,0.));
#6215 = ADVANCED_FACE('',(#6216),#6242,.F.);
#6216 = FACE_BOUND('',#6217,.T.);
#6217 = EDGE_LOOP('',(#6218,#6228,#6235,#6236));
#6218 = ORIENTED_EDGE('',*,*,#6219,.F.);
#6219 = EDGE_CURVE('',#6220,#6222,#6224,.T.);
#6220 = VERTEX_POINT('',#6221);
#6221 = CARTESIAN_POINT('',(-8.E-02,0.140918398338,0.405));
#6222 = VERTEX_POINT('',#6223);
#6223 = CARTESIAN_POINT('',(-8.E-02,-4.944857583726E-02,0.34));
#6224 = LINE('',#6225,#6226);
#6225 = CARTESIAN_POINT('',(-8.E-02,0.140918398338,0.405));
#6226 = VECTOR('',#6227,1.);
#6227 = DIRECTION('',(0.,-0.946354959425,-0.32312890736));
#6228 = ORIENTED_EDGE('',*,*,#6229,.F.);
#6229 = EDGE_CURVE('',#2636,#6220,#6230,.T.);
#6230 = CIRCLE('',#6231,9.E-02);
#6231 = AXIS2_PLACEMENT_3D('',#6232,#6233,#6234);
#6232 = CARTESIAN_POINT('',(-8.E-02,0.17,0.319828053652));
#6233 = DIRECTION('',(1.,0.,-0.));
#6234 = DIRECTION('',(0.,0.974558626309,0.224132737203));
#6235 = ORIENTED_EDGE('',*,*,#2660,.F.);
#6236 = ORIENTED_EDGE('',*,*,#6237,.F.);
#6237 = EDGE_CURVE('',#6222,#2653,#6238,.T.);
#6238 = LINE('',#6239,#6240);
#6239 = CARTESIAN_POINT('',(-8.E-02,-4.944857583726E-02,0.34));
#6240 = VECTOR('',#6241,1.);
#6241 = DIRECTION('',(0.,1.,0.));
#6242 = PLANE('',#6243);
#6243 = AXIS2_PLACEMENT_3D('',#6244,#6245,#6246);
#6244 = CARTESIAN_POINT('',(-8.E-02,-0.33,0.));
#6245 = DIRECTION('',(1.,0.,0.));
#6246 = DIRECTION('',(-0.,1.,0.));
#6247 = ADVANCED_FACE('',(#6248),#6266,.T.);
#6248 = FACE_BOUND('',#6249,.T.);
#6249 = EDGE_LOOP('',(#6250,#6251,#6259,#6265));
#6250 = ORIENTED_EDGE('',*,*,#6140,.T.);
#6251 = ORIENTED_EDGE('',*,*,#6252,.T.);
#6252 = EDGE_CURVE('',#6133,#6253,#6255,.T.);
#6253 = VERTEX_POINT('',#6254);
#6254 = CARTESIAN_POINT('',(8.E-02,0.125,0.61));
#6255 = LINE('',#6256,#6257);
#6256 = CARTESIAN_POINT('',(-8.E-02,0.125,0.61));
#6257 = VECTOR('',#6258,1.);
#6258 = DIRECTION('',(1.,0.,0.));
#6259 = ORIENTED_EDGE('',*,*,#6260,.F.);
#6260 = EDGE_CURVE('',#5344,#6253,#6261,.T.);
#6261 = LINE('',#6262,#6263);
#6262 = CARTESIAN_POINT('',(8.E-02,0.105,0.63));
#6263 = VECTOR('',#6264,1.);
#6264 = DIRECTION('',(0.,0.707106781187,-0.707106781186));
#6265 = ORIENTED_EDGE('',*,*,#5341,.F.);
#6266 = PLANE('',#6267);
#6267 = AXIS2_PLACEMENT_3D('',#6268,#6269,#6270);
#6268 = CARTESIAN_POINT('',(-8.E-02,0.105,0.63));
#6269 = DIRECTION('',(0.,-0.707106781186,-0.707106781187));
#6270 = DIRECTION('',(0.,-0.707106781187,0.707106781186));
#6271 = ADVANCED_FACE('',(#6272),#6291,.T.);
#6272 = FACE_BOUND('',#6273,.T.);
#6273 = EDGE_LOOP('',(#6274,#6275,#6283,#6290));
#6274 = ORIENTED_EDGE('',*,*,#6260,.T.);
#6275 = ORIENTED_EDGE('',*,*,#6276,.T.);
#6276 = EDGE_CURVE('',#6253,#6277,#6279,.T.);
#6277 = VERTEX_POINT('',#6278);
#6278 = CARTESIAN_POINT('',(8.E-02,0.1575,0.61));
#6279 = LINE('',#6280,#6281);
#6280 = CARTESIAN_POINT('',(8.E-02,0.125,0.61));
#6281 = VECTOR('',#6282,1.);
#6282 = DIRECTION('',(0.,1.,0.));
#6283 = ORIENTED_EDGE('',*,*,#6284,.T.);
#6284 = EDGE_CURVE('',#6277,#5352,#6285,.T.);
#6285 = CIRCLE('',#6286,0.1325);
#6286 = AXIS2_PLACEMENT_3D('',#6287,#6288,#6289);
#6287 = CARTESIAN_POINT('',(8.E-02,0.1575,0.7425));
#6288 = DIRECTION('',(1.,0.,0.));
#6289 = DIRECTION('',(0.,0.,-1.));
#6290 = ORIENTED_EDGE('',*,*,#5351,.F.);
#6291 = PLANE('',#6292);
#6292 = AXIS2_PLACEMENT_3D('',#6293,#6294,#6295);
#6293 = CARTESIAN_POINT('',(8.E-02,-0.33,0.));
#6294 = DIRECTION('',(1.,0.,0.));
#6295 = DIRECTION('',(-0.,1.,0.));
#6296 = ADVANCED_FACE('',(#6297),#6323,.T.);
#6297 = FACE_BOUND('',#6298,.T.);
#6298 = EDGE_LOOP('',(#6299,#6308,#6316,#6322));
#6299 = ORIENTED_EDGE('',*,*,#6300,.T.);
#6300 = EDGE_CURVE('',#5956,#6301,#6303,.T.);
#6301 = VERTEX_POINT('',#6302);
#6302 = CARTESIAN_POINT('',(8.E-02,0.1575,-0.61));
#6303 = CIRCLE('',#6304,0.1325);
#6304 = AXIS2_PLACEMENT_3D('',#6305,#6306,#6307);
#6305 = CARTESIAN_POINT('',(8.E-02,0.1575,-0.7425));
#6306 = DIRECTION('',(1.,0.,-0.));
#6307 = DIRECTION('',(0.,0.528301886792,0.849056603774));
#6308 = ORIENTED_EDGE('',*,*,#6309,.T.);
#6309 = EDGE_CURVE('',#6301,#6310,#6312,.T.);
#6310 = VERTEX_POINT('',#6311);
#6311 = CARTESIAN_POINT('',(8.E-02,0.125,-0.61));
#6312 = LINE('',#6313,#6314);
#6313 = CARTESIAN_POINT('',(8.E-02,0.1575,-0.61));
#6314 = VECTOR('',#6315,1.);
#6315 = DIRECTION('',(0.,-1.,0.));
#6316 = ORIENTED_EDGE('',*,*,#6317,.T.);
#6317 = EDGE_CURVE('',#6310,#5964,#6318,.T.);
#6318 = LINE('',#6319,#6320);
#6319 = CARTESIAN_POINT('',(8.E-02,0.125,-0.61));
#6320 = VECTOR('',#6321,1.);
#6321 = DIRECTION('',(0.,-0.707106781187,-0.707106781186));
#6322 = ORIENTED_EDGE('',*,*,#5963,.T.);
#6323 = PLANE('',#6324);
#6324 = AXIS2_PLACEMENT_3D('',#6325,#6326,#6327);
#6325 = CARTESIAN_POINT('',(8.E-02,-0.33,0.));
#6326 = DIRECTION('',(1.,0.,0.));
#6327 = DIRECTION('',(-0.,1.,0.));
#6328 = ADVANCED_FACE('',(#6329),#6355,.T.);
#6329 = FACE_BOUND('',#6330,.T.);
#6330 = EDGE_LOOP('',(#6331,#6341,#6348,#6349));
#6331 = ORIENTED_EDGE('',*,*,#6332,.T.);
#6332 = EDGE_CURVE('',#6333,#6335,#6337,.T.);
#6333 = VERTEX_POINT('',#6334);
#6334 = CARTESIAN_POINT('',(8.E-02,-4.944857583726E-02,-0.34));
#6335 = VERTEX_POINT('',#6336);
#6336 = CARTESIAN_POINT('',(8.E-02,0.140918398338,-0.405));
#6337 = LINE('',#6338,#6339);
#6338 = CARTESIAN_POINT('',(8.E-02,-4.944857583726E-02,-0.34));
#6339 = VECTOR('',#6340,1.);
#6340 = DIRECTION('',(0.,0.946354959425,-0.32312890736));
#6341 = ORIENTED_EDGE('',*,*,#6342,.T.);
#6342 = EDGE_CURVE('',#6335,#2762,#6343,.T.);
#6343 = CIRCLE('',#6344,9.E-02);
#6344 = AXIS2_PLACEMENT_3D('',#6345,#6346,#6347);
#6345 = CARTESIAN_POINT('',(8.E-02,0.17,-0.319828053652));
#6346 = DIRECTION('',(1.,0.,0.));
#6347 = DIRECTION('',(0.,-0.32312890736,-0.946354959425));
#6348 = ORIENTED_EDGE('',*,*,#2786,.T.);
#6349 = ORIENTED_EDGE('',*,*,#6350,.F.);
#6350 = EDGE_CURVE('',#6333,#2779,#6351,.T.);
#6351 = LINE('',#6352,#6353);
#6352 = CARTESIAN_POINT('',(8.E-02,-4.944857583726E-02,-0.34));
#6353 = VECTOR('',#6354,1.);
#6354 = DIRECTION('',(0.,1.,0.));
#6355 = PLANE('',#6356);
#6356 = AXIS2_PLACEMENT_3D('',#6357,#6358,#6359);
#6357 = CARTESIAN_POINT('',(8.E-02,-0.33,0.));
#6358 = DIRECTION('',(1.,0.,0.));
#6359 = DIRECTION('',(-0.,1.,0.));
#6360 = ADVANCED_FACE('',(#6361),#6387,.T.);
#6361 = FACE_BOUND('',#6362,.T.);
#6362 = EDGE_LOOP('',(#6363,#6364,#6373,#6381));
#6363 = ORIENTED_EDGE('',*,*,#2643,.T.);
#6364 = ORIENTED_EDGE('',*,*,#6365,.T.);
#6365 = EDGE_CURVE('',#2634,#6366,#6368,.T.);
#6366 = VERTEX_POINT('',#6367);
#6367 = CARTESIAN_POINT('',(8.E-02,0.140918398338,0.405));
#6368 = CIRCLE('',#6369,9.E-02);
#6369 = AXIS2_PLACEMENT_3D('',#6370,#6371,#6372);
#6370 = CARTESIAN_POINT('',(8.E-02,0.17,0.319828053652));
#6371 = DIRECTION('',(1.,0.,-0.));
#6372 = DIRECTION('',(0.,0.974558626309,0.224132737203));
#6373 = ORIENTED_EDGE('',*,*,#6374,.T.);
#6374 = EDGE_CURVE('',#6366,#6375,#6377,.T.);
#6375 = VERTEX_POINT('',#6376);
#6376 = CARTESIAN_POINT('',(8.E-02,-4.944857583726E-02,0.34));
#6377 = LINE('',#6378,#6379);
#6378 = CARTESIAN_POINT('',(8.E-02,0.140918398338,0.405));
#6379 = VECTOR('',#6380,1.);
#6380 = DIRECTION('',(0.,-0.946354959425,-0.32312890736));
#6381 = ORIENTED_EDGE('',*,*,#6382,.T.);
#6382 = EDGE_CURVE('',#6375,#2644,#6383,.T.);
#6383 = LINE('',#6384,#6385);
#6384 = CARTESIAN_POINT('',(8.E-02,-4.944857583726E-02,0.34));
#6385 = VECTOR('',#6386,1.);
#6386 = DIRECTION('',(0.,1.,0.));
#6387 = PLANE('',#6388);
#6388 = AXIS2_PLACEMENT_3D('',#6389,#6390,#6391);
#6389 = CARTESIAN_POINT('',(8.E-02,-0.33,0.));
#6390 = DIRECTION('',(1.,0.,0.));
#6391 = DIRECTION('',(-0.,1.,0.));
#6392 = ADVANCED_FACE('',(#6393),#6404,.T.);
#6393 = FACE_BOUND('',#6394,.T.);
#6394 = EDGE_LOOP('',(#6395,#6396,#6402,#6403));
#6395 = ORIENTED_EDGE('',*,*,#6284,.F.);
#6396 = ORIENTED_EDGE('',*,*,#6397,.F.);
#6397 = EDGE_CURVE('',#6124,#6277,#6398,.T.);
#6398 = LINE('',#6399,#6400);
#6399 = CARTESIAN_POINT('',(-8.E-02,0.1575,0.61));
#6400 = VECTOR('',#6401,1.);
#6401 = DIRECTION('',(1.,0.,0.));
#6402 = ORIENTED_EDGE('',*,*,#6123,.T.);
#6403 = ORIENTED_EDGE('',*,*,#5359,.T.);
#6404 = CYLINDRICAL_SURFACE('',#6405,0.1325);
#6405 = AXIS2_PLACEMENT_3D('',#6406,#6407,#6408);
#6406 = CARTESIAN_POINT('',(-8.E-02,0.1575,0.7425));
#6407 = DIRECTION('',(-1.,0.,-0.));
#6408 = DIRECTION('',(0.,0.,-1.));
#6409 = ADVANCED_FACE('',(#6410),#6416,.T.);
#6410 = FACE_BOUND('',#6411,.T.);
#6411 = EDGE_LOOP('',(#6412,#6413,#6414,#6415));
#6412 = ORIENTED_EDGE('',*,*,#6397,.T.);
#6413 = ORIENTED_EDGE('',*,*,#6276,.F.);
#6414 = ORIENTED_EDGE('',*,*,#6252,.F.);
#6415 = ORIENTED_EDGE('',*,*,#6132,.T.);
#6416 = PLANE('',#6417);
#6417 = AXIS2_PLACEMENT_3D('',#6418,#6419,#6420);
#6418 = CARTESIAN_POINT('',(-8.E-02,0.125,0.61));
#6419 = DIRECTION('',(0.,0.,-1.));
#6420 = DIRECTION('',(0.,-1.,0.));
#6421 = ADVANCED_FACE('',(#6422),#6433,.T.);
#6422 = FACE_BOUND('',#6423,.T.);
#6423 = EDGE_LOOP('',(#6424,#6425,#6431,#6432));
#6424 = ORIENTED_EDGE('',*,*,#6317,.F.);
#6425 = ORIENTED_EDGE('',*,*,#6426,.F.);
#6426 = EDGE_CURVE('',#6156,#6310,#6427,.T.);
#6427 = LINE('',#6428,#6429);
#6428 = CARTESIAN_POINT('',(-8.E-02,0.125,-0.61));
#6429 = VECTOR('',#6430,1.);
#6430 = DIRECTION('',(1.,0.,0.));
#6431 = ORIENTED_EDGE('',*,*,#6155,.T.);
#6432 = ORIENTED_EDGE('',*,*,#5971,.T.);
#6433 = PLANE('',#6434);
#6434 = AXIS2_PLACEMENT_3D('',#6435,#6436,#6437);
#6435 = CARTESIAN_POINT('',(-8.E-02,0.125,-0.61));
#6436 = DIRECTION('',(0.,-0.707106781186,0.707106781187));
#6437 = DIRECTION('',(-1.,0.,0.));
#6438 = ADVANCED_FACE('',(#6439),#6450,.T.);
#6439 = FACE_BOUND('',#6440,.T.);
#6440 = EDGE_LOOP('',(#6441,#6442,#6443,#6449));
#6441 = ORIENTED_EDGE('',*,*,#6426,.T.);
#6442 = ORIENTED_EDGE('',*,*,#6309,.F.);
#6443 = ORIENTED_EDGE('',*,*,#6444,.F.);
#6444 = EDGE_CURVE('',#6164,#6301,#6445,.T.);
#6445 = LINE('',#6446,#6447);
#6446 = CARTESIAN_POINT('',(-8.E-02,0.1575,-0.61));
#6447 = VECTOR('',#6448,1.);
#6448 = DIRECTION('',(1.,0.,0.));
#6449 = ORIENTED_EDGE('',*,*,#6163,.T.);
#6450 = PLANE('',#6451);
#6451 = AXIS2_PLACEMENT_3D('',#6452,#6453,#6454);
#6452 = CARTESIAN_POINT('',(-8.E-02,0.1575,-0.61));
#6453 = DIRECTION('',(0.,0.,1.));
#6454 = DIRECTION('',(1.,0.,-0.));
#6455 = ADVANCED_FACE('',(#6456),#6462,.T.);
#6456 = FACE_BOUND('',#6457,.T.);
#6457 = EDGE_LOOP('',(#6458,#6459,#6460,#6461));
#6458 = ORIENTED_EDGE('',*,*,#6171,.T.);
#6459 = ORIENTED_EDGE('',*,*,#6444,.T.);
#6460 = ORIENTED_EDGE('',*,*,#6300,.F.);
#6461 = ORIENTED_EDGE('',*,*,#5953,.F.);
#6462 = CYLINDRICAL_SURFACE('',#6463,0.1325);
#6463 = AXIS2_PLACEMENT_3D('',#6464,#6465,#6466);
#6464 = CARTESIAN_POINT('',(-8.E-02,0.1575,-0.7425));
#6465 = DIRECTION('',(-1.,0.,-0.));
#6466 = DIRECTION('',(0.,0.,-1.));
#6467 = ADVANCED_FACE('',(#6468,#6502,#6513,#6538),#6549,.F.);
#6468 = FACE_BOUND('',#6469,.T.);
#6469 = EDGE_LOOP('',(#6470,#6478,#6479,#6480,#6488,#6496));
#6470 = ORIENTED_EDGE('',*,*,#6471,.T.);
#6471 = EDGE_CURVE('',#6472,#4698,#6474,.T.);
#6472 = VERTEX_POINT('',#6473);
#6473 = CARTESIAN_POINT('',(-0.77,-0.12,-0.34));
#6474 = LINE('',#6475,#6476);
#6475 = CARTESIAN_POINT('',(-0.770000000001,-0.12,-0.34));
#6476 = VECTOR('',#6477,1.);
#6477 = DIRECTION('',(4.373725580997E-12,1.,-4.06950076642E-14));
#6478 = ORIENTED_EDGE('',*,*,#4697,.T.);
#6479 = ORIENTED_EDGE('',*,*,#4019,.T.);
#6480 = ORIENTED_EDGE('',*,*,#6481,.T.);
#6481 = EDGE_CURVE('',#4012,#6482,#6484,.T.);
#6482 = VERTEX_POINT('',#6483);
#6483 = CARTESIAN_POINT('',(0.77,0.161,-0.34));
#6484 = LINE('',#6485,#6486);
#6485 = CARTESIAN_POINT('',(0.575,0.33,-0.34));
#6486 = VECTOR('',#6487,1.);
#6487 = DIRECTION('',(0.75568908279,-0.654930538418,0.));
#6488 = ORIENTED_EDGE('',*,*,#6489,.F.);
#6489 = EDGE_CURVE('',#6490,#6482,#6492,.T.);
#6490 = VERTEX_POINT('',#6491);
#6491 = CARTESIAN_POINT('',(0.77,-0.12,-0.34));
#6492 = LINE('',#6493,#6494);
#6493 = CARTESIAN_POINT('',(0.769999999962,-0.119999999997,
    -0.339999999997));
#6494 = VECTOR('',#6495,1.);
#6495 = DIRECTION('',(1.371409905382E-10,1.,-1.011172166175E-11));
#6496 = ORIENTED_EDGE('',*,*,#6497,.T.);
#6497 = EDGE_CURVE('',#6490,#6472,#6498,.T.);
#6498 = LINE('',#6499,#6500);
#6499 = CARTESIAN_POINT('',(0.769999999962,-0.119999999997,
    -0.339999999997));
#6500 = VECTOR('',#6501,1.);
#6501 = DIRECTION('',(-1.,-1.837653406113E-12,-1.837635383012E-12));
#6502 = FACE_BOUND('',#6503,.T.);
#6503 = EDGE_LOOP('',(#6504,#6510,#6511,#6512));
#6504 = ORIENTED_EDGE('',*,*,#6505,.T.);
#6505 = EDGE_CURVE('',#6197,#6333,#6506,.T.);
#6506 = LINE('',#6507,#6508);
#6507 = CARTESIAN_POINT('',(-8.E-02,-4.944857583726E-02,-0.34));
#6508 = VECTOR('',#6509,1.);
#6509 = DIRECTION('',(1.,0.,0.));
#6510 = ORIENTED_EDGE('',*,*,#6350,.T.);
#6511 = ORIENTED_EDGE('',*,*,#2778,.F.);
#6512 = ORIENTED_EDGE('',*,*,#6204,.F.);
#6513 = FACE_BOUND('',#6514,.T.);
#6514 = EDGE_LOOP('',(#6515,#6525,#6531,#6532));
#6515 = ORIENTED_EDGE('',*,*,#6516,.T.);
#6516 = EDGE_CURVE('',#6517,#6519,#6521,.T.);
#6517 = VERTEX_POINT('',#6518);
#6518 = CARTESIAN_POINT('',(-0.43,-4.944857583726E-02,-0.34));
#6519 = VERTEX_POINT('',#6520);
#6520 = CARTESIAN_POINT('',(-0.27,-4.944857583726E-02,-0.34));
#6521 = LINE('',#6522,#6523);
#6522 = CARTESIAN_POINT('',(-0.43,-4.944857583726E-02,-0.34));
#6523 = VECTOR('',#6524,1.);
#6524 = DIRECTION('',(1.,0.,0.));
#6525 = ORIENTED_EDGE('',*,*,#6526,.T.);
#6526 = EDGE_CURVE('',#6519,#2737,#6527,.T.);
#6527 = LINE('',#6528,#6529);
#6528 = CARTESIAN_POINT('',(-0.27,-4.944857583726E-02,-0.34));
#6529 = VECTOR('',#6530,1.);
#6530 = DIRECTION('',(0.,1.,0.));
#6531 = ORIENTED_EDGE('',*,*,#2736,.F.);
#6532 = ORIENTED_EDGE('',*,*,#6533,.F.);
#6533 = EDGE_CURVE('',#6517,#2728,#6534,.T.);
#6534 = LINE('',#6535,#6536);
#6535 = CARTESIAN_POINT('',(-0.43,-4.944857583726E-02,-0.34));
#6536 = VECTOR('',#6537,1.);
#6537 = DIRECTION('',(0.,1.,0.));
#6538 = FACE_BOUND('',#6539,.T.);
#6539 = EDGE_LOOP('',(#6540,#6546,#6547,#6548));
#6540 = ORIENTED_EDGE('',*,*,#6541,.T.);
#6541 = EDGE_CURVE('',#5532,#5677,#6542,.T.);
#6542 = LINE('',#6543,#6544);
#6543 = CARTESIAN_POINT('',(0.27,-4.944857583726E-02,-0.34));
#6544 = VECTOR('',#6545,1.);
#6545 = DIRECTION('',(1.,0.,0.));
#6546 = ORIENTED_EDGE('',*,*,#5694,.T.);
#6547 = ORIENTED_EDGE('',*,*,#2820,.F.);
#6548 = ORIENTED_EDGE('',*,*,#5539,.F.);
#6549 = PLANE('',#6550);
#6550 = AXIS2_PLACEMENT_3D('',#6551,#6552,#6553);
#6551 = CARTESIAN_POINT('',(-0.8,0.33,-0.34));
#6552 = DIRECTION('',(0.,0.,1.));
#6553 = DIRECTION('',(1.,0.,-0.));
#6554 = ADVANCED_FACE('',(#6555),#6566,.T.);
#6555 = FACE_BOUND('',#6556,.T.);
#6556 = EDGE_LOOP('',(#6557,#6558,#6559,#6565));
#6557 = ORIENTED_EDGE('',*,*,#2801,.T.);
#6558 = ORIENTED_EDGE('',*,*,#5686,.F.);
#6559 = ORIENTED_EDGE('',*,*,#6560,.F.);
#6560 = EDGE_CURVE('',#5523,#5679,#6561,.T.);
#6561 = LINE('',#6562,#6563);
#6562 = CARTESIAN_POINT('',(0.27,0.140918398338,-0.405));
#6563 = VECTOR('',#6564,1.);
#6564 = DIRECTION('',(1.,0.,0.));
#6565 = ORIENTED_EDGE('',*,*,#5522,.T.);
#6566 = CYLINDRICAL_SURFACE('',#6567,9.E-02);
#6567 = AXIS2_PLACEMENT_3D('',#6568,#6569,#6570);
#6568 = CARTESIAN_POINT('',(0.27,0.17,-0.319828053652));
#6569 = DIRECTION('',(-1.,0.,-0.));
#6570 = DIRECTION('',(0.,0.,-1.));
#6571 = ADVANCED_FACE('',(#6572),#6578,.T.);
#6572 = FACE_BOUND('',#6573,.T.);
#6573 = EDGE_LOOP('',(#6574,#6575,#6576,#6577));
#6574 = ORIENTED_EDGE('',*,*,#5531,.T.);
#6575 = ORIENTED_EDGE('',*,*,#6560,.T.);
#6576 = ORIENTED_EDGE('',*,*,#5676,.F.);
#6577 = ORIENTED_EDGE('',*,*,#6541,.F.);
#6578 = PLANE('',#6579);
#6579 = AXIS2_PLACEMENT_3D('',#6580,#6581,#6582);
#6580 = CARTESIAN_POINT('',(0.27,-0.31,-0.251035815724));
#6581 = DIRECTION('',(0.,-0.32312890736,-0.946354959425));
#6582 = DIRECTION('',(0.,-0.946354959425,0.32312890736));
#6583 = ADVANCED_FACE('',(#6584),#6595,.T.);
#6584 = FACE_BOUND('',#6585,.T.);
#6585 = EDGE_LOOP('',(#6586,#6587,#6588,#6594));
#6586 = ORIENTED_EDGE('',*,*,#2759,.T.);
#6587 = ORIENTED_EDGE('',*,*,#6342,.F.);
#6588 = ORIENTED_EDGE('',*,*,#6589,.F.);
#6589 = EDGE_CURVE('',#6188,#6335,#6590,.T.);
#6590 = LINE('',#6591,#6592);
#6591 = CARTESIAN_POINT('',(-8.E-02,0.140918398338,-0.405));
#6592 = VECTOR('',#6593,1.);
#6593 = DIRECTION('',(1.,0.,0.));
#6594 = ORIENTED_EDGE('',*,*,#6187,.T.);
#6595 = CYLINDRICAL_SURFACE('',#6596,9.E-02);
#6596 = AXIS2_PLACEMENT_3D('',#6597,#6598,#6599);
#6597 = CARTESIAN_POINT('',(-8.E-02,0.17,-0.319828053652));
#6598 = DIRECTION('',(-1.,0.,-0.));
#6599 = DIRECTION('',(0.,0.,-1.));
#6600 = ADVANCED_FACE('',(#6601),#6607,.T.);
#6601 = FACE_BOUND('',#6602,.T.);
#6602 = EDGE_LOOP('',(#6603,#6604,#6605,#6606));
#6603 = ORIENTED_EDGE('',*,*,#6196,.T.);
#6604 = ORIENTED_EDGE('',*,*,#6589,.T.);
#6605 = ORIENTED_EDGE('',*,*,#6332,.F.);
#6606 = ORIENTED_EDGE('',*,*,#6505,.F.);
#6607 = PLANE('',#6608);
#6608 = AXIS2_PLACEMENT_3D('',#6609,#6610,#6611);
#6609 = CARTESIAN_POINT('',(-8.E-02,-0.31,-0.251035815724));
#6610 = DIRECTION('',(0.,-0.32312890736,-0.946354959425));
#6611 = DIRECTION('',(0.,-0.946354959425,0.32312890736));
#6612 = ADVANCED_FACE('',(#6613),#6639,.F.);
#6613 = FACE_BOUND('',#6614,.T.);
#6614 = EDGE_LOOP('',(#6615,#6624,#6632,#6638));
#6615 = ORIENTED_EDGE('',*,*,#6616,.F.);
#6616 = EDGE_CURVE('',#6617,#5394,#6619,.T.);
#6617 = VERTEX_POINT('',#6618);
#6618 = CARTESIAN_POINT('',(-0.43,0.1575,0.61));
#6619 = CIRCLE('',#6620,0.1325);
#6620 = AXIS2_PLACEMENT_3D('',#6621,#6622,#6623);
#6621 = CARTESIAN_POINT('',(-0.43,0.1575,0.7425));
#6622 = DIRECTION('',(1.,0.,0.));
#6623 = DIRECTION('',(0.,0.,-1.));
#6624 = ORIENTED_EDGE('',*,*,#6625,.F.);
#6625 = EDGE_CURVE('',#6626,#6617,#6628,.T.);
#6626 = VERTEX_POINT('',#6627);
#6627 = CARTESIAN_POINT('',(-0.43,0.125,0.61));
#6628 = LINE('',#6629,#6630);
#6629 = CARTESIAN_POINT('',(-0.43,0.125,0.61));
#6630 = VECTOR('',#6631,1.);
#6631 = DIRECTION('',(0.,1.,0.));
#6632 = ORIENTED_EDGE('',*,*,#6633,.F.);
#6633 = EDGE_CURVE('',#5376,#6626,#6634,.T.);
#6634 = LINE('',#6635,#6636);
#6635 = CARTESIAN_POINT('',(-0.43,0.105,0.63));
#6636 = VECTOR('',#6637,1.);
#6637 = DIRECTION('',(0.,0.707106781187,-0.707106781186));
#6638 = ORIENTED_EDGE('',*,*,#5401,.T.);
#6639 = PLANE('',#6640);
#6640 = AXIS2_PLACEMENT_3D('',#6641,#6642,#6643);
#6641 = CARTESIAN_POINT('',(-0.43,-0.33,0.));
#6642 = DIRECTION('',(1.,0.,0.));
#6643 = DIRECTION('',(-0.,1.,0.));
#6644 = ADVANCED_FACE('',(#6645),#6671,.F.);
#6645 = FACE_BOUND('',#6646,.T.);
#6646 = EDGE_LOOP('',(#6647,#6655,#6663,#6670));
#6647 = ORIENTED_EDGE('',*,*,#6648,.F.);
#6648 = EDGE_CURVE('',#6649,#6006,#6651,.T.);
#6649 = VERTEX_POINT('',#6650);
#6650 = CARTESIAN_POINT('',(-0.43,0.125,-0.61));
#6651 = LINE('',#6652,#6653);
#6652 = CARTESIAN_POINT('',(-0.43,0.125,-0.61));
#6653 = VECTOR('',#6654,1.);
#6654 = DIRECTION('',(0.,-0.707106781187,-0.707106781186));
#6655 = ORIENTED_EDGE('',*,*,#6656,.F.);
#6656 = EDGE_CURVE('',#6657,#6649,#6659,.T.);
#6657 = VERTEX_POINT('',#6658);
#6658 = CARTESIAN_POINT('',(-0.43,0.1575,-0.61));
#6659 = LINE('',#6660,#6661);
#6660 = CARTESIAN_POINT('',(-0.43,0.1575,-0.61));
#6661 = VECTOR('',#6662,1.);
#6662 = DIRECTION('',(0.,-1.,0.));
#6663 = ORIENTED_EDGE('',*,*,#6664,.F.);
#6664 = EDGE_CURVE('',#5988,#6657,#6665,.T.);
#6665 = CIRCLE('',#6666,0.1325);
#6666 = AXIS2_PLACEMENT_3D('',#6667,#6668,#6669);
#6667 = CARTESIAN_POINT('',(-0.43,0.1575,-0.7425));
#6668 = DIRECTION('',(1.,0.,-0.));
#6669 = DIRECTION('',(0.,0.528301886792,0.849056603774));
#6670 = ORIENTED_EDGE('',*,*,#6013,.F.);
#6671 = PLANE('',#6672);
#6672 = AXIS2_PLACEMENT_3D('',#6673,#6674,#6675);
#6673 = CARTESIAN_POINT('',(-0.43,-0.33,0.));
#6674 = DIRECTION('',(1.,0.,0.));
#6675 = DIRECTION('',(-0.,1.,0.));
#6676 = ADVANCED_FACE('',(#6677),#6696,.F.);
#6677 = FACE_BOUND('',#6678,.T.);
#6678 = EDGE_LOOP('',(#6679,#6688,#6694,#6695));
#6679 = ORIENTED_EDGE('',*,*,#6680,.F.);
#6680 = EDGE_CURVE('',#6681,#2718,#6683,.T.);
#6681 = VERTEX_POINT('',#6682);
#6682 = CARTESIAN_POINT('',(-0.43,0.140918398338,-0.405));
#6683 = CIRCLE('',#6684,9.E-02);
#6684 = AXIS2_PLACEMENT_3D('',#6685,#6686,#6687);
#6685 = CARTESIAN_POINT('',(-0.43,0.17,-0.319828053652));
#6686 = DIRECTION('',(1.,0.,0.));
#6687 = DIRECTION('',(0.,-0.32312890736,-0.946354959425));
#6688 = ORIENTED_EDGE('',*,*,#6689,.F.);
#6689 = EDGE_CURVE('',#6517,#6681,#6690,.T.);
#6690 = LINE('',#6691,#6692);
#6691 = CARTESIAN_POINT('',(-0.43,-4.944857583726E-02,-0.34));
#6692 = VECTOR('',#6693,1.);
#6693 = DIRECTION('',(0.,0.946354959425,-0.32312890736));
#6694 = ORIENTED_EDGE('',*,*,#6533,.T.);
#6695 = ORIENTED_EDGE('',*,*,#2727,.F.);
#6696 = PLANE('',#6697);
#6697 = AXIS2_PLACEMENT_3D('',#6698,#6699,#6700);
#6698 = CARTESIAN_POINT('',(-0.43,-0.33,0.));
#6699 = DIRECTION('',(1.,0.,0.));
#6700 = DIRECTION('',(-0.,1.,0.));
#6701 = ADVANCED_FACE('',(#6702),#6728,.F.);
#6702 = FACE_BOUND('',#6703,.T.);
#6703 = EDGE_LOOP('',(#6704,#6714,#6721,#6722));
#6704 = ORIENTED_EDGE('',*,*,#6705,.F.);
#6705 = EDGE_CURVE('',#6706,#6708,#6710,.T.);
#6706 = VERTEX_POINT('',#6707);
#6707 = CARTESIAN_POINT('',(-0.43,0.140918398338,0.405));
#6708 = VERTEX_POINT('',#6709);
#6709 = CARTESIAN_POINT('',(-0.43,-4.944857583726E-02,0.34));
#6710 = LINE('',#6711,#6712);
#6711 = CARTESIAN_POINT('',(-0.43,0.140918398338,0.405));
#6712 = VECTOR('',#6713,1.);
#6713 = DIRECTION('',(0.,-0.946354959425,-0.32312890736));
#6714 = ORIENTED_EDGE('',*,*,#6715,.F.);
#6715 = EDGE_CURVE('',#2594,#6706,#6716,.T.);
#6716 = CIRCLE('',#6717,9.E-02);
#6717 = AXIS2_PLACEMENT_3D('',#6718,#6719,#6720);
#6718 = CARTESIAN_POINT('',(-0.43,0.17,0.319828053652));
#6719 = DIRECTION('',(1.,0.,-0.));
#6720 = DIRECTION('',(0.,0.974558626309,0.224132737203));
#6721 = ORIENTED_EDGE('',*,*,#2618,.F.);
#6722 = ORIENTED_EDGE('',*,*,#6723,.F.);
#6723 = EDGE_CURVE('',#6708,#2611,#6724,.T.);
#6724 = LINE('',#6725,#6726);
#6725 = CARTESIAN_POINT('',(-0.43,-4.944857583726E-02,0.34));
#6726 = VECTOR('',#6727,1.);
#6727 = DIRECTION('',(0.,1.,0.));
#6728 = PLANE('',#6729);
#6729 = AXIS2_PLACEMENT_3D('',#6730,#6731,#6732);
#6730 = CARTESIAN_POINT('',(-0.43,-0.33,0.));
#6731 = DIRECTION('',(1.,0.,0.));
#6732 = DIRECTION('',(-0.,1.,0.));
#6733 = ADVANCED_FACE('',(#6734),#6752,.T.);
#6734 = FACE_BOUND('',#6735,.T.);
#6735 = EDGE_LOOP('',(#6736,#6737,#6745,#6751));
#6736 = ORIENTED_EDGE('',*,*,#6633,.T.);
#6737 = ORIENTED_EDGE('',*,*,#6738,.T.);
#6738 = EDGE_CURVE('',#6626,#6739,#6741,.T.);
#6739 = VERTEX_POINT('',#6740);
#6740 = CARTESIAN_POINT('',(-0.27,0.125,0.61));
#6741 = LINE('',#6742,#6743);
#6742 = CARTESIAN_POINT('',(-0.43,0.125,0.61));
#6743 = VECTOR('',#6744,1.);
#6744 = DIRECTION('',(1.,0.,0.));
#6745 = ORIENTED_EDGE('',*,*,#6746,.F.);
#6746 = EDGE_CURVE('',#5378,#6739,#6747,.T.);
#6747 = LINE('',#6748,#6749);
#6748 = CARTESIAN_POINT('',(-0.27,0.105,0.63));
#6749 = VECTOR('',#6750,1.);
#6750 = DIRECTION('',(0.,0.707106781187,-0.707106781186));
#6751 = ORIENTED_EDGE('',*,*,#5375,.F.);
#6752 = PLANE('',#6753);
#6753 = AXIS2_PLACEMENT_3D('',#6754,#6755,#6756);
#6754 = CARTESIAN_POINT('',(-0.43,0.105,0.63));
#6755 = DIRECTION('',(0.,-0.707106781186,-0.707106781187));
#6756 = DIRECTION('',(0.,-0.707106781187,0.707106781186));
#6757 = ADVANCED_FACE('',(#6758),#6777,.T.);
#6758 = FACE_BOUND('',#6759,.T.);
#6759 = EDGE_LOOP('',(#6760,#6761,#6769,#6776));
#6760 = ORIENTED_EDGE('',*,*,#6746,.T.);
#6761 = ORIENTED_EDGE('',*,*,#6762,.T.);
#6762 = EDGE_CURVE('',#6739,#6763,#6765,.T.);
#6763 = VERTEX_POINT('',#6764);
#6764 = CARTESIAN_POINT('',(-0.27,0.1575,0.61));
#6765 = LINE('',#6766,#6767);
#6766 = CARTESIAN_POINT('',(-0.27,0.125,0.61));
#6767 = VECTOR('',#6768,1.);
#6768 = DIRECTION('',(0.,1.,0.));
#6769 = ORIENTED_EDGE('',*,*,#6770,.T.);
#6770 = EDGE_CURVE('',#6763,#5386,#6771,.T.);
#6771 = CIRCLE('',#6772,0.1325);
#6772 = AXIS2_PLACEMENT_3D('',#6773,#6774,#6775);
#6773 = CARTESIAN_POINT('',(-0.27,0.1575,0.7425));
#6774 = DIRECTION('',(1.,0.,0.));
#6775 = DIRECTION('',(0.,0.,-1.));
#6776 = ORIENTED_EDGE('',*,*,#5385,.F.);
#6777 = PLANE('',#6778);
#6778 = AXIS2_PLACEMENT_3D('',#6779,#6780,#6781);
#6779 = CARTESIAN_POINT('',(-0.27,-0.33,0.));
#6780 = DIRECTION('',(1.,0.,0.));
#6781 = DIRECTION('',(-0.,1.,0.));
#6782 = ADVANCED_FACE('',(#6783),#6809,.T.);
#6783 = FACE_BOUND('',#6784,.T.);
#6784 = EDGE_LOOP('',(#6785,#6794,#6802,#6808));
#6785 = ORIENTED_EDGE('',*,*,#6786,.T.);
#6786 = EDGE_CURVE('',#5990,#6787,#6789,.T.);
#6787 = VERTEX_POINT('',#6788);
#6788 = CARTESIAN_POINT('',(-0.27,0.1575,-0.61));
#6789 = CIRCLE('',#6790,0.1325);
#6790 = AXIS2_PLACEMENT_3D('',#6791,#6792,#6793);
#6791 = CARTESIAN_POINT('',(-0.27,0.1575,-0.7425));
#6792 = DIRECTION('',(1.,0.,-0.));
#6793 = DIRECTION('',(0.,0.528301886792,0.849056603774));
#6794 = ORIENTED_EDGE('',*,*,#6795,.T.);
#6795 = EDGE_CURVE('',#6787,#6796,#6798,.T.);
#6796 = VERTEX_POINT('',#6797);
#6797 = CARTESIAN_POINT('',(-0.27,0.125,-0.61));
#6798 = LINE('',#6799,#6800);
#6799 = CARTESIAN_POINT('',(-0.27,0.1575,-0.61));
#6800 = VECTOR('',#6801,1.);
#6801 = DIRECTION('',(0.,-1.,0.));
#6802 = ORIENTED_EDGE('',*,*,#6803,.T.);
#6803 = EDGE_CURVE('',#6796,#5998,#6804,.T.);
#6804 = LINE('',#6805,#6806);
#6805 = CARTESIAN_POINT('',(-0.27,0.125,-0.61));
#6806 = VECTOR('',#6807,1.);
#6807 = DIRECTION('',(0.,-0.707106781187,-0.707106781186));
#6808 = ORIENTED_EDGE('',*,*,#5997,.T.);
#6809 = PLANE('',#6810);
#6810 = AXIS2_PLACEMENT_3D('',#6811,#6812,#6813);
#6811 = CARTESIAN_POINT('',(-0.27,-0.33,0.));
#6812 = DIRECTION('',(1.,0.,0.));
#6813 = DIRECTION('',(-0.,1.,0.));
#6814 = ADVANCED_FACE('',(#6815),#6834,.T.);
#6815 = FACE_BOUND('',#6816,.T.);
#6816 = EDGE_LOOP('',(#6817,#6825,#6832,#6833));
#6817 = ORIENTED_EDGE('',*,*,#6818,.T.);
#6818 = EDGE_CURVE('',#6519,#6819,#6821,.T.);
#6819 = VERTEX_POINT('',#6820);
#6820 = CARTESIAN_POINT('',(-0.27,0.140918398338,-0.405));
#6821 = LINE('',#6822,#6823);
#6822 = CARTESIAN_POINT('',(-0.27,-4.944857583726E-02,-0.34));
#6823 = VECTOR('',#6824,1.);
#6824 = DIRECTION('',(0.,0.946354959425,-0.32312890736));
#6825 = ORIENTED_EDGE('',*,*,#6826,.T.);
#6826 = EDGE_CURVE('',#6819,#2720,#6827,.T.);
#6827 = CIRCLE('',#6828,9.E-02);
#6828 = AXIS2_PLACEMENT_3D('',#6829,#6830,#6831);
#6829 = CARTESIAN_POINT('',(-0.27,0.17,-0.319828053652));
#6830 = DIRECTION('',(1.,0.,0.));
#6831 = DIRECTION('',(0.,-0.32312890736,-0.946354959425));
#6832 = ORIENTED_EDGE('',*,*,#2744,.T.);
#6833 = ORIENTED_EDGE('',*,*,#6526,.F.);
#6834 = PLANE('',#6835);
#6835 = AXIS2_PLACEMENT_3D('',#6836,#6837,#6838);
#6836 = CARTESIAN_POINT('',(-0.27,-0.33,0.));
#6837 = DIRECTION('',(1.,0.,0.));
#6838 = DIRECTION('',(-0.,1.,0.));
#6839 = ADVANCED_FACE('',(#6840),#6866,.T.);
#6840 = FACE_BOUND('',#6841,.T.);
#6841 = EDGE_LOOP('',(#6842,#6843,#6852,#6860));
#6842 = ORIENTED_EDGE('',*,*,#2601,.T.);
#6843 = ORIENTED_EDGE('',*,*,#6844,.T.);
#6844 = EDGE_CURVE('',#2592,#6845,#6847,.T.);
#6845 = VERTEX_POINT('',#6846);
#6846 = CARTESIAN_POINT('',(-0.27,0.140918398338,0.405));
#6847 = CIRCLE('',#6848,9.E-02);
#6848 = AXIS2_PLACEMENT_3D('',#6849,#6850,#6851);
#6849 = CARTESIAN_POINT('',(-0.27,0.17,0.319828053652));
#6850 = DIRECTION('',(1.,0.,-0.));
#6851 = DIRECTION('',(0.,0.974558626309,0.224132737203));
#6852 = ORIENTED_EDGE('',*,*,#6853,.T.);
#6853 = EDGE_CURVE('',#6845,#6854,#6856,.T.);
#6854 = VERTEX_POINT('',#6855);
#6855 = CARTESIAN_POINT('',(-0.27,-4.944857583726E-02,0.34));
#6856 = LINE('',#6857,#6858);
#6857 = CARTESIAN_POINT('',(-0.27,0.140918398338,0.405));
#6858 = VECTOR('',#6859,1.);
#6859 = DIRECTION('',(0.,-0.946354959425,-0.32312890736));
#6860 = ORIENTED_EDGE('',*,*,#6861,.T.);
#6861 = EDGE_CURVE('',#6854,#2602,#6862,.T.);
#6862 = LINE('',#6863,#6864);
#6863 = CARTESIAN_POINT('',(-0.27,-4.944857583726E-02,0.34));
#6864 = VECTOR('',#6865,1.);
#6865 = DIRECTION('',(0.,1.,0.));
#6866 = PLANE('',#6867);
#6867 = AXIS2_PLACEMENT_3D('',#6868,#6869,#6870);
#6868 = CARTESIAN_POINT('',(-0.27,-0.33,0.));
#6869 = DIRECTION('',(1.,0.,0.));
#6870 = DIRECTION('',(-0.,1.,0.));
#6871 = ADVANCED_FACE('',(#6872),#6883,.T.);
#6872 = FACE_BOUND('',#6873,.T.);
#6873 = EDGE_LOOP('',(#6874,#6875,#6881,#6882));
#6874 = ORIENTED_EDGE('',*,*,#6770,.F.);
#6875 = ORIENTED_EDGE('',*,*,#6876,.F.);
#6876 = EDGE_CURVE('',#6617,#6763,#6877,.T.);
#6877 = LINE('',#6878,#6879);
#6878 = CARTESIAN_POINT('',(-0.43,0.1575,0.61));
#6879 = VECTOR('',#6880,1.);
#6880 = DIRECTION('',(1.,0.,0.));
#6881 = ORIENTED_EDGE('',*,*,#6616,.T.);
#6882 = ORIENTED_EDGE('',*,*,#5393,.T.);
#6883 = CYLINDRICAL_SURFACE('',#6884,0.1325);
#6884 = AXIS2_PLACEMENT_3D('',#6885,#6886,#6887);
#6885 = CARTESIAN_POINT('',(-0.43,0.1575,0.7425));
#6886 = DIRECTION('',(-1.,0.,-0.));
#6887 = DIRECTION('',(0.,0.,-1.));
#6888 = ADVANCED_FACE('',(#6889),#6895,.T.);
#6889 = FACE_BOUND('',#6890,.T.);
#6890 = EDGE_LOOP('',(#6891,#6892,#6893,#6894));
#6891 = ORIENTED_EDGE('',*,*,#6876,.T.);
#6892 = ORIENTED_EDGE('',*,*,#6762,.F.);
#6893 = ORIENTED_EDGE('',*,*,#6738,.F.);
#6894 = ORIENTED_EDGE('',*,*,#6625,.T.);
#6895 = PLANE('',#6896);
#6896 = AXIS2_PLACEMENT_3D('',#6897,#6898,#6899);
#6897 = CARTESIAN_POINT('',(-0.43,0.125,0.61));
#6898 = DIRECTION('',(0.,0.,-1.));
#6899 = DIRECTION('',(0.,-1.,0.));
#6900 = ADVANCED_FACE('',(#6901),#6912,.T.);
#6901 = FACE_BOUND('',#6902,.T.);
#6902 = EDGE_LOOP('',(#6903,#6904,#6910,#6911));
#6903 = ORIENTED_EDGE('',*,*,#6803,.F.);
#6904 = ORIENTED_EDGE('',*,*,#6905,.F.);
#6905 = EDGE_CURVE('',#6649,#6796,#6906,.T.);
#6906 = LINE('',#6907,#6908);
#6907 = CARTESIAN_POINT('',(-0.43,0.125,-0.61));
#6908 = VECTOR('',#6909,1.);
#6909 = DIRECTION('',(1.,0.,0.));
#6910 = ORIENTED_EDGE('',*,*,#6648,.T.);
#6911 = ORIENTED_EDGE('',*,*,#6005,.T.);
#6912 = PLANE('',#6913);
#6913 = AXIS2_PLACEMENT_3D('',#6914,#6915,#6916);
#6914 = CARTESIAN_POINT('',(-0.43,0.125,-0.61));
#6915 = DIRECTION('',(0.,-0.707106781186,0.707106781187));
#6916 = DIRECTION('',(-1.,0.,0.));
#6917 = ADVANCED_FACE('',(#6918),#6929,.T.);
#6918 = FACE_BOUND('',#6919,.T.);
#6919 = EDGE_LOOP('',(#6920,#6921,#6922,#6928));
#6920 = ORIENTED_EDGE('',*,*,#6905,.T.);
#6921 = ORIENTED_EDGE('',*,*,#6795,.F.);
#6922 = ORIENTED_EDGE('',*,*,#6923,.F.);
#6923 = EDGE_CURVE('',#6657,#6787,#6924,.T.);
#6924 = LINE('',#6925,#6926);
#6925 = CARTESIAN_POINT('',(-0.43,0.1575,-0.61));
#6926 = VECTOR('',#6927,1.);
#6927 = DIRECTION('',(1.,0.,0.));
#6928 = ORIENTED_EDGE('',*,*,#6656,.T.);
#6929 = PLANE('',#6930);
#6930 = AXIS2_PLACEMENT_3D('',#6931,#6932,#6933);
#6931 = CARTESIAN_POINT('',(-0.43,0.1575,-0.61));
#6932 = DIRECTION('',(0.,0.,1.));
#6933 = DIRECTION('',(1.,0.,-0.));
#6934 = ADVANCED_FACE('',(#6935),#6941,.T.);
#6935 = FACE_BOUND('',#6936,.T.);
#6936 = EDGE_LOOP('',(#6937,#6938,#6939,#6940));
#6937 = ORIENTED_EDGE('',*,*,#6664,.T.);
#6938 = ORIENTED_EDGE('',*,*,#6923,.T.);
#6939 = ORIENTED_EDGE('',*,*,#6786,.F.);
#6940 = ORIENTED_EDGE('',*,*,#5987,.F.);
#6941 = CYLINDRICAL_SURFACE('',#6942,0.1325);
#6942 = AXIS2_PLACEMENT_3D('',#6943,#6944,#6945);
#6943 = CARTESIAN_POINT('',(-0.43,0.1575,-0.7425));
#6944 = DIRECTION('',(-1.,0.,-0.));
#6945 = DIRECTION('',(0.,0.,-1.));
#6946 = ADVANCED_FACE('',(#6947),#6958,.T.);
#6947 = FACE_BOUND('',#6948,.T.);
#6948 = EDGE_LOOP('',(#6949,#6950,#6951,#6957));
#6949 = ORIENTED_EDGE('',*,*,#2717,.T.);
#6950 = ORIENTED_EDGE('',*,*,#6826,.F.);
#6951 = ORIENTED_EDGE('',*,*,#6952,.F.);
#6952 = EDGE_CURVE('',#6681,#6819,#6953,.T.);
#6953 = LINE('',#6954,#6955);
#6954 = CARTESIAN_POINT('',(-0.43,0.140918398338,-0.405));
#6955 = VECTOR('',#6956,1.);
#6956 = DIRECTION('',(1.,0.,0.));
#6957 = ORIENTED_EDGE('',*,*,#6680,.T.);
#6958 = CYLINDRICAL_SURFACE('',#6959,9.E-02);
#6959 = AXIS2_PLACEMENT_3D('',#6960,#6961,#6962);
#6960 = CARTESIAN_POINT('',(-0.43,0.17,-0.319828053652));
#6961 = DIRECTION('',(-1.,0.,-0.));
#6962 = DIRECTION('',(0.,0.,-1.));
#6963 = ADVANCED_FACE('',(#6964),#6970,.T.);
#6964 = FACE_BOUND('',#6965,.T.);
#6965 = EDGE_LOOP('',(#6966,#6967,#6968,#6969));
#6966 = ORIENTED_EDGE('',*,*,#6689,.T.);
#6967 = ORIENTED_EDGE('',*,*,#6952,.T.);
#6968 = ORIENTED_EDGE('',*,*,#6818,.F.);
#6969 = ORIENTED_EDGE('',*,*,#6516,.F.);
#6970 = PLANE('',#6971);
#6971 = AXIS2_PLACEMENT_3D('',#6972,#6973,#6974);
#6972 = CARTESIAN_POINT('',(-0.43,-0.31,-0.251035815724));
#6973 = DIRECTION('',(0.,-0.32312890736,-0.946354959425));
#6974 = DIRECTION('',(0.,-0.946354959425,0.32312890736));
#6975 = ADVANCED_FACE('',(#6976,#7003,#7014,#7025),#7036,.F.);
#6976 = FACE_BOUND('',#6977,.T.);
#6977 = EDGE_LOOP('',(#6978,#6988,#6994,#6995,#6996,#6997));
#6978 = ORIENTED_EDGE('',*,*,#6979,.T.);
#6979 = EDGE_CURVE('',#6980,#6982,#6984,.T.);
#6980 = VERTEX_POINT('',#6981);
#6981 = CARTESIAN_POINT('',(0.770000000001,-0.12,0.34));
#6982 = VERTEX_POINT('',#6983);
#6983 = CARTESIAN_POINT('',(0.77,0.161,0.34));
#6984 = LINE('',#6985,#6986);
#6985 = CARTESIAN_POINT('',(0.770000000001,-0.12,0.34));
#6986 = VECTOR('',#6987,1.);
#6987 = DIRECTION('',(-4.373725580997E-12,1.,4.06950076642E-14));
#6988 = ORIENTED_EDGE('',*,*,#6989,.T.);
#6989 = EDGE_CURVE('',#6982,#4002,#6990,.T.);
#6990 = LINE('',#6991,#6992);
#6991 = CARTESIAN_POINT('',(0.77,0.161,0.34));
#6992 = VECTOR('',#6993,1.);
#6993 = DIRECTION('',(-0.75568908279,0.654930538418,0.));
#6994 = ORIENTED_EDGE('',*,*,#4001,.T.);
#6995 = ORIENTED_EDGE('',*,*,#4688,.T.);
#6996 = ORIENTED_EDGE('',*,*,#4741,.F.);
#6997 = ORIENTED_EDGE('',*,*,#6998,.T.);
#6998 = EDGE_CURVE('',#4742,#6980,#6999,.T.);
#6999 = LINE('',#7000,#7001);
#7000 = CARTESIAN_POINT('',(-0.769999999962,-0.119999999997,
    0.339999999997));
#7001 = VECTOR('',#7002,1.);
#7002 = DIRECTION('',(1.,-1.837680440764E-12,1.837635383012E-12));
#7003 = FACE_BOUND('',#7004,.T.);
#7004 = EDGE_LOOP('',(#7005,#7006,#7007,#7013));
#7005 = ORIENTED_EDGE('',*,*,#2652,.T.);
#7006 = ORIENTED_EDGE('',*,*,#6382,.F.);
#7007 = ORIENTED_EDGE('',*,*,#7008,.F.);
#7008 = EDGE_CURVE('',#6222,#6375,#7009,.T.);
#7009 = LINE('',#7010,#7011);
#7010 = CARTESIAN_POINT('',(-8.E-02,-4.944857583726E-02,0.34));
#7011 = VECTOR('',#7012,1.);
#7012 = DIRECTION('',(1.,0.,0.));
#7013 = ORIENTED_EDGE('',*,*,#6237,.T.);
#7014 = FACE_BOUND('',#7015,.T.);
#7015 = EDGE_LOOP('',(#7016,#7017,#7018,#7024));
#7016 = ORIENTED_EDGE('',*,*,#2610,.T.);
#7017 = ORIENTED_EDGE('',*,*,#6861,.F.);
#7018 = ORIENTED_EDGE('',*,*,#7019,.F.);
#7019 = EDGE_CURVE('',#6708,#6854,#7020,.T.);
#7020 = LINE('',#7021,#7022);
#7021 = CARTESIAN_POINT('',(-0.43,-4.944857583726E-02,0.34));
#7022 = VECTOR('',#7023,1.);
#7023 = DIRECTION('',(1.,0.,0.));
#7024 = ORIENTED_EDGE('',*,*,#6723,.T.);
#7025 = FACE_BOUND('',#7026,.T.);
#7026 = EDGE_LOOP('',(#7027,#7028,#7029,#7035));
#7027 = ORIENTED_EDGE('',*,*,#2694,.T.);
#7028 = ORIENTED_EDGE('',*,*,#5726,.F.);
#7029 = ORIENTED_EDGE('',*,*,#7030,.F.);
#7030 = EDGE_CURVE('',#5557,#5719,#7031,.T.);
#7031 = LINE('',#7032,#7033);
#7032 = CARTESIAN_POINT('',(0.27,-4.944857583726E-02,0.34));
#7033 = VECTOR('',#7034,1.);
#7034 = DIRECTION('',(1.,0.,0.));
#7035 = ORIENTED_EDGE('',*,*,#5572,.T.);
#7036 = PLANE('',#7037);
#7037 = AXIS2_PLACEMENT_3D('',#7038,#7039,#7040);
#7038 = CARTESIAN_POINT('',(0.8,0.33,0.34));
#7039 = DIRECTION('',(0.,0.,-1.));
#7040 = DIRECTION('',(0.,-1.,0.));
#7041 = ADVANCED_FACE('',(#7042),#7053,.T.);
#7042 = FACE_BOUND('',#7043,.T.);
#7043 = EDGE_LOOP('',(#7044,#7045,#7051,#7052));
#7044 = ORIENTED_EDGE('',*,*,#5718,.F.);
#7045 = ORIENTED_EDGE('',*,*,#7046,.F.);
#7046 = EDGE_CURVE('',#5555,#5710,#7047,.T.);
#7047 = LINE('',#7048,#7049);
#7048 = CARTESIAN_POINT('',(0.27,0.140918398338,0.405));
#7049 = VECTOR('',#7050,1.);
#7050 = DIRECTION('',(1.,0.,0.));
#7051 = ORIENTED_EDGE('',*,*,#5554,.T.);
#7052 = ORIENTED_EDGE('',*,*,#7030,.T.);
#7053 = PLANE('',#7054);
#7054 = AXIS2_PLACEMENT_3D('',#7055,#7056,#7057);
#7055 = CARTESIAN_POINT('',(0.27,0.140918398338,0.405));
#7056 = DIRECTION('',(0.,-0.32312890736,0.946354959425));
#7057 = DIRECTION('',(-1.,0.,0.));
#7058 = ADVANCED_FACE('',(#7059),#7065,.T.);
#7059 = FACE_BOUND('',#7060,.T.);
#7060 = EDGE_LOOP('',(#7061,#7062,#7063,#7064));
#7061 = ORIENTED_EDGE('',*,*,#2675,.T.);
#7062 = ORIENTED_EDGE('',*,*,#5564,.T.);
#7063 = ORIENTED_EDGE('',*,*,#7046,.T.);
#7064 = ORIENTED_EDGE('',*,*,#5709,.F.);
#7065 = CYLINDRICAL_SURFACE('',#7066,9.E-02);
#7066 = AXIS2_PLACEMENT_3D('',#7067,#7068,#7069);
#7067 = CARTESIAN_POINT('',(0.27,0.17,0.319828053652));
#7068 = DIRECTION('',(-1.,0.,-0.));
#7069 = DIRECTION('',(0.,0.,-1.));
#7070 = ADVANCED_FACE('',(#7071),#7082,.T.);
#7071 = FACE_BOUND('',#7072,.T.);
#7072 = EDGE_LOOP('',(#7073,#7074,#7080,#7081));
#7073 = ORIENTED_EDGE('',*,*,#6374,.F.);
#7074 = ORIENTED_EDGE('',*,*,#7075,.F.);
#7075 = EDGE_CURVE('',#6220,#6366,#7076,.T.);
#7076 = LINE('',#7077,#7078);
#7077 = CARTESIAN_POINT('',(-8.E-02,0.140918398338,0.405));
#7078 = VECTOR('',#7079,1.);
#7079 = DIRECTION('',(1.,0.,0.));
#7080 = ORIENTED_EDGE('',*,*,#6219,.T.);
#7081 = ORIENTED_EDGE('',*,*,#7008,.T.);
#7082 = PLANE('',#7083);
#7083 = AXIS2_PLACEMENT_3D('',#7084,#7085,#7086);
#7084 = CARTESIAN_POINT('',(-8.E-02,0.140918398338,0.405));
#7085 = DIRECTION('',(0.,-0.32312890736,0.946354959425));
#7086 = DIRECTION('',(-1.,0.,0.));
#7087 = ADVANCED_FACE('',(#7088),#7094,.T.);
#7088 = FACE_BOUND('',#7089,.T.);
#7089 = EDGE_LOOP('',(#7090,#7091,#7092,#7093));
#7090 = ORIENTED_EDGE('',*,*,#2633,.T.);
#7091 = ORIENTED_EDGE('',*,*,#6229,.T.);
#7092 = ORIENTED_EDGE('',*,*,#7075,.T.);
#7093 = ORIENTED_EDGE('',*,*,#6365,.F.);
#7094 = CYLINDRICAL_SURFACE('',#7095,9.E-02);
#7095 = AXIS2_PLACEMENT_3D('',#7096,#7097,#7098);
#7096 = CARTESIAN_POINT('',(-8.E-02,0.17,0.319828053652));
#7097 = DIRECTION('',(-1.,0.,-0.));
#7098 = DIRECTION('',(0.,0.,-1.));
#7099 = ADVANCED_FACE('',(#7100),#7111,.T.);
#7100 = FACE_BOUND('',#7101,.T.);
#7101 = EDGE_LOOP('',(#7102,#7103,#7109,#7110));
#7102 = ORIENTED_EDGE('',*,*,#6853,.F.);
#7103 = ORIENTED_EDGE('',*,*,#7104,.F.);
#7104 = EDGE_CURVE('',#6706,#6845,#7105,.T.);
#7105 = LINE('',#7106,#7107);
#7106 = CARTESIAN_POINT('',(-0.43,0.140918398338,0.405));
#7107 = VECTOR('',#7108,1.);
#7108 = DIRECTION('',(1.,0.,0.));
#7109 = ORIENTED_EDGE('',*,*,#6705,.T.);
#7110 = ORIENTED_EDGE('',*,*,#7019,.T.);
#7111 = PLANE('',#7112);
#7112 = AXIS2_PLACEMENT_3D('',#7113,#7114,#7115);
#7113 = CARTESIAN_POINT('',(-0.43,0.140918398338,0.405));
#7114 = DIRECTION('',(0.,-0.32312890736,0.946354959425));
#7115 = DIRECTION('',(-1.,0.,0.));
#7116 = ADVANCED_FACE('',(#7117),#7123,.T.);
#7117 = FACE_BOUND('',#7118,.T.);
#7118 = EDGE_LOOP('',(#7119,#7120,#7121,#7122));
#7119 = ORIENTED_EDGE('',*,*,#2591,.T.);
#7120 = ORIENTED_EDGE('',*,*,#6715,.T.);
#7121 = ORIENTED_EDGE('',*,*,#7104,.T.);
#7122 = ORIENTED_EDGE('',*,*,#6844,.F.);
#7123 = CYLINDRICAL_SURFACE('',#7124,9.E-02);
#7124 = AXIS2_PLACEMENT_3D('',#7125,#7126,#7127);
#7125 = CARTESIAN_POINT('',(-0.43,0.17,0.319828053652));
#7126 = DIRECTION('',(-1.,0.,-0.));
#7127 = DIRECTION('',(0.,0.,-1.));
#7128 = ADVANCED_FACE('',(#7129),#7140,.T.);
#7129 = FACE_BOUND('',#7130,.T.);
#7130 = EDGE_LOOP('',(#7131,#7137,#7138,#7139));
#7131 = ORIENTED_EDGE('',*,*,#7132,.T.);
#7132 = EDGE_CURVE('',#4931,#6980,#7133,.T.);
#7133 = LINE('',#7134,#7135);
#7134 = CARTESIAN_POINT('',(0.770000000003,-0.15,0.37));
#7135 = VECTOR('',#7136,1.);
#7136 = DIRECTION('',(-4.828034310456E-11,0.707106781187,-0.707106781187
    ));
#7137 = ORIENTED_EDGE('',*,*,#6998,.F.);
#7138 = ORIENTED_EDGE('',*,*,#4773,.F.);
#7139 = ORIENTED_EDGE('',*,*,#4939,.T.);
#7140 = PLANE('',#7141);
#7141 = AXIS2_PLACEMENT_3D('',#7142,#7143,#7144);
#7142 = CARTESIAN_POINT('',(0.,-0.135,0.355));
#7143 = DIRECTION('',(0.,0.707106781187,0.707106781187));
#7144 = DIRECTION('',(1.,0.,-0.));
#7145 = ADVANCED_FACE('',(#7146),#7165,.T.);
#7146 = FACE_BOUND('',#7147,.T.);
#7147 = EDGE_LOOP('',(#7148,#7156,#7163,#7164));
#7148 = ORIENTED_EDGE('',*,*,#7149,.T.);
#7149 = EDGE_CURVE('',#4923,#7150,#7152,.T.);
#7150 = VERTEX_POINT('',#7151);
#7151 = CARTESIAN_POINT('',(0.8,-0.12,0.31));
#7152 = LINE('',#7153,#7154);
#7153 = CARTESIAN_POINT('',(0.829999999992,-0.149999999992,
    0.309999999897));
#7154 = VECTOR('',#7155,1.);
#7155 = DIRECTION('',(-0.707106781187,0.707106781187,1.513862214336E-09)
  );
#7156 = ORIENTED_EDGE('',*,*,#7157,.F.);
#7157 = EDGE_CURVE('',#6980,#7150,#7158,.T.);
#7158 = CIRCLE('',#7159,3.E-02);
#7159 = AXIS2_PLACEMENT_3D('',#7160,#7161,#7162);
#7160 = CARTESIAN_POINT('',(0.77,-0.12,0.31));
#7161 = DIRECTION('',(0.,1.,0.));
#7162 = DIRECTION('',(0.,-0.,1.));
#7163 = ORIENTED_EDGE('',*,*,#7132,.F.);
#7164 = ORIENTED_EDGE('',*,*,#4930,.T.);
#7165 = CONICAL_SURFACE('',#7166,4.499999999432E-02,0.785398163397);
#7166 = AXIS2_PLACEMENT_3D('',#7167,#7168,#7169);
#7167 = CARTESIAN_POINT('',(0.77,-0.134999999994,0.31));
#7168 = DIRECTION('',(-0.,-1.,-0.));
#7169 = DIRECTION('',(0.,0.,-1.));
#7170 = ADVANCED_FACE('',(#7171),#7192,.T.);
#7171 = FACE_BOUND('',#7172,.T.);
#7172 = EDGE_LOOP('',(#7173,#7181,#7190,#7191));
#7173 = ORIENTED_EDGE('',*,*,#7174,.T.);
#7174 = EDGE_CURVE('',#7150,#7175,#7177,.T.);
#7175 = VERTEX_POINT('',#7176);
#7176 = CARTESIAN_POINT('',(0.8,0.135,0.31));
#7177 = LINE('',#7178,#7179);
#7178 = CARTESIAN_POINT('',(0.799999999997,-0.119999999997,
    0.309999999962));
#7179 = VECTOR('',#7180,1.);
#7180 = DIRECTION('',(1.114315611473E-11,1.,1.511239934952E-10));
#7181 = ORIENTED_EDGE('',*,*,#7182,.F.);
#7182 = EDGE_CURVE('',#6982,#7175,#7183,.T.);
#7183 = B_SPLINE_CURVE_WITH_KNOTS('',3,(#7184,#7185,#7186,#7187,#7188,
    #7189),.UNSPECIFIED.,.F.,.F.,(4,1,1,4),(0.,0.5,0.75,1.),
  .UNSPECIFIED.);
#7184 = CARTESIAN_POINT('',(0.77,0.161,0.34));
#7185 = CARTESIAN_POINT('',(0.778778445414,0.153392013975,0.34));
#7186 = CARTESIAN_POINT('',(0.788446028787,0.145013441718,0.33536835343)
  );
#7187 = CARTESIAN_POINT('',(0.79733104223,0.137313096734,0.323892896683)
  );
#7188 = CARTESIAN_POINT('',(0.8,0.135,0.315808238874));
#7189 = CARTESIAN_POINT('',(0.8,0.135,0.31));
#7190 = ORIENTED_EDGE('',*,*,#6979,.F.);
#7191 = ORIENTED_EDGE('',*,*,#7157,.T.);
#7192 = CYLINDRICAL_SURFACE('',#7193,3.E-02);
#7193 = AXIS2_PLACEMENT_3D('',#7194,#7195,#7196);
#7194 = CARTESIAN_POINT('',(0.77,-1.367035260326,0.31));
#7195 = DIRECTION('',(0.,-1.,0.));
#7196 = DIRECTION('',(0.,0.,1.));
#7197 = ADVANCED_FACE('',(#7198),#7221,.T.);
#7198 = FACE_BOUND('',#7199,.T.);
#7199 = EDGE_LOOP('',(#7200,#7208,#7217,#7218,#7219,#7220));
#7200 = ORIENTED_EDGE('',*,*,#7201,.T.);
#7201 = EDGE_CURVE('',#7175,#7202,#7204,.T.);
#7202 = VERTEX_POINT('',#7203);
#7203 = CARTESIAN_POINT('',(0.8,0.135,-0.31));
#7204 = LINE('',#7205,#7206);
#7205 = CARTESIAN_POINT('',(0.8,0.135,0.31));
#7206 = VECTOR('',#7207,1.);
#7207 = DIRECTION('',(0.,0.,-1.));
#7208 = ORIENTED_EDGE('',*,*,#7209,.T.);
#7209 = EDGE_CURVE('',#7202,#6482,#7210,.T.);
#7210 = B_SPLINE_CURVE_WITH_KNOTS('',3,(#7211,#7212,#7213,#7214,#7215,
    #7216),.UNSPECIFIED.,.F.,.F.,(4,1,1,4),(0.,0.25,0.5,1.),
  .UNSPECIFIED.);
#7211 = CARTESIAN_POINT('',(0.8,0.135,-0.31));
#7212 = CARTESIAN_POINT('',(0.8,0.135,-0.315808238874));
#7213 = CARTESIAN_POINT('',(0.79733104223,0.137313096734,-0.323892896683
    ));
#7214 = CARTESIAN_POINT('',(0.788446028787,0.145013441718,-0.33536835343
    ));
#7215 = CARTESIAN_POINT('',(0.778778445414,0.153392013975,-0.34));
#7216 = CARTESIAN_POINT('',(0.77,0.161,-0.34));
#7217 = ORIENTED_EDGE('',*,*,#6481,.F.);
#7218 = ORIENTED_EDGE('',*,*,#4011,.F.);
#7219 = ORIENTED_EDGE('',*,*,#6989,.F.);
#7220 = ORIENTED_EDGE('',*,*,#7182,.T.);
#7221 = PLANE('',#7222);
#7222 = AXIS2_PLACEMENT_3D('',#7223,#7224,#7225);
#7223 = CARTESIAN_POINT('',(0.6875,0.2325,0.));
#7224 = DIRECTION('',(0.654930538418,0.75568908279,0.));
#7225 = DIRECTION('',(0.,0.,-1.));
#7226 = ADVANCED_FACE('',(#7227),#7246,.T.);
#7227 = FACE_BOUND('',#7228,.T.);
#7228 = EDGE_LOOP('',(#7229,#7230,#7231,#7239));
#7229 = ORIENTED_EDGE('',*,*,#6489,.T.);
#7230 = ORIENTED_EDGE('',*,*,#7209,.F.);
#7231 = ORIENTED_EDGE('',*,*,#7232,.F.);
#7232 = EDGE_CURVE('',#7233,#7202,#7235,.T.);
#7233 = VERTEX_POINT('',#7234);
#7234 = CARTESIAN_POINT('',(0.8,-0.12,-0.310000000001));
#7235 = LINE('',#7236,#7237);
#7236 = CARTESIAN_POINT('',(0.8,-0.12,-0.310000000001));
#7237 = VECTOR('',#7238,1.);
#7238 = DIRECTION('',(4.527968414158E-14,1.,4.819891762397E-12));
#7239 = ORIENTED_EDGE('',*,*,#7240,.T.);
#7240 = EDGE_CURVE('',#7233,#6490,#7241,.T.);
#7241 = CIRCLE('',#7242,3.E-02);
#7242 = AXIS2_PLACEMENT_3D('',#7243,#7244,#7245);
#7243 = CARTESIAN_POINT('',(0.77,-0.12,-0.31));
#7244 = DIRECTION('',(-0.,1.,0.));
#7245 = DIRECTION('',(1.,0.,0.));
#7246 = CYLINDRICAL_SURFACE('',#7247,3.E-02);
#7247 = AXIS2_PLACEMENT_3D('',#7248,#7249,#7250);
#7248 = CARTESIAN_POINT('',(0.77,-1.367035260326,-0.31));
#7249 = DIRECTION('',(0.,-1.,0.));
#7250 = DIRECTION('',(1.,0.,0.));
#7251 = ADVANCED_FACE('',(#7252),#7268,.T.);
#7252 = FACE_BOUND('',#7253,.T.);
#7253 = EDGE_LOOP('',(#7254,#7260,#7261,#7267));
#7254 = ORIENTED_EDGE('',*,*,#7255,.T.);
#7255 = EDGE_CURVE('',#4904,#6490,#7256,.T.);
#7256 = LINE('',#7257,#7258);
#7257 = CARTESIAN_POINT('',(0.769999999897,-0.149999999992,
    -0.369999999992));
#7258 = VECTOR('',#7259,1.);
#7259 = DIRECTION('',(1.513864831157E-09,0.707106781187,0.707106781187)
  );
#7260 = ORIENTED_EDGE('',*,*,#7240,.F.);
#7261 = ORIENTED_EDGE('',*,*,#7262,.F.);
#7262 = EDGE_CURVE('',#4914,#7233,#7263,.T.);
#7263 = LINE('',#7264,#7265);
#7264 = CARTESIAN_POINT('',(0.83,-0.15,-0.310000000003));
#7265 = VECTOR('',#7266,1.);
#7266 = DIRECTION('',(-0.707106781187,0.707106781187,4.828165151494E-11)
  );
#7267 = ORIENTED_EDGE('',*,*,#4913,.T.);
#7268 = CONICAL_SURFACE('',#7269,4.499999999432E-02,0.785398163397);
#7269 = AXIS2_PLACEMENT_3D('',#7270,#7271,#7272);
#7270 = CARTESIAN_POINT('',(0.77,-0.134999999994,-0.31));
#7271 = DIRECTION('',(-0.,-1.,-0.));
#7272 = DIRECTION('',(0.,0.,-1.));
#7273 = ADVANCED_FACE('',(#7274),#7285,.T.);
#7274 = FACE_BOUND('',#7275,.T.);
#7275 = EDGE_LOOP('',(#7276,#7277,#7283,#7284));
#7276 = ORIENTED_EDGE('',*,*,#7262,.T.);
#7277 = ORIENTED_EDGE('',*,*,#7278,.F.);
#7278 = EDGE_CURVE('',#7150,#7233,#7279,.T.);
#7279 = LINE('',#7280,#7281);
#7280 = CARTESIAN_POINT('',(0.799999999997,-0.119999999997,
    0.309999999962));
#7281 = VECTOR('',#7282,1.);
#7282 = DIRECTION('',(4.564449177322E-12,-4.564471560851E-12,-1.));
#7283 = ORIENTED_EDGE('',*,*,#7149,.F.);
#7284 = ORIENTED_EDGE('',*,*,#4922,.T.);
#7285 = PLANE('',#7286);
#7286 = AXIS2_PLACEMENT_3D('',#7287,#7288,#7289);
#7287 = CARTESIAN_POINT('',(0.815,-0.135,0.));
#7288 = DIRECTION('',(0.707106781187,0.707106781187,0.));
#7289 = DIRECTION('',(0.,0.,-1.));
#7290 = ADVANCED_FACE('',(#7291),#7297,.F.);
#7291 = FACE_BOUND('',#7292,.T.);
#7292 = EDGE_LOOP('',(#7293,#7294,#7295,#7296));
#7293 = ORIENTED_EDGE('',*,*,#7232,.T.);
#7294 = ORIENTED_EDGE('',*,*,#7201,.F.);
#7295 = ORIENTED_EDGE('',*,*,#7174,.F.);
#7296 = ORIENTED_EDGE('',*,*,#7278,.T.);
#7297 = PLANE('',#7298);
#7298 = AXIS2_PLACEMENT_3D('',#7299,#7300,#7301);
#7299 = CARTESIAN_POINT('',(0.8,0.33,-0.34));
#7300 = DIRECTION('',(-1.,0.,0.));
#7301 = DIRECTION('',(0.,0.,1.));
#7302 = ADVANCED_FACE('',(#7303),#7314,.T.);
#7303 = FACE_BOUND('',#7304,.T.);
#7304 = EDGE_LOOP('',(#7305,#7311,#7312,#7313));
#7305 = ORIENTED_EDGE('',*,*,#7306,.T.);
#7306 = EDGE_CURVE('',#4906,#6472,#7307,.T.);
#7307 = LINE('',#7308,#7309);
#7308 = CARTESIAN_POINT('',(-0.770000000003,-0.15,-0.37));
#7309 = VECTOR('',#7310,1.);
#7310 = DIRECTION('',(4.828034310456E-11,0.707106781187,0.707106781187)
  );
#7311 = ORIENTED_EDGE('',*,*,#6497,.F.);
#7312 = ORIENTED_EDGE('',*,*,#7255,.F.);
#7313 = ORIENTED_EDGE('',*,*,#4903,.T.);
#7314 = PLANE('',#7315);
#7315 = AXIS2_PLACEMENT_3D('',#7316,#7317,#7318);
#7316 = CARTESIAN_POINT('',(0.,-0.135,-0.355));
#7317 = DIRECTION('',(0.,0.707106781187,-0.707106781187));
#7318 = DIRECTION('',(-1.,0.,0.));
#7319 = ADVANCED_FACE('',(#7320),#7339,.T.);
#7320 = FACE_BOUND('',#7321,.T.);
#7321 = EDGE_LOOP('',(#7322,#7330,#7337,#7338));
#7322 = ORIENTED_EDGE('',*,*,#7323,.T.);
#7323 = EDGE_CURVE('',#4947,#7324,#7326,.T.);
#7324 = VERTEX_POINT('',#7325);
#7325 = CARTESIAN_POINT('',(-0.8,-0.12,-0.31));
#7326 = LINE('',#7327,#7328);
#7327 = CARTESIAN_POINT('',(-0.829999999992,-0.149999999992,
    -0.309999999897));
#7328 = VECTOR('',#7329,1.);
#7329 = DIRECTION('',(0.707106781187,0.707106781187,-1.513862214336E-09)
  );
#7330 = ORIENTED_EDGE('',*,*,#7331,.F.);
#7331 = EDGE_CURVE('',#6472,#7324,#7332,.T.);
#7332 = CIRCLE('',#7333,3.E-02);
#7333 = AXIS2_PLACEMENT_3D('',#7334,#7335,#7336);
#7334 = CARTESIAN_POINT('',(-0.77,-0.12,-0.31));
#7335 = DIRECTION('',(0.,1.,0.));
#7336 = DIRECTION('',(0.,0.,-1.));
#7337 = ORIENTED_EDGE('',*,*,#7306,.F.);
#7338 = ORIENTED_EDGE('',*,*,#4954,.T.);
#7339 = CONICAL_SURFACE('',#7340,4.499999999432E-02,0.785398163397);
#7340 = AXIS2_PLACEMENT_3D('',#7341,#7342,#7343);
#7341 = CARTESIAN_POINT('',(-0.77,-0.134999999994,-0.31));
#7342 = DIRECTION('',(-0.,-1.,-0.));
#7343 = DIRECTION('',(0.,0.,-1.));
#7344 = ADVANCED_FACE('',(#7345),#7356,.T.);
#7345 = FACE_BOUND('',#7346,.T.);
#7346 = EDGE_LOOP('',(#7347,#7353,#7354,#7355));
#7347 = ORIENTED_EDGE('',*,*,#7348,.T.);
#7348 = EDGE_CURVE('',#7324,#4706,#7349,.T.);
#7349 = LINE('',#7350,#7351);
#7350 = CARTESIAN_POINT('',(-0.799999999997,-0.119999999997,
    -0.309999999962));
#7351 = VECTOR('',#7352,1.);
#7352 = DIRECTION('',(-1.114315611473E-11,1.,-1.511237758044E-10));
#7353 = ORIENTED_EDGE('',*,*,#4705,.F.);
#7354 = ORIENTED_EDGE('',*,*,#6471,.F.);
#7355 = ORIENTED_EDGE('',*,*,#7331,.T.);
#7356 = CYLINDRICAL_SURFACE('',#7357,3.E-02);
#7357 = AXIS2_PLACEMENT_3D('',#7358,#7359,#7360);
#7358 = CARTESIAN_POINT('',(-0.77,-1.367035260326,-0.31));
#7359 = DIRECTION('',(0.,-1.,-0.));
#7360 = DIRECTION('',(0.,0.,-1.));
#7361 = ADVANCED_FACE('',(#7362),#7373,.F.);
#7362 = FACE_BOUND('',#7363,.T.);
#7363 = EDGE_LOOP('',(#7364,#7365,#7366,#7367));
#7364 = ORIENTED_EDGE('',*,*,#4750,.T.);
#7365 = ORIENTED_EDGE('',*,*,#4716,.F.);
#7366 = ORIENTED_EDGE('',*,*,#7348,.F.);
#7367 = ORIENTED_EDGE('',*,*,#7368,.T.);
#7368 = EDGE_CURVE('',#7324,#4751,#7369,.T.);
#7369 = LINE('',#7370,#7371);
#7370 = CARTESIAN_POINT('',(-0.799999999997,-0.119999999997,
    -0.309999999962));
#7371 = VECTOR('',#7372,1.);
#7372 = DIRECTION('',(-4.564628245552E-12,-4.564538711437E-12,1.));
#7373 = PLANE('',#7374);
#7374 = AXIS2_PLACEMENT_3D('',#7375,#7376,#7377);
#7375 = CARTESIAN_POINT('',(-0.8,0.33,0.34));
#7376 = DIRECTION('',(1.,0.,0.));
#7377 = DIRECTION('',(-0.,1.,0.));
#7378 = ADVANCED_FACE('',(#7379),#7385,.T.);
#7379 = FACE_BOUND('',#7380,.T.);
#7380 = EDGE_LOOP('',(#7381,#7382,#7383,#7384));
#7381 = ORIENTED_EDGE('',*,*,#4782,.T.);
#7382 = ORIENTED_EDGE('',*,*,#7368,.F.);
#7383 = ORIENTED_EDGE('',*,*,#7323,.F.);
#7384 = ORIENTED_EDGE('',*,*,#4946,.T.);
#7385 = PLANE('',#7386);
#7386 = AXIS2_PLACEMENT_3D('',#7387,#7388,#7389);
#7387 = CARTESIAN_POINT('',(-0.815,-0.135,0.));
#7388 = DIRECTION('',(-0.707106781187,0.707106781187,0.));
#7389 = DIRECTION('',(0.,0.,1.));
#7390 = ADVANCED_FACE('',(#7391),#7416,.T.);
#7391 = FACE_BOUND('',#7392,.T.);
#7392 = EDGE_LOOP('',(#7393,#7394,#7402,#7410));
#7393 = ORIENTED_EDGE('',*,*,#6047,.T.);
#7394 = ORIENTED_EDGE('',*,*,#7395,.F.);
#7395 = EDGE_CURVE('',#7396,#6040,#7398,.T.);
#7396 = VERTEX_POINT('',#7397);
#7397 = CARTESIAN_POINT('',(-0.795,0.182566125621,-0.620585659457));
#7398 = LINE('',#7399,#7400);
#7399 = CARTESIAN_POINT('',(-0.795,0.182566125621,-0.620585659457));
#7400 = VECTOR('',#7401,1.);
#7401 = DIRECTION('',(1.370638666052E-14,-0.813811351416,-0.581129145979
    ));
#7402 = ORIENTED_EDGE('',*,*,#7403,.F.);
#7403 = EDGE_CURVE('',#7404,#7396,#7406,.T.);
#7404 = VERTEX_POINT('',#7405);
#7405 = CARTESIAN_POINT('',(-0.62,0.182566125621,-0.620585659457));
#7406 = LINE('',#7407,#7408);
#7407 = CARTESIAN_POINT('',(-0.62,0.182566125621,-0.620585659457));
#7408 = VECTOR('',#7409,1.);
#7409 = DIRECTION('',(-1.,0.,0.));
#7410 = ORIENTED_EDGE('',*,*,#7411,.T.);
#7411 = EDGE_CURVE('',#7404,#6022,#7412,.T.);
#7412 = LINE('',#7413,#7414);
#7413 = CARTESIAN_POINT('',(-0.62,0.182566125621,-0.620585659457));
#7414 = VECTOR('',#7415,1.);
#7415 = DIRECTION('',(0.,-0.813811351416,-0.581129145979));
#7416 = PLANE('',#7417);
#7417 = AXIS2_PLACEMENT_3D('',#7418,#7419,#7420);
#7418 = CARTESIAN_POINT('',(-0.62,0.182566125621,-0.620585659457));
#7419 = DIRECTION('',(0.,0.581129145979,-0.813811351416));
#7420 = DIRECTION('',(-1.,0.,0.));
#7421 = ADVANCED_FACE('',(#7422),#7540,.T.);
#7422 = FACE_BOUND('',#7423,.T.);
#7423 = EDGE_LOOP('',(#7424,#7434,#7443,#7449,#7450,#7459,#7467,#7473,
    #7474,#7475,#7482,#7483,#7491,#7500,#7508,#7516,#7525,#7533));
#7424 = ORIENTED_EDGE('',*,*,#7425,.F.);
#7425 = EDGE_CURVE('',#7426,#7428,#7430,.T.);
#7426 = VERTEX_POINT('',#7427);
#7427 = CARTESIAN_POINT('',(-0.62,0.33,-0.678563985247));
#7428 = VERTEX_POINT('',#7429);
#7429 = CARTESIAN_POINT('',(-0.62,0.33,-0.85));
#7430 = LINE('',#7431,#7432);
#7431 = CARTESIAN_POINT('',(-0.62,0.33,-0.678563985247));
#7432 = VECTOR('',#7433,1.);
#7433 = DIRECTION('',(0.,0.,-1.));
#7434 = ORIENTED_EDGE('',*,*,#7435,.F.);
#7435 = EDGE_CURVE('',#7436,#7426,#7438,.T.);
#7436 = VERTEX_POINT('',#7437);
#7437 = CARTESIAN_POINT('',(-0.62,0.297850884872,-0.609619985366));
#7438 = CIRCLE('',#7439,9.E-02);
#7439 = AXIS2_PLACEMENT_3D('',#7440,#7441,#7442);
#7440 = CARTESIAN_POINT('',(-0.62,0.24,-0.678563985247));
#7441 = DIRECTION('',(-1.,0.,0.));
#7442 = DIRECTION('',(0.,0.642787609687,0.766044443119));
#7443 = ORIENTED_EDGE('',*,*,#7444,.F.);
#7444 = EDGE_CURVE('',#2560,#7436,#7445,.T.);
#7445 = LINE('',#7446,#7447);
#7446 = CARTESIAN_POINT('',(-0.62,0.257850884872,-0.576056000119));
#7447 = VECTOR('',#7448,1.);
#7448 = DIRECTION('',(0.,0.766044443119,-0.642787609687));
#7449 = ORIENTED_EDGE('',*,*,#2559,.F.);
#7450 = ORIENTED_EDGE('',*,*,#7451,.F.);
#7451 = EDGE_CURVE('',#7452,#2550,#7454,.T.);
#7452 = VERTEX_POINT('',#7453);
#7453 = CARTESIAN_POINT('',(-0.62,0.147698376862,-0.571756978372));
#7454 = CIRCLE('',#7455,9.E-02);
#7455 = AXIS2_PLACEMENT_3D('',#7456,#7457,#7458);
#7456 = CARTESIAN_POINT('',(-0.62,0.2,-0.645));
#7457 = DIRECTION('',(-1.,0.,0.));
#7458 = DIRECTION('',(0.,-0.581129145978,0.813811351416));
#7459 = ORIENTED_EDGE('',*,*,#7460,.F.);
#7460 = EDGE_CURVE('',#7461,#7452,#7463,.T.);
#7461 = VERTEX_POINT('',#7462);
#7462 = CARTESIAN_POINT('',(-0.62,6.8E-02,-0.62866826328));
#7463 = LINE('',#7464,#7465);
#7464 = CARTESIAN_POINT('',(-0.62,6.8E-02,-0.62866826328));
#7465 = VECTOR('',#7466,1.);
#7466 = DIRECTION('',(0.,0.813811351416,0.581129145978));
#7467 = ORIENTED_EDGE('',*,*,#7468,.F.);
#7468 = EDGE_CURVE('',#6024,#7461,#7469,.T.);
#7469 = LINE('',#7470,#7471);
#7470 = CARTESIAN_POINT('',(-0.62,6.895097103431E-02,-0.63));
#7471 = VECTOR('',#7472,1.);
#7472 = DIRECTION('',(0.,-0.581129145978,0.813811351416));
#7473 = ORIENTED_EDGE('',*,*,#6021,.F.);
#7474 = ORIENTED_EDGE('',*,*,#7411,.F.);
#7475 = ORIENTED_EDGE('',*,*,#7476,.F.);
#7476 = EDGE_CURVE('',#2510,#7404,#7477,.T.);
#7477 = CIRCLE('',#7478,3.E-02);
#7478 = AXIS2_PLACEMENT_3D('',#7479,#7480,#7481);
#7479 = CARTESIAN_POINT('',(-0.62,0.2,-0.645));
#7480 = DIRECTION('',(1.,0.,-0.));
#7481 = DIRECTION('',(0.,0.642787609687,0.766044443119));
#7482 = ORIENTED_EDGE('',*,*,#2507,.F.);
#7483 = ORIENTED_EDGE('',*,*,#7484,.F.);
#7484 = EDGE_CURVE('',#7485,#2508,#7487,.T.);
#7485 = VERTEX_POINT('',#7486);
#7486 = CARTESIAN_POINT('',(-0.62,0.259283628291,-0.655582651953));
#7487 = LINE('',#7488,#7489);
#7488 = CARTESIAN_POINT('',(-0.62,0.259283628291,-0.655582651953));
#7489 = VECTOR('',#7490,1.);
#7490 = DIRECTION('',(0.,-0.766044443119,0.642787609687));
#7491 = ORIENTED_EDGE('',*,*,#7492,.F.);
#7492 = EDGE_CURVE('',#7493,#7485,#7495,.T.);
#7493 = VERTEX_POINT('',#7494);
#7494 = CARTESIAN_POINT('',(-0.62,0.27,-0.678563985247));
#7495 = CIRCLE('',#7496,3.E-02);
#7496 = AXIS2_PLACEMENT_3D('',#7497,#7498,#7499);
#7497 = CARTESIAN_POINT('',(-0.62,0.24,-0.678563985247));
#7498 = DIRECTION('',(1.,0.,0.));
#7499 = DIRECTION('',(-0.,1.,0.));
#7500 = ORIENTED_EDGE('',*,*,#7501,.F.);
#7501 = EDGE_CURVE('',#7502,#7493,#7504,.T.);
#7502 = VERTEX_POINT('',#7503);
#7503 = CARTESIAN_POINT('',(-0.62,0.27,-0.75));
#7504 = LINE('',#7505,#7506);
#7505 = CARTESIAN_POINT('',(-0.62,0.27,-0.75));
#7506 = VECTOR('',#7507,1.);
#7507 = DIRECTION('',(0.,0.,1.));
#7508 = ORIENTED_EDGE('',*,*,#7509,.F.);
#7509 = EDGE_CURVE('',#7510,#7502,#7512,.T.);
#7510 = VERTEX_POINT('',#7511);
#7511 = CARTESIAN_POINT('',(-0.62,0.2492777975,-0.8575666785));
#7512 = LINE('',#7513,#7514);
#7513 = CARTESIAN_POINT('',(-0.62,0.2492777975,-0.8575666785));
#7514 = VECTOR('',#7515,1.);
#7515 = DIRECTION('',(0.,0.189166962505,0.981944937508));
#7516 = ORIENTED_EDGE('',*,*,#7517,.F.);
#7517 = EDGE_CURVE('',#7518,#7510,#7520,.T.);
#7518 = VERTEX_POINT('',#7519);
#7519 = CARTESIAN_POINT('',(-0.62,0.21,-0.89));
#7520 = CIRCLE('',#7521,4.E-02);
#7521 = AXIS2_PLACEMENT_3D('',#7522,#7523,#7524);
#7522 = CARTESIAN_POINT('',(-0.62,0.21,-0.85));
#7523 = DIRECTION('',(1.,0.,0.));
#7524 = DIRECTION('',(0.,0.,-1.));
#7525 = ORIENTED_EDGE('',*,*,#7526,.T.);
#7526 = EDGE_CURVE('',#7518,#7527,#7529,.T.);
#7527 = VERTEX_POINT('',#7528);
#7528 = CARTESIAN_POINT('',(-0.62,0.21,-0.97));
#7529 = LINE('',#7530,#7531);
#7530 = CARTESIAN_POINT('',(-0.62,0.21,-0.89));
#7531 = VECTOR('',#7532,1.);
#7532 = DIRECTION('',(0.,0.,-1.));
#7533 = ORIENTED_EDGE('',*,*,#7534,.F.);
#7534 = EDGE_CURVE('',#7428,#7527,#7535,.T.);
#7535 = CIRCLE('',#7536,0.12);
#7536 = AXIS2_PLACEMENT_3D('',#7537,#7538,#7539);
#7537 = CARTESIAN_POINT('',(-0.62,0.21,-0.85));
#7538 = DIRECTION('',(-1.,0.,0.));
#7539 = DIRECTION('',(0.,1.,0.));
#7540 = PLANE('',#7541);
#7541 = AXIS2_PLACEMENT_3D('',#7542,#7543,#7544);
#7542 = CARTESIAN_POINT('',(-0.62,0.21,-0.88));
#7543 = DIRECTION('',(1.,0.,0.));
#7544 = DIRECTION('',(-0.,1.,0.));
#7545 = ADVANCED_FACE('',(#7546),#7580,.T.);
#7546 = FACE_BOUND('',#7547,.T.);
#7547 = EDGE_LOOP('',(#7548,#7556,#7564,#7573,#7579));
#7548 = ORIENTED_EDGE('',*,*,#7549,.T.);
#7549 = EDGE_CURVE('',#7527,#7550,#7552,.T.);
#7550 = VERTEX_POINT('',#7551);
#7551 = CARTESIAN_POINT('',(-0.7875,0.21,-0.97));
#7552 = LINE('',#7553,#7554);
#7553 = CARTESIAN_POINT('',(-0.62,0.21,-0.97));
#7554 = VECTOR('',#7555,1.);
#7555 = DIRECTION('',(-1.,0.,0.));
#7556 = ORIENTED_EDGE('',*,*,#7557,.T.);
#7557 = EDGE_CURVE('',#7550,#7558,#7560,.T.);
#7558 = VERTEX_POINT('',#7559);
#7559 = CARTESIAN_POINT('',(-0.795,0.21,-0.97));
#7560 = LINE('',#7561,#7562);
#7561 = CARTESIAN_POINT('',(-0.7875,0.21,-0.97));
#7562 = VECTOR('',#7563,1.);
#7563 = DIRECTION('',(-1.,0.,0.));
#7564 = ORIENTED_EDGE('',*,*,#7565,.F.);
#7565 = EDGE_CURVE('',#7566,#7558,#7568,.T.);
#7566 = VERTEX_POINT('',#7567);
#7567 = CARTESIAN_POINT('',(-0.795,0.33,-0.85));
#7568 = CIRCLE('',#7569,0.12);
#7569 = AXIS2_PLACEMENT_3D('',#7570,#7571,#7572);
#7570 = CARTESIAN_POINT('',(-0.795,0.21,-0.85));
#7571 = DIRECTION('',(-1.,0.,0.));
#7572 = DIRECTION('',(0.,1.,0.));
#7573 = ORIENTED_EDGE('',*,*,#7574,.F.);
#7574 = EDGE_CURVE('',#7428,#7566,#7575,.T.);
#7575 = LINE('',#7576,#7577);
#7576 = CARTESIAN_POINT('',(-0.62,0.33,-0.85));
#7577 = VECTOR('',#7578,1.);
#7578 = DIRECTION('',(-1.,0.,0.));
#7579 = ORIENTED_EDGE('',*,*,#7534,.T.);
#7580 = CYLINDRICAL_SURFACE('',#7581,0.12);
#7581 = AXIS2_PLACEMENT_3D('',#7582,#7583,#7584);
#7582 = CARTESIAN_POINT('',(-0.62,0.21,-0.85));
#7583 = DIRECTION('',(1.,-0.,0.));
#7584 = DIRECTION('',(0.,0.,1.));
#7585 = ADVANCED_FACE('',(#7586),#7604,.T.);
#7586 = FACE_BOUND('',#7587,.T.);
#7587 = EDGE_LOOP('',(#7588,#7589,#7597,#7603));
#7588 = ORIENTED_EDGE('',*,*,#7574,.T.);
#7589 = ORIENTED_EDGE('',*,*,#7590,.F.);
#7590 = EDGE_CURVE('',#7591,#7566,#7593,.T.);
#7591 = VERTEX_POINT('',#7592);
#7592 = CARTESIAN_POINT('',(-0.795,0.33,-0.678563985247));
#7593 = LINE('',#7594,#7595);
#7594 = CARTESIAN_POINT('',(-0.795,0.33,-0.678563985247));
#7595 = VECTOR('',#7596,1.);
#7596 = DIRECTION('',(0.,0.,-1.));
#7597 = ORIENTED_EDGE('',*,*,#7598,.F.);
#7598 = EDGE_CURVE('',#7426,#7591,#7599,.T.);
#7599 = LINE('',#7600,#7601);
#7600 = CARTESIAN_POINT('',(-0.62,0.33,-0.678563985247));
#7601 = VECTOR('',#7602,1.);
#7602 = DIRECTION('',(-1.,0.,0.));
#7603 = ORIENTED_EDGE('',*,*,#7425,.T.);
#7604 = PLANE('',#7605);
#7605 = AXIS2_PLACEMENT_3D('',#7606,#7607,#7608);
#7606 = CARTESIAN_POINT('',(-0.62,0.33,-0.678563985247));
#7607 = DIRECTION('',(-0.,1.,0.));
#7608 = DIRECTION('',(1.,0.,0.));
#7609 = ADVANCED_FACE('',(#7610),#7629,.T.);
#7610 = FACE_BOUND('',#7611,.T.);
#7611 = EDGE_LOOP('',(#7612,#7613,#7622,#7628));
#7612 = ORIENTED_EDGE('',*,*,#7598,.T.);
#7613 = ORIENTED_EDGE('',*,*,#7614,.F.);
#7614 = EDGE_CURVE('',#7615,#7591,#7617,.T.);
#7615 = VERTEX_POINT('',#7616);
#7616 = CARTESIAN_POINT('',(-0.795,0.297850884872,-0.609619985366));
#7617 = CIRCLE('',#7618,9.E-02);
#7618 = AXIS2_PLACEMENT_3D('',#7619,#7620,#7621);
#7619 = CARTESIAN_POINT('',(-0.795,0.24,-0.678563985247));
#7620 = DIRECTION('',(-1.,0.,0.));
#7621 = DIRECTION('',(0.,0.642787609687,0.766044443119));
#7622 = ORIENTED_EDGE('',*,*,#7623,.F.);
#7623 = EDGE_CURVE('',#7436,#7615,#7624,.T.);
#7624 = LINE('',#7625,#7626);
#7625 = CARTESIAN_POINT('',(-0.62,0.297850884872,-0.609619985366));
#7626 = VECTOR('',#7627,1.);
#7627 = DIRECTION('',(-1.,0.,0.));
#7628 = ORIENTED_EDGE('',*,*,#7435,.T.);
#7629 = CYLINDRICAL_SURFACE('',#7630,9.E-02);
#7630 = AXIS2_PLACEMENT_3D('',#7631,#7632,#7633);
#7631 = CARTESIAN_POINT('',(-0.62,0.24,-0.678563985247));
#7632 = DIRECTION('',(1.,-0.,0.));
#7633 = DIRECTION('',(0.,0.,1.));
#7634 = ADVANCED_FACE('',(#7635),#7646,.T.);
#7635 = FACE_BOUND('',#7636,.T.);
#7636 = EDGE_LOOP('',(#7637,#7638,#7644,#7645));
#7637 = ORIENTED_EDGE('',*,*,#7623,.T.);
#7638 = ORIENTED_EDGE('',*,*,#7639,.F.);
#7639 = EDGE_CURVE('',#2569,#7615,#7640,.T.);
#7640 = LINE('',#7641,#7642);
#7641 = CARTESIAN_POINT('',(-0.795,0.257850884872,-0.576056000119));
#7642 = VECTOR('',#7643,1.);
#7643 = DIRECTION('',(0.,0.766044443119,-0.642787609687));
#7644 = ORIENTED_EDGE('',*,*,#2568,.F.);
#7645 = ORIENTED_EDGE('',*,*,#7444,.T.);
#7646 = PLANE('',#7647);
#7647 = AXIS2_PLACEMENT_3D('',#7648,#7649,#7650);
#7648 = CARTESIAN_POINT('',(-0.62,0.257850884872,-0.576056000119));
#7649 = DIRECTION('',(0.,0.642787609687,0.766044443119));
#7650 = DIRECTION('',(1.,-0.,0.));
#7651 = ADVANCED_FACE('',(#7652),#7671,.T.);
#7652 = FACE_BOUND('',#7653,.T.);
#7653 = EDGE_LOOP('',(#7654,#7655,#7664,#7670));
#7654 = ORIENTED_EDGE('',*,*,#2549,.T.);
#7655 = ORIENTED_EDGE('',*,*,#7656,.F.);
#7656 = EDGE_CURVE('',#7657,#2552,#7659,.T.);
#7657 = VERTEX_POINT('',#7658);
#7658 = CARTESIAN_POINT('',(-0.795,0.147698376862,-0.571756978372));
#7659 = CIRCLE('',#7660,9.E-02);
#7660 = AXIS2_PLACEMENT_3D('',#7661,#7662,#7663);
#7661 = CARTESIAN_POINT('',(-0.795,0.2,-0.645));
#7662 = DIRECTION('',(-1.,0.,0.));
#7663 = DIRECTION('',(0.,-0.581129145978,0.813811351416));
#7664 = ORIENTED_EDGE('',*,*,#7665,.F.);
#7665 = EDGE_CURVE('',#7452,#7657,#7666,.T.);
#7666 = LINE('',#7667,#7668);
#7667 = CARTESIAN_POINT('',(-0.62,0.147698376862,-0.571756978372));
#7668 = VECTOR('',#7669,1.);
#7669 = DIRECTION('',(-1.,0.,0.));
#7670 = ORIENTED_EDGE('',*,*,#7451,.T.);
#7671 = CYLINDRICAL_SURFACE('',#7672,9.E-02);
#7672 = AXIS2_PLACEMENT_3D('',#7673,#7674,#7675);
#7673 = CARTESIAN_POINT('',(-0.62,0.2,-0.645));
#7674 = DIRECTION('',(1.,-0.,0.));
#7675 = DIRECTION('',(0.,0.,1.));
#7676 = ADVANCED_FACE('',(#7677),#7695,.T.);
#7677 = FACE_BOUND('',#7678,.T.);
#7678 = EDGE_LOOP('',(#7679,#7680,#7688,#7694));
#7679 = ORIENTED_EDGE('',*,*,#7665,.T.);
#7680 = ORIENTED_EDGE('',*,*,#7681,.F.);
#7681 = EDGE_CURVE('',#7682,#7657,#7684,.T.);
#7682 = VERTEX_POINT('',#7683);
#7683 = CARTESIAN_POINT('',(-0.795,6.8E-02,-0.62866826328));
#7684 = LINE('',#7685,#7686);
#7685 = CARTESIAN_POINT('',(-0.795,6.8E-02,-0.62866826328));
#7686 = VECTOR('',#7687,1.);
#7687 = DIRECTION('',(0.,0.813811351416,0.581129145978));
#7688 = ORIENTED_EDGE('',*,*,#7689,.F.);
#7689 = EDGE_CURVE('',#7461,#7682,#7690,.T.);
#7690 = LINE('',#7691,#7692);
#7691 = CARTESIAN_POINT('',(-0.62,6.8E-02,-0.62866826328));
#7692 = VECTOR('',#7693,1.);
#7693 = DIRECTION('',(-1.,0.,0.));
#7694 = ORIENTED_EDGE('',*,*,#7460,.T.);
#7695 = PLANE('',#7696);
#7696 = AXIS2_PLACEMENT_3D('',#7697,#7698,#7699);
#7697 = CARTESIAN_POINT('',(-0.62,6.8E-02,-0.62866826328));
#7698 = DIRECTION('',(0.,-0.581129145978,0.813811351416));
#7699 = DIRECTION('',(-1.,0.,0.));
#7700 = ADVANCED_FACE('',(#7701),#7712,.T.);
#7701 = FACE_BOUND('',#7702,.T.);
#7702 = EDGE_LOOP('',(#7703,#7704,#7710,#7711));
#7703 = ORIENTED_EDGE('',*,*,#7689,.T.);
#7704 = ORIENTED_EDGE('',*,*,#7705,.F.);
#7705 = EDGE_CURVE('',#6032,#7682,#7706,.T.);
#7706 = LINE('',#7707,#7708);
#7707 = CARTESIAN_POINT('',(-0.795,6.895097103431E-02,-0.63));
#7708 = VECTOR('',#7709,1.);
#7709 = DIRECTION('',(-1.356892975435E-13,-0.581129145978,0.813811351416
    ));
#7710 = ORIENTED_EDGE('',*,*,#6031,.F.);
#7711 = ORIENTED_EDGE('',*,*,#7468,.T.);
#7712 = PLANE('',#7713);
#7713 = AXIS2_PLACEMENT_3D('',#7714,#7715,#7716);
#7714 = CARTESIAN_POINT('',(-0.62,0.102867748759,-0.677496944365));
#7715 = DIRECTION('',(0.,-0.813811351416,-0.581129145978));
#7716 = DIRECTION('',(0.,0.581129145978,-0.813811351416));
#7717 = ADVANCED_FACE('',(#7718),#7786,.T.);
#7718 = FACE_BOUND('',#7719,.T.);
#7719 = EDGE_LOOP('',(#7720,#7721,#7722,#7723,#7724,#7725,#7726,#7727,
    #7728,#7729,#7737,#7746,#7754,#7762,#7771,#7777,#7778,#7785));
#7720 = ORIENTED_EDGE('',*,*,#6039,.T.);
#7721 = ORIENTED_EDGE('',*,*,#7705,.T.);
#7722 = ORIENTED_EDGE('',*,*,#7681,.T.);
#7723 = ORIENTED_EDGE('',*,*,#7656,.T.);
#7724 = ORIENTED_EDGE('',*,*,#2576,.T.);
#7725 = ORIENTED_EDGE('',*,*,#7639,.T.);
#7726 = ORIENTED_EDGE('',*,*,#7614,.T.);
#7727 = ORIENTED_EDGE('',*,*,#7590,.T.);
#7728 = ORIENTED_EDGE('',*,*,#7565,.T.);
#7729 = ORIENTED_EDGE('',*,*,#7730,.T.);
#7730 = EDGE_CURVE('',#7558,#7731,#7733,.T.);
#7731 = VERTEX_POINT('',#7732);
#7732 = CARTESIAN_POINT('',(-0.795,0.21,-0.89));
#7733 = LINE('',#7734,#7735);
#7734 = CARTESIAN_POINT('',(-0.795,0.21,-0.97));
#7735 = VECTOR('',#7736,1.);
#7736 = DIRECTION('',(0.,0.,1.));
#7737 = ORIENTED_EDGE('',*,*,#7738,.T.);
#7738 = EDGE_CURVE('',#7731,#7739,#7741,.T.);
#7739 = VERTEX_POINT('',#7740);
#7740 = CARTESIAN_POINT('',(-0.795,0.2492777975,-0.8575666785));
#7741 = CIRCLE('',#7742,4.E-02);
#7742 = AXIS2_PLACEMENT_3D('',#7743,#7744,#7745);
#7743 = CARTESIAN_POINT('',(-0.795,0.21,-0.85));
#7744 = DIRECTION('',(1.,0.,0.));
#7745 = DIRECTION('',(0.,0.,-1.));
#7746 = ORIENTED_EDGE('',*,*,#7747,.T.);
#7747 = EDGE_CURVE('',#7739,#7748,#7750,.T.);
#7748 = VERTEX_POINT('',#7749);
#7749 = CARTESIAN_POINT('',(-0.795,0.27,-0.75));
#7750 = LINE('',#7751,#7752);
#7751 = CARTESIAN_POINT('',(-0.795,0.2492777975,-0.8575666785));
#7752 = VECTOR('',#7753,1.);
#7753 = DIRECTION('',(0.,0.189166962505,0.981944937508));
#7754 = ORIENTED_EDGE('',*,*,#7755,.T.);
#7755 = EDGE_CURVE('',#7748,#7756,#7758,.T.);
#7756 = VERTEX_POINT('',#7757);
#7757 = CARTESIAN_POINT('',(-0.795,0.27,-0.678563985247));
#7758 = LINE('',#7759,#7760);
#7759 = CARTESIAN_POINT('',(-0.795,0.27,-0.75));
#7760 = VECTOR('',#7761,1.);
#7761 = DIRECTION('',(0.,0.,1.));
#7762 = ORIENTED_EDGE('',*,*,#7763,.T.);
#7763 = EDGE_CURVE('',#7756,#7764,#7766,.T.);
#7764 = VERTEX_POINT('',#7765);
#7765 = CARTESIAN_POINT('',(-0.795,0.259283628291,-0.655582651953));
#7766 = CIRCLE('',#7767,3.E-02);
#7767 = AXIS2_PLACEMENT_3D('',#7768,#7769,#7770);
#7768 = CARTESIAN_POINT('',(-0.795,0.24,-0.678563985247));
#7769 = DIRECTION('',(1.,0.,0.));
#7770 = DIRECTION('',(-0.,1.,0.));
#7771 = ORIENTED_EDGE('',*,*,#7772,.T.);
#7772 = EDGE_CURVE('',#7764,#2519,#7773,.T.);
#7773 = LINE('',#7774,#7775);
#7774 = CARTESIAN_POINT('',(-0.795,0.259283628291,-0.655582651953));
#7775 = VECTOR('',#7776,1.);
#7776 = DIRECTION('',(0.,-0.766044443119,0.642787609687));
#7777 = ORIENTED_EDGE('',*,*,#2526,.T.);
#7778 = ORIENTED_EDGE('',*,*,#7779,.T.);
#7779 = EDGE_CURVE('',#2527,#7396,#7780,.T.);
#7780 = CIRCLE('',#7781,3.E-02);
#7781 = AXIS2_PLACEMENT_3D('',#7782,#7783,#7784);
#7782 = CARTESIAN_POINT('',(-0.795,0.2,-0.645));
#7783 = DIRECTION('',(1.,0.,-0.));
#7784 = DIRECTION('',(0.,0.642787609687,0.766044443119));
#7785 = ORIENTED_EDGE('',*,*,#7395,.T.);
#7786 = PLANE('',#7787);
#7787 = AXIS2_PLACEMENT_3D('',#7788,#7789,#7790);
#7788 = CARTESIAN_POINT('',(-0.795,0.17,-0.88));
#7789 = DIRECTION('',(-1.,0.,0.));
#7790 = DIRECTION('',(0.,0.,1.));
#7791 = ADVANCED_FACE('',(#7792),#7798,.F.);
#7792 = FACE_BOUND('',#7793,.F.);
#7793 = EDGE_LOOP('',(#7794,#7795,#7796,#7797));
#7794 = ORIENTED_EDGE('',*,*,#7779,.T.);
#7795 = ORIENTED_EDGE('',*,*,#7403,.F.);
#7796 = ORIENTED_EDGE('',*,*,#7476,.F.);
#7797 = ORIENTED_EDGE('',*,*,#2535,.F.);
#7798 = CYLINDRICAL_SURFACE('',#7799,3.E-02);
#7799 = AXIS2_PLACEMENT_3D('',#7800,#7801,#7802);
#7800 = CARTESIAN_POINT('',(-0.62,0.2,-0.645));
#7801 = DIRECTION('',(1.,-0.,0.));
#7802 = DIRECTION('',(0.,0.,1.));
#7803 = ADVANCED_FACE('',(#7804),#7815,.T.);
#7804 = FACE_BOUND('',#7805,.T.);
#7805 = EDGE_LOOP('',(#7806,#7807,#7808,#7814));
#7806 = ORIENTED_EDGE('',*,*,#2518,.T.);
#7807 = ORIENTED_EDGE('',*,*,#7772,.F.);
#7808 = ORIENTED_EDGE('',*,*,#7809,.F.);
#7809 = EDGE_CURVE('',#7485,#7764,#7810,.T.);
#7810 = LINE('',#7811,#7812);
#7811 = CARTESIAN_POINT('',(-0.62,0.259283628291,-0.655582651953));
#7812 = VECTOR('',#7813,1.);
#7813 = DIRECTION('',(-1.,0.,0.));
#7814 = ORIENTED_EDGE('',*,*,#7484,.T.);
#7815 = PLANE('',#7816);
#7816 = AXIS2_PLACEMENT_3D('',#7817,#7818,#7819);
#7817 = CARTESIAN_POINT('',(-0.62,0.259283628291,-0.655582651953));
#7818 = DIRECTION('',(0.,-0.642787609687,-0.766044443119));
#7819 = DIRECTION('',(0.,-0.766044443119,0.642787609687));
#7820 = ADVANCED_FACE('',(#7821),#7832,.F.);
#7821 = FACE_BOUND('',#7822,.F.);
#7822 = EDGE_LOOP('',(#7823,#7824,#7830,#7831));
#7823 = ORIENTED_EDGE('',*,*,#7492,.F.);
#7824 = ORIENTED_EDGE('',*,*,#7825,.T.);
#7825 = EDGE_CURVE('',#7493,#7756,#7826,.T.);
#7826 = LINE('',#7827,#7828);
#7827 = CARTESIAN_POINT('',(-0.62,0.27,-0.678563985247));
#7828 = VECTOR('',#7829,1.);
#7829 = DIRECTION('',(-1.,0.,0.));
#7830 = ORIENTED_EDGE('',*,*,#7763,.T.);
#7831 = ORIENTED_EDGE('',*,*,#7809,.F.);
#7832 = CYLINDRICAL_SURFACE('',#7833,3.E-02);
#7833 = AXIS2_PLACEMENT_3D('',#7834,#7835,#7836);
#7834 = CARTESIAN_POINT('',(-0.62,0.24,-0.678563985247));
#7835 = DIRECTION('',(1.,-0.,0.));
#7836 = DIRECTION('',(0.,0.,1.));
#7837 = ADVANCED_FACE('',(#7838),#7849,.T.);
#7838 = FACE_BOUND('',#7839,.T.);
#7839 = EDGE_LOOP('',(#7840,#7841,#7842,#7848));
#7840 = ORIENTED_EDGE('',*,*,#7825,.T.);
#7841 = ORIENTED_EDGE('',*,*,#7755,.F.);
#7842 = ORIENTED_EDGE('',*,*,#7843,.F.);
#7843 = EDGE_CURVE('',#7502,#7748,#7844,.T.);
#7844 = LINE('',#7845,#7846);
#7845 = CARTESIAN_POINT('',(-0.62,0.27,-0.75));
#7846 = VECTOR('',#7847,1.);
#7847 = DIRECTION('',(-1.,0.,0.));
#7848 = ORIENTED_EDGE('',*,*,#7501,.T.);
#7849 = PLANE('',#7850);
#7850 = AXIS2_PLACEMENT_3D('',#7851,#7852,#7853);
#7851 = CARTESIAN_POINT('',(-0.62,0.27,-0.75));
#7852 = DIRECTION('',(0.,-1.,0.));
#7853 = DIRECTION('',(0.,0.,-1.));
#7854 = ADVANCED_FACE('',(#7855),#7866,.T.);
#7855 = FACE_BOUND('',#7856,.T.);
#7856 = EDGE_LOOP('',(#7857,#7858,#7859,#7865));
#7857 = ORIENTED_EDGE('',*,*,#7843,.T.);
#7858 = ORIENTED_EDGE('',*,*,#7747,.F.);
#7859 = ORIENTED_EDGE('',*,*,#7860,.F.);
#7860 = EDGE_CURVE('',#7510,#7739,#7861,.T.);
#7861 = LINE('',#7862,#7863);
#7862 = CARTESIAN_POINT('',(-0.62,0.2492777975,-0.8575666785));
#7863 = VECTOR('',#7864,1.);
#7864 = DIRECTION('',(-1.,0.,0.));
#7865 = ORIENTED_EDGE('',*,*,#7509,.T.);
#7866 = PLANE('',#7867);
#7867 = AXIS2_PLACEMENT_3D('',#7868,#7869,#7870);
#7868 = CARTESIAN_POINT('',(-0.62,0.2492777975,-0.8575666785));
#7869 = DIRECTION('',(0.,-0.981944937508,0.189166962505));
#7870 = DIRECTION('',(-1.,0.,0.));
#7871 = ADVANCED_FACE('',(#7872),#7891,.F.);
#7872 = FACE_BOUND('',#7873,.F.);
#7873 = EDGE_LOOP('',(#7874,#7875,#7883,#7889,#7890));
#7874 = ORIENTED_EDGE('',*,*,#7517,.F.);
#7875 = ORIENTED_EDGE('',*,*,#7876,.T.);
#7876 = EDGE_CURVE('',#7518,#7877,#7879,.T.);
#7877 = VERTEX_POINT('',#7878);
#7878 = CARTESIAN_POINT('',(-0.7875,0.21,-0.89));
#7879 = LINE('',#7880,#7881);
#7880 = CARTESIAN_POINT('',(-0.62,0.21,-0.89));
#7881 = VECTOR('',#7882,1.);
#7882 = DIRECTION('',(-1.,0.,0.));
#7883 = ORIENTED_EDGE('',*,*,#7884,.T.);
#7884 = EDGE_CURVE('',#7877,#7731,#7885,.T.);
#7885 = LINE('',#7886,#7887);
#7886 = CARTESIAN_POINT('',(-0.7875,0.21,-0.89));
#7887 = VECTOR('',#7888,1.);
#7888 = DIRECTION('',(-1.,0.,0.));
#7889 = ORIENTED_EDGE('',*,*,#7738,.T.);
#7890 = ORIENTED_EDGE('',*,*,#7860,.F.);
#7891 = CYLINDRICAL_SURFACE('',#7892,4.E-02);
#7892 = AXIS2_PLACEMENT_3D('',#7893,#7894,#7895);
#7893 = CARTESIAN_POINT('',(-0.62,0.21,-0.85));
#7894 = DIRECTION('',(1.,-0.,0.));
#7895 = DIRECTION('',(0.,0.,1.));
#7896 = ADVANCED_FACE('',(#7897),#7931,.T.);
#7897 = FACE_BOUND('',#7898,.T.);
#7898 = EDGE_LOOP('',(#7899,#7907,#7915,#7923,#7929,#7930));
#7899 = ORIENTED_EDGE('',*,*,#7900,.F.);
#7900 = EDGE_CURVE('',#7901,#7877,#7903,.T.);
#7901 = VERTEX_POINT('',#7902);
#7902 = CARTESIAN_POINT('',(-0.7875,0.21,-0.88));
#7903 = LINE('',#7904,#7905);
#7904 = CARTESIAN_POINT('',(-0.7875,0.21,-0.88));
#7905 = VECTOR('',#7906,1.);
#7906 = DIRECTION('',(-1.110223024625E-14,0.,-1.));
#7907 = ORIENTED_EDGE('',*,*,#7908,.T.);
#7908 = EDGE_CURVE('',#7901,#7909,#7911,.T.);
#7909 = VERTEX_POINT('',#7910);
#7910 = CARTESIAN_POINT('',(-0.6125,0.21,-0.88));
#7911 = LINE('',#7912,#7913);
#7912 = CARTESIAN_POINT('',(-0.7875,0.21,-0.88));
#7913 = VECTOR('',#7914,1.);
#7914 = DIRECTION('',(1.,0.,0.));
#7915 = ORIENTED_EDGE('',*,*,#7916,.T.);
#7916 = EDGE_CURVE('',#7909,#7917,#7919,.T.);
#7917 = VERTEX_POINT('',#7918);
#7918 = CARTESIAN_POINT('',(-0.6125,0.21,-0.97));
#7919 = LINE('',#7920,#7921);
#7920 = CARTESIAN_POINT('',(-0.6125,0.21,-0.88));
#7921 = VECTOR('',#7922,1.);
#7922 = DIRECTION('',(0.,0.,-1.));
#7923 = ORIENTED_EDGE('',*,*,#7924,.F.);
#7924 = EDGE_CURVE('',#7527,#7917,#7925,.T.);
#7925 = LINE('',#7926,#7927);
#7926 = CARTESIAN_POINT('',(-0.62,0.21,-0.97));
#7927 = VECTOR('',#7928,1.);
#7928 = DIRECTION('',(1.,0.,0.));
#7929 = ORIENTED_EDGE('',*,*,#7526,.F.);
#7930 = ORIENTED_EDGE('',*,*,#7876,.T.);
#7931 = PLANE('',#7932);
#7932 = AXIS2_PLACEMENT_3D('',#7933,#7934,#7935);
#7933 = CARTESIAN_POINT('',(-0.7875,0.21,-0.88));
#7934 = DIRECTION('',(-0.,1.,0.));
#7935 = DIRECTION('',(1.,0.,0.));
#7936 = ADVANCED_FACE('',(#7937),#8078,.F.);
#7937 = FACE_BOUND('',#7938,.T.);
#7938 = EDGE_LOOP('',(#7939,#7950,#7958,#7967,#7973,#7974,#7975,#7983,
    #7991,#7999,#8008,#8016,#8025,#8033,#8039,#8040,#8048,#8056,#8064,
    #8072));
#7939 = ORIENTED_EDGE('',*,*,#7940,.T.);
#7940 = EDGE_CURVE('',#7941,#7943,#7945,.T.);
#7941 = VERTEX_POINT('',#7942);
#7942 = CARTESIAN_POINT('',(-0.919915551624,0.140293554215,-0.97));
#7943 = VERTEX_POINT('',#7944);
#7944 = CARTESIAN_POINT('',(-0.893128855695,0.13,-0.97));
#7945 = CIRCLE('',#7946,4.E-02);
#7946 = AXIS2_PLACEMENT_3D('',#7947,#7948,#7949);
#7947 = CARTESIAN_POINT('',(-0.893128855695,0.17,-0.97));
#7948 = DIRECTION('',(0.,0.,1.));
#7949 = DIRECTION('',(-0.669667398228,-0.742661144635,0.));
#7950 = ORIENTED_EDGE('',*,*,#7951,.T.);
#7951 = EDGE_CURVE('',#7943,#7952,#7954,.T.);
#7952 = VERTEX_POINT('',#7953);
#7953 = CARTESIAN_POINT('',(-0.8275,0.13,-0.97));
#7954 = LINE('',#7955,#7956);
#7955 = CARTESIAN_POINT('',(-0.893128855695,0.13,-0.97));
#7956 = VECTOR('',#7957,1.);
#7957 = DIRECTION('',(1.,0.,0.));
#7958 = ORIENTED_EDGE('',*,*,#7959,.T.);
#7959 = EDGE_CURVE('',#7952,#7960,#7962,.T.);
#7960 = VERTEX_POINT('',#7961);
#7961 = CARTESIAN_POINT('',(-0.7875,0.17,-0.97));
#7962 = CIRCLE('',#7963,4.E-02);
#7963 = AXIS2_PLACEMENT_3D('',#7964,#7965,#7966);
#7964 = CARTESIAN_POINT('',(-0.8275,0.17,-0.97));
#7965 = DIRECTION('',(0.,0.,1.));
#7966 = DIRECTION('',(0.,-1.,0.));
#7967 = ORIENTED_EDGE('',*,*,#7968,.T.);
#7968 = EDGE_CURVE('',#7960,#7550,#7969,.T.);
#7969 = LINE('',#7970,#7971);
#7970 = CARTESIAN_POINT('',(-0.7875,0.17,-0.97));
#7971 = VECTOR('',#7972,1.);
#7972 = DIRECTION('',(0.,1.,0.));
#7973 = ORIENTED_EDGE('',*,*,#7549,.F.);
#7974 = ORIENTED_EDGE('',*,*,#7924,.T.);
#7975 = ORIENTED_EDGE('',*,*,#7976,.T.);
#7976 = EDGE_CURVE('',#7917,#7977,#7979,.T.);
#7977 = VERTEX_POINT('',#7978);
#7978 = CARTESIAN_POINT('',(-0.6125,-0.12,-0.97));
#7979 = LINE('',#7980,#7981);
#7980 = CARTESIAN_POINT('',(-0.6125,0.21,-0.97));
#7981 = VECTOR('',#7982,1.);
#7982 = DIRECTION('',(0.,-1.,0.));
#7983 = ORIENTED_EDGE('',*,*,#7984,.T.);
#7984 = EDGE_CURVE('',#7977,#7985,#7987,.T.);
#7985 = VERTEX_POINT('',#7986);
#7986 = CARTESIAN_POINT('',(-0.6625,-0.17,-0.97));
#7987 = LINE('',#7988,#7989);
#7988 = CARTESIAN_POINT('',(-0.6125,-0.12,-0.97));
#7989 = VECTOR('',#7990,1.);
#7990 = DIRECTION('',(-0.707106781187,-0.707106781186,0.));
#7991 = ORIENTED_EDGE('',*,*,#7992,.T.);
#7992 = EDGE_CURVE('',#7985,#7993,#7995,.T.);
#7993 = VERTEX_POINT('',#7994);
#7994 = CARTESIAN_POINT('',(-0.964,-0.17,-0.97));
#7995 = LINE('',#7996,#7997);
#7996 = CARTESIAN_POINT('',(-0.6625,-0.17,-0.97));
#7997 = VECTOR('',#7998,1.);
#7998 = DIRECTION('',(-1.,0.,0.));
#7999 = ORIENTED_EDGE('',*,*,#8000,.T.);
#8000 = EDGE_CURVE('',#7993,#8001,#8003,.T.);
#8001 = VERTEX_POINT('',#8002);
#8002 = CARTESIAN_POINT('',(-1.030966739823,-0.144266114463,-0.97));
#8003 = CIRCLE('',#8004,0.1);
#8004 = AXIS2_PLACEMENT_3D('',#8005,#8006,#8007);
#8005 = CARTESIAN_POINT('',(-0.964,-7.E-02,-0.97));
#8006 = DIRECTION('',(0.,0.,-1.));
#8007 = DIRECTION('',(0.,-1.,0.));
#8008 = ORIENTED_EDGE('',*,*,#8009,.T.);
#8009 = EDGE_CURVE('',#8001,#8010,#8012,.T.);
#8010 = VERTEX_POINT('',#8011);
#8011 = CARTESIAN_POINT('',(-1.184598981703,-5.733885536508E-03,-0.97));
#8012 = LINE('',#8013,#8014);
#8013 = CARTESIAN_POINT('',(-1.030966739823,-0.144266114463,-0.97));
#8014 = VECTOR('',#8015,1.);
#8015 = DIRECTION('',(-0.742661144635,0.669667398228,0.));
#8016 = ORIENTED_EDGE('',*,*,#8017,.T.);
#8017 = EDGE_CURVE('',#8010,#8018,#8020,.T.);
#8018 = VERTEX_POINT('',#8019);
#8019 = CARTESIAN_POINT('',(-1.251565721526,2.E-02,-0.97));
#8020 = CIRCLE('',#8021,0.1);
#8021 = AXIS2_PLACEMENT_3D('',#8022,#8023,#8024);
#8022 = CARTESIAN_POINT('',(-1.251565721526,-8.E-02,-0.97));
#8023 = DIRECTION('',(0.,-0.,1.));
#8024 = DIRECTION('',(0.669667398228,0.742661144635,0.));
#8025 = ORIENTED_EDGE('',*,*,#8026,.F.);
#8026 = EDGE_CURVE('',#8027,#8018,#8029,.T.);
#8027 = VERTEX_POINT('',#8028);
#8028 = CARTESIAN_POINT('',(-1.58,2.E-02,-0.97));
#8029 = LINE('',#8030,#8031);
#8030 = CARTESIAN_POINT('',(-1.58,2.E-02,-0.97));
#8031 = VECTOR('',#8032,1.);
#8032 = DIRECTION('',(1.,0.,0.));
#8033 = ORIENTED_EDGE('',*,*,#8034,.T.);
#8034 = EDGE_CURVE('',#8027,#4195,#8035,.T.);
#8035 = LINE('',#8036,#8037);
#8036 = CARTESIAN_POINT('',(-1.58,2.E-02,-0.97));
#8037 = VECTOR('',#8038,1.);
#8038 = DIRECTION('',(0.,1.,0.));
#8039 = ORIENTED_EDGE('',*,*,#4194,.F.);
#8040 = ORIENTED_EDGE('',*,*,#8041,.T.);
#8041 = EDGE_CURVE('',#4187,#8042,#8044,.T.);
#8042 = VERTEX_POINT('',#8043);
#8043 = CARTESIAN_POINT('',(-1.37,0.43,-0.97));
#8044 = LINE('',#8045,#8046);
#8045 = CARTESIAN_POINT('',(-1.37,0.33,-0.97));
#8046 = VECTOR('',#8047,1.);
#8047 = DIRECTION('',(0.,1.,0.));
#8048 = ORIENTED_EDGE('',*,*,#8049,.F.);
#8049 = EDGE_CURVE('',#8050,#8042,#8052,.T.);
#8050 = VERTEX_POINT('',#8051);
#8051 = CARTESIAN_POINT('',(-1.12,0.43,-0.97));
#8052 = LINE('',#8053,#8054);
#8053 = CARTESIAN_POINT('',(-1.12,0.43,-0.97));
#8054 = VECTOR('',#8055,1.);
#8055 = DIRECTION('',(-1.,0.,0.));
#8056 = ORIENTED_EDGE('',*,*,#8057,.F.);
#8057 = EDGE_CURVE('',#8058,#8050,#8060,.T.);
#8058 = VERTEX_POINT('',#8059);
#8059 = CARTESIAN_POINT('',(-1.12,0.33,-0.97));
#8060 = LINE('',#8061,#8062);
#8061 = CARTESIAN_POINT('',(-1.12,0.33,-0.97));
#8062 = VECTOR('',#8063,1.);
#8063 = DIRECTION('',(0.,1.,0.));
#8064 = ORIENTED_EDGE('',*,*,#8065,.T.);
#8065 = EDGE_CURVE('',#8058,#8066,#8068,.T.);
#8066 = VERTEX_POINT('',#8067);
#8067 = CARTESIAN_POINT('',(-1.1303,0.33,-0.97));
#8068 = LINE('',#8069,#8070);
#8069 = CARTESIAN_POINT('',(-1.12,0.33,-0.97));
#8070 = VECTOR('',#8071,1.);
#8071 = DIRECTION('',(-1.,-1.077886431675E-14,0.));
#8072 = ORIENTED_EDGE('',*,*,#8073,.T.);
#8073 = EDGE_CURVE('',#8066,#7941,#8074,.T.);
#8074 = LINE('',#8075,#8076);
#8075 = CARTESIAN_POINT('',(-1.1303,0.33,-0.97));
#8076 = VECTOR('',#8077,1.);
#8077 = DIRECTION('',(0.742661144635,-0.669667398228,0.));
#8078 = PLANE('',#8079);
#8079 = AXIS2_PLACEMENT_3D('',#8080,#8081,#8082);
#8080 = CARTESIAN_POINT('',(-1.5,2.E-02,-0.97));
#8081 = DIRECTION('',(0.,0.,1.));
#8082 = DIRECTION('',(1.,0.,-0.));
#8083 = ADVANCED_FACE('',(#8084),#8109,.T.);
#8084 = FACE_BOUND('',#8085,.T.);
#8085 = EDGE_LOOP('',(#8086,#8096,#8102,#8103));
#8086 = ORIENTED_EDGE('',*,*,#8087,.T.);
#8087 = EDGE_CURVE('',#8088,#8090,#8092,.T.);
#8088 = VERTEX_POINT('',#8089);
#8089 = CARTESIAN_POINT('',(-1.1303,0.33,-0.88));
#8090 = VERTEX_POINT('',#8091);
#8091 = CARTESIAN_POINT('',(-0.919915551624,0.140293554215,-0.88));
#8092 = LINE('',#8093,#8094);
#8093 = CARTESIAN_POINT('',(-1.1303,0.33,-0.88));
#8094 = VECTOR('',#8095,1.);
#8095 = DIRECTION('',(0.742661144635,-0.669667398228,0.));
#8096 = ORIENTED_EDGE('',*,*,#8097,.T.);
#8097 = EDGE_CURVE('',#8090,#7941,#8098,.T.);
#8098 = LINE('',#8099,#8100);
#8099 = CARTESIAN_POINT('',(-0.919915551624,0.140293554215,-0.88));
#8100 = VECTOR('',#8101,1.);
#8101 = DIRECTION('',(0.,0.,-1.));
#8102 = ORIENTED_EDGE('',*,*,#8073,.F.);
#8103 = ORIENTED_EDGE('',*,*,#8104,.F.);
#8104 = EDGE_CURVE('',#8088,#8066,#8105,.T.);
#8105 = LINE('',#8106,#8107);
#8106 = CARTESIAN_POINT('',(-1.1303,0.33,-0.88));
#8107 = VECTOR('',#8108,1.);
#8108 = DIRECTION('',(0.,0.,-1.));
#8109 = PLANE('',#8110);
#8110 = AXIS2_PLACEMENT_3D('',#8111,#8112,#8113);
#8111 = CARTESIAN_POINT('',(-1.1303,0.33,-0.88));
#8112 = DIRECTION('',(0.669667398228,0.742661144635,0.));
#8113 = DIRECTION('',(0.,0.,-1.));
#8114 = ADVANCED_FACE('',(#8115),#8131,.F.);
#8115 = FACE_BOUND('',#8116,.T.);
#8116 = EDGE_LOOP('',(#8117,#8118,#8119,#8125));
#8117 = ORIENTED_EDGE('',*,*,#8104,.T.);
#8118 = ORIENTED_EDGE('',*,*,#8065,.F.);
#8119 = ORIENTED_EDGE('',*,*,#8120,.F.);
#8120 = EDGE_CURVE('',#4357,#8058,#8121,.T.);
#8121 = LINE('',#8122,#8123);
#8122 = CARTESIAN_POINT('',(-1.0253078203,0.33,-0.88));
#8123 = VECTOR('',#8124,1.);
#8124 = DIRECTION('',(-0.724837235836,0.,-0.688920156147));
#8125 = ORIENTED_EDGE('',*,*,#8126,.F.);
#8126 = EDGE_CURVE('',#8088,#4357,#8127,.T.);
#8127 = LINE('',#8128,#8129);
#8128 = CARTESIAN_POINT('',(-1.1303,0.33,-0.88));
#8129 = VECTOR('',#8130,1.);
#8130 = DIRECTION('',(1.,0.,0.));
#8131 = PLANE('',#8132);
#8132 = AXIS2_PLACEMENT_3D('',#8133,#8134,#8135);
#8133 = CARTESIAN_POINT('',(0.,0.33,0.));
#8134 = DIRECTION('',(-0.,1.,0.));
#8135 = DIRECTION('',(1.,0.,0.));
#8136 = ADVANCED_FACE('',(#8137),#8169,.F.);
#8137 = FACE_BOUND('',#8138,.T.);
#8138 = EDGE_LOOP('',(#8139,#8147,#8155,#8163));
#8139 = ORIENTED_EDGE('',*,*,#8140,.F.);
#8140 = EDGE_CURVE('',#8141,#4387,#8143,.T.);
#8141 = VERTEX_POINT('',#8142);
#8142 = CARTESIAN_POINT('',(-1.12,0.33,0.97));
#8143 = LINE('',#8144,#8145);
#8144 = CARTESIAN_POINT('',(-1.12,0.33,0.97));
#8145 = VECTOR('',#8146,1.);
#8146 = DIRECTION('',(0.724837235836,0.,-0.688920156147));
#8147 = ORIENTED_EDGE('',*,*,#8148,.F.);
#8148 = EDGE_CURVE('',#8149,#8141,#8151,.T.);
#8149 = VERTEX_POINT('',#8150);
#8150 = CARTESIAN_POINT('',(-1.13,0.33,0.97));
#8151 = LINE('',#8152,#8153);
#8152 = CARTESIAN_POINT('',(-1.13,0.33,0.97));
#8153 = VECTOR('',#8154,1.);
#8154 = DIRECTION('',(1.,0.,0.));
#8155 = ORIENTED_EDGE('',*,*,#8156,.F.);
#8156 = EDGE_CURVE('',#8157,#8149,#8159,.T.);
#8157 = VERTEX_POINT('',#8158);
#8158 = CARTESIAN_POINT('',(-1.13,0.33,0.88));
#8159 = LINE('',#8160,#8161);
#8160 = CARTESIAN_POINT('',(-1.13,0.33,0.88));
#8161 = VECTOR('',#8162,1.);
#8162 = DIRECTION('',(0.,0.,1.));
#8163 = ORIENTED_EDGE('',*,*,#8164,.F.);
#8164 = EDGE_CURVE('',#4387,#8157,#8165,.T.);
#8165 = LINE('',#8166,#8167);
#8166 = CARTESIAN_POINT('',(-1.0253078203,0.33,0.88));
#8167 = VECTOR('',#8168,1.);
#8168 = DIRECTION('',(-1.,0.,0.));
#8169 = PLANE('',#8170);
#8170 = AXIS2_PLACEMENT_3D('',#8171,#8172,#8173);
#8171 = CARTESIAN_POINT('',(0.,0.33,0.));
#8172 = DIRECTION('',(-0.,1.,0.));
#8173 = DIRECTION('',(1.,0.,0.));
#8174 = ADVANCED_FACE('',(#8175),#8207,.F.);
#8175 = FACE_BOUND('',#8176,.T.);
#8176 = EDGE_LOOP('',(#8177,#8185,#8193,#8201));
#8177 = ORIENTED_EDGE('',*,*,#8178,.F.);
#8178 = EDGE_CURVE('',#8179,#4443,#8181,.T.);
#8179 = VERTEX_POINT('',#8180);
#8180 = CARTESIAN_POINT('',(1.12,0.33,-0.97));
#8181 = LINE('',#8182,#8183);
#8182 = CARTESIAN_POINT('',(1.12,0.33,-0.97));
#8183 = VECTOR('',#8184,1.);
#8184 = DIRECTION('',(-0.724837235836,0.,0.688920156147));
#8185 = ORIENTED_EDGE('',*,*,#8186,.F.);
#8186 = EDGE_CURVE('',#8187,#8179,#8189,.T.);
#8187 = VERTEX_POINT('',#8188);
#8188 = CARTESIAN_POINT('',(1.13,0.33,-0.97));
#8189 = LINE('',#8190,#8191);
#8190 = CARTESIAN_POINT('',(1.13,0.33,-0.97));
#8191 = VECTOR('',#8192,1.);
#8192 = DIRECTION('',(-1.,0.,0.));
#8193 = ORIENTED_EDGE('',*,*,#8194,.F.);
#8194 = EDGE_CURVE('',#8195,#8187,#8197,.T.);
#8195 = VERTEX_POINT('',#8196);
#8196 = CARTESIAN_POINT('',(1.13,0.33,-0.88));
#8197 = LINE('',#8198,#8199);
#8198 = CARTESIAN_POINT('',(1.13,0.33,-0.88));
#8199 = VECTOR('',#8200,1.);
#8200 = DIRECTION('',(0.,0.,-1.));
#8201 = ORIENTED_EDGE('',*,*,#8202,.F.);
#8202 = EDGE_CURVE('',#4443,#8195,#8203,.T.);
#8203 = LINE('',#8204,#8205);
#8204 = CARTESIAN_POINT('',(1.0253078203,0.33,-0.88));
#8205 = VECTOR('',#8206,1.);
#8206 = DIRECTION('',(1.,0.,0.));
#8207 = PLANE('',#8208);
#8208 = AXIS2_PLACEMENT_3D('',#8209,#8210,#8211);
#8209 = CARTESIAN_POINT('',(0.,0.33,0.));
#8210 = DIRECTION('',(-0.,1.,0.));
#8211 = DIRECTION('',(1.,0.,0.));
#8212 = ADVANCED_FACE('',(#8213),#8238,.F.);
#8213 = FACE_BOUND('',#8214,.T.);
#8214 = EDGE_LOOP('',(#8215,#8223,#8231,#8237));
#8215 = ORIENTED_EDGE('',*,*,#8216,.T.);
#8216 = EDGE_CURVE('',#3731,#8217,#8219,.T.);
#8217 = VERTEX_POINT('',#8218);
#8218 = CARTESIAN_POINT('',(1.13,0.33,0.97));
#8219 = LINE('',#8220,#8221);
#8220 = CARTESIAN_POINT('',(1.13,0.33,0.88));
#8221 = VECTOR('',#8222,1.);
#8222 = DIRECTION('',(0.,0.,1.));
#8223 = ORIENTED_EDGE('',*,*,#8224,.F.);
#8224 = EDGE_CURVE('',#8225,#8217,#8227,.T.);
#8225 = VERTEX_POINT('',#8226);
#8226 = CARTESIAN_POINT('',(1.12,0.33,0.97));
#8227 = LINE('',#8228,#8229);
#8228 = CARTESIAN_POINT('',(1.12,0.33,0.97));
#8229 = VECTOR('',#8230,1.);
#8230 = DIRECTION('',(1.,0.,0.));
#8231 = ORIENTED_EDGE('',*,*,#8232,.F.);
#8232 = EDGE_CURVE('',#3729,#8225,#8233,.T.);
#8233 = LINE('',#8234,#8235);
#8234 = CARTESIAN_POINT('',(1.0253078203,0.33,0.88));
#8235 = VECTOR('',#8236,1.);
#8236 = DIRECTION('',(0.724837235836,0.,0.688920156147));
#8237 = ORIENTED_EDGE('',*,*,#3728,.T.);
#8238 = PLANE('',#8239);
#8239 = AXIS2_PLACEMENT_3D('',#8240,#8241,#8242);
#8240 = CARTESIAN_POINT('',(0.,0.33,0.));
#8241 = DIRECTION('',(-0.,1.,0.));
#8242 = DIRECTION('',(1.,0.,0.));
#8243 = ADVANCED_FACE('',(#8244),#8359,.F.);
#8244 = FACE_BOUND('',#8245,.T.);
#8245 = EDGE_LOOP('',(#8246,#8256,#8264,#8272,#8278,#8279,#8287,#8295,
    #8303,#8311,#8320,#8328,#8337,#8345,#8353));
#8246 = ORIENTED_EDGE('',*,*,#8247,.F.);
#8247 = EDGE_CURVE('',#8248,#8250,#8252,.T.);
#8248 = VERTEX_POINT('',#8249);
#8249 = CARTESIAN_POINT('',(-0.59,0.19,-0.88));
#8250 = VERTEX_POINT('',#8251);
#8251 = CARTESIAN_POINT('',(-0.6125,0.19,-0.88));
#8252 = LINE('',#8253,#8254);
#8253 = CARTESIAN_POINT('',(-0.59,0.19,-0.88));
#8254 = VECTOR('',#8255,1.);
#8255 = DIRECTION('',(-1.,0.,0.));
#8256 = ORIENTED_EDGE('',*,*,#8257,.T.);
#8257 = EDGE_CURVE('',#8248,#8258,#8260,.T.);
#8258 = VERTEX_POINT('',#8259);
#8259 = CARTESIAN_POINT('',(-0.59,-0.18,-0.88));
#8260 = LINE('',#8261,#8262);
#8261 = CARTESIAN_POINT('',(-0.59,0.19,-0.88));
#8262 = VECTOR('',#8263,1.);
#8263 = DIRECTION('',(0.,-1.,0.));
#8264 = ORIENTED_EDGE('',*,*,#8265,.F.);
#8265 = EDGE_CURVE('',#8266,#8258,#8268,.T.);
#8266 = VERTEX_POINT('',#8267);
#8267 = CARTESIAN_POINT('',(-0.525,-0.18,-0.88));
#8268 = LINE('',#8269,#8270);
#8269 = CARTESIAN_POINT('',(-0.525,-0.18,-0.88));
#8270 = VECTOR('',#8271,1.);
#8271 = DIRECTION('',(-1.,0.,0.));
#8272 = ORIENTED_EDGE('',*,*,#8273,.T.);
#8273 = EDGE_CURVE('',#8266,#3105,#8274,.T.);
#8274 = LINE('',#8275,#8276);
#8275 = CARTESIAN_POINT('',(-0.525,-0.18,-0.88));
#8276 = VECTOR('',#8277,1.);
#8277 = DIRECTION('',(0.,-1.,0.));
#8278 = ORIENTED_EDGE('',*,*,#3104,.F.);
#8279 = ORIENTED_EDGE('',*,*,#8280,.F.);
#8280 = EDGE_CURVE('',#8281,#3097,#8283,.T.);
#8281 = VERTEX_POINT('',#8282);
#8282 = CARTESIAN_POINT('',(-1.265,-1.E-02,-0.88));
#8283 = LINE('',#8284,#8285);
#8284 = CARTESIAN_POINT('',(-1.265,-1.E-02,-0.88));
#8285 = VECTOR('',#8286,1.);
#8286 = DIRECTION('',(0.,-1.,0.));
#8287 = ORIENTED_EDGE('',*,*,#8288,.F.);
#8288 = EDGE_CURVE('',#8289,#8281,#8291,.T.);
#8289 = VERTEX_POINT('',#8290);
#8290 = CARTESIAN_POINT('',(-1.5,-1.E-02,-0.88));
#8291 = LINE('',#8292,#8293);
#8292 = CARTESIAN_POINT('',(-1.5,-1.E-02,-0.88));
#8293 = VECTOR('',#8294,1.);
#8294 = DIRECTION('',(1.,0.,0.));
#8295 = ORIENTED_EDGE('',*,*,#8296,.F.);
#8296 = EDGE_CURVE('',#8297,#8289,#8299,.T.);
#8297 = VERTEX_POINT('',#8298);
#8298 = CARTESIAN_POINT('',(-1.5,2.E-02,-0.88));
#8299 = LINE('',#8300,#8301);
#8300 = CARTESIAN_POINT('',(-1.5,2.E-02,-0.88));
#8301 = VECTOR('',#8302,1.);
#8302 = DIRECTION('',(0.,-1.,0.));
#8303 = ORIENTED_EDGE('',*,*,#8304,.T.);
#8304 = EDGE_CURVE('',#8297,#8305,#8307,.T.);
#8305 = VERTEX_POINT('',#8306);
#8306 = CARTESIAN_POINT('',(-1.251565721526,2.E-02,-0.88));
#8307 = LINE('',#8308,#8309);
#8308 = CARTESIAN_POINT('',(-1.5,2.E-02,-0.88));
#8309 = VECTOR('',#8310,1.);
#8310 = DIRECTION('',(1.,0.,0.));
#8311 = ORIENTED_EDGE('',*,*,#8312,.T.);
#8312 = EDGE_CURVE('',#8305,#8313,#8315,.T.);
#8313 = VERTEX_POINT('',#8314);
#8314 = CARTESIAN_POINT('',(-1.184598981703,-5.733885536508E-03,-0.88));
#8315 = CIRCLE('',#8316,0.1);
#8316 = AXIS2_PLACEMENT_3D('',#8317,#8318,#8319);
#8317 = CARTESIAN_POINT('',(-1.251565721526,-8.E-02,-0.88));
#8318 = DIRECTION('',(0.,0.,-1.));
#8319 = DIRECTION('',(0.,1.,0.));
#8320 = ORIENTED_EDGE('',*,*,#8321,.F.);
#8321 = EDGE_CURVE('',#8322,#8313,#8324,.T.);
#8322 = VERTEX_POINT('',#8323);
#8323 = CARTESIAN_POINT('',(-1.030966739823,-0.144266114463,-0.88));
#8324 = LINE('',#8325,#8326);
#8325 = CARTESIAN_POINT('',(-1.030966739823,-0.144266114463,-0.88));
#8326 = VECTOR('',#8327,1.);
#8327 = DIRECTION('',(-0.742661144635,0.669667398228,0.));
#8328 = ORIENTED_EDGE('',*,*,#8329,.F.);
#8329 = EDGE_CURVE('',#8330,#8322,#8332,.T.);
#8330 = VERTEX_POINT('',#8331);
#8331 = CARTESIAN_POINT('',(-0.964,-0.17,-0.88));
#8332 = CIRCLE('',#8333,0.1);
#8333 = AXIS2_PLACEMENT_3D('',#8334,#8335,#8336);
#8334 = CARTESIAN_POINT('',(-0.964,-7.E-02,-0.88));
#8335 = DIRECTION('',(0.,0.,-1.));
#8336 = DIRECTION('',(0.,-1.,0.));
#8337 = ORIENTED_EDGE('',*,*,#8338,.F.);
#8338 = EDGE_CURVE('',#8339,#8330,#8341,.T.);
#8339 = VERTEX_POINT('',#8340);
#8340 = CARTESIAN_POINT('',(-0.6625,-0.17,-0.88));
#8341 = LINE('',#8342,#8343);
#8342 = CARTESIAN_POINT('',(-0.6625,-0.17,-0.88));
#8343 = VECTOR('',#8344,1.);
#8344 = DIRECTION('',(-1.,0.,0.));
#8345 = ORIENTED_EDGE('',*,*,#8346,.F.);
#8346 = EDGE_CURVE('',#8347,#8339,#8349,.T.);
#8347 = VERTEX_POINT('',#8348);
#8348 = CARTESIAN_POINT('',(-0.6125,-0.12,-0.88));
#8349 = LINE('',#8350,#8351);
#8350 = CARTESIAN_POINT('',(-0.6125,-0.12,-0.88));
#8351 = VECTOR('',#8352,1.);
#8352 = DIRECTION('',(-0.707106781187,-0.707106781186,0.));
#8353 = ORIENTED_EDGE('',*,*,#8354,.F.);
#8354 = EDGE_CURVE('',#8250,#8347,#8355,.T.);
#8355 = LINE('',#8356,#8357);
#8356 = CARTESIAN_POINT('',(-0.6125,0.19,-0.88));
#8357 = VECTOR('',#8358,1.);
#8358 = DIRECTION('',(0.,-1.,0.));
#8359 = PLANE('',#8360);
#8360 = AXIS2_PLACEMENT_3D('',#8361,#8362,#8363);
#8361 = CARTESIAN_POINT('',(-1.265,0.33,-0.88));
#8362 = DIRECTION('',(0.,0.,1.));
#8363 = DIRECTION('',(1.,0.,-0.));
#8364 = ADVANCED_FACE('',(#8365),#8418,.F.);
#8365 = FACE_BOUND('',#8366,.T.);
#8366 = EDGE_LOOP('',(#8367,#8368,#8369,#8377,#8385,#8393,#8402,#8410,
    #8417));
#8367 = ORIENTED_EDGE('',*,*,#8126,.T.);
#8368 = ORIENTED_EDGE('',*,*,#4356,.F.);
#8369 = ORIENTED_EDGE('',*,*,#8370,.T.);
#8370 = EDGE_CURVE('',#4349,#8371,#8373,.T.);
#8371 = VERTEX_POINT('',#8372);
#8372 = CARTESIAN_POINT('',(-0.8275,0.19,-0.88));
#8373 = LINE('',#8374,#8375);
#8374 = CARTESIAN_POINT('',(-0.8275,0.33,-0.88));
#8375 = VECTOR('',#8376,1.);
#8376 = DIRECTION('',(0.,-1.,0.));
#8377 = ORIENTED_EDGE('',*,*,#8378,.F.);
#8378 = EDGE_CURVE('',#8379,#8371,#8381,.T.);
#8379 = VERTEX_POINT('',#8380);
#8380 = CARTESIAN_POINT('',(-0.7875,0.19,-0.88));
#8381 = LINE('',#8382,#8383);
#8382 = CARTESIAN_POINT('',(-0.7875,0.19,-0.88));
#8383 = VECTOR('',#8384,1.);
#8384 = DIRECTION('',(-1.,0.,0.));
#8385 = ORIENTED_EDGE('',*,*,#8386,.F.);
#8386 = EDGE_CURVE('',#8387,#8379,#8389,.T.);
#8387 = VERTEX_POINT('',#8388);
#8388 = CARTESIAN_POINT('',(-0.7875,0.17,-0.88));
#8389 = LINE('',#8390,#8391);
#8390 = CARTESIAN_POINT('',(-0.7875,0.17,-0.88));
#8391 = VECTOR('',#8392,1.);
#8392 = DIRECTION('',(0.,1.,0.));
#8393 = ORIENTED_EDGE('',*,*,#8394,.T.);
#8394 = EDGE_CURVE('',#8387,#8395,#8397,.T.);
#8395 = VERTEX_POINT('',#8396);
#8396 = CARTESIAN_POINT('',(-0.8275,0.13,-0.88));
#8397 = CIRCLE('',#8398,4.E-02);
#8398 = AXIS2_PLACEMENT_3D('',#8399,#8400,#8401);
#8399 = CARTESIAN_POINT('',(-0.8275,0.17,-0.88));
#8400 = DIRECTION('',(0.,0.,-1.));
#8401 = DIRECTION('',(1.,2.012279232133E-14,0.));
#8402 = ORIENTED_EDGE('',*,*,#8403,.F.);
#8403 = EDGE_CURVE('',#8404,#8395,#8406,.T.);
#8404 = VERTEX_POINT('',#8405);
#8405 = CARTESIAN_POINT('',(-0.893128855695,0.13,-0.88));
#8406 = LINE('',#8407,#8408);
#8407 = CARTESIAN_POINT('',(-0.893128855695,0.13,-0.88));
#8408 = VECTOR('',#8409,1.);
#8409 = DIRECTION('',(1.,0.,0.));
#8410 = ORIENTED_EDGE('',*,*,#8411,.T.);
#8411 = EDGE_CURVE('',#8404,#8090,#8412,.T.);
#8412 = CIRCLE('',#8413,4.E-02);
#8413 = AXIS2_PLACEMENT_3D('',#8414,#8415,#8416);
#8414 = CARTESIAN_POINT('',(-0.893128855695,0.17,-0.88));
#8415 = DIRECTION('',(0.,0.,-1.));
#8416 = DIRECTION('',(0.,-1.,0.));
#8417 = ORIENTED_EDGE('',*,*,#8087,.F.);
#8418 = PLANE('',#8419);
#8419 = AXIS2_PLACEMENT_3D('',#8420,#8421,#8422);
#8420 = CARTESIAN_POINT('',(-1.265,0.33,-0.88));
#8421 = DIRECTION('',(0.,0.,1.));
#8422 = DIRECTION('',(1.,0.,-0.));
#8423 = ADVANCED_FACE('',(#8424),#8441,.T.);
#8424 = FACE_BOUND('',#8425,.T.);
#8425 = EDGE_LOOP('',(#8426,#8427,#8428,#8434,#8435));
#8426 = ORIENTED_EDGE('',*,*,#7976,.F.);
#8427 = ORIENTED_EDGE('',*,*,#7916,.F.);
#8428 = ORIENTED_EDGE('',*,*,#8429,.T.);
#8429 = EDGE_CURVE('',#7909,#8250,#8430,.T.);
#8430 = LINE('',#8431,#8432);
#8431 = CARTESIAN_POINT('',(-0.6125,0.21,-0.88));
#8432 = VECTOR('',#8433,1.);
#8433 = DIRECTION('',(0.,-1.,-1.110223024625E-14));
#8434 = ORIENTED_EDGE('',*,*,#8354,.T.);
#8435 = ORIENTED_EDGE('',*,*,#8436,.T.);
#8436 = EDGE_CURVE('',#8347,#7977,#8437,.T.);
#8437 = LINE('',#8438,#8439);
#8438 = CARTESIAN_POINT('',(-0.6125,-0.12,-0.88));
#8439 = VECTOR('',#8440,1.);
#8440 = DIRECTION('',(0.,0.,-1.));
#8441 = PLANE('',#8442);
#8442 = AXIS2_PLACEMENT_3D('',#8443,#8444,#8445);
#8443 = CARTESIAN_POINT('',(-0.6125,0.21,-0.88));
#8444 = DIRECTION('',(1.,0.,0.));
#8445 = DIRECTION('',(-0.,1.,0.));
#8446 = ADVANCED_FACE('',(#8447),#8458,.T.);
#8447 = FACE_BOUND('',#8448,.T.);
#8448 = EDGE_LOOP('',(#8449,#8450,#8456,#8457));
#8449 = ORIENTED_EDGE('',*,*,#8346,.T.);
#8450 = ORIENTED_EDGE('',*,*,#8451,.T.);
#8451 = EDGE_CURVE('',#8339,#7985,#8452,.T.);
#8452 = LINE('',#8453,#8454);
#8453 = CARTESIAN_POINT('',(-0.6625,-0.17,-0.88));
#8454 = VECTOR('',#8455,1.);
#8455 = DIRECTION('',(0.,0.,-1.));
#8456 = ORIENTED_EDGE('',*,*,#7984,.F.);
#8457 = ORIENTED_EDGE('',*,*,#8436,.F.);
#8458 = PLANE('',#8459);
#8459 = AXIS2_PLACEMENT_3D('',#8460,#8461,#8462);
#8460 = CARTESIAN_POINT('',(-0.6125,-0.12,-0.88));
#8461 = DIRECTION('',(0.707106781186,-0.707106781187,0.));
#8462 = DIRECTION('',(0.,0.,-1.));
#8463 = ADVANCED_FACE('',(#8464),#8475,.T.);
#8464 = FACE_BOUND('',#8465,.T.);
#8465 = EDGE_LOOP('',(#8466,#8467,#8473,#8474));
#8466 = ORIENTED_EDGE('',*,*,#8338,.T.);
#8467 = ORIENTED_EDGE('',*,*,#8468,.T.);
#8468 = EDGE_CURVE('',#8330,#7993,#8469,.T.);
#8469 = LINE('',#8470,#8471);
#8470 = CARTESIAN_POINT('',(-0.964,-0.17,-0.88));
#8471 = VECTOR('',#8472,1.);
#8472 = DIRECTION('',(0.,0.,-1.));
#8473 = ORIENTED_EDGE('',*,*,#7992,.F.);
#8474 = ORIENTED_EDGE('',*,*,#8451,.F.);
#8475 = PLANE('',#8476);
#8476 = AXIS2_PLACEMENT_3D('',#8477,#8478,#8479);
#8477 = CARTESIAN_POINT('',(-0.6625,-0.17,-0.88));
#8478 = DIRECTION('',(0.,-1.,0.));
#8479 = DIRECTION('',(0.,0.,-1.));
#8480 = ADVANCED_FACE('',(#8481),#8492,.T.);
#8481 = FACE_BOUND('',#8482,.T.);
#8482 = EDGE_LOOP('',(#8483,#8484,#8490,#8491));
#8483 = ORIENTED_EDGE('',*,*,#8329,.T.);
#8484 = ORIENTED_EDGE('',*,*,#8485,.T.);
#8485 = EDGE_CURVE('',#8322,#8001,#8486,.T.);
#8486 = LINE('',#8487,#8488);
#8487 = CARTESIAN_POINT('',(-1.030966739823,-0.144266114463,-0.88));
#8488 = VECTOR('',#8489,1.);
#8489 = DIRECTION('',(0.,0.,-1.));
#8490 = ORIENTED_EDGE('',*,*,#8000,.F.);
#8491 = ORIENTED_EDGE('',*,*,#8468,.F.);
#8492 = CYLINDRICAL_SURFACE('',#8493,0.1);
#8493 = AXIS2_PLACEMENT_3D('',#8494,#8495,#8496);
#8494 = CARTESIAN_POINT('',(-0.964,-7.E-02,-0.88));
#8495 = DIRECTION('',(0.,0.,1.));
#8496 = DIRECTION('',(-1.,0.,0.));
#8497 = ADVANCED_FACE('',(#8498),#8509,.T.);
#8498 = FACE_BOUND('',#8499,.T.);
#8499 = EDGE_LOOP('',(#8500,#8501,#8507,#8508));
#8500 = ORIENTED_EDGE('',*,*,#8321,.T.);
#8501 = ORIENTED_EDGE('',*,*,#8502,.T.);
#8502 = EDGE_CURVE('',#8313,#8010,#8503,.T.);
#8503 = LINE('',#8504,#8505);
#8504 = CARTESIAN_POINT('',(-1.184598981703,-5.733885536508E-03,-0.88));
#8505 = VECTOR('',#8506,1.);
#8506 = DIRECTION('',(0.,0.,-1.));
#8507 = ORIENTED_EDGE('',*,*,#8009,.F.);
#8508 = ORIENTED_EDGE('',*,*,#8485,.F.);
#8509 = PLANE('',#8510);
#8510 = AXIS2_PLACEMENT_3D('',#8511,#8512,#8513);
#8511 = CARTESIAN_POINT('',(-1.030966739823,-0.144266114463,-0.88));
#8512 = DIRECTION('',(-0.669667398228,-0.742661144635,0.));
#8513 = DIRECTION('',(-0.742661144635,0.669667398228,0.));
#8514 = ADVANCED_FACE('',(#8515),#8526,.F.);
#8515 = FACE_BOUND('',#8516,.F.);
#8516 = EDGE_LOOP('',(#8517,#8518,#8519,#8525));
#8517 = ORIENTED_EDGE('',*,*,#8502,.T.);
#8518 = ORIENTED_EDGE('',*,*,#8017,.T.);
#8519 = ORIENTED_EDGE('',*,*,#8520,.F.);
#8520 = EDGE_CURVE('',#8305,#8018,#8521,.T.);
#8521 = LINE('',#8522,#8523);
#8522 = CARTESIAN_POINT('',(-1.251565721526,2.E-02,-0.88));
#8523 = VECTOR('',#8524,1.);
#8524 = DIRECTION('',(0.,0.,-1.));
#8525 = ORIENTED_EDGE('',*,*,#8312,.T.);
#8526 = CYLINDRICAL_SURFACE('',#8527,0.1);
#8527 = AXIS2_PLACEMENT_3D('',#8528,#8529,#8530);
#8528 = CARTESIAN_POINT('',(-1.251565721526,-8.E-02,-0.88));
#8529 = DIRECTION('',(0.,0.,1.));
#8530 = DIRECTION('',(-1.,0.,0.));
#8531 = ADVANCED_FACE('',(#8532),#8559,.F.);
#8532 = FACE_BOUND('',#8533,.T.);
#8533 = EDGE_LOOP('',(#8534,#8544,#8550,#8551,#8552,#8553));
#8534 = ORIENTED_EDGE('',*,*,#8535,.T.);
#8535 = EDGE_CURVE('',#8536,#8538,#8540,.T.);
#8536 = VERTEX_POINT('',#8537);
#8537 = CARTESIAN_POINT('',(-1.5,2.E-02,-0.635));
#8538 = VERTEX_POINT('',#8539);
#8539 = CARTESIAN_POINT('',(-1.58,2.E-02,-0.635));
#8540 = LINE('',#8541,#8542);
#8541 = CARTESIAN_POINT('',(-1.5,2.E-02,-0.635));
#8542 = VECTOR('',#8543,1.);
#8543 = DIRECTION('',(-1.,0.,0.));
#8544 = ORIENTED_EDGE('',*,*,#8545,.T.);
#8545 = EDGE_CURVE('',#8538,#8027,#8546,.T.);
#8546 = LINE('',#8547,#8548);
#8547 = CARTESIAN_POINT('',(-1.58,2.E-02,-0.635));
#8548 = VECTOR('',#8549,1.);
#8549 = DIRECTION('',(0.,0.,-1.));
#8550 = ORIENTED_EDGE('',*,*,#8026,.T.);
#8551 = ORIENTED_EDGE('',*,*,#8520,.F.);
#8552 = ORIENTED_EDGE('',*,*,#8304,.F.);
#8553 = ORIENTED_EDGE('',*,*,#8554,.T.);
#8554 = EDGE_CURVE('',#8297,#8536,#8555,.T.);
#8555 = LINE('',#8556,#8557);
#8556 = CARTESIAN_POINT('',(-1.5,2.E-02,-0.88));
#8557 = VECTOR('',#8558,1.);
#8558 = DIRECTION('',(0.,0.,1.));
#8559 = PLANE('',#8560);
#8560 = AXIS2_PLACEMENT_3D('',#8561,#8562,#8563);
#8561 = CARTESIAN_POINT('',(-1.5,2.E-02,-0.635));
#8562 = DIRECTION('',(-0.,1.,0.));
#8563 = DIRECTION('',(1.,0.,0.));
#8564 = ADVANCED_FACE('',(#8565),#8623,.F.);
#8565 = FACE_BOUND('',#8566,.T.);
#8566 = EDGE_LOOP('',(#8567,#8577,#8585,#8594,#8600,#8601,#8609,#8617));
#8567 = ORIENTED_EDGE('',*,*,#8568,.F.);
#8568 = EDGE_CURVE('',#8569,#8571,#8573,.T.);
#8569 = VERTEX_POINT('',#8570);
#8570 = CARTESIAN_POINT('',(-1.5,2.E-02,0.88));
#8571 = VERTEX_POINT('',#8572);
#8572 = CARTESIAN_POINT('',(-1.5,-1.E-02,0.88));
#8573 = LINE('',#8574,#8575);
#8574 = CARTESIAN_POINT('',(-1.5,2.E-02,0.88));
#8575 = VECTOR('',#8576,1.);
#8576 = DIRECTION('',(0.,-1.,1.110223024625E-14));
#8577 = ORIENTED_EDGE('',*,*,#8578,.T.);
#8578 = EDGE_CURVE('',#8569,#8579,#8581,.T.);
#8579 = VERTEX_POINT('',#8580);
#8580 = CARTESIAN_POINT('',(-1.5,2.E-02,0.635));
#8581 = LINE('',#8582,#8583);
#8582 = CARTESIAN_POINT('',(-1.5,2.E-02,0.88));
#8583 = VECTOR('',#8584,1.);
#8584 = DIRECTION('',(0.,0.,-1.));
#8585 = ORIENTED_EDGE('',*,*,#8586,.F.);
#8586 = EDGE_CURVE('',#8587,#8579,#8589,.T.);
#8587 = VERTEX_POINT('',#8588);
#8588 = CARTESIAN_POINT('',(-1.5,-2.E-02,0.595));
#8589 = CIRCLE('',#8590,4.E-02);
#8590 = AXIS2_PLACEMENT_3D('',#8591,#8592,#8593);
#8591 = CARTESIAN_POINT('',(-1.5,-2.E-02,0.635));
#8592 = DIRECTION('',(1.,0.,0.));
#8593 = DIRECTION('',(0.,1.804112415016E-14,-1.));
#8594 = ORIENTED_EDGE('',*,*,#8595,.F.);
#8595 = EDGE_CURVE('',#2976,#8587,#8596,.T.);
#8596 = LINE('',#8597,#8598);
#8597 = CARTESIAN_POINT('',(-1.5,-0.33,0.595));
#8598 = VECTOR('',#8599,1.);
#8599 = DIRECTION('',(0.,1.,0.));
#8600 = ORIENTED_EDGE('',*,*,#2975,.F.);
#8601 = ORIENTED_EDGE('',*,*,#8602,.F.);
#8602 = EDGE_CURVE('',#8603,#2968,#8605,.T.);
#8603 = VERTEX_POINT('',#8604);
#8604 = CARTESIAN_POINT('',(-1.5,-6.E-02,0.615));
#8605 = LINE('',#8606,#8607);
#8606 = CARTESIAN_POINT('',(-1.5,-6.E-02,0.615));
#8607 = VECTOR('',#8608,1.);
#8608 = DIRECTION('',(0.,-1.,0.));
#8609 = ORIENTED_EDGE('',*,*,#8610,.T.);
#8610 = EDGE_CURVE('',#8603,#8611,#8613,.T.);
#8611 = VERTEX_POINT('',#8612);
#8612 = CARTESIAN_POINT('',(-1.5,-1.E-02,0.665));
#8613 = LINE('',#8614,#8615);
#8614 = CARTESIAN_POINT('',(-1.5,-6.E-02,0.615));
#8615 = VECTOR('',#8616,1.);
#8616 = DIRECTION('',(0.,0.707106781187,0.707106781187));
#8617 = ORIENTED_EDGE('',*,*,#8618,.F.);
#8618 = EDGE_CURVE('',#8571,#8611,#8619,.T.);
#8619 = LINE('',#8620,#8621);
#8620 = CARTESIAN_POINT('',(-1.5,-1.E-02,0.88));
#8621 = VECTOR('',#8622,1.);
#8622 = DIRECTION('',(0.,0.,-1.));
#8623 = PLANE('',#8624);
#8624 = AXIS2_PLACEMENT_3D('',#8625,#8626,#8627);
#8625 = CARTESIAN_POINT('',(-1.5,0.33,-0.35));
#8626 = DIRECTION('',(1.,0.,0.));
#8627 = DIRECTION('',(-0.,1.,0.));
#8628 = ADVANCED_FACE('',(#8629),#8671,.F.);
#8629 = FACE_BOUND('',#8630,.T.);
#8630 = EDGE_LOOP('',(#8631,#8632,#8640,#8647,#8648,#8649,#8657,#8665));
#8631 = ORIENTED_EDGE('',*,*,#3055,.F.);
#8632 = ORIENTED_EDGE('',*,*,#8633,.T.);
#8633 = EDGE_CURVE('',#3048,#8634,#8636,.T.);
#8634 = VERTEX_POINT('',#8635);
#8635 = CARTESIAN_POINT('',(-1.5,-2.E-02,-0.595));
#8636 = LINE('',#8637,#8638);
#8637 = CARTESIAN_POINT('',(-1.5,-0.33,-0.595));
#8638 = VECTOR('',#8639,1.);
#8639 = DIRECTION('',(1.432545838226E-13,1.,0.));
#8640 = ORIENTED_EDGE('',*,*,#8641,.F.);
#8641 = EDGE_CURVE('',#8536,#8634,#8642,.T.);
#8642 = CIRCLE('',#8643,4.E-02);
#8643 = AXIS2_PLACEMENT_3D('',#8644,#8645,#8646);
#8644 = CARTESIAN_POINT('',(-1.5,-2.E-02,-0.635));
#8645 = DIRECTION('',(1.,0.,0.));
#8646 = DIRECTION('',(-0.,1.,0.));
#8647 = ORIENTED_EDGE('',*,*,#8554,.F.);
#8648 = ORIENTED_EDGE('',*,*,#8296,.T.);
#8649 = ORIENTED_EDGE('',*,*,#8650,.F.);
#8650 = EDGE_CURVE('',#8651,#8289,#8653,.T.);
#8651 = VERTEX_POINT('',#8652);
#8652 = CARTESIAN_POINT('',(-1.5,-1.E-02,-0.665));
#8653 = LINE('',#8654,#8655);
#8654 = CARTESIAN_POINT('',(-1.5,-1.E-02,-0.665));
#8655 = VECTOR('',#8656,1.);
#8656 = DIRECTION('',(0.,0.,-1.));
#8657 = ORIENTED_EDGE('',*,*,#8658,.T.);
#8658 = EDGE_CURVE('',#8651,#8659,#8661,.T.);
#8659 = VERTEX_POINT('',#8660);
#8660 = CARTESIAN_POINT('',(-1.5,-6.E-02,-0.615));
#8661 = LINE('',#8662,#8663);
#8662 = CARTESIAN_POINT('',(-1.5,-1.E-02,-0.665));
#8663 = VECTOR('',#8664,1.);
#8664 = DIRECTION('',(0.,-0.707106781187,0.707106781187));
#8665 = ORIENTED_EDGE('',*,*,#8666,.T.);
#8666 = EDGE_CURVE('',#8659,#3056,#8667,.T.);
#8667 = LINE('',#8668,#8669);
#8668 = CARTESIAN_POINT('',(-1.5,-6.E-02,-0.615));
#8669 = VECTOR('',#8670,1.);
#8670 = DIRECTION('',(0.,-1.,0.));
#8671 = PLANE('',#8672);
#8672 = AXIS2_PLACEMENT_3D('',#8673,#8674,#8675);
#8673 = CARTESIAN_POINT('',(-1.5,0.33,-0.35));
#8674 = DIRECTION('',(1.,0.,0.));
#8675 = DIRECTION('',(-0.,1.,0.));
#8676 = ADVANCED_FACE('',(#8677),#8743,.T.);
#8677 = FACE_BOUND('',#8678,.T.);
#8678 = EDGE_LOOP('',(#8679,#8689,#8698,#8706,#8714,#8720,#8721,#8729,
    #8737));
#8679 = ORIENTED_EDGE('',*,*,#8680,.T.);
#8680 = EDGE_CURVE('',#8681,#8683,#8685,.T.);
#8681 = VERTEX_POINT('',#8682);
#8682 = CARTESIAN_POINT('',(1.75,-1.E-02,-0.665));
#8683 = VERTEX_POINT('',#8684);
#8684 = CARTESIAN_POINT('',(1.75,-1.E-02,-0.8));
#8685 = LINE('',#8686,#8687);
#8686 = CARTESIAN_POINT('',(1.75,-1.E-02,-0.665));
#8687 = VECTOR('',#8688,1.);
#8688 = DIRECTION('',(0.,0.,-1.));
#8689 = ORIENTED_EDGE('',*,*,#8690,.T.);
#8690 = EDGE_CURVE('',#8683,#8691,#8693,.T.);
#8691 = VERTEX_POINT('',#8692);
#8692 = CARTESIAN_POINT('',(1.55,-1.E-02,-1.));
#8693 = CIRCLE('',#8694,0.2);
#8694 = AXIS2_PLACEMENT_3D('',#8695,#8696,#8697);
#8695 = CARTESIAN_POINT('',(1.55,-1.E-02,-0.8));
#8696 = DIRECTION('',(-0.,1.,0.));
#8697 = DIRECTION('',(1.,0.,0.));
#8698 = ORIENTED_EDGE('',*,*,#8699,.T.);
#8699 = EDGE_CURVE('',#8691,#8700,#8702,.T.);
#8700 = VERTEX_POINT('',#8701);
#8701 = CARTESIAN_POINT('',(1.265,-1.E-02,-1.));
#8702 = LINE('',#8703,#8704);
#8703 = CARTESIAN_POINT('',(1.55,-1.E-02,-1.));
#8704 = VECTOR('',#8705,1.);
#8705 = DIRECTION('',(-1.,0.,0.));
#8706 = ORIENTED_EDGE('',*,*,#8707,.F.);
#8707 = EDGE_CURVE('',#8708,#8700,#8710,.T.);
#8708 = VERTEX_POINT('',#8709);
#8709 = CARTESIAN_POINT('',(1.265,-1.E-02,-0.88));
#8710 = LINE('',#8711,#8712);
#8711 = CARTESIAN_POINT('',(1.265,-1.E-02,-0.88));
#8712 = VECTOR('',#8713,1.);
#8713 = DIRECTION('',(0.,0.,-1.));
#8714 = ORIENTED_EDGE('',*,*,#8715,.T.);
#8715 = EDGE_CURVE('',#8708,#3443,#8716,.T.);
#8716 = LINE('',#8717,#8718);
#8717 = CARTESIAN_POINT('',(1.265,-1.E-02,-0.88));
#8718 = VECTOR('',#8719,1.);
#8719 = DIRECTION('',(1.,0.,0.));
#8720 = ORIENTED_EDGE('',*,*,#3442,.T.);
#8721 = ORIENTED_EDGE('',*,*,#8722,.F.);
#8722 = EDGE_CURVE('',#8723,#3435,#8725,.T.);
#8723 = VERTEX_POINT('',#8724);
#8724 = CARTESIAN_POINT('',(1.58,-1.E-02,-0.75));
#8725 = LINE('',#8726,#8727);
#8726 = CARTESIAN_POINT('',(1.58,-1.E-02,-0.75));
#8727 = VECTOR('',#8728,1.);
#8728 = DIRECTION('',(-1.,0.,0.));
#8729 = ORIENTED_EDGE('',*,*,#8730,.F.);
#8730 = EDGE_CURVE('',#8731,#8723,#8733,.T.);
#8731 = VERTEX_POINT('',#8732);
#8732 = CARTESIAN_POINT('',(1.58,-1.E-02,-0.665));
#8733 = LINE('',#8734,#8735);
#8734 = CARTESIAN_POINT('',(1.58,-1.E-02,-0.665));
#8735 = VECTOR('',#8736,1.);
#8736 = DIRECTION('',(0.,0.,-1.));
#8737 = ORIENTED_EDGE('',*,*,#8738,.F.);
#8738 = EDGE_CURVE('',#8681,#8731,#8739,.T.);
#8739 = LINE('',#8740,#8741);
#8740 = CARTESIAN_POINT('',(1.75,-1.E-02,-0.665));
#8741 = VECTOR('',#8742,1.);
#8742 = DIRECTION('',(-1.,0.,0.));
#8743 = PLANE('',#8744);
#8744 = AXIS2_PLACEMENT_3D('',#8745,#8746,#8747);
#8745 = CARTESIAN_POINT('',(0.,-1.E-02,0.));
#8746 = DIRECTION('',(-0.,1.,0.));
#8747 = DIRECTION('',(1.,0.,0.));
#8748 = ADVANCED_FACE('',(#8749),#8801,.T.);
#8749 = FACE_BOUND('',#8750,.T.);
#8750 = EDGE_LOOP('',(#8751,#8759,#8760,#8761,#8762,#8770,#8778,#8787,
    #8795));
#8751 = ORIENTED_EDGE('',*,*,#8752,.F.);
#8752 = EDGE_CURVE('',#3520,#8753,#8755,.T.);
#8753 = VERTEX_POINT('',#8754);
#8754 = CARTESIAN_POINT('',(1.58,-1.E-02,0.665));
#8755 = LINE('',#8756,#8757);
#8756 = CARTESIAN_POINT('',(1.58,-1.E-02,0.75));
#8757 = VECTOR('',#8758,1.);
#8758 = DIRECTION('',(0.,0.,-1.));
#8759 = ORIENTED_EDGE('',*,*,#3519,.T.);
#8760 = ORIENTED_EDGE('',*,*,#3402,.T.);
#8761 = ORIENTED_EDGE('',*,*,#3664,.T.);
#8762 = ORIENTED_EDGE('',*,*,#8763,.F.);
#8763 = EDGE_CURVE('',#8764,#3657,#8766,.T.);
#8764 = VERTEX_POINT('',#8765);
#8765 = CARTESIAN_POINT('',(1.265,-1.E-02,1.));
#8766 = LINE('',#8767,#8768);
#8767 = CARTESIAN_POINT('',(1.265,-1.E-02,1.));
#8768 = VECTOR('',#8769,1.);
#8769 = DIRECTION('',(0.,0.,-1.));
#8770 = ORIENTED_EDGE('',*,*,#8771,.T.);
#8771 = EDGE_CURVE('',#8764,#8772,#8774,.T.);
#8772 = VERTEX_POINT('',#8773);
#8773 = CARTESIAN_POINT('',(1.55,-1.E-02,1.));
#8774 = LINE('',#8775,#8776);
#8775 = CARTESIAN_POINT('',(1.265,-1.E-02,1.));
#8776 = VECTOR('',#8777,1.);
#8777 = DIRECTION('',(1.,0.,0.));
#8778 = ORIENTED_EDGE('',*,*,#8779,.T.);
#8779 = EDGE_CURVE('',#8772,#8780,#8782,.T.);
#8780 = VERTEX_POINT('',#8781);
#8781 = CARTESIAN_POINT('',(1.75,-1.E-02,0.8));
#8782 = CIRCLE('',#8783,0.2);
#8783 = AXIS2_PLACEMENT_3D('',#8784,#8785,#8786);
#8784 = CARTESIAN_POINT('',(1.55,-1.E-02,0.8));
#8785 = DIRECTION('',(0.,1.,0.));
#8786 = DIRECTION('',(0.,-0.,1.));
#8787 = ORIENTED_EDGE('',*,*,#8788,.T.);
#8788 = EDGE_CURVE('',#8780,#8789,#8791,.T.);
#8789 = VERTEX_POINT('',#8790);
#8790 = CARTESIAN_POINT('',(1.75,-1.E-02,0.665));
#8791 = LINE('',#8792,#8793);
#8792 = CARTESIAN_POINT('',(1.75,-1.E-02,0.8));
#8793 = VECTOR('',#8794,1.);
#8794 = DIRECTION('',(0.,0.,-1.));
#8795 = ORIENTED_EDGE('',*,*,#8796,.F.);
#8796 = EDGE_CURVE('',#8753,#8789,#8797,.T.);
#8797 = LINE('',#8798,#8799);
#8798 = CARTESIAN_POINT('',(1.58,-1.E-02,0.665));
#8799 = VECTOR('',#8800,1.);
#8800 = DIRECTION('',(1.,0.,0.));
#8801 = PLANE('',#8802);
#8802 = AXIS2_PLACEMENT_3D('',#8803,#8804,#8805);
#8803 = CARTESIAN_POINT('',(0.,-1.E-02,0.));
#8804 = DIRECTION('',(-0.,1.,0.));
#8805 = DIRECTION('',(1.,0.,0.));
#8806 = ADVANCED_FACE('',(#8807),#8857,.T.);
#8807 = FACE_BOUND('',#8808,.T.);
#8808 = EDGE_LOOP('',(#8809,#8819,#8828,#8836,#8844,#8850,#8851));
#8809 = ORIENTED_EDGE('',*,*,#8810,.T.);
#8810 = EDGE_CURVE('',#8811,#8813,#8815,.T.);
#8811 = VERTEX_POINT('',#8812);
#8812 = CARTESIAN_POINT('',(-1.75,-1.E-02,0.665));
#8813 = VERTEX_POINT('',#8814);
#8814 = CARTESIAN_POINT('',(-1.75,-1.E-02,0.8));
#8815 = LINE('',#8816,#8817);
#8816 = CARTESIAN_POINT('',(-1.75,-1.E-02,0.665));
#8817 = VECTOR('',#8818,1.);
#8818 = DIRECTION('',(0.,0.,1.));
#8819 = ORIENTED_EDGE('',*,*,#8820,.T.);
#8820 = EDGE_CURVE('',#8813,#8821,#8823,.T.);
#8821 = VERTEX_POINT('',#8822);
#8822 = CARTESIAN_POINT('',(-1.55,-1.E-02,1.));
#8823 = CIRCLE('',#8824,0.2);
#8824 = AXIS2_PLACEMENT_3D('',#8825,#8826,#8827);
#8825 = CARTESIAN_POINT('',(-1.55,-1.E-02,0.8));
#8826 = DIRECTION('',(0.,1.,0.));
#8827 = DIRECTION('',(-1.,0.,-1.054711873394E-14));
#8828 = ORIENTED_EDGE('',*,*,#8829,.T.);
#8829 = EDGE_CURVE('',#8821,#8830,#8832,.T.);
#8830 = VERTEX_POINT('',#8831);
#8831 = CARTESIAN_POINT('',(-1.265,-1.E-02,1.));
#8832 = LINE('',#8833,#8834);
#8833 = CARTESIAN_POINT('',(-1.55,-1.E-02,1.));
#8834 = VECTOR('',#8835,1.);
#8835 = DIRECTION('',(1.,0.,0.));
#8836 = ORIENTED_EDGE('',*,*,#8837,.F.);
#8837 = EDGE_CURVE('',#8838,#8830,#8840,.T.);
#8838 = VERTEX_POINT('',#8839);
#8839 = CARTESIAN_POINT('',(-1.265,-1.E-02,0.88));
#8840 = LINE('',#8841,#8842);
#8841 = CARTESIAN_POINT('',(-1.265,-1.E-02,0.88));
#8842 = VECTOR('',#8843,1.);
#8843 = DIRECTION('',(0.,0.,1.));
#8844 = ORIENTED_EDGE('',*,*,#8845,.T.);
#8845 = EDGE_CURVE('',#8838,#8571,#8846,.T.);
#8846 = LINE('',#8847,#8848);
#8847 = CARTESIAN_POINT('',(-1.265,-1.E-02,0.88));
#8848 = VECTOR('',#8849,1.);
#8849 = DIRECTION('',(-1.,0.,0.));
#8850 = ORIENTED_EDGE('',*,*,#8618,.T.);
#8851 = ORIENTED_EDGE('',*,*,#8852,.F.);
#8852 = EDGE_CURVE('',#8811,#8611,#8853,.T.);
#8853 = LINE('',#8854,#8855);
#8854 = CARTESIAN_POINT('',(-1.75,-1.E-02,0.665));
#8855 = VECTOR('',#8856,1.);
#8856 = DIRECTION('',(1.,0.,0.));
#8857 = PLANE('',#8858);
#8858 = AXIS2_PLACEMENT_3D('',#8859,#8860,#8861);
#8859 = CARTESIAN_POINT('',(0.,-1.E-02,0.));
#8860 = DIRECTION('',(-0.,1.,0.));
#8861 = DIRECTION('',(1.,0.,0.));
#8862 = ADVANCED_FACE('',(#8863),#8906,.T.);
#8863 = FACE_BOUND('',#8864,.T.);
#8864 = EDGE_LOOP('',(#8865,#8866,#8867,#8875,#8883,#8892,#8900));
#8865 = ORIENTED_EDGE('',*,*,#8650,.T.);
#8866 = ORIENTED_EDGE('',*,*,#8288,.T.);
#8867 = ORIENTED_EDGE('',*,*,#8868,.F.);
#8868 = EDGE_CURVE('',#8869,#8281,#8871,.T.);
#8869 = VERTEX_POINT('',#8870);
#8870 = CARTESIAN_POINT('',(-1.265,-1.E-02,-1.));
#8871 = LINE('',#8872,#8873);
#8872 = CARTESIAN_POINT('',(-1.265,-1.E-02,-1.));
#8873 = VECTOR('',#8874,1.);
#8874 = DIRECTION('',(0.,0.,1.));
#8875 = ORIENTED_EDGE('',*,*,#8876,.T.);
#8876 = EDGE_CURVE('',#8869,#8877,#8879,.T.);
#8877 = VERTEX_POINT('',#8878);
#8878 = CARTESIAN_POINT('',(-1.55,-1.E-02,-1.));
#8879 = LINE('',#8880,#8881);
#8880 = CARTESIAN_POINT('',(-1.265,-1.E-02,-1.));
#8881 = VECTOR('',#8882,1.);
#8882 = DIRECTION('',(-1.,0.,0.));
#8883 = ORIENTED_EDGE('',*,*,#8884,.T.);
#8884 = EDGE_CURVE('',#8877,#8885,#8887,.T.);
#8885 = VERTEX_POINT('',#8886);
#8886 = CARTESIAN_POINT('',(-1.75,-1.E-02,-0.8));
#8887 = CIRCLE('',#8888,0.2);
#8888 = AXIS2_PLACEMENT_3D('',#8889,#8890,#8891);
#8889 = CARTESIAN_POINT('',(-1.55,-1.E-02,-0.8));
#8890 = DIRECTION('',(0.,1.,0.));
#8891 = DIRECTION('',(0.,0.,-1.));
#8892 = ORIENTED_EDGE('',*,*,#8893,.T.);
#8893 = EDGE_CURVE('',#8885,#8894,#8896,.T.);
#8894 = VERTEX_POINT('',#8895);
#8895 = CARTESIAN_POINT('',(-1.75,-1.E-02,-0.665));
#8896 = LINE('',#8897,#8898);
#8897 = CARTESIAN_POINT('',(-1.75,-1.E-02,-0.8));
#8898 = VECTOR('',#8899,1.);
#8899 = DIRECTION('',(0.,0.,1.));
#8900 = ORIENTED_EDGE('',*,*,#8901,.F.);
#8901 = EDGE_CURVE('',#8651,#8894,#8902,.T.);
#8902 = LINE('',#8903,#8904);
#8903 = CARTESIAN_POINT('',(-1.5,-1.E-02,-0.665));
#8904 = VECTOR('',#8905,1.);
#8905 = DIRECTION('',(-1.,0.,0.));
#8906 = PLANE('',#8907);
#8907 = AXIS2_PLACEMENT_3D('',#8908,#8909,#8910);
#8908 = CARTESIAN_POINT('',(0.,-1.E-02,0.));
#8909 = DIRECTION('',(-0.,1.,0.));
#8910 = DIRECTION('',(1.,0.,0.));
#8911 = ADVANCED_FACE('',(#8912),#8937,.T.);
#8912 = FACE_BOUND('',#8913,.T.);
#8913 = EDGE_LOOP('',(#8914,#8922,#8930,#8936));
#8914 = ORIENTED_EDGE('',*,*,#8915,.F.);
#8915 = EDGE_CURVE('',#8916,#8731,#8918,.T.);
#8916 = VERTEX_POINT('',#8917);
#8917 = CARTESIAN_POINT('',(1.58,-6.E-02,-0.615));
#8918 = LINE('',#8919,#8920);
#8919 = CARTESIAN_POINT('',(1.58,-6.E-02,-0.615));
#8920 = VECTOR('',#8921,1.);
#8921 = DIRECTION('',(0.,0.707106781187,-0.707106781187));
#8922 = ORIENTED_EDGE('',*,*,#8923,.F.);
#8923 = EDGE_CURVE('',#8924,#8916,#8926,.T.);
#8924 = VERTEX_POINT('',#8925);
#8925 = CARTESIAN_POINT('',(1.75,-6.E-02,-0.615));
#8926 = LINE('',#8927,#8928);
#8927 = CARTESIAN_POINT('',(1.75,-6.E-02,-0.615));
#8928 = VECTOR('',#8929,1.);
#8929 = DIRECTION('',(-1.,0.,0.));
#8930 = ORIENTED_EDGE('',*,*,#8931,.F.);
#8931 = EDGE_CURVE('',#8681,#8924,#8932,.T.);
#8932 = LINE('',#8933,#8934);
#8933 = CARTESIAN_POINT('',(1.75,-1.E-02,-0.665));
#8934 = VECTOR('',#8935,1.);
#8935 = DIRECTION('',(0.,-0.707106781187,0.707106781187));
#8936 = ORIENTED_EDGE('',*,*,#8738,.T.);
#8937 = PLANE('',#8938);
#8938 = AXIS2_PLACEMENT_3D('',#8939,#8940,#8941);
#8939 = CARTESIAN_POINT('',(1.665,-3.5E-02,-0.64));
#8940 = DIRECTION('',(0.,0.707106781187,0.707106781187));
#8941 = DIRECTION('',(1.,0.,-0.));
#8942 = ADVANCED_FACE('',(#8943),#8977,.T.);
#8943 = FACE_BOUND('',#8944,.T.);
#8944 = EDGE_LOOP('',(#8945,#8955,#8963,#8971));
#8945 = ORIENTED_EDGE('',*,*,#8946,.F.);
#8946 = EDGE_CURVE('',#8947,#8949,#8951,.T.);
#8947 = VERTEX_POINT('',#8948);
#8948 = CARTESIAN_POINT('',(1.75,-0.28,0.35));
#8949 = VERTEX_POINT('',#8950);
#8950 = CARTESIAN_POINT('',(1.75,0.29,0.35));
#8951 = LINE('',#8952,#8953);
#8952 = CARTESIAN_POINT('',(1.75,-0.28,0.35));
#8953 = VECTOR('',#8954,1.);
#8954 = DIRECTION('',(0.,1.,0.));
#8955 = ORIENTED_EDGE('',*,*,#8956,.T.);
#8956 = EDGE_CURVE('',#8947,#8957,#8959,.T.);
#8957 = VERTEX_POINT('',#8958);
#8958 = CARTESIAN_POINT('',(1.75,-0.28,-0.35));
#8959 = LINE('',#8960,#8961);
#8960 = CARTESIAN_POINT('',(1.75,-0.28,0.35));
#8961 = VECTOR('',#8962,1.);
#8962 = DIRECTION('',(0.,0.,-1.));
#8963 = ORIENTED_EDGE('',*,*,#8964,.T.);
#8964 = EDGE_CURVE('',#8957,#8965,#8967,.T.);
#8965 = VERTEX_POINT('',#8966);
#8966 = CARTESIAN_POINT('',(1.75,0.29,-0.35));
#8967 = LINE('',#8968,#8969);
#8968 = CARTESIAN_POINT('',(1.75,-0.28,-0.35));
#8969 = VECTOR('',#8970,1.);
#8970 = DIRECTION('',(0.,1.,0.));
#8971 = ORIENTED_EDGE('',*,*,#8972,.F.);
#8972 = EDGE_CURVE('',#8949,#8965,#8973,.T.);
#8973 = LINE('',#8974,#8975);
#8974 = CARTESIAN_POINT('',(1.75,0.29,0.35));
#8975 = VECTOR('',#8976,1.);
#8976 = DIRECTION('',(0.,0.,-1.));
#8977 = PLANE('',#8978);
#8978 = AXIS2_PLACEMENT_3D('',#8979,#8980,#8981);
#8979 = CARTESIAN_POINT('',(1.75,-0.33,0.8));
#8980 = DIRECTION('',(1.,0.,0.));
#8981 = DIRECTION('',(-0.,1.,0.));
#8982 = ADVANCED_FACE('',(#8983),#9009,.T.);
#8983 = FACE_BOUND('',#8984,.T.);
#8984 = EDGE_LOOP('',(#8985,#8993,#9001,#9007,#9008));
#8985 = ORIENTED_EDGE('',*,*,#8986,.F.);
#8986 = EDGE_CURVE('',#8987,#8924,#8989,.T.);
#8987 = VERTEX_POINT('',#8988);
#8988 = CARTESIAN_POINT('',(1.75,-0.28,-0.615));
#8989 = LINE('',#8990,#8991);
#8990 = CARTESIAN_POINT('',(1.75,-0.28,-0.615));
#8991 = VECTOR('',#8992,1.);
#8992 = DIRECTION('',(0.,1.,0.));
#8993 = ORIENTED_EDGE('',*,*,#8994,.T.);
#8994 = EDGE_CURVE('',#8987,#8995,#8997,.T.);
#8995 = VERTEX_POINT('',#8996);
#8996 = CARTESIAN_POINT('',(1.75,-0.28,-0.8));
#8997 = LINE('',#8998,#8999);
#8998 = CARTESIAN_POINT('',(1.75,-0.28,-0.615));
#8999 = VECTOR('',#9000,1.);
#9000 = DIRECTION('',(0.,0.,-1.));
#9001 = ORIENTED_EDGE('',*,*,#9002,.T.);
#9002 = EDGE_CURVE('',#8995,#8683,#9003,.T.);
#9003 = LINE('',#9004,#9005);
#9004 = CARTESIAN_POINT('',(1.75,-0.28,-0.8));
#9005 = VECTOR('',#9006,1.);
#9006 = DIRECTION('',(0.,1.,0.));
#9007 = ORIENTED_EDGE('',*,*,#8680,.F.);
#9008 = ORIENTED_EDGE('',*,*,#8931,.T.);
#9009 = PLANE('',#9010);
#9010 = AXIS2_PLACEMENT_3D('',#9011,#9012,#9013);
#9011 = CARTESIAN_POINT('',(1.75,-0.33,0.8));
#9012 = DIRECTION('',(1.,0.,0.));
#9013 = DIRECTION('',(-0.,1.,0.));
#9014 = ADVANCED_FACE('',(#9015),#9048,.T.);
#9015 = FACE_BOUND('',#9016,.T.);
#9016 = EDGE_LOOP('',(#9017,#9018,#9026,#9034,#9042));
#9017 = ORIENTED_EDGE('',*,*,#8788,.F.);
#9018 = ORIENTED_EDGE('',*,*,#9019,.F.);
#9019 = EDGE_CURVE('',#9020,#8780,#9022,.T.);
#9020 = VERTEX_POINT('',#9021);
#9021 = CARTESIAN_POINT('',(1.75,-0.28,0.8));
#9022 = LINE('',#9023,#9024);
#9023 = CARTESIAN_POINT('',(1.75,-0.28,0.8));
#9024 = VECTOR('',#9025,1.);
#9025 = DIRECTION('',(0.,1.,0.));
#9026 = ORIENTED_EDGE('',*,*,#9027,.T.);
#9027 = EDGE_CURVE('',#9020,#9028,#9030,.T.);
#9028 = VERTEX_POINT('',#9029);
#9029 = CARTESIAN_POINT('',(1.75,-0.28,0.615));
#9030 = LINE('',#9031,#9032);
#9031 = CARTESIAN_POINT('',(1.75,-0.28,0.8));
#9032 = VECTOR('',#9033,1.);
#9033 = DIRECTION('',(0.,0.,-1.));
#9034 = ORIENTED_EDGE('',*,*,#9035,.T.);
#9035 = EDGE_CURVE('',#9028,#9036,#9038,.T.);
#9036 = VERTEX_POINT('',#9037);
#9037 = CARTESIAN_POINT('',(1.75,-6.E-02,0.615));
#9038 = LINE('',#9039,#9040);
#9039 = CARTESIAN_POINT('',(1.75,-0.28,0.615));
#9040 = VECTOR('',#9041,1.);
#9041 = DIRECTION('',(0.,1.,0.));
#9042 = ORIENTED_EDGE('',*,*,#9043,.T.);
#9043 = EDGE_CURVE('',#9036,#8789,#9044,.T.);
#9044 = LINE('',#9045,#9046);
#9045 = CARTESIAN_POINT('',(1.75,-6.E-02,0.615));
#9046 = VECTOR('',#9047,1.);
#9047 = DIRECTION('',(0.,0.707106781187,0.707106781187));
#9048 = PLANE('',#9049);
#9049 = AXIS2_PLACEMENT_3D('',#9050,#9051,#9052);
#9050 = CARTESIAN_POINT('',(1.75,-0.33,0.8));
#9051 = DIRECTION('',(1.,0.,0.));
#9052 = DIRECTION('',(-0.,1.,0.));
#9053 = ADVANCED_FACE('',(#9054),#9079,.F.);
#9054 = FACE_BOUND('',#9055,.T.);
#9055 = EDGE_LOOP('',(#9056,#9064,#9065,#9073));
#9056 = ORIENTED_EDGE('',*,*,#9057,.F.);
#9057 = EDGE_CURVE('',#8949,#9058,#9060,.T.);
#9058 = VERTEX_POINT('',#9059);
#9059 = CARTESIAN_POINT('',(1.58,0.29,0.35));
#9060 = LINE('',#9061,#9062);
#9061 = CARTESIAN_POINT('',(1.75,0.29,0.35));
#9062 = VECTOR('',#9063,1.);
#9063 = DIRECTION('',(-1.,0.,0.));
#9064 = ORIENTED_EDGE('',*,*,#8972,.T.);
#9065 = ORIENTED_EDGE('',*,*,#9066,.F.);
#9066 = EDGE_CURVE('',#9067,#8965,#9069,.T.);
#9067 = VERTEX_POINT('',#9068);
#9068 = CARTESIAN_POINT('',(1.58,0.29,-0.35));
#9069 = LINE('',#9070,#9071);
#9070 = CARTESIAN_POINT('',(1.58,0.29,-0.35));
#9071 = VECTOR('',#9072,1.);
#9072 = DIRECTION('',(1.,0.,0.));
#9073 = ORIENTED_EDGE('',*,*,#9074,.T.);
#9074 = EDGE_CURVE('',#9067,#9058,#9075,.T.);
#9075 = LINE('',#9076,#9077);
#9076 = CARTESIAN_POINT('',(1.58,0.29,-0.35));
#9077 = VECTOR('',#9078,1.);
#9078 = DIRECTION('',(0.,0.,1.));
#9079 = PLANE('',#9080);
#9080 = AXIS2_PLACEMENT_3D('',#9081,#9082,#9083);
#9081 = CARTESIAN_POINT('',(1.5,0.29,-1.));
#9082 = DIRECTION('',(0.,-1.,0.));
#9083 = DIRECTION('',(0.,0.,-1.));
#9084 = ADVANCED_FACE('',(#9085),#9211,.T.);
#9085 = FACE_BOUND('',#9086,.T.);
#9086 = EDGE_LOOP('',(#9087,#9088,#9096,#9102,#9103,#9109,#9110,#9116,
    #9117,#9125,#9133,#9141,#9149,#9155,#9156,#9157,#9165,#9173,#9179,
    #9180,#9186,#9187,#9188,#9189,#9197,#9205));
#9087 = ORIENTED_EDGE('',*,*,#3353,.T.);
#9088 = ORIENTED_EDGE('',*,*,#9089,.F.);
#9089 = EDGE_CURVE('',#9090,#3345,#9092,.T.);
#9090 = VERTEX_POINT('',#9091);
#9091 = CARTESIAN_POINT('',(1.58,-0.23,0.37));
#9092 = LINE('',#9093,#9094);
#9093 = CARTESIAN_POINT('',(1.58,-0.23,0.37));
#9094 = VECTOR('',#9095,1.);
#9095 = DIRECTION('',(0.,0.,1.));
#9096 = ORIENTED_EDGE('',*,*,#9097,.T.);
#9097 = EDGE_CURVE('',#9090,#3242,#9098,.T.);
#9098 = LINE('',#9099,#9100);
#9099 = CARTESIAN_POINT('',(1.58,-0.23,0.37));
#9100 = VECTOR('',#9101,1.);
#9101 = DIRECTION('',(0.,-1.,-5.689893001204E-13));
#9102 = ORIENTED_EDGE('',*,*,#3241,.T.);
#9103 = ORIENTED_EDGE('',*,*,#9104,.T.);
#9104 = EDGE_CURVE('',#3234,#9058,#9105,.T.);
#9105 = LINE('',#9106,#9107);
#9106 = CARTESIAN_POINT('',(1.58,-0.33,0.35));
#9107 = VECTOR('',#9108,1.);
#9108 = DIRECTION('',(0.,1.,0.));
#9109 = ORIENTED_EDGE('',*,*,#9074,.F.);
#9110 = ORIENTED_EDGE('',*,*,#9111,.F.);
#9111 = EDGE_CURVE('',#3210,#9067,#9112,.T.);
#9112 = LINE('',#9113,#9114);
#9113 = CARTESIAN_POINT('',(1.58,-0.33,-0.35));
#9114 = VECTOR('',#9115,1.);
#9115 = DIRECTION('',(0.,1.,0.));
#9116 = ORIENTED_EDGE('',*,*,#3209,.T.);
#9117 = ORIENTED_EDGE('',*,*,#9118,.T.);
#9118 = EDGE_CURVE('',#3202,#9119,#9121,.T.);
#9119 = VERTEX_POINT('',#9120);
#9120 = CARTESIAN_POINT('',(1.58,-0.23,-0.37));
#9121 = LINE('',#9122,#9123);
#9122 = CARTESIAN_POINT('',(1.58,-0.33,-0.37));
#9123 = VECTOR('',#9124,1.);
#9124 = DIRECTION('',(0.,1.,0.));
#9125 = ORIENTED_EDGE('',*,*,#9126,.F.);
#9126 = EDGE_CURVE('',#9127,#9119,#9129,.T.);
#9127 = VERTEX_POINT('',#9128);
#9128 = CARTESIAN_POINT('',(1.58,-0.23,-0.595));
#9129 = LINE('',#9130,#9131);
#9130 = CARTESIAN_POINT('',(1.58,-0.23,-0.595));
#9131 = VECTOR('',#9132,1.);
#9132 = DIRECTION('',(0.,0.,1.));
#9133 = ORIENTED_EDGE('',*,*,#9134,.T.);
#9134 = EDGE_CURVE('',#9127,#9135,#9137,.T.);
#9135 = VERTEX_POINT('',#9136);
#9136 = CARTESIAN_POINT('',(1.58,-3.5E-02,-0.595));
#9137 = LINE('',#9138,#9139);
#9138 = CARTESIAN_POINT('',(1.58,-0.23,-0.595));
#9139 = VECTOR('',#9140,1.);
#9140 = DIRECTION('',(0.,1.,0.));
#9141 = ORIENTED_EDGE('',*,*,#9142,.T.);
#9142 = EDGE_CURVE('',#9135,#9143,#9145,.T.);
#9143 = VERTEX_POINT('',#9144);
#9144 = CARTESIAN_POINT('',(1.58,-3.5E-02,-0.615));
#9145 = LINE('',#9146,#9147);
#9146 = CARTESIAN_POINT('',(1.58,-3.5E-02,-0.595));
#9147 = VECTOR('',#9148,1.);
#9148 = DIRECTION('',(0.,0.,-1.));
#9149 = ORIENTED_EDGE('',*,*,#9150,.F.);
#9150 = EDGE_CURVE('',#8916,#9143,#9151,.T.);
#9151 = LINE('',#9152,#9153);
#9152 = CARTESIAN_POINT('',(1.58,-6.E-02,-0.615));
#9153 = VECTOR('',#9154,1.);
#9154 = DIRECTION('',(0.,1.,0.));
#9155 = ORIENTED_EDGE('',*,*,#8915,.T.);
#9156 = ORIENTED_EDGE('',*,*,#8730,.T.);
#9157 = ORIENTED_EDGE('',*,*,#9158,.F.);
#9158 = EDGE_CURVE('',#9159,#8723,#9161,.T.);
#9159 = VERTEX_POINT('',#9160);
#9160 = CARTESIAN_POINT('',(1.58,2.E-02,-0.75));
#9161 = LINE('',#9162,#9163);
#9162 = CARTESIAN_POINT('',(1.58,2.E-02,-0.75));
#9163 = VECTOR('',#9164,1.);
#9164 = DIRECTION('',(0.,-1.,0.));
#9165 = ORIENTED_EDGE('',*,*,#9166,.T.);
#9166 = EDGE_CURVE('',#9159,#9167,#9169,.T.);
#9167 = VERTEX_POINT('',#9168);
#9168 = CARTESIAN_POINT('',(1.58,2.E-02,-0.97));
#9169 = LINE('',#9170,#9171);
#9170 = CARTESIAN_POINT('',(1.58,2.E-02,-0.75));
#9171 = VECTOR('',#9172,1.);
#9172 = DIRECTION('',(0.,0.,-1.));
#9173 = ORIENTED_EDGE('',*,*,#9174,.T.);
#9174 = EDGE_CURVE('',#9167,#4604,#9175,.T.);
#9175 = LINE('',#9176,#9177);
#9176 = CARTESIAN_POINT('',(1.58,2.E-02,-0.97));
#9177 = VECTOR('',#9178,1.);
#9178 = DIRECTION('',(0.,1.,0.));
#9179 = ORIENTED_EDGE('',*,*,#4603,.T.);
#9180 = ORIENTED_EDGE('',*,*,#9181,.T.);
#9181 = EDGE_CURVE('',#4596,#3584,#9182,.T.);
#9182 = LINE('',#9183,#9184);
#9183 = CARTESIAN_POINT('',(1.58,0.33,0.97));
#9184 = VECTOR('',#9185,1.);
#9185 = DIRECTION('',(0.,-1.,0.));
#9186 = ORIENTED_EDGE('',*,*,#3583,.T.);
#9187 = ORIENTED_EDGE('',*,*,#3527,.T.);
#9188 = ORIENTED_EDGE('',*,*,#8752,.T.);
#9189 = ORIENTED_EDGE('',*,*,#9190,.T.);
#9190 = EDGE_CURVE('',#8753,#9191,#9193,.T.);
#9191 = VERTEX_POINT('',#9192);
#9192 = CARTESIAN_POINT('',(1.58,-6.E-02,0.615));
#9193 = LINE('',#9194,#9195);
#9194 = CARTESIAN_POINT('',(1.58,-1.E-02,0.665));
#9195 = VECTOR('',#9196,1.);
#9196 = DIRECTION('',(0.,-0.707106781187,-0.707106781187));
#9197 = ORIENTED_EDGE('',*,*,#9198,.T.);
#9198 = EDGE_CURVE('',#9191,#9199,#9201,.T.);
#9199 = VERTEX_POINT('',#9200);
#9200 = CARTESIAN_POINT('',(1.58,-3.5E-02,0.615));
#9201 = LINE('',#9202,#9203);
#9202 = CARTESIAN_POINT('',(1.58,-6.E-02,0.615));
#9203 = VECTOR('',#9204,1.);
#9204 = DIRECTION('',(0.,1.,0.));
#9205 = ORIENTED_EDGE('',*,*,#9206,.T.);
#9206 = EDGE_CURVE('',#9199,#3354,#9207,.T.);
#9207 = LINE('',#9208,#9209);
#9208 = CARTESIAN_POINT('',(1.58,-3.5E-02,0.615));
#9209 = VECTOR('',#9210,1.);
#9210 = DIRECTION('',(0.,0.,-1.));
#9211 = PLANE('',#9212);
#9212 = AXIS2_PLACEMENT_3D('',#9213,#9214,#9215);
#9213 = CARTESIAN_POINT('',(1.58,0.33,0.));
#9214 = DIRECTION('',(1.,0.,0.));
#9215 = DIRECTION('',(-0.,1.,0.));
#9216 = ADVANCED_FACE('',(#9217),#9242,.T.);
#9217 = FACE_BOUND('',#9218,.T.);
#9218 = EDGE_LOOP('',(#9219,#9227,#9235,#9241));
#9219 = ORIENTED_EDGE('',*,*,#9220,.T.);
#9220 = EDGE_CURVE('',#5277,#9221,#9223,.T.);
#9221 = VERTEX_POINT('',#9222);
#9222 = CARTESIAN_POINT('',(1.22,-3.5E-02,0.19));
#9223 = LINE('',#9224,#9225);
#9224 = CARTESIAN_POINT('',(1.22,-3.5E-02,0.63));
#9225 = VECTOR('',#9226,1.);
#9226 = DIRECTION('',(0.,0.,-1.));
#9227 = ORIENTED_EDGE('',*,*,#9228,.F.);
#9228 = EDGE_CURVE('',#9229,#9221,#9231,.T.);
#9229 = VERTEX_POINT('',#9230);
#9230 = CARTESIAN_POINT('',(1.295,-3.5E-02,0.19));
#9231 = LINE('',#9232,#9233);
#9232 = CARTESIAN_POINT('',(1.295,-3.5E-02,0.19));
#9233 = VECTOR('',#9234,1.);
#9234 = DIRECTION('',(-1.,0.,0.));
#9235 = ORIENTED_EDGE('',*,*,#9236,.F.);
#9236 = EDGE_CURVE('',#5285,#9229,#9237,.T.);
#9237 = LINE('',#9238,#9239);
#9238 = CARTESIAN_POINT('',(1.295,-3.5E-02,0.63));
#9239 = VECTOR('',#9240,1.);
#9240 = DIRECTION('',(0.,0.,-1.));
#9241 = ORIENTED_EDGE('',*,*,#5284,.T.);
#9242 = PLANE('',#9243);
#9243 = AXIS2_PLACEMENT_3D('',#9244,#9245,#9246);
#9244 = CARTESIAN_POINT('',(1.58,-3.5E-02,0.75));
#9245 = DIRECTION('',(0.,-1.,0.));
#9246 = DIRECTION('',(0.,0.,-1.));
#9247 = ADVANCED_FACE('',(#9248),#9273,.T.);
#9248 = FACE_BOUND('',#9249,.T.);
#9249 = EDGE_LOOP('',(#9250,#9260,#9266,#9267));
#9250 = ORIENTED_EDGE('',*,*,#9251,.T.);
#9251 = EDGE_CURVE('',#9252,#9254,#9256,.T.);
#9252 = VERTEX_POINT('',#9253);
#9253 = CARTESIAN_POINT('',(1.295,-3.5E-02,-0.19));
#9254 = VERTEX_POINT('',#9255);
#9255 = CARTESIAN_POINT('',(1.22,-3.5E-02,-0.19));
#9256 = LINE('',#9257,#9258);
#9257 = CARTESIAN_POINT('',(1.295,-3.5E-02,-0.19));
#9258 = VECTOR('',#9259,1.);
#9259 = DIRECTION('',(-1.,0.,0.));
#9260 = ORIENTED_EDGE('',*,*,#9261,.T.);
#9261 = EDGE_CURVE('',#9254,#5813,#9262,.T.);
#9262 = LINE('',#9263,#9264);
#9263 = CARTESIAN_POINT('',(1.22,-3.5E-02,-0.19));
#9264 = VECTOR('',#9265,1.);
#9265 = DIRECTION('',(0.,0.,-1.));
#9266 = ORIENTED_EDGE('',*,*,#5812,.F.);
#9267 = ORIENTED_EDGE('',*,*,#9268,.F.);
#9268 = EDGE_CURVE('',#9252,#5805,#9269,.T.);
#9269 = LINE('',#9270,#9271);
#9270 = CARTESIAN_POINT('',(1.295,-3.5E-02,-0.19));
#9271 = VECTOR('',#9272,1.);
#9272 = DIRECTION('',(0.,0.,-1.));
#9273 = PLANE('',#9274);
#9274 = AXIS2_PLACEMENT_3D('',#9275,#9276,#9277);
#9275 = CARTESIAN_POINT('',(1.58,-3.5E-02,0.75));
#9276 = DIRECTION('',(0.,-1.,0.));
#9277 = DIRECTION('',(0.,0.,-1.));
#9278 = ADVANCED_FACE('',(#9279),#9295,.T.);
#9279 = FACE_BOUND('',#9280,.T.);
#9280 = EDGE_LOOP('',(#9281,#9282,#9288,#9289));
#9281 = ORIENTED_EDGE('',*,*,#9142,.F.);
#9282 = ORIENTED_EDGE('',*,*,#9283,.F.);
#9283 = EDGE_CURVE('',#3473,#9135,#9284,.T.);
#9284 = LINE('',#9285,#9286);
#9285 = CARTESIAN_POINT('',(1.5,-3.5E-02,-0.595));
#9286 = VECTOR('',#9287,1.);
#9287 = DIRECTION('',(1.,0.,0.));
#9288 = ORIENTED_EDGE('',*,*,#3472,.T.);
#9289 = ORIENTED_EDGE('',*,*,#9290,.T.);
#9290 = EDGE_CURVE('',#3465,#9143,#9291,.T.);
#9291 = LINE('',#9292,#9293);
#9292 = CARTESIAN_POINT('',(1.5,-3.5E-02,-0.615));
#9293 = VECTOR('',#9294,1.);
#9294 = DIRECTION('',(1.,0.,0.));
#9295 = PLANE('',#9296);
#9296 = AXIS2_PLACEMENT_3D('',#9297,#9298,#9299);
#9297 = CARTESIAN_POINT('',(1.58,-3.5E-02,0.75));
#9298 = DIRECTION('',(0.,-1.,0.));
#9299 = DIRECTION('',(0.,0.,-1.));
#9300 = ADVANCED_FACE('',(#9301),#9312,.T.);
#9301 = FACE_BOUND('',#9302,.T.);
#9302 = EDGE_LOOP('',(#9303,#9304,#9305,#9306));
#9303 = ORIENTED_EDGE('',*,*,#3496,.T.);
#9304 = ORIENTED_EDGE('',*,*,#3361,.T.);
#9305 = ORIENTED_EDGE('',*,*,#9206,.F.);
#9306 = ORIENTED_EDGE('',*,*,#9307,.F.);
#9307 = EDGE_CURVE('',#3497,#9199,#9308,.T.);
#9308 = LINE('',#9309,#9310);
#9309 = CARTESIAN_POINT('',(1.5,-3.5E-02,0.615));
#9310 = VECTOR('',#9311,1.);
#9311 = DIRECTION('',(1.,0.,0.));
#9312 = PLANE('',#9313);
#9313 = AXIS2_PLACEMENT_3D('',#9314,#9315,#9316);
#9314 = CARTESIAN_POINT('',(1.58,-3.5E-02,0.75));
#9315 = DIRECTION('',(0.,-1.,0.));
#9316 = DIRECTION('',(0.,0.,-1.));
#9317 = ADVANCED_FACE('',(#9318),#9329,.F.);
#9318 = FACE_BOUND('',#9319,.T.);
#9319 = EDGE_LOOP('',(#9320,#9326,#9327,#9328));
#9320 = ORIENTED_EDGE('',*,*,#9321,.F.);
#9321 = EDGE_CURVE('',#4824,#9229,#9322,.T.);
#9322 = LINE('',#9323,#9324);
#9323 = CARTESIAN_POINT('',(1.295,-0.15,0.19));
#9324 = VECTOR('',#9325,1.);
#9325 = DIRECTION('',(0.,1.,0.));
#9326 = ORIENTED_EDGE('',*,*,#4823,.F.);
#9327 = ORIENTED_EDGE('',*,*,#5292,.F.);
#9328 = ORIENTED_EDGE('',*,*,#9236,.T.);
#9329 = PLANE('',#9330);
#9330 = AXIS2_PLACEMENT_3D('',#9331,#9332,#9333);
#9331 = CARTESIAN_POINT('',(1.295,0.33,0.63));
#9332 = DIRECTION('',(1.,0.,0.));
#9333 = DIRECTION('',(-0.,1.,0.));
#9334 = ADVANCED_FACE('',(#9335),#9346,.F.);
#9335 = FACE_BOUND('',#9336,.T.);
#9336 = EDGE_LOOP('',(#9337,#9338,#9339,#9345));
#9337 = ORIENTED_EDGE('',*,*,#5804,.T.);
#9338 = ORIENTED_EDGE('',*,*,#4855,.F.);
#9339 = ORIENTED_EDGE('',*,*,#9340,.T.);
#9340 = EDGE_CURVE('',#4848,#9252,#9341,.T.);
#9341 = LINE('',#9342,#9343);
#9342 = CARTESIAN_POINT('',(1.295,-0.15,-0.19));
#9343 = VECTOR('',#9344,1.);
#9344 = DIRECTION('',(0.,1.,0.));
#9345 = ORIENTED_EDGE('',*,*,#9268,.T.);
#9346 = PLANE('',#9347);
#9347 = AXIS2_PLACEMENT_3D('',#9348,#9349,#9350);
#9348 = CARTESIAN_POINT('',(1.295,0.33,0.63));
#9349 = DIRECTION('',(1.,0.,0.));
#9350 = DIRECTION('',(-0.,1.,0.));
#9351 = ADVANCED_FACE('',(#9352),#9379,.T.);
#9352 = FACE_BOUND('',#9353,.T.);
#9353 = EDGE_LOOP('',(#9354,#9362,#9370,#9376,#9377,#9378));
#9354 = ORIENTED_EDGE('',*,*,#9355,.F.);
#9355 = EDGE_CURVE('',#9356,#9221,#9358,.T.);
#9356 = VERTEX_POINT('',#9357);
#9357 = CARTESIAN_POINT('',(1.22,0.15,0.19));
#9358 = LINE('',#9359,#9360);
#9359 = CARTESIAN_POINT('',(1.22,0.15,0.19));
#9360 = VECTOR('',#9361,1.);
#9361 = DIRECTION('',(0.,-1.,0.));
#9362 = ORIENTED_EDGE('',*,*,#9363,.F.);
#9363 = EDGE_CURVE('',#9364,#9356,#9366,.T.);
#9364 = VERTEX_POINT('',#9365);
#9365 = CARTESIAN_POINT('',(1.19,0.15,0.19));
#9366 = LINE('',#9367,#9368);
#9367 = CARTESIAN_POINT('',(1.19,0.15,0.19));
#9368 = VECTOR('',#9369,1.);
#9369 = DIRECTION('',(1.,0.,0.));
#9370 = ORIENTED_EDGE('',*,*,#9371,.F.);
#9371 = EDGE_CURVE('',#4832,#9364,#9372,.T.);
#9372 = LINE('',#9373,#9374);
#9373 = CARTESIAN_POINT('',(1.19,-0.15,0.19));
#9374 = VECTOR('',#9375,1.);
#9375 = DIRECTION('',(0.,1.,0.));
#9376 = ORIENTED_EDGE('',*,*,#4831,.F.);
#9377 = ORIENTED_EDGE('',*,*,#9321,.T.);
#9378 = ORIENTED_EDGE('',*,*,#9228,.T.);
#9379 = PLANE('',#9380);
#9380 = AXIS2_PLACEMENT_3D('',#9381,#9382,#9383);
#9381 = CARTESIAN_POINT('',(1.19,-0.15,0.19));
#9382 = DIRECTION('',(0.,0.,1.));
#9383 = DIRECTION('',(1.,0.,-0.));
#9384 = ADVANCED_FACE('',(#9385),#9403,.T.);
#9385 = FACE_BOUND('',#9386,.T.);
#9386 = EDGE_LOOP('',(#9387,#9388,#9396,#9402));
#9387 = ORIENTED_EDGE('',*,*,#9371,.T.);
#9388 = ORIENTED_EDGE('',*,*,#9389,.F.);
#9389 = EDGE_CURVE('',#9390,#9364,#9392,.T.);
#9390 = VERTEX_POINT('',#9391);
#9391 = CARTESIAN_POINT('',(1.19,0.15,-0.19));
#9392 = LINE('',#9393,#9394);
#9393 = CARTESIAN_POINT('',(1.19,0.15,-0.19));
#9394 = VECTOR('',#9395,1.);
#9395 = DIRECTION('',(0.,0.,1.));
#9396 = ORIENTED_EDGE('',*,*,#9397,.F.);
#9397 = EDGE_CURVE('',#4840,#9390,#9398,.T.);
#9398 = LINE('',#9399,#9400);
#9399 = CARTESIAN_POINT('',(1.19,-0.15,-0.19));
#9400 = VECTOR('',#9401,1.);
#9401 = DIRECTION('',(0.,1.,0.));
#9402 = ORIENTED_EDGE('',*,*,#4839,.T.);
#9403 = PLANE('',#9404);
#9404 = AXIS2_PLACEMENT_3D('',#9405,#9406,#9407);
#9405 = CARTESIAN_POINT('',(1.19,-0.15,-0.19));
#9406 = DIRECTION('',(-1.,0.,0.));
#9407 = DIRECTION('',(0.,0.,1.));
#9408 = ADVANCED_FACE('',(#9409),#9429,.T.);
#9409 = FACE_BOUND('',#9410,.T.);
#9410 = EDGE_LOOP('',(#9411,#9412,#9413,#9414,#9422,#9428));
#9411 = ORIENTED_EDGE('',*,*,#9340,.F.);
#9412 = ORIENTED_EDGE('',*,*,#4847,.T.);
#9413 = ORIENTED_EDGE('',*,*,#9397,.T.);
#9414 = ORIENTED_EDGE('',*,*,#9415,.F.);
#9415 = EDGE_CURVE('',#9416,#9390,#9418,.T.);
#9416 = VERTEX_POINT('',#9417);
#9417 = CARTESIAN_POINT('',(1.22,0.15,-0.19));
#9418 = LINE('',#9419,#9420);
#9419 = CARTESIAN_POINT('',(1.22,0.15,-0.19));
#9420 = VECTOR('',#9421,1.);
#9421 = DIRECTION('',(-1.,0.,0.));
#9422 = ORIENTED_EDGE('',*,*,#9423,.T.);
#9423 = EDGE_CURVE('',#9416,#9254,#9424,.T.);
#9424 = LINE('',#9425,#9426);
#9425 = CARTESIAN_POINT('',(1.22,0.15,-0.19));
#9426 = VECTOR('',#9427,1.);
#9427 = DIRECTION('',(0.,-1.,0.));
#9428 = ORIENTED_EDGE('',*,*,#9251,.F.);
#9429 = PLANE('',#9430);
#9430 = AXIS2_PLACEMENT_3D('',#9431,#9432,#9433);
#9431 = CARTESIAN_POINT('',(1.295,-0.15,-0.19));
#9432 = DIRECTION('',(0.,0.,-1.));
#9433 = DIRECTION('',(0.,-1.,0.));
#9434 = ADVANCED_FACE('',(#9435),#9455,.T.);
#9435 = FACE_BOUND('',#9436,.T.);
#9436 = EDGE_LOOP('',(#9437,#9443,#9444,#9445,#9446,#9452,#9453,#9454));
#9437 = ORIENTED_EDGE('',*,*,#9438,.T.);
#9438 = EDGE_CURVE('',#5268,#5821,#9439,.T.);
#9439 = LINE('',#9440,#9441);
#9440 = CARTESIAN_POINT('',(1.22,0.256572557763,0.63));
#9441 = VECTOR('',#9442,1.);
#9442 = DIRECTION('',(0.,0.,-1.));
#9443 = ORIENTED_EDGE('',*,*,#5820,.F.);
#9444 = ORIENTED_EDGE('',*,*,#9261,.F.);
#9445 = ORIENTED_EDGE('',*,*,#9423,.F.);
#9446 = ORIENTED_EDGE('',*,*,#9447,.F.);
#9447 = EDGE_CURVE('',#9356,#9416,#9448,.T.);
#9448 = LINE('',#9449,#9450);
#9449 = CARTESIAN_POINT('',(1.22,0.15,0.19));
#9450 = VECTOR('',#9451,1.);
#9451 = DIRECTION('',(0.,0.,-1.));
#9452 = ORIENTED_EDGE('',*,*,#9355,.T.);
#9453 = ORIENTED_EDGE('',*,*,#9220,.F.);
#9454 = ORIENTED_EDGE('',*,*,#5276,.T.);
#9455 = PLANE('',#9456);
#9456 = AXIS2_PLACEMENT_3D('',#9457,#9458,#9459);
#9457 = CARTESIAN_POINT('',(1.22,-3.5E-02,0.75));
#9458 = DIRECTION('',(-1.,0.,0.));
#9459 = DIRECTION('',(0.,0.,1.));
#9460 = ADVANCED_FACE('',(#9461),#9467,.T.);
#9461 = FACE_BOUND('',#9462,.T.);
#9462 = EDGE_LOOP('',(#9463,#9464,#9465,#9466));
#9463 = ORIENTED_EDGE('',*,*,#9415,.T.);
#9464 = ORIENTED_EDGE('',*,*,#9389,.T.);
#9465 = ORIENTED_EDGE('',*,*,#9363,.T.);
#9466 = ORIENTED_EDGE('',*,*,#9447,.T.);
#9467 = PLANE('',#9468);
#9468 = AXIS2_PLACEMENT_3D('',#9469,#9470,#9471);
#9469 = CARTESIAN_POINT('',(0.,0.15,0.));
#9470 = DIRECTION('',(-0.,1.,0.));
#9471 = DIRECTION('',(1.,0.,0.));
#9472 = ADVANCED_FACE('',(#9473),#9491,.T.);
#9473 = FACE_BOUND('',#9474,.T.);
#9474 = EDGE_LOOP('',(#9475,#9476,#9484,#9490));
#9475 = ORIENTED_EDGE('',*,*,#5002,.T.);
#9476 = ORIENTED_EDGE('',*,*,#9477,.T.);
#9477 = EDGE_CURVE('',#4995,#9478,#9480,.T.);
#9478 = VERTEX_POINT('',#9479);
#9479 = CARTESIAN_POINT('',(-1.19,0.15,-0.19));
#9480 = LINE('',#9481,#9482);
#9481 = CARTESIAN_POINT('',(-1.19,0.15,0.19));
#9482 = VECTOR('',#9483,1.);
#9483 = DIRECTION('',(0.,0.,-1.));
#9484 = ORIENTED_EDGE('',*,*,#9485,.T.);
#9485 = EDGE_CURVE('',#9478,#5105,#9486,.T.);
#9486 = LINE('',#9487,#9488);
#9487 = CARTESIAN_POINT('',(-1.19,0.15,-0.19));
#9488 = VECTOR('',#9489,1.);
#9489 = DIRECTION('',(-1.,0.,0.));
#9490 = ORIENTED_EDGE('',*,*,#5104,.F.);
#9491 = PLANE('',#9492);
#9492 = AXIS2_PLACEMENT_3D('',#9493,#9494,#9495);
#9493 = CARTESIAN_POINT('',(0.,0.15,0.));
#9494 = DIRECTION('',(-0.,1.,0.));
#9495 = DIRECTION('',(1.,0.,0.));
#9496 = ADVANCED_FACE('',(#9497),#9522,.T.);
#9497 = FACE_BOUND('',#9498,.T.);
#9498 = EDGE_LOOP('',(#9499,#9507,#9515,#9521));
#9499 = ORIENTED_EDGE('',*,*,#9500,.T.);
#9500 = EDGE_CURVE('',#4970,#9501,#9503,.T.);
#9501 = VERTEX_POINT('',#9502);
#9502 = CARTESIAN_POINT('',(-1.28,0.15,-0.19));
#9503 = LINE('',#9504,#9505);
#9504 = CARTESIAN_POINT('',(-1.28,0.15,0.19));
#9505 = VECTOR('',#9506,1.);
#9506 = DIRECTION('',(0.,0.,-1.));
#9507 = ORIENTED_EDGE('',*,*,#9508,.T.);
#9508 = EDGE_CURVE('',#9501,#9509,#9511,.T.);
#9509 = VERTEX_POINT('',#9510);
#9510 = CARTESIAN_POINT('',(-1.295,0.15,-0.19));
#9511 = LINE('',#9512,#9513);
#9512 = CARTESIAN_POINT('',(-1.28,0.15,-0.19));
#9513 = VECTOR('',#9514,1.);
#9514 = DIRECTION('',(-1.,0.,0.));
#9515 = ORIENTED_EDGE('',*,*,#9516,.F.);
#9516 = EDGE_CURVE('',#4980,#9509,#9517,.T.);
#9517 = LINE('',#9518,#9519);
#9518 = CARTESIAN_POINT('',(-1.295,0.15,0.19));
#9519 = VECTOR('',#9520,1.);
#9520 = DIRECTION('',(0.,0.,-1.));
#9521 = ORIENTED_EDGE('',*,*,#4979,.T.);
#9522 = PLANE('',#9523);
#9523 = AXIS2_PLACEMENT_3D('',#9524,#9525,#9526);
#9524 = CARTESIAN_POINT('',(0.,0.15,0.));
#9525 = DIRECTION('',(-0.,1.,0.));
#9526 = DIRECTION('',(1.,0.,0.));
#9527 = ADVANCED_FACE('',(#9528),#9553,.T.);
#9528 = FACE_BOUND('',#9529,.T.);
#9529 = EDGE_LOOP('',(#9530,#9531,#9532,#9538,#9539,#9545,#9546,#9552));
#9530 = ORIENTED_EDGE('',*,*,#5112,.F.);
#9531 = ORIENTED_EDGE('',*,*,#9485,.F.);
#9532 = ORIENTED_EDGE('',*,*,#9533,.F.);
#9533 = EDGE_CURVE('',#4880,#9478,#9534,.T.);
#9534 = LINE('',#9535,#9536);
#9535 = CARTESIAN_POINT('',(-1.19,-0.15,-0.19));
#9536 = VECTOR('',#9537,1.);
#9537 = DIRECTION('',(0.,1.,0.));
#9538 = ORIENTED_EDGE('',*,*,#4879,.F.);
#9539 = ORIENTED_EDGE('',*,*,#9540,.T.);
#9540 = EDGE_CURVE('',#4872,#9509,#9541,.T.);
#9541 = LINE('',#9542,#9543);
#9542 = CARTESIAN_POINT('',(-1.295,-0.15,-0.19));
#9543 = VECTOR('',#9544,1.);
#9544 = DIRECTION('',(0.,1.,0.));
#9545 = ORIENTED_EDGE('',*,*,#9508,.F.);
#9546 = ORIENTED_EDGE('',*,*,#9547,.T.);
#9547 = EDGE_CURVE('',#9501,#5064,#9548,.T.);
#9548 = LINE('',#9549,#9550);
#9549 = CARTESIAN_POINT('',(-1.28,0.15,-0.19));
#9550 = VECTOR('',#9551,1.);
#9551 = DIRECTION('',(0.,-1.,0.));
#9552 = ORIENTED_EDGE('',*,*,#5063,.T.);
#9553 = PLANE('',#9554);
#9554 = AXIS2_PLACEMENT_3D('',#9555,#9556,#9557);
#9555 = CARTESIAN_POINT('',(-1.19,-0.15,-0.19));
#9556 = DIRECTION('',(0.,0.,-1.));
#9557 = DIRECTION('',(0.,-1.,0.));
#9558 = ADVANCED_FACE('',(#9559),#9574,.F.);
#9559 = FACE_BOUND('',#9560,.T.);
#9560 = EDGE_LOOP('',(#9561,#9567,#9568,#9569,#9570,#9571,#9572,#9573));
#9561 = ORIENTED_EDGE('',*,*,#9562,.T.);
#9562 = EDGE_CURVE('',#5308,#5781,#9563,.T.);
#9563 = LINE('',#9564,#9565);
#9564 = CARTESIAN_POINT('',(-1.28,0.247667984057,0.63));
#9565 = VECTOR('',#9566,1.);
#9566 = DIRECTION('',(0.,0.,-1.));
#9567 = ORIENTED_EDGE('',*,*,#5780,.T.);
#9568 = ORIENTED_EDGE('',*,*,#5073,.F.);
#9569 = ORIENTED_EDGE('',*,*,#9547,.F.);
#9570 = ORIENTED_EDGE('',*,*,#9500,.F.);
#9571 = ORIENTED_EDGE('',*,*,#4969,.T.);
#9572 = ORIENTED_EDGE('',*,*,#5042,.F.);
#9573 = ORIENTED_EDGE('',*,*,#5316,.F.);
#9574 = PLANE('',#9575);
#9575 = AXIS2_PLACEMENT_3D('',#9576,#9577,#9578);
#9576 = CARTESIAN_POINT('',(-1.28,0.247667984057,0.75));
#9577 = DIRECTION('',(1.,0.,0.));
#9578 = DIRECTION('',(-0.,1.,0.));
#9579 = ADVANCED_FACE('',(#9580),#9591,.F.);
#9580 = FACE_BOUND('',#9581,.F.);
#9581 = EDGE_LOOP('',(#9582,#9588,#9589,#9590));
#9582 = ORIENTED_EDGE('',*,*,#9583,.T.);
#9583 = EDGE_CURVE('',#5789,#5300,#9584,.T.);
#9584 = LINE('',#9585,#9586);
#9585 = CARTESIAN_POINT('',(-1.295,0.278892974049,-0.63));
#9586 = VECTOR('',#9587,1.);
#9587 = DIRECTION('',(0.,0.,1.));
#9588 = ORIENTED_EDGE('',*,*,#5307,.F.);
#9589 = ORIENTED_EDGE('',*,*,#9562,.T.);
#9590 = ORIENTED_EDGE('',*,*,#5788,.T.);
#9591 = CYLINDRICAL_SURFACE('',#9592,4.E-02);
#9592 = AXIS2_PLACEMENT_3D('',#9593,#9594,#9595);
#9593 = CARTESIAN_POINT('',(-1.32,0.247667984057,0.75));
#9594 = DIRECTION('',(0.,0.,-1.));
#9595 = DIRECTION('',(1.,0.,0.));
#9596 = ADVANCED_FACE('',(#9597),#9607,.F.);
#9597 = FACE_BOUND('',#9598,.T.);
#9598 = EDGE_LOOP('',(#9599,#9600,#9601,#9602,#9603,#9604,#9605,#9606));
#9599 = ORIENTED_EDGE('',*,*,#9583,.T.);
#9600 = ORIENTED_EDGE('',*,*,#5299,.T.);
#9601 = ORIENTED_EDGE('',*,*,#4805,.F.);
#9602 = ORIENTED_EDGE('',*,*,#4987,.T.);
#9603 = ORIENTED_EDGE('',*,*,#9516,.T.);
#9604 = ORIENTED_EDGE('',*,*,#9540,.F.);
#9605 = ORIENTED_EDGE('',*,*,#4871,.F.);
#9606 = ORIENTED_EDGE('',*,*,#5797,.F.);
#9607 = PLANE('',#9608);
#9608 = AXIS2_PLACEMENT_3D('',#9609,#9610,#9611);
#9609 = CARTESIAN_POINT('',(-1.295,0.33,-0.63));
#9610 = DIRECTION('',(-1.,0.,0.));
#9611 = DIRECTION('',(0.,0.,1.));
#9612 = ADVANCED_FACE('',(#9613),#9619,.T.);
#9613 = FACE_BOUND('',#9614,.T.);
#9614 = EDGE_LOOP('',(#9615,#9616,#9617,#9618));
#9615 = ORIENTED_EDGE('',*,*,#9533,.T.);
#9616 = ORIENTED_EDGE('',*,*,#9477,.F.);
#9617 = ORIENTED_EDGE('',*,*,#4994,.F.);
#9618 = ORIENTED_EDGE('',*,*,#4887,.T.);
#9619 = PLANE('',#9620);
#9620 = AXIS2_PLACEMENT_3D('',#9621,#9622,#9623);
#9621 = CARTESIAN_POINT('',(-1.19,-0.15,0.19));
#9622 = DIRECTION('',(1.,0.,0.));
#9623 = DIRECTION('',(-0.,1.,0.));
#9624 = ADVANCED_FACE('',(#9625),#9656,.T.);
#9625 = FACE_BOUND('',#9626,.T.);
#9626 = EDGE_LOOP('',(#9627,#9636,#9644,#9651,#9652,#9653,#9654,#9655));
#9627 = ORIENTED_EDGE('',*,*,#9628,.T.);
#9628 = EDGE_CURVE('',#4548,#9629,#9631,.T.);
#9629 = VERTEX_POINT('',#9630);
#9630 = CARTESIAN_POINT('',(1.291191602831,0.36619801268,0.649577179564)
  );
#9631 = B_SPLINE_CURVE_WITH_KNOTS('',3,(#9632,#9633,#9634,#9635),
  .UNSPECIFIED.,.F.,.F.,(4,4),(0.,1.),.PIECEWISE_BEZIER_KNOTS.);
#9632 = CARTESIAN_POINT('',(1.245087352126,0.33,0.610994522148));
#9633 = CARTESIAN_POINT('',(1.258158706184,0.346896092076,0.62193337416)
  );
#9634 = CARTESIAN_POINT('',(1.273773611425,0.358443023266,0.635000814369
    ));
#9635 = CARTESIAN_POINT('',(1.291191602831,0.36619801268,0.649577179564)
  );
#9636 = ORIENTED_EDGE('',*,*,#9637,.T.);
#9637 = EDGE_CURVE('',#9629,#9638,#9640,.T.);
#9638 = VERTEX_POINT('',#9639);
#9639 = CARTESIAN_POINT('',(1.291191602831,0.36619801268,-0.649577179564
    ));
#9640 = LINE('',#9641,#9642);
#9641 = CARTESIAN_POINT('',(1.291191602831,0.36619801268,0.649577179564)
  );
#9642 = VECTOR('',#9643,1.);
#9643 = DIRECTION('',(0.,0.,-1.));
#9644 = ORIENTED_EDGE('',*,*,#9645,.F.);
#9645 = EDGE_CURVE('',#4517,#9638,#9646,.T.);
#9646 = B_SPLINE_CURVE_WITH_KNOTS('',3,(#9647,#9648,#9649,#9650),
  .UNSPECIFIED.,.F.,.F.,(4,4),(0.,1.),.PIECEWISE_BEZIER_KNOTS.);
#9647 = CARTESIAN_POINT('',(1.245087352126,0.33,-0.610994522148));
#9648 = CARTESIAN_POINT('',(1.258158706184,0.346896092076,-0.62193337416
    ));
#9649 = CARTESIAN_POINT('',(1.273773611425,0.358443023266,
    -0.635000814369));
#9650 = CARTESIAN_POINT('',(1.291191602831,0.36619801268,-0.649577179564
    ));
#9651 = ORIENTED_EDGE('',*,*,#4516,.T.);
#9652 = ORIENTED_EDGE('',*,*,#5828,.F.);
#9653 = ORIENTED_EDGE('',*,*,#9438,.F.);
#9654 = ORIENTED_EDGE('',*,*,#5267,.T.);
#9655 = ORIENTED_EDGE('',*,*,#4555,.T.);
#9656 = CYLINDRICAL_SURFACE('',#9657,0.12);
#9657 = AXIS2_PLACEMENT_3D('',#9658,#9659,#9660);
#9658 = CARTESIAN_POINT('',(1.34,0.256572557763,0.75));
#9659 = DIRECTION('',(0.,0.,1.));
#9660 = DIRECTION('',(-1.,0.,0.));
#9661 = ADVANCED_FACE('',(#9662),#9680,.F.);
#9662 = FACE_BOUND('',#9663,.T.);
#9663 = EDGE_LOOP('',(#9664,#9665,#9666,#9674));
#9664 = ORIENTED_EDGE('',*,*,#4524,.F.);
#9665 = ORIENTED_EDGE('',*,*,#9645,.T.);
#9666 = ORIENTED_EDGE('',*,*,#9667,.T.);
#9667 = EDGE_CURVE('',#9638,#9668,#9670,.T.);
#9668 = VERTEX_POINT('',#9669);
#9669 = CARTESIAN_POINT('',(1.411191602831,0.419625454917,-0.75));
#9670 = LINE('',#9671,#9672);
#9671 = CARTESIAN_POINT('',(1.291191602831,0.36619801268,-0.649577179564
    ));
#9672 = VECTOR('',#9673,1.);
#9673 = DIRECTION('',(0.725751716034,0.32312548239,-0.607350285505));
#9674 = ORIENTED_EDGE('',*,*,#9675,.F.);
#9675 = EDGE_CURVE('',#4525,#9668,#9676,.T.);
#9676 = LINE('',#9677,#9678);
#9677 = CARTESIAN_POINT('',(1.411191602831,0.33,-0.75));
#9678 = VECTOR('',#9679,1.);
#9679 = DIRECTION('',(0.,1.,0.));
#9680 = PLANE('',#9681);
#9681 = AXIS2_PLACEMENT_3D('',#9682,#9683,#9684);
#9682 = CARTESIAN_POINT('',(1.22,0.33,-0.59));
#9683 = DIRECTION('',(0.641777727204,0.,0.766890702033));
#9684 = DIRECTION('',(0.,-1.,0.));
#9685 = ADVANCED_FACE('',(#9686),#9697,.T.);
#9686 = FACE_BOUND('',#9687,.T.);
#9687 = EDGE_LOOP('',(#9688,#9694,#9695,#9696));
#9688 = ORIENTED_EDGE('',*,*,#9689,.T.);
#9689 = EDGE_CURVE('',#3427,#9159,#9690,.T.);
#9690 = LINE('',#9691,#9692);
#9691 = CARTESIAN_POINT('',(1.5,2.E-02,-0.75));
#9692 = VECTOR('',#9693,1.);
#9693 = DIRECTION('',(1.,0.,0.));
#9694 = ORIENTED_EDGE('',*,*,#9158,.T.);
#9695 = ORIENTED_EDGE('',*,*,#8722,.T.);
#9696 = ORIENTED_EDGE('',*,*,#3434,.F.);
#9697 = PLANE('',#9698);
#9698 = AXIS2_PLACEMENT_3D('',#9699,#9700,#9701);
#9699 = CARTESIAN_POINT('',(0.,0.,-0.75));
#9700 = DIRECTION('',(0.,0.,-1.));
#9701 = DIRECTION('',(0.,-1.,0.));
#9702 = ADVANCED_FACE('',(#9703),#9714,.T.);
#9703 = FACE_BOUND('',#9704,.T.);
#9704 = EDGE_LOOP('',(#9705,#9712,#9713));
#9705 = ORIENTED_EDGE('',*,*,#9706,.T.);
#9706 = EDGE_CURVE('',#9668,#4533,#9707,.T.);
#9707 = CIRCLE('',#9708,0.12);
#9708 = AXIS2_PLACEMENT_3D('',#9709,#9710,#9711);
#9709 = CARTESIAN_POINT('',(1.46,0.31,-0.75));
#9710 = DIRECTION('',(0.,0.,-1.));
#9711 = DIRECTION('',(-0.406736643076,0.913545457643,0.));
#9712 = ORIENTED_EDGE('',*,*,#4532,.T.);
#9713 = ORIENTED_EDGE('',*,*,#9675,.T.);
#9714 = PLANE('',#9715);
#9715 = AXIS2_PLACEMENT_3D('',#9716,#9717,#9718);
#9716 = CARTESIAN_POINT('',(0.,0.,-0.75));
#9717 = DIRECTION('',(0.,0.,-1.));
#9718 = DIRECTION('',(0.,-1.,0.));
#9719 = ADVANCED_FACE('',(#9720),#9747,.T.);
#9720 = FACE_BOUND('',#9721,.T.);
#9721 = EDGE_LOOP('',(#9722,#9723,#9724,#9725,#9733,#9741));
#9722 = ORIENTED_EDGE('',*,*,#9166,.F.);
#9723 = ORIENTED_EDGE('',*,*,#9689,.F.);
#9724 = ORIENTED_EDGE('',*,*,#3424,.F.);
#9725 = ORIENTED_EDGE('',*,*,#9726,.T.);
#9726 = EDGE_CURVE('',#3425,#9727,#9729,.T.);
#9727 = VERTEX_POINT('',#9728);
#9728 = CARTESIAN_POINT('',(1.246209542351,2.E-02,-0.88));
#9729 = LINE('',#9730,#9731);
#9730 = CARTESIAN_POINT('',(1.5,2.E-02,-0.88));
#9731 = VECTOR('',#9732,1.);
#9732 = DIRECTION('',(-1.,0.,0.));
#9733 = ORIENTED_EDGE('',*,*,#9734,.T.);
#9734 = EDGE_CURVE('',#9727,#9735,#9737,.T.);
#9735 = VERTEX_POINT('',#9736);
#9736 = CARTESIAN_POINT('',(1.246209542351,2.E-02,-0.97));
#9737 = LINE('',#9738,#9739);
#9738 = CARTESIAN_POINT('',(1.246209542351,2.E-02,-0.88));
#9739 = VECTOR('',#9740,1.);
#9740 = DIRECTION('',(0.,0.,-1.));
#9741 = ORIENTED_EDGE('',*,*,#9742,.T.);
#9742 = EDGE_CURVE('',#9735,#9167,#9743,.T.);
#9743 = LINE('',#9744,#9745);
#9744 = CARTESIAN_POINT('',(1.246209542351,2.E-02,-0.97));
#9745 = VECTOR('',#9746,1.);
#9746 = DIRECTION('',(1.,0.,0.));
#9747 = PLANE('',#9748);
#9748 = AXIS2_PLACEMENT_3D('',#9749,#9750,#9751);
#9749 = CARTESIAN_POINT('',(1.5,2.E-02,-0.635));
#9750 = DIRECTION('',(0.,-1.,0.));
#9751 = DIRECTION('',(0.,0.,-1.));
#9752 = ADVANCED_FACE('',(#9753),#9879,.T.);
#9753 = FACE_BOUND('',#9754,.T.);
#9754 = EDGE_LOOP('',(#9755,#9756,#9757,#9766,#9774,#9783,#9791,#9799,
    #9807,#9815,#9823,#9832,#9840,#9849,#9855,#9856,#9864,#9872,#9878));
#9755 = ORIENTED_EDGE('',*,*,#9174,.F.);
#9756 = ORIENTED_EDGE('',*,*,#9742,.F.);
#9757 = ORIENTED_EDGE('',*,*,#9758,.F.);
#9758 = EDGE_CURVE('',#9759,#9735,#9761,.T.);
#9759 = VERTEX_POINT('',#9760);
#9760 = CARTESIAN_POINT('',(1.177929076513,-6.939901553669E-03,-0.97));
#9761 = CIRCLE('',#9762,0.1);
#9762 = AXIS2_PLACEMENT_3D('',#9763,#9764,#9765);
#9763 = CARTESIAN_POINT('',(1.246209542351,-8.E-02,-0.97));
#9764 = DIRECTION('',(0.,0.,-1.));
#9765 = DIRECTION('',(-0.682804658377,0.730600984463,0.));
#9766 = ORIENTED_EDGE('',*,*,#9767,.F.);
#9767 = EDGE_CURVE('',#9768,#9759,#9770,.T.);
#9768 = VERTEX_POINT('',#9769);
#9769 = CARTESIAN_POINT('',(1.032280465838,-0.143060098446,-0.97));
#9770 = LINE('',#9771,#9772);
#9771 = CARTESIAN_POINT('',(1.032280465838,-0.143060098446,-0.97));
#9772 = VECTOR('',#9773,1.);
#9773 = DIRECTION('',(0.730600984463,0.682804658377,0.));
#9774 = ORIENTED_EDGE('',*,*,#9775,.F.);
#9775 = EDGE_CURVE('',#9776,#9768,#9778,.T.);
#9776 = VERTEX_POINT('',#9777);
#9777 = CARTESIAN_POINT('',(0.964,-0.17,-0.97));
#9778 = CIRCLE('',#9779,0.1);
#9779 = AXIS2_PLACEMENT_3D('',#9780,#9781,#9782);
#9780 = CARTESIAN_POINT('',(0.964,-7.E-02,-0.97));
#9781 = DIRECTION('',(0.,0.,1.));
#9782 = DIRECTION('',(0.,-1.,0.));
#9783 = ORIENTED_EDGE('',*,*,#9784,.F.);
#9784 = EDGE_CURVE('',#9785,#9776,#9787,.T.);
#9785 = VERTEX_POINT('',#9786);
#9786 = CARTESIAN_POINT('',(0.67,-0.17,-0.97));
#9787 = LINE('',#9788,#9789);
#9788 = CARTESIAN_POINT('',(0.67,-0.17,-0.97));
#9789 = VECTOR('',#9790,1.);
#9790 = DIRECTION('',(1.,0.,0.));
#9791 = ORIENTED_EDGE('',*,*,#9792,.F.);
#9792 = EDGE_CURVE('',#9793,#9785,#9795,.T.);
#9793 = VERTEX_POINT('',#9794);
#9794 = CARTESIAN_POINT('',(0.62,-0.12,-0.97));
#9795 = LINE('',#9796,#9797);
#9796 = CARTESIAN_POINT('',(0.62,-0.12,-0.97));
#9797 = VECTOR('',#9798,1.);
#9798 = DIRECTION('',(0.707106781187,-0.707106781186,0.));
#9799 = ORIENTED_EDGE('',*,*,#9800,.F.);
#9800 = EDGE_CURVE('',#9801,#9793,#9803,.T.);
#9801 = VERTEX_POINT('',#9802);
#9802 = CARTESIAN_POINT('',(0.62,0.21,-0.97));
#9803 = LINE('',#9804,#9805);
#9804 = CARTESIAN_POINT('',(0.62,0.21,-0.97));
#9805 = VECTOR('',#9806,1.);
#9806 = DIRECTION('',(0.,-1.,0.));
#9807 = ORIENTED_EDGE('',*,*,#9808,.F.);
#9808 = EDGE_CURVE('',#9809,#9801,#9811,.T.);
#9809 = VERTEX_POINT('',#9810);
#9810 = CARTESIAN_POINT('',(0.795,0.21,-0.97));
#9811 = LINE('',#9812,#9813);
#9812 = CARTESIAN_POINT('',(0.795,0.21,-0.97));
#9813 = VECTOR('',#9814,1.);
#9814 = DIRECTION('',(-1.,1.586032892322E-14,0.));
#9815 = ORIENTED_EDGE('',*,*,#9816,.F.);
#9816 = EDGE_CURVE('',#9817,#9809,#9819,.T.);
#9817 = VERTEX_POINT('',#9818);
#9818 = CARTESIAN_POINT('',(0.795,0.17,-0.97));
#9819 = LINE('',#9820,#9821);
#9820 = CARTESIAN_POINT('',(0.795,0.17,-0.97));
#9821 = VECTOR('',#9822,1.);
#9822 = DIRECTION('',(0.,1.,0.));
#9823 = ORIENTED_EDGE('',*,*,#9824,.F.);
#9824 = EDGE_CURVE('',#9825,#9817,#9827,.T.);
#9825 = VERTEX_POINT('',#9826);
#9826 = CARTESIAN_POINT('',(0.835,0.13,-0.97));
#9827 = CIRCLE('',#9828,4.E-02);
#9828 = AXIS2_PLACEMENT_3D('',#9829,#9830,#9831);
#9829 = CARTESIAN_POINT('',(0.835,0.17,-0.97));
#9830 = DIRECTION('',(0.,0.,-1.));
#9831 = DIRECTION('',(0.,-1.,0.));
#9832 = ORIENTED_EDGE('',*,*,#9833,.F.);
#9833 = EDGE_CURVE('',#9834,#9825,#9836,.T.);
#9834 = VERTEX_POINT('',#9835);
#9835 = CARTESIAN_POINT('',(0.90021809153,0.13,-0.97));
#9836 = LINE('',#9837,#9838);
#9837 = CARTESIAN_POINT('',(0.90021809153,0.13,-0.97));
#9838 = VECTOR('',#9839,1.);
#9839 = DIRECTION('',(-1.,0.,0.));
#9840 = ORIENTED_EDGE('',*,*,#9841,.F.);
#9841 = EDGE_CURVE('',#9842,#9834,#9844,.T.);
#9842 = VERTEX_POINT('',#9843);
#9843 = CARTESIAN_POINT('',(0.927530277865,0.140775960621,-0.97));
#9844 = CIRCLE('',#9845,4.E-02);
#9845 = AXIS2_PLACEMENT_3D('',#9846,#9847,#9848);
#9846 = CARTESIAN_POINT('',(0.90021809153,0.17,-0.97));
#9847 = DIRECTION('',(0.,0.,-1.));
#9848 = DIRECTION('',(0.682804658377,-0.730600984463,0.));
#9849 = ORIENTED_EDGE('',*,*,#9850,.F.);
#9850 = EDGE_CURVE('',#8187,#9842,#9851,.T.);
#9851 = LINE('',#9852,#9853);
#9852 = CARTESIAN_POINT('',(1.13,0.33,-0.97));
#9853 = VECTOR('',#9854,1.);
#9854 = DIRECTION('',(-0.730600984463,-0.682804658377,0.));
#9855 = ORIENTED_EDGE('',*,*,#8186,.T.);
#9856 = ORIENTED_EDGE('',*,*,#9857,.T.);
#9857 = EDGE_CURVE('',#8179,#9858,#9860,.T.);
#9858 = VERTEX_POINT('',#9859);
#9859 = CARTESIAN_POINT('',(1.12,0.43,-0.97));
#9860 = LINE('',#9861,#9862);
#9861 = CARTESIAN_POINT('',(1.12,0.33,-0.97));
#9862 = VECTOR('',#9863,1.);
#9863 = DIRECTION('',(0.,1.,0.));
#9864 = ORIENTED_EDGE('',*,*,#9865,.F.);
#9865 = EDGE_CURVE('',#9866,#9858,#9868,.T.);
#9866 = VERTEX_POINT('',#9867);
#9867 = CARTESIAN_POINT('',(1.37,0.43,-0.97));
#9868 = LINE('',#9869,#9870);
#9869 = CARTESIAN_POINT('',(1.37,0.43,-0.97));
#9870 = VECTOR('',#9871,1.);
#9871 = DIRECTION('',(-1.,0.,0.));
#9872 = ORIENTED_EDGE('',*,*,#9873,.F.);
#9873 = EDGE_CURVE('',#4612,#9866,#9874,.T.);
#9874 = LINE('',#9875,#9876);
#9875 = CARTESIAN_POINT('',(1.37,0.33,-0.97));
#9876 = VECTOR('',#9877,1.);
#9877 = DIRECTION('',(0.,1.,0.));
#9878 = ORIENTED_EDGE('',*,*,#4611,.F.);
#9879 = PLANE('',#9880);
#9880 = AXIS2_PLACEMENT_3D('',#9881,#9882,#9883);
#9881 = CARTESIAN_POINT('',(1.5,2.E-02,-0.97));
#9882 = DIRECTION('',(0.,0.,-1.));
#9883 = DIRECTION('',(0.,-1.,0.));
#9884 = ADVANCED_FACE('',(#9885),#9903,.T.);
#9885 = FACE_BOUND('',#9886,.T.);
#9886 = EDGE_LOOP('',(#9887,#9888,#9896,#9902));
#9887 = ORIENTED_EDGE('',*,*,#9873,.T.);
#9888 = ORIENTED_EDGE('',*,*,#9889,.F.);
#9889 = EDGE_CURVE('',#9890,#9866,#9892,.T.);
#9890 = VERTEX_POINT('',#9891);
#9891 = CARTESIAN_POINT('',(1.2203,0.43,-0.787));
#9892 = LINE('',#9893,#9894);
#9893 = CARTESIAN_POINT('',(1.2203,0.43,-0.787));
#9894 = VECTOR('',#9895,1.);
#9895 = DIRECTION('',(0.633168690573,0.,-0.774013830159));
#9896 = ORIENTED_EDGE('',*,*,#9897,.F.);
#9897 = EDGE_CURVE('',#4620,#9890,#9898,.T.);
#9898 = LINE('',#9899,#9900);
#9899 = CARTESIAN_POINT('',(1.2203,0.33,-0.787));
#9900 = VECTOR('',#9901,1.);
#9901 = DIRECTION('',(0.,1.,0.));
#9902 = ORIENTED_EDGE('',*,*,#4619,.T.);
#9903 = PLANE('',#9904);
#9904 = AXIS2_PLACEMENT_3D('',#9905,#9906,#9907);
#9905 = CARTESIAN_POINT('',(1.2203,0.33,-0.787));
#9906 = DIRECTION('',(0.774013830159,0.,0.633168690573));
#9907 = DIRECTION('',(0.,-1.,0.));
#9908 = ADVANCED_FACE('',(#9909),#9928,.T.);
#9909 = FACE_BOUND('',#9910,.T.);
#9910 = EDGE_LOOP('',(#9911,#9912,#9913,#9921));
#9911 = ORIENTED_EDGE('',*,*,#4627,.T.);
#9912 = ORIENTED_EDGE('',*,*,#9897,.T.);
#9913 = ORIENTED_EDGE('',*,*,#9914,.F.);
#9914 = EDGE_CURVE('',#9915,#9890,#9917,.T.);
#9915 = VERTEX_POINT('',#9916);
#9916 = CARTESIAN_POINT('',(1.2203,0.43,-0.75));
#9917 = LINE('',#9918,#9919);
#9918 = CARTESIAN_POINT('',(1.2203,0.43,-0.75));
#9919 = VECTOR('',#9920,1.);
#9920 = DIRECTION('',(0.,0.,-1.));
#9921 = ORIENTED_EDGE('',*,*,#9922,.T.);
#9922 = EDGE_CURVE('',#9915,#4501,#9923,.T.);
#9923 = CIRCLE('',#9924,0.12);
#9924 = AXIS2_PLACEMENT_3D('',#9925,#9926,#9927);
#9925 = CARTESIAN_POINT('',(1.2203,0.31,-0.75));
#9926 = DIRECTION('',(1.,0.,0.));
#9927 = DIRECTION('',(-0.,1.,0.));
#9928 = PLANE('',#9929);
#9929 = AXIS2_PLACEMENT_3D('',#9930,#9931,#9932);
#9930 = CARTESIAN_POINT('',(1.2203,0.33,-0.63));
#9931 = DIRECTION('',(1.,0.,0.));
#9932 = DIRECTION('',(-0.,1.,0.));
#9933 = ADVANCED_FACE('',(#9934),#9967,.T.);
#9934 = FACE_BOUND('',#9935,.T.);
#9935 = EDGE_LOOP('',(#9936,#9937,#9944,#9945,#9953,#9960));
#9936 = ORIENTED_EDGE('',*,*,#5844,.T.);
#9937 = ORIENTED_EDGE('',*,*,#9938,.F.);
#9938 = EDGE_CURVE('',#4501,#5837,#9939,.T.);
#9939 = CIRCLE('',#9940,0.12);
#9940 = AXIS2_PLACEMENT_3D('',#9941,#9942,#9943);
#9941 = CARTESIAN_POINT('',(1.2203,0.31,-0.75));
#9942 = DIRECTION('',(1.,0.,-0.));
#9943 = DIRECTION('',(0.,0.166666666667,0.986013297183));
#9944 = ORIENTED_EDGE('',*,*,#9922,.F.);
#9945 = ORIENTED_EDGE('',*,*,#9946,.F.);
#9946 = EDGE_CURVE('',#9947,#9915,#9949,.T.);
#9947 = VERTEX_POINT('',#9948);
#9948 = CARTESIAN_POINT('',(0.9303,0.43,-0.75));
#9949 = LINE('',#9950,#9951);
#9950 = CARTESIAN_POINT('',(0.9303,0.43,-0.75));
#9951 = VECTOR('',#9952,1.);
#9952 = DIRECTION('',(1.,0.,0.));
#9953 = ORIENTED_EDGE('',*,*,#9954,.F.);
#9954 = EDGE_CURVE('',#4477,#9947,#9955,.T.);
#9955 = CIRCLE('',#9956,0.12);
#9956 = AXIS2_PLACEMENT_3D('',#9957,#9958,#9959);
#9957 = CARTESIAN_POINT('',(0.9303,0.31,-0.75));
#9958 = DIRECTION('',(-1.,0.,0.));
#9959 = DIRECTION('',(0.,0.166666666667,0.986013297183));
#9960 = ORIENTED_EDGE('',*,*,#9961,.F.);
#9961 = EDGE_CURVE('',#5845,#4477,#9962,.T.);
#9962 = CIRCLE('',#9963,0.12);
#9963 = AXIS2_PLACEMENT_3D('',#9964,#9965,#9966);
#9964 = CARTESIAN_POINT('',(0.9303,0.31,-0.75));
#9965 = DIRECTION('',(-1.,0.,0.));
#9966 = DIRECTION('',(0.,0.,1.));
#9967 = CYLINDRICAL_SURFACE('',#9968,0.12);
#9968 = AXIS2_PLACEMENT_3D('',#9969,#9970,#9971);
#9969 = CARTESIAN_POINT('',(-6.3126,0.31,-0.75));
#9970 = DIRECTION('',(-1.,0.,0.));
#9971 = DIRECTION('',(0.,1.,0.));
#9972 = ADVANCED_FACE('',(#9973),#9978,.F.);
#9973 = FACE_BOUND('',#9974,.T.);
#9974 = EDGE_LOOP('',(#9975,#9976,#9977));
#9975 = ORIENTED_EDGE('',*,*,#4476,.T.);
#9976 = ORIENTED_EDGE('',*,*,#5852,.F.);
#9977 = ORIENTED_EDGE('',*,*,#9961,.T.);
#9978 = PLANE('',#9979);
#9979 = AXIS2_PLACEMENT_3D('',#9980,#9981,#9982);
#9980 = CARTESIAN_POINT('',(0.9303,0.33,-0.7897));
#9981 = DIRECTION('',(-1.,0.,0.));
#9982 = DIRECTION('',(0.,0.,1.));
#9983 = ADVANCED_FACE('',(#9984),#10002,.T.);
#9984 = FACE_BOUND('',#9985,.T.);
#9985 = EDGE_LOOP('',(#9986,#9994,#10000,#10001));
#9986 = ORIENTED_EDGE('',*,*,#9987,.F.);
#9987 = EDGE_CURVE('',#9988,#9947,#9990,.T.);
#9988 = VERTEX_POINT('',#9989);
#9989 = CARTESIAN_POINT('',(0.9303,0.43,-0.7897));
#9990 = LINE('',#9991,#9992);
#9991 = CARTESIAN_POINT('',(0.9303,0.43,-0.7897));
#9992 = VECTOR('',#9993,1.);
#9993 = DIRECTION('',(0.,0.,1.));
#9994 = ORIENTED_EDGE('',*,*,#9995,.F.);
#9995 = EDGE_CURVE('',#4445,#9988,#9996,.T.);
#9996 = LINE('',#9997,#9998);
#9997 = CARTESIAN_POINT('',(0.9303,0.33,-0.7897));
#9998 = VECTOR('',#9999,1.);
#9999 = DIRECTION('',(0.,1.,0.));
#10000 = ORIENTED_EDGE('',*,*,#4484,.T.);
#10001 = ORIENTED_EDGE('',*,*,#9954,.T.);
#10002 = PLANE('',#10003);
#10003 = AXIS2_PLACEMENT_3D('',#10004,#10005,#10006);
#10004 = CARTESIAN_POINT('',(0.9303,0.33,-0.7897));
#10005 = DIRECTION('',(-1.,0.,0.));
#10006 = DIRECTION('',(0.,0.,1.));
#10007 = ADVANCED_FACE('',(#10008),#10020,.T.);
#10008 = FACE_BOUND('',#10009,.T.);
#10009 = EDGE_LOOP('',(#10010,#10011,#10017,#10018,#10019));
#10010 = ORIENTED_EDGE('',*,*,#9995,.T.);
#10011 = ORIENTED_EDGE('',*,*,#10012,.F.);
#10012 = EDGE_CURVE('',#9858,#9988,#10013,.T.);
#10013 = LINE('',#10014,#10015);
#10014 = CARTESIAN_POINT('',(1.12,0.43,-0.97));
#10015 = VECTOR('',#10016,1.);
#10016 = DIRECTION('',(-0.724837235836,0.,0.688920156147));
#10017 = ORIENTED_EDGE('',*,*,#9857,.F.);
#10018 = ORIENTED_EDGE('',*,*,#8178,.T.);
#10019 = ORIENTED_EDGE('',*,*,#4442,.T.);
#10020 = PLANE('',#10021);
#10021 = AXIS2_PLACEMENT_3D('',#10022,#10023,#10024);
#10022 = CARTESIAN_POINT('',(1.12,0.33,-0.97));
#10023 = DIRECTION('',(-0.688920156147,0.,-0.724837235836));
#10024 = DIRECTION('',(-0.724837235836,0.,0.688920156147));
#10025 = ADVANCED_FACE('',(#10026),#10067,.T.);
#10026 = FACE_BOUND('',#10027,.T.);
#10027 = EDGE_LOOP('',(#10028,#10038,#10044,#10045,#10053,#10061));
#10028 = ORIENTED_EDGE('',*,*,#10029,.T.);
#10029 = EDGE_CURVE('',#10030,#10032,#10034,.T.);
#10030 = VERTEX_POINT('',#10031);
#10031 = CARTESIAN_POINT('',(-0.9303,0.43,-0.75));
#10032 = VERTEX_POINT('',#10033);
#10033 = CARTESIAN_POINT('',(-0.9303,0.43,-0.7897));
#10034 = LINE('',#10035,#10036);
#10035 = CARTESIAN_POINT('',(-0.9303,0.43,-0.75));
#10036 = VECTOR('',#10037,1.);
#10037 = DIRECTION('',(0.,0.,-1.));
#10038 = ORIENTED_EDGE('',*,*,#10039,.T.);
#10039 = EDGE_CURVE('',#10032,#8050,#10040,.T.);
#10040 = LINE('',#10041,#10042);
#10041 = CARTESIAN_POINT('',(-0.9303,0.43,-0.7897));
#10042 = VECTOR('',#10043,1.);
#10043 = DIRECTION('',(-0.724837235836,0.,-0.688920156147));
#10044 = ORIENTED_EDGE('',*,*,#8049,.T.);
#10045 = ORIENTED_EDGE('',*,*,#10046,.T.);
#10046 = EDGE_CURVE('',#8042,#10047,#10049,.T.);
#10047 = VERTEX_POINT('',#10048);
#10048 = CARTESIAN_POINT('',(-1.2203,0.43,-0.787));
#10049 = LINE('',#10050,#10051);
#10050 = CARTESIAN_POINT('',(-1.37,0.43,-0.97));
#10051 = VECTOR('',#10052,1.);
#10052 = DIRECTION('',(0.633168690573,0.,0.774013830159));
#10053 = ORIENTED_EDGE('',*,*,#10054,.T.);
#10054 = EDGE_CURVE('',#10047,#10055,#10057,.T.);
#10055 = VERTEX_POINT('',#10056);
#10056 = CARTESIAN_POINT('',(-1.2203,0.43,-0.75));
#10057 = LINE('',#10058,#10059);
#10058 = CARTESIAN_POINT('',(-1.2203,0.43,-0.787));
#10059 = VECTOR('',#10060,1.);
#10060 = DIRECTION('',(0.,0.,1.));
#10061 = ORIENTED_EDGE('',*,*,#10062,.T.);
#10062 = EDGE_CURVE('',#10055,#10030,#10063,.T.);
#10063 = LINE('',#10064,#10065);
#10064 = CARTESIAN_POINT('',(-1.2203,0.43,-0.75));
#10065 = VECTOR('',#10066,1.);
#10066 = DIRECTION('',(1.,0.,0.));
#10067 = PLANE('',#10068);
#10068 = AXIS2_PLACEMENT_3D('',#10069,#10070,#10071);
#10069 = CARTESIAN_POINT('',(0.,0.43,0.));
#10070 = DIRECTION('',(-0.,1.,0.));
#10071 = DIRECTION('',(1.,0.,0.));
#10072 = ADVANCED_FACE('',(#10073),#10123,.T.);
#10073 = FACE_BOUND('',#10074,.T.);
#10074 = EDGE_LOOP('',(#10075,#10085,#10093,#10101,#10109,#10117));
#10075 = ORIENTED_EDGE('',*,*,#10076,.T.);
#10076 = EDGE_CURVE('',#10077,#10079,#10081,.T.);
#10077 = VERTEX_POINT('',#10078);
#10078 = CARTESIAN_POINT('',(-1.2203,0.43,0.75));
#10079 = VERTEX_POINT('',#10080);
#10080 = CARTESIAN_POINT('',(-1.2203,0.43,0.787));
#10081 = LINE('',#10082,#10083);
#10082 = CARTESIAN_POINT('',(-1.2203,0.43,0.75));
#10083 = VECTOR('',#10084,1.);
#10084 = DIRECTION('',(0.,0.,1.));
#10085 = ORIENTED_EDGE('',*,*,#10086,.T.);
#10086 = EDGE_CURVE('',#10079,#10087,#10089,.T.);
#10087 = VERTEX_POINT('',#10088);
#10088 = CARTESIAN_POINT('',(-1.37,0.43,0.97));
#10089 = LINE('',#10090,#10091);
#10090 = CARTESIAN_POINT('',(-1.2203,0.43,0.787));
#10091 = VECTOR('',#10092,1.);
#10092 = DIRECTION('',(-0.633168690573,0.,0.774013830159));
#10093 = ORIENTED_EDGE('',*,*,#10094,.T.);
#10094 = EDGE_CURVE('',#10087,#10095,#10097,.T.);
#10095 = VERTEX_POINT('',#10096);
#10096 = CARTESIAN_POINT('',(-1.12,0.43,0.97));
#10097 = LINE('',#10098,#10099);
#10098 = CARTESIAN_POINT('',(-1.37,0.43,0.97));
#10099 = VECTOR('',#10100,1.);
#10100 = DIRECTION('',(1.,0.,0.));
#10101 = ORIENTED_EDGE('',*,*,#10102,.T.);
#10102 = EDGE_CURVE('',#10095,#10103,#10105,.T.);
#10103 = VERTEX_POINT('',#10104);
#10104 = CARTESIAN_POINT('',(-0.9303,0.43,0.7897));
#10105 = LINE('',#10106,#10107);
#10106 = CARTESIAN_POINT('',(-1.12,0.43,0.97));
#10107 = VECTOR('',#10108,1.);
#10108 = DIRECTION('',(0.724837235836,0.,-0.688920156147));
#10109 = ORIENTED_EDGE('',*,*,#10110,.T.);
#10110 = EDGE_CURVE('',#10103,#10111,#10113,.T.);
#10111 = VERTEX_POINT('',#10112);
#10112 = CARTESIAN_POINT('',(-0.9303,0.43,0.75));
#10113 = LINE('',#10114,#10115);
#10114 = CARTESIAN_POINT('',(-0.9303,0.43,0.7897));
#10115 = VECTOR('',#10116,1.);
#10116 = DIRECTION('',(0.,0.,-1.));
#10117 = ORIENTED_EDGE('',*,*,#10118,.T.);
#10118 = EDGE_CURVE('',#10111,#10077,#10119,.T.);
#10119 = LINE('',#10120,#10121);
#10120 = CARTESIAN_POINT('',(-0.9303,0.43,0.75));
#10121 = VECTOR('',#10122,1.);
#10122 = DIRECTION('',(-1.,0.,0.));
#10123 = PLANE('',#10124);
#10124 = AXIS2_PLACEMENT_3D('',#10125,#10126,#10127);
#10125 = CARTESIAN_POINT('',(0.,0.43,0.));
#10126 = DIRECTION('',(-0.,1.,0.));
#10127 = DIRECTION('',(1.,0.,0.));
#10128 = ADVANCED_FACE('',(#10129),#10179,.T.);
#10129 = FACE_BOUND('',#10130,.T.);
#10130 = EDGE_LOOP('',(#10131,#10141,#10149,#10157,#10165,#10173));
#10131 = ORIENTED_EDGE('',*,*,#10132,.T.);
#10132 = EDGE_CURVE('',#10133,#10135,#10137,.T.);
#10133 = VERTEX_POINT('',#10134);
#10134 = CARTESIAN_POINT('',(0.9303,0.43,0.75));
#10135 = VERTEX_POINT('',#10136);
#10136 = CARTESIAN_POINT('',(0.9303,0.43,0.7897));
#10137 = LINE('',#10138,#10139);
#10138 = CARTESIAN_POINT('',(0.9303,0.43,0.75));
#10139 = VECTOR('',#10140,1.);
#10140 = DIRECTION('',(0.,0.,1.));
#10141 = ORIENTED_EDGE('',*,*,#10142,.T.);
#10142 = EDGE_CURVE('',#10135,#10143,#10145,.T.);
#10143 = VERTEX_POINT('',#10144);
#10144 = CARTESIAN_POINT('',(1.12,0.43,0.97));
#10145 = LINE('',#10146,#10147);
#10146 = CARTESIAN_POINT('',(0.9303,0.43,0.7897));
#10147 = VECTOR('',#10148,1.);
#10148 = DIRECTION('',(0.724837235836,0.,0.688920156147));
#10149 = ORIENTED_EDGE('',*,*,#10150,.T.);
#10150 = EDGE_CURVE('',#10143,#10151,#10153,.T.);
#10151 = VERTEX_POINT('',#10152);
#10152 = CARTESIAN_POINT('',(1.37,0.43,0.97));
#10153 = LINE('',#10154,#10155);
#10154 = CARTESIAN_POINT('',(1.12,0.43,0.97));
#10155 = VECTOR('',#10156,1.);
#10156 = DIRECTION('',(1.,0.,0.));
#10157 = ORIENTED_EDGE('',*,*,#10158,.T.);
#10158 = EDGE_CURVE('',#10151,#10159,#10161,.T.);
#10159 = VERTEX_POINT('',#10160);
#10160 = CARTESIAN_POINT('',(1.2203,0.43,0.787));
#10161 = LINE('',#10162,#10163);
#10162 = CARTESIAN_POINT('',(1.37,0.43,0.97));
#10163 = VECTOR('',#10164,1.);
#10164 = DIRECTION('',(-0.633168690573,0.,-0.774013830159));
#10165 = ORIENTED_EDGE('',*,*,#10166,.T.);
#10166 = EDGE_CURVE('',#10159,#10167,#10169,.T.);
#10167 = VERTEX_POINT('',#10168);
#10168 = CARTESIAN_POINT('',(1.2203,0.43,0.75));
#10169 = LINE('',#10170,#10171);
#10170 = CARTESIAN_POINT('',(1.2203,0.43,0.787));
#10171 = VECTOR('',#10172,1.);
#10172 = DIRECTION('',(0.,0.,-1.));
#10173 = ORIENTED_EDGE('',*,*,#10174,.T.);
#10174 = EDGE_CURVE('',#10167,#10133,#10175,.T.);
#10175 = LINE('',#10176,#10177);
#10176 = CARTESIAN_POINT('',(1.2203,0.43,0.75));
#10177 = VECTOR('',#10178,1.);
#10178 = DIRECTION('',(-1.,0.,0.));
#10179 = PLANE('',#10180);
#10180 = AXIS2_PLACEMENT_3D('',#10181,#10182,#10183);
#10181 = CARTESIAN_POINT('',(0.,0.43,0.));
#10182 = DIRECTION('',(-0.,1.,0.));
#10183 = DIRECTION('',(1.,0.,0.));
#10184 = ADVANCED_FACE('',(#10185),#10193,.T.);
#10185 = FACE_BOUND('',#10186,.T.);
#10186 = EDGE_LOOP('',(#10187,#10188,#10189,#10190,#10191,#10192));
#10187 = ORIENTED_EDGE('',*,*,#9914,.T.);
#10188 = ORIENTED_EDGE('',*,*,#9889,.T.);
#10189 = ORIENTED_EDGE('',*,*,#9865,.T.);
#10190 = ORIENTED_EDGE('',*,*,#10012,.T.);
#10191 = ORIENTED_EDGE('',*,*,#9987,.T.);
#10192 = ORIENTED_EDGE('',*,*,#9946,.T.);
#10193 = PLANE('',#10194);
#10194 = AXIS2_PLACEMENT_3D('',#10195,#10196,#10197);
#10195 = CARTESIAN_POINT('',(0.,0.43,0.));
#10196 = DIRECTION('',(-0.,1.,0.));
#10197 = DIRECTION('',(1.,0.,0.));
#10198 = ADVANCED_FACE('',(#10199),#10233,.T.);
#10199 = FACE_BOUND('',#10200,.T.);
#10200 = EDGE_LOOP('',(#10201,#10202,#10209,#10216,#10217,#10224,#10225)
  );
#10201 = ORIENTED_EDGE('',*,*,#5945,.T.);
#10202 = ORIENTED_EDGE('',*,*,#10203,.F.);
#10203 = EDGE_CURVE('',#4333,#5938,#10204,.T.);
#10204 = CIRCLE('',#10205,0.12);
#10205 = AXIS2_PLACEMENT_3D('',#10206,#10207,#10208);
#10206 = CARTESIAN_POINT('',(-0.9303,0.31,-0.75));
#10207 = DIRECTION('',(1.,0.,-0.));
#10208 = DIRECTION('',(0.,0.166666666667,0.986013297183));
#10209 = ORIENTED_EDGE('',*,*,#10210,.F.);
#10210 = EDGE_CURVE('',#10030,#4333,#10211,.T.);
#10211 = CIRCLE('',#10212,0.12);
#10212 = AXIS2_PLACEMENT_3D('',#10213,#10214,#10215);
#10213 = CARTESIAN_POINT('',(-0.9303,0.31,-0.75));
#10214 = DIRECTION('',(1.,0.,0.));
#10215 = DIRECTION('',(-0.,1.,0.));
#10216 = ORIENTED_EDGE('',*,*,#10062,.F.);
#10217 = ORIENTED_EDGE('',*,*,#10218,.F.);
#10218 = EDGE_CURVE('',#4179,#10055,#10219,.T.);
#10219 = CIRCLE('',#10220,0.12);
#10220 = AXIS2_PLACEMENT_3D('',#10221,#10222,#10223);
#10221 = CARTESIAN_POINT('',(-1.2203,0.31,-0.75));
#10222 = DIRECTION('',(-1.,0.,0.));
#10223 = DIRECTION('',(0.,0.166666666667,0.986013297183));
#10224 = ORIENTED_EDGE('',*,*,#4282,.T.);
#10225 = ORIENTED_EDGE('',*,*,#10226,.F.);
#10226 = EDGE_CURVE('',#5770,#4275,#10227,.T.);
#10227 = B_SPLINE_CURVE_WITH_KNOTS('',3,(#10228,#10229,#10230,#10231,
    #10232),.UNSPECIFIED.,.F.,.F.,(4,1,4),(0.,0.5,1.),
  .QUASI_UNIFORM_KNOTS.);
#10228 = CARTESIAN_POINT('',(-1.217458692282,0.31,-0.63));
#10229 = CARTESIAN_POINT('',(-1.219625222016,0.31356412012,-0.63));
#10230 = CARTESIAN_POINT('',(-1.224334399945,0.320474659136,
    -0.630317302468));
#10231 = CARTESIAN_POINT('',(-1.229785400895,0.326910407051,
    -0.631156167813));
#10232 = CARTESIAN_POINT('',(-1.232699145762,0.33,-0.631678404338));
#10233 = CYLINDRICAL_SURFACE('',#10234,0.12);
#10234 = AXIS2_PLACEMENT_3D('',#10235,#10236,#10237);
#10235 = CARTESIAN_POINT('',(-6.3126,0.31,-0.75));
#10236 = DIRECTION('',(-1.,0.,0.));
#10237 = DIRECTION('',(0.,1.,0.));
#10238 = ADVANCED_FACE('',(#10239),#10279,.T.);
#10239 = FACE_BOUND('',#10240,.T.);
#10240 = EDGE_LOOP('',(#10241,#10250,#10258,#10265,#10266,#10274,#10275,
    #10276,#10277,#10278));
#10241 = ORIENTED_EDGE('',*,*,#10242,.T.);
#10242 = EDGE_CURVE('',#4267,#10243,#10245,.T.);
#10243 = VERTEX_POINT('',#10244);
#10244 = CARTESIAN_POINT('',(-1.271191602831,0.357293438974,
    -0.632840042824));
#10245 = B_SPLINE_CURVE_WITH_KNOTS('',3,(#10246,#10247,#10248,#10249),
  .UNSPECIFIED.,.F.,.F.,(4,4),(0.,1.),.PIECEWISE_BEZIER_KNOTS.);
#10246 = CARTESIAN_POINT('',(-1.232699145762,0.33,-0.600627366954));
#10247 = CARTESIAN_POINT('',(-1.244209808711,0.342205345597,
    -0.610260143941));
#10248 = CARTESIAN_POINT('',(-1.257151425858,0.351042349439,
    -0.621090424732));
#10249 = CARTESIAN_POINT('',(-1.271191602831,0.357293438974,
    -0.632840042824));
#10250 = ORIENTED_EDGE('',*,*,#10251,.F.);
#10251 = EDGE_CURVE('',#10252,#10243,#10254,.T.);
#10252 = VERTEX_POINT('',#10253);
#10253 = CARTESIAN_POINT('',(-1.271191602831,0.357293438974,
    0.632840042824));
#10254 = LINE('',#10255,#10256);
#10255 = CARTESIAN_POINT('',(-1.271191602831,0.357293438974,
    0.632840042824));
#10256 = VECTOR('',#10257,1.);
#10257 = DIRECTION('',(0.,0.,-1.));
#10258 = ORIENTED_EDGE('',*,*,#10259,.F.);
#10259 = EDGE_CURVE('',#4243,#10252,#10260,.T.);
#10260 = B_SPLINE_CURVE_WITH_KNOTS('',3,(#10261,#10262,#10263,#10264),
  .UNSPECIFIED.,.F.,.F.,(4,4),(0.,1.),.PIECEWISE_BEZIER_KNOTS.);
#10261 = CARTESIAN_POINT('',(-1.232699145762,0.33,0.600627366954));
#10262 = CARTESIAN_POINT('',(-1.244209808711,0.342205345597,
    0.610260143941));
#10263 = CARTESIAN_POINT('',(-1.257151425858,0.351042349439,
    0.621090424732));
#10264 = CARTESIAN_POINT('',(-1.271191602831,0.357293438974,
    0.632840042824));
#10265 = ORIENTED_EDGE('',*,*,#4242,.F.);
#10266 = ORIENTED_EDGE('',*,*,#10267,.T.);
#10267 = EDGE_CURVE('',#4235,#5325,#10268,.T.);
#10268 = B_SPLINE_CURVE_WITH_KNOTS('',3,(#10269,#10270,#10271,#10272,
    #10273),.UNSPECIFIED.,.F.,.F.,(4,1,4),(0.,0.5,1.),
  .QUASI_UNIFORM_KNOTS.);
#10269 = CARTESIAN_POINT('',(-1.232699145762,0.33,0.631678404338));
#10270 = CARTESIAN_POINT('',(-1.229786459438,0.326911529478,
    0.631156357538));
#10271 = CARTESIAN_POINT('',(-1.224336299296,0.320477154186,
    0.630317529893));
#10272 = CARTESIAN_POINT('',(-1.219626029246,0.31356544808,0.63));
#10273 = CARTESIAN_POINT('',(-1.217458692282,0.31,0.63));
#10274 = ORIENTED_EDGE('',*,*,#5324,.F.);
#10275 = ORIENTED_EDGE('',*,*,#5127,.T.);
#10276 = ORIENTED_EDGE('',*,*,#5769,.T.);
#10277 = ORIENTED_EDGE('',*,*,#10226,.T.);
#10278 = ORIENTED_EDGE('',*,*,#4274,.F.);
#10279 = CYLINDRICAL_SURFACE('',#10280,0.12);
#10280 = AXIS2_PLACEMENT_3D('',#10281,#10282,#10283);
#10281 = CARTESIAN_POINT('',(-1.32,0.247667984057,0.75));
#10282 = DIRECTION('',(0.,0.,-1.));
#10283 = DIRECTION('',(1.,0.,0.));
#10284 = ADVANCED_FACE('',(#10285),#10312,.T.);
#10285 = FACE_BOUND('',#10286,.T.);
#10286 = EDGE_LOOP('',(#10287,#10288,#10289,#10290,#10297,#10298,#10305)
  );
#10287 = ORIENTED_EDGE('',*,*,#5333,.T.);
#10288 = ORIENTED_EDGE('',*,*,#10267,.F.);
#10289 = ORIENTED_EDGE('',*,*,#4234,.T.);
#10290 = ORIENTED_EDGE('',*,*,#10291,.F.);
#10291 = EDGE_CURVE('',#10077,#4227,#10292,.T.);
#10292 = CIRCLE('',#10293,0.12);
#10293 = AXIS2_PLACEMENT_3D('',#10294,#10295,#10296);
#10294 = CARTESIAN_POINT('',(-1.2203,0.31,0.75));
#10295 = DIRECTION('',(-1.,0.,0.));
#10296 = DIRECTION('',(0.,1.,0.));
#10297 = ORIENTED_EDGE('',*,*,#10118,.F.);
#10298 = ORIENTED_EDGE('',*,*,#10299,.F.);
#10299 = EDGE_CURVE('',#4421,#10111,#10300,.T.);
#10300 = CIRCLE('',#10301,0.12);
#10301 = AXIS2_PLACEMENT_3D('',#10302,#10303,#10304);
#10302 = CARTESIAN_POINT('',(-0.9303,0.31,0.75));
#10303 = DIRECTION('',(1.,0.,0.));
#10304 = DIRECTION('',(0.,0.166666666667,-0.986013297183));
#10305 = ORIENTED_EDGE('',*,*,#10306,.F.);
#10306 = EDGE_CURVE('',#5151,#4421,#10307,.T.);
#10307 = CIRCLE('',#10308,0.12);
#10308 = AXIS2_PLACEMENT_3D('',#10309,#10310,#10311);
#10309 = CARTESIAN_POINT('',(-0.9303,0.31,0.75));
#10310 = DIRECTION('',(1.,0.,0.));
#10311 = DIRECTION('',(0.,0.,-1.));
#10312 = CYLINDRICAL_SURFACE('',#10313,0.12);
#10313 = AXIS2_PLACEMENT_3D('',#10314,#10315,#10316);
#10314 = CARTESIAN_POINT('',(6.3126,0.31,0.75));
#10315 = DIRECTION('',(1.,-0.,0.));
#10316 = DIRECTION('',(0.,1.,0.));
#10317 = ADVANCED_FACE('',(#10318),#10323,.F.);
#10318 = FACE_BOUND('',#10319,.T.);
#10319 = EDGE_LOOP('',(#10320,#10321,#10322));
#10320 = ORIENTED_EDGE('',*,*,#4420,.T.);
#10321 = ORIENTED_EDGE('',*,*,#5150,.F.);
#10322 = ORIENTED_EDGE('',*,*,#10306,.T.);
#10323 = PLANE('',#10324);
#10324 = AXIS2_PLACEMENT_3D('',#10325,#10326,#10327);
#10325 = CARTESIAN_POINT('',(-0.9303,0.33,0.7897));
#10326 = DIRECTION('',(1.,0.,0.));
#10327 = DIRECTION('',(-0.,1.,0.));
#10328 = ADVANCED_FACE('',(#10329),#10340,.T.);
#10329 = FACE_BOUND('',#10330,.T.);
#10330 = EDGE_LOOP('',(#10331,#10332,#10338,#10339));
#10331 = ORIENTED_EDGE('',*,*,#10110,.F.);
#10332 = ORIENTED_EDGE('',*,*,#10333,.F.);
#10333 = EDGE_CURVE('',#4389,#10103,#10334,.T.);
#10334 = LINE('',#10335,#10336);
#10335 = CARTESIAN_POINT('',(-0.9303,0.33,0.7897));
#10336 = VECTOR('',#10337,1.);
#10337 = DIRECTION('',(0.,1.,0.));
#10338 = ORIENTED_EDGE('',*,*,#4428,.T.);
#10339 = ORIENTED_EDGE('',*,*,#10299,.T.);
#10340 = PLANE('',#10341);
#10341 = AXIS2_PLACEMENT_3D('',#10342,#10343,#10344);
#10342 = CARTESIAN_POINT('',(-0.9303,0.33,0.7897));
#10343 = DIRECTION('',(1.,0.,0.));
#10344 = DIRECTION('',(-0.,1.,0.));
#10345 = ADVANCED_FACE('',(#10346),#10358,.T.);
#10346 = FACE_BOUND('',#10347,.T.);
#10347 = EDGE_LOOP('',(#10348,#10349,#10350,#10356,#10357));
#10348 = ORIENTED_EDGE('',*,*,#10333,.T.);
#10349 = ORIENTED_EDGE('',*,*,#10102,.F.);
#10350 = ORIENTED_EDGE('',*,*,#10351,.F.);
#10351 = EDGE_CURVE('',#8141,#10095,#10352,.T.);
#10352 = LINE('',#10353,#10354);
#10353 = CARTESIAN_POINT('',(-1.12,0.33,0.97));
#10354 = VECTOR('',#10355,1.);
#10355 = DIRECTION('',(0.,1.,0.));
#10356 = ORIENTED_EDGE('',*,*,#8140,.T.);
#10357 = ORIENTED_EDGE('',*,*,#4386,.T.);
#10358 = PLANE('',#10359);
#10359 = AXIS2_PLACEMENT_3D('',#10360,#10361,#10362);
#10360 = CARTESIAN_POINT('',(-1.12,0.33,0.97));
#10361 = DIRECTION('',(0.688920156147,0.,0.724837235836));
#10362 = DIRECTION('',(0.,-1.,0.));
#10363 = ADVANCED_FACE('',(#10364),#10490,.F.);
#10364 = FACE_BOUND('',#10365,.T.);
#10365 = EDGE_LOOP('',(#10366,#10374,#10382,#10391,#10399,#10408,#10416,
    #10424,#10432,#10440,#10448,#10457,#10465,#10474,#10480,#10481,
    #10482,#10483,#10489));
#10366 = ORIENTED_EDGE('',*,*,#10367,.T.);
#10367 = EDGE_CURVE('',#4203,#10368,#10370,.T.);
#10368 = VERTEX_POINT('',#10369);
#10369 = CARTESIAN_POINT('',(-1.58,2.E-02,0.97));
#10370 = LINE('',#10371,#10372);
#10371 = CARTESIAN_POINT('',(-1.58,0.33,0.97));
#10372 = VECTOR('',#10373,1.);
#10373 = DIRECTION('',(0.,-1.,0.));
#10374 = ORIENTED_EDGE('',*,*,#10375,.F.);
#10375 = EDGE_CURVE('',#10376,#10368,#10378,.T.);
#10376 = VERTEX_POINT('',#10377);
#10377 = CARTESIAN_POINT('',(-1.246209542351,2.E-02,0.97));
#10378 = LINE('',#10379,#10380);
#10379 = CARTESIAN_POINT('',(-1.246209542351,2.E-02,0.97));
#10380 = VECTOR('',#10381,1.);
#10381 = DIRECTION('',(-1.,0.,0.));
#10382 = ORIENTED_EDGE('',*,*,#10383,.F.);
#10383 = EDGE_CURVE('',#10384,#10376,#10386,.T.);
#10384 = VERTEX_POINT('',#10385);
#10385 = CARTESIAN_POINT('',(-1.177929076513,-6.939901553669E-03,0.97));
#10386 = CIRCLE('',#10387,0.1);
#10387 = AXIS2_PLACEMENT_3D('',#10388,#10389,#10390);
#10388 = CARTESIAN_POINT('',(-1.246209542351,-8.E-02,0.97));
#10389 = DIRECTION('',(0.,-0.,1.));
#10390 = DIRECTION('',(0.682804658377,0.730600984463,0.));
#10391 = ORIENTED_EDGE('',*,*,#10392,.F.);
#10392 = EDGE_CURVE('',#10393,#10384,#10395,.T.);
#10393 = VERTEX_POINT('',#10394);
#10394 = CARTESIAN_POINT('',(-1.032280465838,-0.143060098446,0.97));
#10395 = LINE('',#10396,#10397);
#10396 = CARTESIAN_POINT('',(-1.032280465838,-0.143060098446,0.97));
#10397 = VECTOR('',#10398,1.);
#10398 = DIRECTION('',(-0.730600984463,0.682804658377,0.));
#10399 = ORIENTED_EDGE('',*,*,#10400,.F.);
#10400 = EDGE_CURVE('',#10401,#10393,#10403,.T.);
#10401 = VERTEX_POINT('',#10402);
#10402 = CARTESIAN_POINT('',(-0.964,-0.17,0.97));
#10403 = CIRCLE('',#10404,0.1);
#10404 = AXIS2_PLACEMENT_3D('',#10405,#10406,#10407);
#10405 = CARTESIAN_POINT('',(-0.964,-7.E-02,0.97));
#10406 = DIRECTION('',(0.,0.,-1.));
#10407 = DIRECTION('',(0.,-1.,0.));
#10408 = ORIENTED_EDGE('',*,*,#10409,.F.);
#10409 = EDGE_CURVE('',#10410,#10401,#10412,.T.);
#10410 = VERTEX_POINT('',#10411);
#10411 = CARTESIAN_POINT('',(-0.67,-0.17,0.97));
#10412 = LINE('',#10413,#10414);
#10413 = CARTESIAN_POINT('',(-0.67,-0.17,0.97));
#10414 = VECTOR('',#10415,1.);
#10415 = DIRECTION('',(-1.,0.,0.));
#10416 = ORIENTED_EDGE('',*,*,#10417,.F.);
#10417 = EDGE_CURVE('',#10418,#10410,#10420,.T.);
#10418 = VERTEX_POINT('',#10419);
#10419 = CARTESIAN_POINT('',(-0.62,-0.12,0.97));
#10420 = LINE('',#10421,#10422);
#10421 = CARTESIAN_POINT('',(-0.62,-0.12,0.97));
#10422 = VECTOR('',#10423,1.);
#10423 = DIRECTION('',(-0.707106781187,-0.707106781186,0.));
#10424 = ORIENTED_EDGE('',*,*,#10425,.F.);
#10425 = EDGE_CURVE('',#10426,#10418,#10428,.T.);
#10426 = VERTEX_POINT('',#10427);
#10427 = CARTESIAN_POINT('',(-0.62,0.21,0.97));
#10428 = LINE('',#10429,#10430);
#10429 = CARTESIAN_POINT('',(-0.62,0.21,0.97));
#10430 = VECTOR('',#10431,1.);
#10431 = DIRECTION('',(0.,-1.,0.));
#10432 = ORIENTED_EDGE('',*,*,#10433,.F.);
#10433 = EDGE_CURVE('',#10434,#10426,#10436,.T.);
#10434 = VERTEX_POINT('',#10435);
#10435 = CARTESIAN_POINT('',(-0.795,0.21,0.97));
#10436 = LINE('',#10437,#10438);
#10437 = CARTESIAN_POINT('',(-0.795,0.21,0.97));
#10438 = VECTOR('',#10439,1.);
#10439 = DIRECTION('',(1.,1.570172563398E-14,0.));
#10440 = ORIENTED_EDGE('',*,*,#10441,.F.);
#10441 = EDGE_CURVE('',#10442,#10434,#10444,.T.);
#10442 = VERTEX_POINT('',#10443);
#10443 = CARTESIAN_POINT('',(-0.795,0.17,0.97));
#10444 = LINE('',#10445,#10446);
#10445 = CARTESIAN_POINT('',(-0.795,0.17,0.97));
#10446 = VECTOR('',#10447,1.);
#10447 = DIRECTION('',(0.,1.,0.));
#10448 = ORIENTED_EDGE('',*,*,#10449,.F.);
#10449 = EDGE_CURVE('',#10450,#10442,#10452,.T.);
#10450 = VERTEX_POINT('',#10451);
#10451 = CARTESIAN_POINT('',(-0.835,0.13,0.97));
#10452 = CIRCLE('',#10453,4.E-02);
#10453 = AXIS2_PLACEMENT_3D('',#10454,#10455,#10456);
#10454 = CARTESIAN_POINT('',(-0.835,0.17,0.97));
#10455 = DIRECTION('',(0.,0.,1.));
#10456 = DIRECTION('',(0.,-1.,0.));
#10457 = ORIENTED_EDGE('',*,*,#10458,.F.);
#10458 = EDGE_CURVE('',#10459,#10450,#10461,.T.);
#10459 = VERTEX_POINT('',#10460);
#10460 = CARTESIAN_POINT('',(-0.90021809153,0.13,0.97));
#10461 = LINE('',#10462,#10463);
#10462 = CARTESIAN_POINT('',(-0.90021809153,0.13,0.97));
#10463 = VECTOR('',#10464,1.);
#10464 = DIRECTION('',(1.,0.,0.));
#10465 = ORIENTED_EDGE('',*,*,#10466,.F.);
#10466 = EDGE_CURVE('',#10467,#10459,#10469,.T.);
#10467 = VERTEX_POINT('',#10468);
#10468 = CARTESIAN_POINT('',(-0.927530277865,0.140775960621,0.97));
#10469 = CIRCLE('',#10470,4.E-02);
#10470 = AXIS2_PLACEMENT_3D('',#10471,#10472,#10473);
#10471 = CARTESIAN_POINT('',(-0.90021809153,0.17,0.97));
#10472 = DIRECTION('',(0.,0.,1.));
#10473 = DIRECTION('',(-0.682804658377,-0.730600984463,0.));
#10474 = ORIENTED_EDGE('',*,*,#10475,.F.);
#10475 = EDGE_CURVE('',#8149,#10467,#10476,.T.);
#10476 = LINE('',#10477,#10478);
#10477 = CARTESIAN_POINT('',(-1.13,0.33,0.97));
#10478 = VECTOR('',#10479,1.);
#10479 = DIRECTION('',(0.730600984463,-0.682804658377,0.));
#10480 = ORIENTED_EDGE('',*,*,#8148,.T.);
#10481 = ORIENTED_EDGE('',*,*,#10351,.T.);
#10482 = ORIENTED_EDGE('',*,*,#10094,.F.);
#10483 = ORIENTED_EDGE('',*,*,#10484,.F.);
#10484 = EDGE_CURVE('',#4211,#10087,#10485,.T.);
#10485 = LINE('',#10486,#10487);
#10486 = CARTESIAN_POINT('',(-1.37,0.33,0.97));
#10487 = VECTOR('',#10488,1.);
#10488 = DIRECTION('',(0.,1.,0.));
#10489 = ORIENTED_EDGE('',*,*,#4210,.F.);
#10490 = PLANE('',#10491);
#10491 = AXIS2_PLACEMENT_3D('',#10492,#10493,#10494);
#10492 = CARTESIAN_POINT('',(-1.5,0.33,0.97));
#10493 = DIRECTION('',(0.,0.,-1.));
#10494 = DIRECTION('',(0.,-1.,0.));
#10495 = ADVANCED_FACE('',(#10496),#10507,.T.);
#10496 = FACE_BOUND('',#10497,.T.);
#10497 = EDGE_LOOP('',(#10498,#10499,#10500,#10506));
#10498 = ORIENTED_EDGE('',*,*,#10484,.T.);
#10499 = ORIENTED_EDGE('',*,*,#10086,.F.);
#10500 = ORIENTED_EDGE('',*,*,#10501,.F.);
#10501 = EDGE_CURVE('',#4219,#10079,#10502,.T.);
#10502 = LINE('',#10503,#10504);
#10503 = CARTESIAN_POINT('',(-1.2203,0.33,0.787));
#10504 = VECTOR('',#10505,1.);
#10505 = DIRECTION('',(0.,1.,0.));
#10506 = ORIENTED_EDGE('',*,*,#4218,.T.);
#10507 = PLANE('',#10508);
#10508 = AXIS2_PLACEMENT_3D('',#10509,#10510,#10511);
#10509 = CARTESIAN_POINT('',(-1.2203,0.33,0.787));
#10510 = DIRECTION('',(-0.774013830159,0.,-0.633168690573));
#10511 = DIRECTION('',(-0.633168690573,0.,0.774013830159));
#10512 = ADVANCED_FACE('',(#10513),#10519,.T.);
#10513 = FACE_BOUND('',#10514,.T.);
#10514 = EDGE_LOOP('',(#10515,#10516,#10517,#10518));
#10515 = ORIENTED_EDGE('',*,*,#4226,.T.);
#10516 = ORIENTED_EDGE('',*,*,#10501,.T.);
#10517 = ORIENTED_EDGE('',*,*,#10076,.F.);
#10518 = ORIENTED_EDGE('',*,*,#10291,.T.);
#10519 = PLANE('',#10520);
#10520 = AXIS2_PLACEMENT_3D('',#10521,#10522,#10523);
#10521 = CARTESIAN_POINT('',(-1.2203,0.33,0.63));
#10522 = DIRECTION('',(-1.,0.,0.));
#10523 = DIRECTION('',(0.,0.,1.));
#10524 = ADVANCED_FACE('',(#10525),#10543,.F.);
#10525 = FACE_BOUND('',#10526,.T.);
#10526 = EDGE_LOOP('',(#10527,#10528,#10536,#10542));
#10527 = ORIENTED_EDGE('',*,*,#10475,.T.);
#10528 = ORIENTED_EDGE('',*,*,#10529,.F.);
#10529 = EDGE_CURVE('',#10530,#10467,#10532,.T.);
#10530 = VERTEX_POINT('',#10531);
#10531 = CARTESIAN_POINT('',(-0.927530277865,0.140775960621,0.88));
#10532 = LINE('',#10533,#10534);
#10533 = CARTESIAN_POINT('',(-0.927530277865,0.140775960621,0.88));
#10534 = VECTOR('',#10535,1.);
#10535 = DIRECTION('',(0.,0.,1.));
#10536 = ORIENTED_EDGE('',*,*,#10537,.F.);
#10537 = EDGE_CURVE('',#8157,#10530,#10538,.T.);
#10538 = LINE('',#10539,#10540);
#10539 = CARTESIAN_POINT('',(-1.13,0.33,0.88));
#10540 = VECTOR('',#10541,1.);
#10541 = DIRECTION('',(0.730600984463,-0.682804658377,0.));
#10542 = ORIENTED_EDGE('',*,*,#8156,.T.);
#10543 = PLANE('',#10544);
#10544 = AXIS2_PLACEMENT_3D('',#10545,#10546,#10547);
#10545 = CARTESIAN_POINT('',(-1.13,0.33,0.88));
#10546 = DIRECTION('',(-0.682804658377,-0.730600984463,0.));
#10547 = DIRECTION('',(-0.730600984463,0.682804658377,0.));
#10548 = ADVANCED_FACE('',(#10549),#10648,.F.);
#10549 = FACE_BOUND('',#10550,.T.);
#10550 = EDGE_LOOP('',(#10551,#10561,#10569,#10578,#10586,#10595,#10601,
    #10602,#10603,#10609,#10610,#10618,#10626,#10634,#10642));
#10551 = ORIENTED_EDGE('',*,*,#10552,.T.);
#10552 = EDGE_CURVE('',#10553,#10555,#10557,.T.);
#10553 = VERTEX_POINT('',#10554);
#10554 = CARTESIAN_POINT('',(-0.62,-0.12,0.88));
#10555 = VERTEX_POINT('',#10556);
#10556 = CARTESIAN_POINT('',(-0.67,-0.17,0.88));
#10557 = LINE('',#10558,#10559);
#10558 = CARTESIAN_POINT('',(-0.62,-0.12,0.88));
#10559 = VECTOR('',#10560,1.);
#10560 = DIRECTION('',(-0.707106781187,-0.707106781186,0.));
#10561 = ORIENTED_EDGE('',*,*,#10562,.T.);
#10562 = EDGE_CURVE('',#10555,#10563,#10565,.T.);
#10563 = VERTEX_POINT('',#10564);
#10564 = CARTESIAN_POINT('',(-0.964,-0.17,0.88));
#10565 = LINE('',#10566,#10567);
#10566 = CARTESIAN_POINT('',(-0.67,-0.17,0.88));
#10567 = VECTOR('',#10568,1.);
#10568 = DIRECTION('',(-1.,0.,0.));
#10569 = ORIENTED_EDGE('',*,*,#10570,.T.);
#10570 = EDGE_CURVE('',#10563,#10571,#10573,.T.);
#10571 = VERTEX_POINT('',#10572);
#10572 = CARTESIAN_POINT('',(-1.032280465838,-0.143060098446,0.88));
#10573 = CIRCLE('',#10574,0.1);
#10574 = AXIS2_PLACEMENT_3D('',#10575,#10576,#10577);
#10575 = CARTESIAN_POINT('',(-0.964,-7.E-02,0.88));
#10576 = DIRECTION('',(0.,0.,-1.));
#10577 = DIRECTION('',(0.,-1.,0.));
#10578 = ORIENTED_EDGE('',*,*,#10579,.T.);
#10579 = EDGE_CURVE('',#10571,#10580,#10582,.T.);
#10580 = VERTEX_POINT('',#10581);
#10581 = CARTESIAN_POINT('',(-1.177929076513,-6.939901553669E-03,0.88));
#10582 = LINE('',#10583,#10584);
#10583 = CARTESIAN_POINT('',(-1.032280465838,-0.143060098446,0.88));
#10584 = VECTOR('',#10585,1.);
#10585 = DIRECTION('',(-0.730600984463,0.682804658377,0.));
#10586 = ORIENTED_EDGE('',*,*,#10587,.F.);
#10587 = EDGE_CURVE('',#10588,#10580,#10590,.T.);
#10588 = VERTEX_POINT('',#10589);
#10589 = CARTESIAN_POINT('',(-1.246209542351,2.E-02,0.88));
#10590 = CIRCLE('',#10591,0.1);
#10591 = AXIS2_PLACEMENT_3D('',#10592,#10593,#10594);
#10592 = CARTESIAN_POINT('',(-1.246209542351,-8.E-02,0.88));
#10593 = DIRECTION('',(0.,0.,-1.));
#10594 = DIRECTION('',(0.,1.,0.));
#10595 = ORIENTED_EDGE('',*,*,#10596,.F.);
#10596 = EDGE_CURVE('',#8569,#10588,#10597,.T.);
#10597 = LINE('',#10598,#10599);
#10598 = CARTESIAN_POINT('',(-1.5,2.E-02,0.88));
#10599 = VECTOR('',#10600,1.);
#10600 = DIRECTION('',(1.,0.,0.));
#10601 = ORIENTED_EDGE('',*,*,#8568,.T.);
#10602 = ORIENTED_EDGE('',*,*,#8845,.F.);
#10603 = ORIENTED_EDGE('',*,*,#10604,.T.);
#10604 = EDGE_CURVE('',#8838,#2927,#10605,.T.);
#10605 = LINE('',#10606,#10607);
#10606 = CARTESIAN_POINT('',(-1.265,-1.E-02,0.88));
#10607 = VECTOR('',#10608,1.);
#10608 = DIRECTION('',(0.,-1.,0.));
#10609 = ORIENTED_EDGE('',*,*,#2926,.F.);
#10610 = ORIENTED_EDGE('',*,*,#10611,.F.);
#10611 = EDGE_CURVE('',#10612,#2919,#10614,.T.);
#10612 = VERTEX_POINT('',#10613);
#10613 = CARTESIAN_POINT('',(-0.525,-0.18,0.88));
#10614 = LINE('',#10615,#10616);
#10615 = CARTESIAN_POINT('',(-0.525,-0.18,0.88));
#10616 = VECTOR('',#10617,1.);
#10617 = DIRECTION('',(0.,-1.,0.));
#10618 = ORIENTED_EDGE('',*,*,#10619,.F.);
#10619 = EDGE_CURVE('',#10620,#10612,#10622,.T.);
#10620 = VERTEX_POINT('',#10621);
#10621 = CARTESIAN_POINT('',(-0.59,-0.18,0.88));
#10622 = LINE('',#10623,#10624);
#10623 = CARTESIAN_POINT('',(-0.59,-0.18,0.88));
#10624 = VECTOR('',#10625,1.);
#10625 = DIRECTION('',(1.,0.,0.));
#10626 = ORIENTED_EDGE('',*,*,#10627,.F.);
#10627 = EDGE_CURVE('',#10628,#10620,#10630,.T.);
#10628 = VERTEX_POINT('',#10629);
#10629 = CARTESIAN_POINT('',(-0.59,0.19,0.88));
#10630 = LINE('',#10631,#10632);
#10631 = CARTESIAN_POINT('',(-0.59,0.19,0.88));
#10632 = VECTOR('',#10633,1.);
#10633 = DIRECTION('',(0.,-1.,0.));
#10634 = ORIENTED_EDGE('',*,*,#10635,.T.);
#10635 = EDGE_CURVE('',#10628,#10636,#10638,.T.);
#10636 = VERTEX_POINT('',#10637);
#10637 = CARTESIAN_POINT('',(-0.62,0.19,0.88));
#10638 = LINE('',#10639,#10640);
#10639 = CARTESIAN_POINT('',(-0.59,0.19,0.88));
#10640 = VECTOR('',#10641,1.);
#10641 = DIRECTION('',(-1.,0.,0.));
#10642 = ORIENTED_EDGE('',*,*,#10643,.T.);
#10643 = EDGE_CURVE('',#10636,#10553,#10644,.T.);
#10644 = LINE('',#10645,#10646);
#10645 = CARTESIAN_POINT('',(-0.62,0.19,0.88));
#10646 = VECTOR('',#10647,1.);
#10647 = DIRECTION('',(0.,-1.,0.));
#10648 = PLANE('',#10649);
#10649 = AXIS2_PLACEMENT_3D('',#10650,#10651,#10652);
#10650 = CARTESIAN_POINT('',(-0.59,0.33,0.88));
#10651 = DIRECTION('',(0.,0.,-1.));
#10652 = DIRECTION('',(0.,-1.,0.));
#10653 = ADVANCED_FACE('',(#10654),#10707,.F.);
#10654 = FACE_BOUND('',#10655,.T.);
#10655 = EDGE_LOOP('',(#10656,#10657,#10658,#10667,#10675,#10684,#10692,
    #10700,#10706));
#10656 = ORIENTED_EDGE('',*,*,#8164,.T.);
#10657 = ORIENTED_EDGE('',*,*,#10537,.T.);
#10658 = ORIENTED_EDGE('',*,*,#10659,.F.);
#10659 = EDGE_CURVE('',#10660,#10530,#10662,.T.);
#10660 = VERTEX_POINT('',#10661);
#10661 = CARTESIAN_POINT('',(-0.90021809153,0.13,0.88));
#10662 = CIRCLE('',#10663,4.E-02);
#10663 = AXIS2_PLACEMENT_3D('',#10664,#10665,#10666);
#10664 = CARTESIAN_POINT('',(-0.90021809153,0.17,0.88));
#10665 = DIRECTION('',(0.,0.,-1.));
#10666 = DIRECTION('',(0.,-1.,0.));
#10667 = ORIENTED_EDGE('',*,*,#10668,.T.);
#10668 = EDGE_CURVE('',#10660,#10669,#10671,.T.);
#10669 = VERTEX_POINT('',#10670);
#10670 = CARTESIAN_POINT('',(-0.835,0.13,0.88));
#10671 = LINE('',#10672,#10673);
#10672 = CARTESIAN_POINT('',(-0.90021809153,0.13,0.88));
#10673 = VECTOR('',#10674,1.);
#10674 = DIRECTION('',(1.,0.,0.));
#10675 = ORIENTED_EDGE('',*,*,#10676,.F.);
#10676 = EDGE_CURVE('',#10677,#10669,#10679,.T.);
#10677 = VERTEX_POINT('',#10678);
#10678 = CARTESIAN_POINT('',(-0.795,0.17,0.88));
#10679 = CIRCLE('',#10680,4.E-02);
#10680 = AXIS2_PLACEMENT_3D('',#10681,#10682,#10683);
#10681 = CARTESIAN_POINT('',(-0.835,0.17,0.88));
#10682 = DIRECTION('',(0.,0.,-1.));
#10683 = DIRECTION('',(1.,0.,0.));
#10684 = ORIENTED_EDGE('',*,*,#10685,.T.);
#10685 = EDGE_CURVE('',#10677,#10686,#10688,.T.);
#10686 = VERTEX_POINT('',#10687);
#10687 = CARTESIAN_POINT('',(-0.795,0.19,0.88));
#10688 = LINE('',#10689,#10690);
#10689 = CARTESIAN_POINT('',(-0.795,0.17,0.88));
#10690 = VECTOR('',#10691,1.);
#10691 = DIRECTION('',(0.,1.,0.));
#10692 = ORIENTED_EDGE('',*,*,#10693,.T.);
#10693 = EDGE_CURVE('',#10686,#10694,#10696,.T.);
#10694 = VERTEX_POINT('',#10695);
#10695 = CARTESIAN_POINT('',(-0.8275,0.19,0.88));
#10696 = LINE('',#10697,#10698);
#10697 = CARTESIAN_POINT('',(-0.795,0.19,0.88));
#10698 = VECTOR('',#10699,1.);
#10699 = DIRECTION('',(-1.,0.,0.));
#10700 = ORIENTED_EDGE('',*,*,#10701,.F.);
#10701 = EDGE_CURVE('',#4397,#10694,#10702,.T.);
#10702 = LINE('',#10703,#10704);
#10703 = CARTESIAN_POINT('',(-0.8275,0.33,0.88));
#10704 = VECTOR('',#10705,1.);
#10705 = DIRECTION('',(0.,-1.,0.));
#10706 = ORIENTED_EDGE('',*,*,#4396,.F.);
#10707 = PLANE('',#10708);
#10708 = AXIS2_PLACEMENT_3D('',#10709,#10710,#10711);
#10709 = CARTESIAN_POINT('',(-0.59,0.33,0.88));
#10710 = DIRECTION('',(0.,0.,-1.));
#10711 = DIRECTION('',(0.,-1.,0.));
#10712 = ADVANCED_FACE('',(#10713),#10786,.F.);
#10713 = FACE_BOUND('',#10714,.T.);
#10714 = EDGE_LOOP('',(#10715,#10721,#10722,#10728,#10729,#10737,#10745,
    #10752,#10753,#10761,#10770,#10778,#10785));
#10715 = ORIENTED_EDGE('',*,*,#10716,.F.);
#10716 = EDGE_CURVE('',#10553,#10418,#10717,.T.);
#10717 = LINE('',#10718,#10719);
#10718 = CARTESIAN_POINT('',(-0.62,-0.12,0.88));
#10719 = VECTOR('',#10720,1.);
#10720 = DIRECTION('',(0.,0.,1.));
#10721 = ORIENTED_EDGE('',*,*,#10643,.F.);
#10722 = ORIENTED_EDGE('',*,*,#10723,.T.);
#10723 = EDGE_CURVE('',#10636,#5192,#10724,.T.);
#10724 = LINE('',#10725,#10726);
#10725 = CARTESIAN_POINT('',(-0.62,0.19,0.88));
#10726 = VECTOR('',#10727,1.);
#10727 = DIRECTION('',(0.,7.974522228289E-02,-0.996815278536));
#10728 = ORIENTED_EDGE('',*,*,#5191,.T.);
#10729 = ORIENTED_EDGE('',*,*,#10730,.T.);
#10730 = EDGE_CURVE('',#5184,#10731,#10733,.T.);
#10731 = VERTEX_POINT('',#10732);
#10732 = CARTESIAN_POINT('',(-0.62,6.8E-02,0.62866826328));
#10733 = LINE('',#10734,#10735);
#10734 = CARTESIAN_POINT('',(-0.62,6.8E-02,0.63));
#10735 = VECTOR('',#10736,1.);
#10736 = DIRECTION('',(0.,0.,-1.));
#10737 = ORIENTED_EDGE('',*,*,#10738,.T.);
#10738 = EDGE_CURVE('',#10731,#10739,#10741,.T.);
#10739 = VERTEX_POINT('',#10740);
#10740 = CARTESIAN_POINT('',(-0.62,0.147698376862,0.571756978372));
#10741 = LINE('',#10742,#10743);
#10742 = CARTESIAN_POINT('',(-0.62,6.8E-02,0.62866826328));
#10743 = VECTOR('',#10744,1.);
#10744 = DIRECTION('',(0.,0.813811351416,-0.581129145978));
#10745 = ORIENTED_EDGE('',*,*,#10746,.T.);
#10746 = EDGE_CURVE('',#10739,#2426,#10747,.T.);
#10747 = CIRCLE('',#10748,9.E-02);
#10748 = AXIS2_PLACEMENT_3D('',#10749,#10750,#10751);
#10749 = CARTESIAN_POINT('',(-0.62,0.2,0.645));
#10750 = DIRECTION('',(1.,0.,0.));
#10751 = DIRECTION('',(0.,-0.581129145978,-0.813811351416));
#10752 = ORIENTED_EDGE('',*,*,#2450,.T.);
#10753 = ORIENTED_EDGE('',*,*,#10754,.T.);
#10754 = EDGE_CURVE('',#2443,#10755,#10757,.T.);
#10755 = VERTEX_POINT('',#10756);
#10756 = CARTESIAN_POINT('',(-0.62,0.297850884872,0.609619985366));
#10757 = LINE('',#10758,#10759);
#10758 = CARTESIAN_POINT('',(-0.62,0.257850884872,0.576056000119));
#10759 = VECTOR('',#10760,1.);
#10760 = DIRECTION('',(0.,0.766044443119,0.642787609686));
#10761 = ORIENTED_EDGE('',*,*,#10762,.T.);
#10762 = EDGE_CURVE('',#10755,#10763,#10765,.T.);
#10763 = VERTEX_POINT('',#10764);
#10764 = CARTESIAN_POINT('',(-0.62,0.33,0.678563985247));
#10765 = CIRCLE('',#10766,9.E-02);
#10766 = AXIS2_PLACEMENT_3D('',#10767,#10768,#10769);
#10767 = CARTESIAN_POINT('',(-0.62,0.24,0.678563985247));
#10768 = DIRECTION('',(1.,0.,0.));
#10769 = DIRECTION('',(0.,0.642787609686,-0.766044443119));
#10770 = ORIENTED_EDGE('',*,*,#10771,.T.);
#10771 = EDGE_CURVE('',#10763,#10772,#10774,.T.);
#10772 = VERTEX_POINT('',#10773);
#10773 = CARTESIAN_POINT('',(-0.62,0.33,0.85));
#10774 = LINE('',#10775,#10776);
#10775 = CARTESIAN_POINT('',(-0.62,0.33,0.678563985247));
#10776 = VECTOR('',#10777,1.);
#10777 = DIRECTION('',(0.,0.,1.));
#10778 = ORIENTED_EDGE('',*,*,#10779,.T.);
#10779 = EDGE_CURVE('',#10772,#10426,#10780,.T.);
#10780 = CIRCLE('',#10781,0.12);
#10781 = AXIS2_PLACEMENT_3D('',#10782,#10783,#10784);
#10782 = CARTESIAN_POINT('',(-0.62,0.21,0.85));
#10783 = DIRECTION('',(1.,0.,0.));
#10784 = DIRECTION('',(-0.,1.,0.));
#10785 = ORIENTED_EDGE('',*,*,#10425,.T.);
#10786 = PLANE('',#10787);
#10787 = AXIS2_PLACEMENT_3D('',#10788,#10789,#10790);
#10788 = CARTESIAN_POINT('',(-0.62,0.21,0.88));
#10789 = DIRECTION('',(-1.,0.,0.));
#10790 = DIRECTION('',(0.,0.,1.));
#10791 = ADVANCED_FACE('',(#10792),#10811,.T.);
#10792 = FACE_BOUND('',#10793,.T.);
#10793 = EDGE_LOOP('',(#10794,#10802,#10809,#10810));
#10794 = ORIENTED_EDGE('',*,*,#10795,.T.);
#10795 = EDGE_CURVE('',#10772,#10796,#10798,.T.);
#10796 = VERTEX_POINT('',#10797);
#10797 = CARTESIAN_POINT('',(-0.795,0.33,0.85));
#10798 = LINE('',#10799,#10800);
#10799 = CARTESIAN_POINT('',(-0.62,0.33,0.85));
#10800 = VECTOR('',#10801,1.);
#10801 = DIRECTION('',(-1.,0.,0.));
#10802 = ORIENTED_EDGE('',*,*,#10803,.T.);
#10803 = EDGE_CURVE('',#10796,#10434,#10804,.T.);
#10804 = CIRCLE('',#10805,0.12);
#10805 = AXIS2_PLACEMENT_3D('',#10806,#10807,#10808);
#10806 = CARTESIAN_POINT('',(-0.795,0.21,0.85));
#10807 = DIRECTION('',(1.,0.,0.));
#10808 = DIRECTION('',(-0.,1.,0.));
#10809 = ORIENTED_EDGE('',*,*,#10433,.T.);
#10810 = ORIENTED_EDGE('',*,*,#10779,.F.);
#10811 = CYLINDRICAL_SURFACE('',#10812,0.12);
#10812 = AXIS2_PLACEMENT_3D('',#10813,#10814,#10815);
#10813 = CARTESIAN_POINT('',(-0.62,0.21,0.85));
#10814 = DIRECTION('',(-1.,0.,-0.));
#10815 = DIRECTION('',(0.,0.,-1.));
#10816 = ADVANCED_FACE('',(#10817),#10882,.F.);
#10817 = FACE_BOUND('',#10818,.T.);
#10818 = EDGE_LOOP('',(#10819,#10825,#10826,#10827,#10835,#10844,#10850,
    #10851,#10860,#10868,#10874,#10875,#10881));
#10819 = ORIENTED_EDGE('',*,*,#10820,.T.);
#10820 = EDGE_CURVE('',#10677,#10442,#10821,.T.);
#10821 = LINE('',#10822,#10823);
#10822 = CARTESIAN_POINT('',(-0.795,0.17,0.88));
#10823 = VECTOR('',#10824,1.);
#10824 = DIRECTION('',(0.,0.,1.));
#10825 = ORIENTED_EDGE('',*,*,#10441,.T.);
#10826 = ORIENTED_EDGE('',*,*,#10803,.F.);
#10827 = ORIENTED_EDGE('',*,*,#10828,.F.);
#10828 = EDGE_CURVE('',#10829,#10796,#10831,.T.);
#10829 = VERTEX_POINT('',#10830);
#10830 = CARTESIAN_POINT('',(-0.795,0.33,0.678563985247));
#10831 = LINE('',#10832,#10833);
#10832 = CARTESIAN_POINT('',(-0.795,0.33,0.678563985247));
#10833 = VECTOR('',#10834,1.);
#10834 = DIRECTION('',(0.,0.,1.));
#10835 = ORIENTED_EDGE('',*,*,#10836,.F.);
#10836 = EDGE_CURVE('',#10837,#10829,#10839,.T.);
#10837 = VERTEX_POINT('',#10838);
#10838 = CARTESIAN_POINT('',(-0.795,0.297850884872,0.609619985366));
#10839 = CIRCLE('',#10840,9.E-02);
#10840 = AXIS2_PLACEMENT_3D('',#10841,#10842,#10843);
#10841 = CARTESIAN_POINT('',(-0.795,0.24,0.678563985247));
#10842 = DIRECTION('',(1.,0.,0.));
#10843 = DIRECTION('',(0.,0.642787609686,-0.766044443119));
#10844 = ORIENTED_EDGE('',*,*,#10845,.F.);
#10845 = EDGE_CURVE('',#2434,#10837,#10846,.T.);
#10846 = LINE('',#10847,#10848);
#10847 = CARTESIAN_POINT('',(-0.795,0.257850884872,0.576056000119));
#10848 = VECTOR('',#10849,1.);
#10849 = DIRECTION('',(0.,0.766044443119,0.642787609686));
#10850 = ORIENTED_EDGE('',*,*,#2433,.F.);
#10851 = ORIENTED_EDGE('',*,*,#10852,.F.);
#10852 = EDGE_CURVE('',#10853,#2424,#10855,.T.);
#10853 = VERTEX_POINT('',#10854);
#10854 = CARTESIAN_POINT('',(-0.795,0.147698376862,0.571756978372));
#10855 = CIRCLE('',#10856,9.E-02);
#10856 = AXIS2_PLACEMENT_3D('',#10857,#10858,#10859);
#10857 = CARTESIAN_POINT('',(-0.795,0.2,0.645));
#10858 = DIRECTION('',(1.,0.,0.));
#10859 = DIRECTION('',(0.,-0.581129145978,-0.813811351416));
#10860 = ORIENTED_EDGE('',*,*,#10861,.F.);
#10861 = EDGE_CURVE('',#10862,#10853,#10864,.T.);
#10862 = VERTEX_POINT('',#10863);
#10863 = CARTESIAN_POINT('',(-0.795,6.8E-02,0.62866826328));
#10864 = LINE('',#10865,#10866);
#10865 = CARTESIAN_POINT('',(-0.795,6.8E-02,0.62866826328));
#10866 = VECTOR('',#10867,1.);
#10867 = DIRECTION('',(0.,0.813811351416,-0.581129145978));
#10868 = ORIENTED_EDGE('',*,*,#10869,.F.);
#10869 = EDGE_CURVE('',#5176,#10862,#10870,.T.);
#10870 = LINE('',#10871,#10872);
#10871 = CARTESIAN_POINT('',(-0.795,6.8E-02,0.63));
#10872 = VECTOR('',#10873,1.);
#10873 = DIRECTION('',(0.,0.,-1.));
#10874 = ORIENTED_EDGE('',*,*,#5175,.F.);
#10875 = ORIENTED_EDGE('',*,*,#10876,.F.);
#10876 = EDGE_CURVE('',#10686,#5168,#10877,.T.);
#10877 = LINE('',#10878,#10879);
#10878 = CARTESIAN_POINT('',(-0.795,0.19,0.88));
#10879 = VECTOR('',#10880,1.);
#10880 = DIRECTION('',(0.,7.974522228289E-02,-0.996815278536));
#10881 = ORIENTED_EDGE('',*,*,#10685,.F.);
#10882 = PLANE('',#10883);
#10883 = AXIS2_PLACEMENT_3D('',#10884,#10885,#10886);
#10884 = CARTESIAN_POINT('',(-0.795,0.17,0.88));
#10885 = DIRECTION('',(1.,0.,0.));
#10886 = DIRECTION('',(-0.,1.,0.));
#10887 = ADVANCED_FACE('',(#10888),#10907,.T.);
#10888 = FACE_BOUND('',#10889,.T.);
#10889 = EDGE_LOOP('',(#10890,#10891,#10899,#10905,#10906));
#10890 = ORIENTED_EDGE('',*,*,#10635,.F.);
#10891 = ORIENTED_EDGE('',*,*,#10892,.F.);
#10892 = EDGE_CURVE('',#10893,#10628,#10895,.T.);
#10893 = VERTEX_POINT('',#10894);
#10894 = CARTESIAN_POINT('',(-0.5725,0.19,0.88));
#10895 = LINE('',#10896,#10897);
#10896 = CARTESIAN_POINT('',(-0.5725,0.19,0.88));
#10897 = VECTOR('',#10898,1.);
#10898 = DIRECTION('',(-1.,0.,3.172065784643E-14));
#10899 = ORIENTED_EDGE('',*,*,#10900,.T.);
#10900 = EDGE_CURVE('',#10893,#5200,#10901,.T.);
#10901 = LINE('',#10902,#10903);
#10902 = CARTESIAN_POINT('',(-0.5725,0.19,0.88));
#10903 = VECTOR('',#10904,1.);
#10904 = DIRECTION('',(0.,7.974522228289E-02,-0.996815278536));
#10905 = ORIENTED_EDGE('',*,*,#5199,.T.);
#10906 = ORIENTED_EDGE('',*,*,#10723,.F.);
#10907 = PLANE('',#10908);
#10908 = AXIS2_PLACEMENT_3D('',#10909,#10910,#10911);
#10909 = CARTESIAN_POINT('',(-0.5725,0.19,0.88));
#10910 = DIRECTION('',(0.,0.996815278536,7.974522228289E-02));
#10911 = DIRECTION('',(1.,0.,-0.));
#10912 = ADVANCED_FACE('',(#10913),#10924,.T.);
#10913 = FACE_BOUND('',#10914,.T.);
#10914 = EDGE_LOOP('',(#10915,#10916,#10922,#10923));
#10915 = ORIENTED_EDGE('',*,*,#5167,.T.);
#10916 = ORIENTED_EDGE('',*,*,#10917,.F.);
#10917 = EDGE_CURVE('',#10694,#5160,#10918,.T.);
#10918 = LINE('',#10919,#10920);
#10919 = CARTESIAN_POINT('',(-0.8275,0.19,0.88));
#10920 = VECTOR('',#10921,1.);
#10921 = DIRECTION('',(0.,7.974522228289E-02,-0.996815278536));
#10922 = ORIENTED_EDGE('',*,*,#10693,.F.);
#10923 = ORIENTED_EDGE('',*,*,#10876,.T.);
#10924 = PLANE('',#10925);
#10925 = AXIS2_PLACEMENT_3D('',#10926,#10927,#10928);
#10926 = CARTESIAN_POINT('',(-0.5725,0.19,0.88));
#10927 = DIRECTION('',(0.,0.996815278536,7.974522228289E-02));
#10928 = DIRECTION('',(1.,0.,-0.));
#10929 = ADVANCED_FACE('',(#10930),#10941,.F.);
#10930 = FACE_BOUND('',#10931,.T.);
#10931 = EDGE_LOOP('',(#10932,#10933,#10934,#10935));
#10932 = ORIENTED_EDGE('',*,*,#4090,.T.);
#10933 = ORIENTED_EDGE('',*,*,#5207,.T.);
#10934 = ORIENTED_EDGE('',*,*,#10900,.F.);
#10935 = ORIENTED_EDGE('',*,*,#10936,.F.);
#10936 = EDGE_CURVE('',#4042,#10893,#10937,.T.);
#10937 = LINE('',#10938,#10939);
#10938 = CARTESIAN_POINT('',(-0.5725,0.33,0.88));
#10939 = VECTOR('',#10940,1.);
#10940 = DIRECTION('',(0.,-1.,0.));
#10941 = PLANE('',#10942);
#10942 = AXIS2_PLACEMENT_3D('',#10943,#10944,#10945);
#10943 = CARTESIAN_POINT('',(-0.5725,0.,0.));
#10944 = DIRECTION('',(1.,0.,0.));
#10945 = DIRECTION('',(-0.,1.,0.));
#10946 = ADVANCED_FACE('',(#10947),#10965,.F.);
#10947 = FACE_BOUND('',#10948,.T.);
#10948 = EDGE_LOOP('',(#10949,#10950,#10951,#10959));
#10949 = ORIENTED_EDGE('',*,*,#5914,.F.);
#10950 = ORIENTED_EDGE('',*,*,#4162,.T.);
#10951 = ORIENTED_EDGE('',*,*,#10952,.F.);
#10952 = EDGE_CURVE('',#10953,#4155,#10955,.T.);
#10953 = VERTEX_POINT('',#10954);
#10954 = CARTESIAN_POINT('',(-0.5725,0.19,-0.88));
#10955 = LINE('',#10956,#10957);
#10956 = CARTESIAN_POINT('',(-0.5725,0.19,-0.88));
#10957 = VECTOR('',#10958,1.);
#10958 = DIRECTION('',(0.,1.,0.));
#10959 = ORIENTED_EDGE('',*,*,#10960,.F.);
#10960 = EDGE_CURVE('',#5915,#10953,#10961,.T.);
#10961 = LINE('',#10962,#10963);
#10962 = CARTESIAN_POINT('',(-0.5725,0.21,-0.63));
#10963 = VECTOR('',#10964,1.);
#10964 = DIRECTION('',(0.,-7.974522228289E-02,-0.996815278536));
#10965 = PLANE('',#10966);
#10966 = AXIS2_PLACEMENT_3D('',#10967,#10968,#10969);
#10967 = CARTESIAN_POINT('',(-0.5725,0.,0.));
#10968 = DIRECTION('',(1.,0.,0.));
#10969 = DIRECTION('',(-0.,1.,0.));
#10970 = ADVANCED_FACE('',(#10971),#10982,.T.);
#10971 = FACE_BOUND('',#10972,.T.);
#10972 = EDGE_LOOP('',(#10973,#10974,#10980,#10981));
#10973 = ORIENTED_EDGE('',*,*,#10892,.T.);
#10974 = ORIENTED_EDGE('',*,*,#10975,.F.);
#10975 = EDGE_CURVE('',#4044,#10628,#10976,.T.);
#10976 = LINE('',#10977,#10978);
#10977 = CARTESIAN_POINT('',(-0.59,0.33,0.88));
#10978 = VECTOR('',#10979,1.);
#10979 = DIRECTION('',(0.,-1.,0.));
#10980 = ORIENTED_EDGE('',*,*,#4041,.F.);
#10981 = ORIENTED_EDGE('',*,*,#10936,.T.);
#10982 = PLANE('',#10983);
#10983 = AXIS2_PLACEMENT_3D('',#10984,#10985,#10986);
#10984 = CARTESIAN_POINT('',(-0.5725,0.33,0.88));
#10985 = DIRECTION('',(0.,0.,-1.));
#10986 = DIRECTION('',(0.,-1.,0.));
#10987 = ADVANCED_FACE('',(#10988),#11007,.F.);
#10988 = FACE_BOUND('',#10989,.T.);
#10989 = EDGE_LOOP('',(#10990,#10991,#10999,#11005,#11006));
#10990 = ORIENTED_EDGE('',*,*,#10627,.T.);
#10991 = ORIENTED_EDGE('',*,*,#10992,.F.);
#10992 = EDGE_CURVE('',#10993,#10620,#10995,.T.);
#10993 = VERTEX_POINT('',#10994);
#10994 = CARTESIAN_POINT('',(-0.59,-0.18,1.));
#10995 = LINE('',#10996,#10997);
#10996 = CARTESIAN_POINT('',(-0.59,-0.18,1.));
#10997 = VECTOR('',#10998,1.);
#10998 = DIRECTION('',(0.,0.,-1.));
#10999 = ORIENTED_EDGE('',*,*,#11000,.T.);
#11000 = EDGE_CURVE('',#10993,#4052,#11001,.T.);
#11001 = LINE('',#11002,#11003);
#11002 = CARTESIAN_POINT('',(-0.59,-0.18,1.));
#11003 = VECTOR('',#11004,1.);
#11004 = DIRECTION('',(0.,1.,0.));
#11005 = ORIENTED_EDGE('',*,*,#4051,.T.);
#11006 = ORIENTED_EDGE('',*,*,#10975,.T.);
#11007 = PLANE('',#11008);
#11008 = AXIS2_PLACEMENT_3D('',#11009,#11010,#11011);
#11009 = CARTESIAN_POINT('',(-0.59,0.33,1.));
#11010 = DIRECTION('',(1.,0.,0.));
#11011 = DIRECTION('',(-0.,1.,0.));
#11012 = ADVANCED_FACE('',(#11013),#11029,.T.);
#11013 = FACE_BOUND('',#11014,.T.);
#11014 = EDGE_LOOP('',(#11015,#11021,#11022,#11028));
#11015 = ORIENTED_EDGE('',*,*,#11016,.F.);
#11016 = EDGE_CURVE('',#2943,#8821,#11017,.T.);
#11017 = LINE('',#11018,#11019);
#11018 = CARTESIAN_POINT('',(-1.55,-0.33,1.));
#11019 = VECTOR('',#11020,1.);
#11020 = DIRECTION('',(0.,1.,0.));
#11021 = ORIENTED_EDGE('',*,*,#2942,.T.);
#11022 = ORIENTED_EDGE('',*,*,#11023,.T.);
#11023 = EDGE_CURVE('',#2935,#8830,#11024,.T.);
#11024 = LINE('',#11025,#11026);
#11025 = CARTESIAN_POINT('',(-1.265,-0.33,1.));
#11026 = VECTOR('',#11027,1.);
#11027 = DIRECTION('',(0.,1.,0.));
#11028 = ORIENTED_EDGE('',*,*,#8829,.F.);
#11029 = PLANE('',#11030);
#11030 = AXIS2_PLACEMENT_3D('',#11031,#11032,#11033);
#11031 = CARTESIAN_POINT('',(-1.55,-0.33,1.));
#11032 = DIRECTION('',(0.,0.,1.));
#11033 = DIRECTION('',(1.,0.,-0.));
#11034 = ADVANCED_FACE('',(#11035),#11051,.T.);
#11035 = FACE_BOUND('',#11036,.T.);
#11036 = EDGE_LOOP('',(#11037,#11043,#11044,#11050));
#11037 = ORIENTED_EDGE('',*,*,#11038,.F.);
#11038 = EDGE_CURVE('',#2879,#8764,#11039,.T.);
#11039 = LINE('',#11040,#11041);
#11040 = CARTESIAN_POINT('',(1.265,-0.33,1.));
#11041 = VECTOR('',#11042,1.);
#11042 = DIRECTION('',(0.,1.,0.));
#11043 = ORIENTED_EDGE('',*,*,#2878,.T.);
#11044 = ORIENTED_EDGE('',*,*,#11045,.T.);
#11045 = EDGE_CURVE('',#2870,#8772,#11046,.T.);
#11046 = LINE('',#11047,#11048);
#11047 = CARTESIAN_POINT('',(1.55,-0.33,1.));
#11048 = VECTOR('',#11049,1.);
#11049 = DIRECTION('',(0.,1.,0.));
#11050 = ORIENTED_EDGE('',*,*,#8771,.F.);
#11051 = PLANE('',#11052);
#11052 = AXIS2_PLACEMENT_3D('',#11053,#11054,#11055);
#11053 = CARTESIAN_POINT('',(-1.55,-0.33,1.));
#11054 = DIRECTION('',(0.,0.,1.));
#11055 = DIRECTION('',(1.,0.,-0.));
#11056 = ADVANCED_FACE('',(#11057),#11075,.T.);
#11057 = FACE_BOUND('',#11058,.T.);
#11058 = EDGE_LOOP('',(#11059,#11067,#11068,#11069));
#11059 = ORIENTED_EDGE('',*,*,#11060,.T.);
#11060 = EDGE_CURVE('',#11061,#4060,#11063,.T.);
#11061 = VERTEX_POINT('',#11062);
#11062 = CARTESIAN_POINT('',(0.59,-0.18,1.));
#11063 = LINE('',#11064,#11065);
#11064 = CARTESIAN_POINT('',(0.59,-0.18,1.));
#11065 = VECTOR('',#11066,1.);
#11066 = DIRECTION('',(0.,1.,0.));
#11067 = ORIENTED_EDGE('',*,*,#4059,.F.);
#11068 = ORIENTED_EDGE('',*,*,#11000,.F.);
#11069 = ORIENTED_EDGE('',*,*,#11070,.T.);
#11070 = EDGE_CURVE('',#10993,#11061,#11071,.T.);
#11071 = LINE('',#11072,#11073);
#11072 = CARTESIAN_POINT('',(-0.59,-0.18,1.));
#11073 = VECTOR('',#11074,1.);
#11074 = DIRECTION('',(1.,0.,0.));
#11075 = PLANE('',#11076);
#11076 = AXIS2_PLACEMENT_3D('',#11077,#11078,#11079);
#11077 = CARTESIAN_POINT('',(-1.55,-0.33,1.));
#11078 = DIRECTION('',(0.,0.,1.));
#11079 = DIRECTION('',(1.,0.,-0.));
#11080 = ADVANCED_FACE('',(#11081),#11087,.F.);
#11081 = FACE_BOUND('',#11082,.T.);
#11082 = EDGE_LOOP('',(#11083,#11084,#11085,#11086));
#11083 = ORIENTED_EDGE('',*,*,#11023,.F.);
#11084 = ORIENTED_EDGE('',*,*,#2934,.T.);
#11085 = ORIENTED_EDGE('',*,*,#10604,.F.);
#11086 = ORIENTED_EDGE('',*,*,#8837,.T.);
#11087 = PLANE('',#11088);
#11088 = AXIS2_PLACEMENT_3D('',#11089,#11090,#11091);
#11089 = CARTESIAN_POINT('',(-1.265,0.33,0.88));
#11090 = DIRECTION('',(-1.,0.,0.));
#11091 = DIRECTION('',(0.,0.,1.));
#11092 = ADVANCED_FACE('',(#11093),#11122,.T.);
#11093 = FACE_BOUND('',#11094,.T.);
#11094 = EDGE_LOOP('',(#11095,#11096,#11097,#11098,#11106,#11115));
#11095 = ORIENTED_EDGE('',*,*,#2950,.T.);
#11096 = ORIENTED_EDGE('',*,*,#11016,.T.);
#11097 = ORIENTED_EDGE('',*,*,#8820,.F.);
#11098 = ORIENTED_EDGE('',*,*,#11099,.F.);
#11099 = EDGE_CURVE('',#11100,#8813,#11102,.T.);
#11100 = VERTEX_POINT('',#11101);
#11101 = CARTESIAN_POINT('',(-1.75,-0.28,0.8));
#11102 = LINE('',#11103,#11104);
#11103 = CARTESIAN_POINT('',(-1.75,-0.28,0.8));
#11104 = VECTOR('',#11105,1.);
#11105 = DIRECTION('',(0.,1.,0.));
#11106 = ORIENTED_EDGE('',*,*,#11107,.T.);
#11107 = EDGE_CURVE('',#11100,#11108,#11110,.T.);
#11108 = VERTEX_POINT('',#11109);
#11109 = CARTESIAN_POINT('',(-1.7,-0.28,0.932287565553));
#11110 = CIRCLE('',#11111,0.2);
#11111 = AXIS2_PLACEMENT_3D('',#11112,#11113,#11114);
#11112 = CARTESIAN_POINT('',(-1.55,-0.28,0.8));
#11113 = DIRECTION('',(0.,1.,0.));
#11114 = DIRECTION('',(-1.,0.,0.));
#11115 = ORIENTED_EDGE('',*,*,#11116,.T.);
#11116 = EDGE_CURVE('',#11108,#2951,#11117,.T.);
#11117 = B_SPLINE_CURVE_WITH_KNOTS('',3,(#11118,#11119,#11120,#11121),
  .UNSPECIFIED.,.F.,.F.,(4,4),(0.,1.),.PIECEWISE_BEZIER_KNOTS.);
#11118 = CARTESIAN_POINT('',(-1.7,-0.28,0.932287565553));
#11119 = CARTESIAN_POINT('',(-1.684819729773,-0.295180270227,
    0.949500374062));
#11120 = CARTESIAN_POINT('',(-1.668013827844,-0.311986172156,
    0.962804792402));
#11121 = CARTESIAN_POINT('',(-1.65,-0.33,0.973205080757));
#11122 = CYLINDRICAL_SURFACE('',#11123,0.2);
#11123 = AXIS2_PLACEMENT_3D('',#11124,#11125,#11126);
#11124 = CARTESIAN_POINT('',(-1.55,-0.33,0.8));
#11125 = DIRECTION('',(0.,-1.,0.));
#11126 = DIRECTION('',(1.,0.,0.));
#11127 = ADVANCED_FACE('',(#11128),#11146,.F.);
#11128 = FACE_BOUND('',#11129,.T.);
#11129 = EDGE_LOOP('',(#11130,#11131,#11139,#11145));
#11130 = ORIENTED_EDGE('',*,*,#11116,.F.);
#11131 = ORIENTED_EDGE('',*,*,#11132,.F.);
#11132 = EDGE_CURVE('',#11133,#11108,#11135,.T.);
#11133 = VERTEX_POINT('',#11134);
#11134 = CARTESIAN_POINT('',(-1.7,-0.28,0.615));
#11135 = LINE('',#11136,#11137);
#11136 = CARTESIAN_POINT('',(-1.7,-0.28,0.615));
#11137 = VECTOR('',#11138,1.);
#11138 = DIRECTION('',(0.,0.,1.));
#11139 = ORIENTED_EDGE('',*,*,#11140,.F.);
#11140 = EDGE_CURVE('',#2960,#11133,#11141,.T.);
#11141 = LINE('',#11142,#11143);
#11142 = CARTESIAN_POINT('',(-1.65,-0.33,0.615));
#11143 = VECTOR('',#11144,1.);
#11144 = DIRECTION('',(-0.707106781187,0.707106781187,0.));
#11145 = ORIENTED_EDGE('',*,*,#2959,.F.);
#11146 = PLANE('',#11147);
#11147 = AXIS2_PLACEMENT_3D('',#11148,#11149,#11150);
#11148 = CARTESIAN_POINT('',(-1.65,-0.33,-1.));
#11149 = DIRECTION('',(0.707106781187,0.707106781187,0.));
#11150 = DIRECTION('',(0.,0.,-1.));
#11151 = ADVANCED_FACE('',(#11152),#11177,.F.);
#11152 = FACE_BOUND('',#11153,.T.);
#11153 = EDGE_LOOP('',(#11154,#11162,#11170,#11176));
#11154 = ORIENTED_EDGE('',*,*,#11155,.T.);
#11155 = EDGE_CURVE('',#3008,#11156,#11158,.T.);
#11156 = VERTEX_POINT('',#11157);
#11157 = CARTESIAN_POINT('',(-1.7,-0.28,0.35));
#11158 = LINE('',#11159,#11160);
#11159 = CARTESIAN_POINT('',(-1.65,-0.33,0.35));
#11160 = VECTOR('',#11161,1.);
#11161 = DIRECTION('',(-0.707106781187,0.707106781187,0.));
#11162 = ORIENTED_EDGE('',*,*,#11163,.F.);
#11163 = EDGE_CURVE('',#11164,#11156,#11166,.T.);
#11164 = VERTEX_POINT('',#11165);
#11165 = CARTESIAN_POINT('',(-1.7,-0.28,-0.35));
#11166 = LINE('',#11167,#11168);
#11167 = CARTESIAN_POINT('',(-1.7,-0.28,-0.35));
#11168 = VECTOR('',#11169,1.);
#11169 = DIRECTION('',(0.,0.,1.));
#11170 = ORIENTED_EDGE('',*,*,#11171,.F.);
#11171 = EDGE_CURVE('',#3016,#11164,#11172,.T.);
#11172 = LINE('',#11173,#11174);
#11173 = CARTESIAN_POINT('',(-1.65,-0.33,-0.35));
#11174 = VECTOR('',#11175,1.);
#11175 = DIRECTION('',(-0.707106781187,0.707106781187,0.));
#11176 = ORIENTED_EDGE('',*,*,#3015,.F.);
#11177 = PLANE('',#11178);
#11178 = AXIS2_PLACEMENT_3D('',#11179,#11180,#11181);
#11179 = CARTESIAN_POINT('',(-1.65,-0.33,-1.));
#11180 = DIRECTION('',(0.707106781187,0.707106781187,0.));
#11181 = DIRECTION('',(0.,0.,-1.));
#11182 = ADVANCED_FACE('',(#11183),#11209,.F.);
#11183 = FACE_BOUND('',#11184,.T.);
#11184 = EDGE_LOOP('',(#11185,#11193,#11201,#11208));
#11185 = ORIENTED_EDGE('',*,*,#11186,.T.);
#11186 = EDGE_CURVE('',#3064,#11187,#11189,.T.);
#11187 = VERTEX_POINT('',#11188);
#11188 = CARTESIAN_POINT('',(-1.7,-0.28,-0.615));
#11189 = LINE('',#11190,#11191);
#11190 = CARTESIAN_POINT('',(-1.65,-0.33,-0.615));
#11191 = VECTOR('',#11192,1.);
#11192 = DIRECTION('',(-0.707106781187,0.707106781187,0.));
#11193 = ORIENTED_EDGE('',*,*,#11194,.F.);
#11194 = EDGE_CURVE('',#11195,#11187,#11197,.T.);
#11195 = VERTEX_POINT('',#11196);
#11196 = CARTESIAN_POINT('',(-1.7,-0.28,-0.932287565553));
#11197 = LINE('',#11198,#11199);
#11198 = CARTESIAN_POINT('',(-1.7,-0.28,-0.932287565553));
#11199 = VECTOR('',#11200,1.);
#11200 = DIRECTION('',(0.,0.,1.));
#11201 = ORIENTED_EDGE('',*,*,#11202,.F.);
#11202 = EDGE_CURVE('',#3072,#11195,#11203,.T.);
#11203 = B_SPLINE_CURVE_WITH_KNOTS('',3,(#11204,#11205,#11206,#11207),
  .UNSPECIFIED.,.F.,.F.,(4,4),(0.,1.),.PIECEWISE_BEZIER_KNOTS.);
#11204 = CARTESIAN_POINT('',(-1.65,-0.33,-0.973205080757));
#11205 = CARTESIAN_POINT('',(-1.668013827844,-0.311986172156,
    -0.962804792402));
#11206 = CARTESIAN_POINT('',(-1.684819729773,-0.295180270227,
    -0.949500374062));
#11207 = CARTESIAN_POINT('',(-1.7,-0.28,-0.932287565553));
#11208 = ORIENTED_EDGE('',*,*,#3071,.F.);
#11209 = PLANE('',#11210);
#11210 = AXIS2_PLACEMENT_3D('',#11211,#11212,#11213);
#11211 = CARTESIAN_POINT('',(-1.65,-0.33,-1.));
#11212 = DIRECTION('',(0.707106781187,0.707106781187,0.));
#11213 = DIRECTION('',(0.,0.,-1.));
#11214 = ADVANCED_FACE('',(#11215),#11242,.F.);
#11215 = FACE_BOUND('',#11216,.T.);
#11216 = EDGE_LOOP('',(#11217,#11218,#11219,#11220,#11228,#11236));
#11217 = ORIENTED_EDGE('',*,*,#8602,.T.);
#11218 = ORIENTED_EDGE('',*,*,#2967,.F.);
#11219 = ORIENTED_EDGE('',*,*,#11140,.T.);
#11220 = ORIENTED_EDGE('',*,*,#11221,.F.);
#11221 = EDGE_CURVE('',#11222,#11133,#11224,.T.);
#11222 = VERTEX_POINT('',#11223);
#11223 = CARTESIAN_POINT('',(-1.75,-0.28,0.615));
#11224 = LINE('',#11225,#11226);
#11225 = CARTESIAN_POINT('',(-1.75,-0.28,0.615));
#11226 = VECTOR('',#11227,1.);
#11227 = DIRECTION('',(1.,0.,0.));
#11228 = ORIENTED_EDGE('',*,*,#11229,.T.);
#11229 = EDGE_CURVE('',#11222,#11230,#11232,.T.);
#11230 = VERTEX_POINT('',#11231);
#11231 = CARTESIAN_POINT('',(-1.75,-6.E-02,0.615));
#11232 = LINE('',#11233,#11234);
#11233 = CARTESIAN_POINT('',(-1.75,-0.28,0.615));
#11234 = VECTOR('',#11235,1.);
#11235 = DIRECTION('',(0.,1.,0.));
#11236 = ORIENTED_EDGE('',*,*,#11237,.T.);
#11237 = EDGE_CURVE('',#11230,#8603,#11238,.T.);
#11238 = LINE('',#11239,#11240);
#11239 = CARTESIAN_POINT('',(-1.75,-6.E-02,0.615));
#11240 = VECTOR('',#11241,1.);
#11241 = DIRECTION('',(1.,0.,0.));
#11242 = PLANE('',#11243);
#11243 = AXIS2_PLACEMENT_3D('',#11244,#11245,#11246);
#11244 = CARTESIAN_POINT('',(-1.75,0.33,0.615));
#11245 = DIRECTION('',(0.,0.,1.));
#11246 = DIRECTION('',(1.,0.,-0.));
#11247 = ADVANCED_FACE('',(#11248),#11259,.T.);
#11248 = FACE_BOUND('',#11249,.T.);
#11249 = EDGE_LOOP('',(#11250,#11251,#11252,#11258));
#11250 = ORIENTED_EDGE('',*,*,#8610,.F.);
#11251 = ORIENTED_EDGE('',*,*,#11237,.F.);
#11252 = ORIENTED_EDGE('',*,*,#11253,.F.);
#11253 = EDGE_CURVE('',#8811,#11230,#11254,.T.);
#11254 = LINE('',#11255,#11256);
#11255 = CARTESIAN_POINT('',(-1.75,-1.E-02,0.665));
#11256 = VECTOR('',#11257,1.);
#11257 = DIRECTION('',(0.,-0.707106781187,-0.707106781187));
#11258 = ORIENTED_EDGE('',*,*,#8852,.T.);
#11259 = PLANE('',#11260);
#11260 = AXIS2_PLACEMENT_3D('',#11261,#11262,#11263);
#11261 = CARTESIAN_POINT('',(-1.625,-3.5E-02,0.64));
#11262 = DIRECTION('',(0.,0.707106781187,-0.707106781187));
#11263 = DIRECTION('',(-1.,0.,0.));
#11264 = ADVANCED_FACE('',(#11265),#11299,.T.);
#11265 = FACE_BOUND('',#11266,.T.);
#11266 = EDGE_LOOP('',(#11267,#11277,#11285,#11293));
#11267 = ORIENTED_EDGE('',*,*,#11268,.F.);
#11268 = EDGE_CURVE('',#11269,#11271,#11273,.T.);
#11269 = VERTEX_POINT('',#11270);
#11270 = CARTESIAN_POINT('',(-1.75,-0.28,-0.35));
#11271 = VERTEX_POINT('',#11272);
#11272 = CARTESIAN_POINT('',(-1.75,0.29,-0.35));
#11273 = LINE('',#11274,#11275);
#11274 = CARTESIAN_POINT('',(-1.75,-0.28,-0.35));
#11275 = VECTOR('',#11276,1.);
#11276 = DIRECTION('',(0.,1.,0.));
#11277 = ORIENTED_EDGE('',*,*,#11278,.T.);
#11278 = EDGE_CURVE('',#11269,#11279,#11281,.T.);
#11279 = VERTEX_POINT('',#11280);
#11280 = CARTESIAN_POINT('',(-1.75,-0.28,0.35));
#11281 = LINE('',#11282,#11283);
#11282 = CARTESIAN_POINT('',(-1.75,-0.28,-0.35));
#11283 = VECTOR('',#11284,1.);
#11284 = DIRECTION('',(0.,0.,1.));
#11285 = ORIENTED_EDGE('',*,*,#11286,.T.);
#11286 = EDGE_CURVE('',#11279,#11287,#11289,.T.);
#11287 = VERTEX_POINT('',#11288);
#11288 = CARTESIAN_POINT('',(-1.75,0.29,0.35));
#11289 = LINE('',#11290,#11291);
#11290 = CARTESIAN_POINT('',(-1.75,-0.28,0.35));
#11291 = VECTOR('',#11292,1.);
#11292 = DIRECTION('',(0.,1.,0.));
#11293 = ORIENTED_EDGE('',*,*,#11294,.F.);
#11294 = EDGE_CURVE('',#11271,#11287,#11295,.T.);
#11295 = LINE('',#11296,#11297);
#11296 = CARTESIAN_POINT('',(-1.75,0.29,-0.35));
#11297 = VECTOR('',#11298,1.);
#11298 = DIRECTION('',(0.,0.,1.));
#11299 = PLANE('',#11300);
#11300 = AXIS2_PLACEMENT_3D('',#11301,#11302,#11303);
#11301 = CARTESIAN_POINT('',(-1.75,-0.33,-0.8));
#11302 = DIRECTION('',(-1.,0.,0.));
#11303 = DIRECTION('',(0.,0.,1.));
#11304 = ADVANCED_FACE('',(#11305),#11317,.T.);
#11305 = FACE_BOUND('',#11306,.T.);
#11306 = EDGE_LOOP('',(#11307,#11308,#11314,#11315,#11316));
#11307 = ORIENTED_EDGE('',*,*,#11229,.F.);
#11308 = ORIENTED_EDGE('',*,*,#11309,.T.);
#11309 = EDGE_CURVE('',#11222,#11100,#11310,.T.);
#11310 = LINE('',#11311,#11312);
#11311 = CARTESIAN_POINT('',(-1.75,-0.28,0.615));
#11312 = VECTOR('',#11313,1.);
#11313 = DIRECTION('',(0.,0.,1.));
#11314 = ORIENTED_EDGE('',*,*,#11099,.T.);
#11315 = ORIENTED_EDGE('',*,*,#8810,.F.);
#11316 = ORIENTED_EDGE('',*,*,#11253,.T.);
#11317 = PLANE('',#11318);
#11318 = AXIS2_PLACEMENT_3D('',#11319,#11320,#11321);
#11319 = CARTESIAN_POINT('',(-1.75,-0.33,-0.8));
#11320 = DIRECTION('',(-1.,0.,0.));
#11321 = DIRECTION('',(0.,0.,1.));
#11322 = ADVANCED_FACE('',(#11323),#11356,.T.);
#11323 = FACE_BOUND('',#11324,.T.);
#11324 = EDGE_LOOP('',(#11325,#11326,#11334,#11342,#11350));
#11325 = ORIENTED_EDGE('',*,*,#8893,.F.);
#11326 = ORIENTED_EDGE('',*,*,#11327,.F.);
#11327 = EDGE_CURVE('',#11328,#8885,#11330,.T.);
#11328 = VERTEX_POINT('',#11329);
#11329 = CARTESIAN_POINT('',(-1.75,-0.28,-0.8));
#11330 = LINE('',#11331,#11332);
#11331 = CARTESIAN_POINT('',(-1.75,-0.28,-0.8));
#11332 = VECTOR('',#11333,1.);
#11333 = DIRECTION('',(0.,1.,0.));
#11334 = ORIENTED_EDGE('',*,*,#11335,.T.);
#11335 = EDGE_CURVE('',#11328,#11336,#11338,.T.);
#11336 = VERTEX_POINT('',#11337);
#11337 = CARTESIAN_POINT('',(-1.75,-0.28,-0.615));
#11338 = LINE('',#11339,#11340);
#11339 = CARTESIAN_POINT('',(-1.75,-0.28,-0.8));
#11340 = VECTOR('',#11341,1.);
#11341 = DIRECTION('',(0.,0.,1.));
#11342 = ORIENTED_EDGE('',*,*,#11343,.T.);
#11343 = EDGE_CURVE('',#11336,#11344,#11346,.T.);
#11344 = VERTEX_POINT('',#11345);
#11345 = CARTESIAN_POINT('',(-1.75,-6.E-02,-0.615));
#11346 = LINE('',#11347,#11348);
#11347 = CARTESIAN_POINT('',(-1.75,-0.28,-0.615));
#11348 = VECTOR('',#11349,1.);
#11349 = DIRECTION('',(0.,1.,0.));
#11350 = ORIENTED_EDGE('',*,*,#11351,.T.);
#11351 = EDGE_CURVE('',#11344,#8894,#11352,.T.);
#11352 = LINE('',#11353,#11354);
#11353 = CARTESIAN_POINT('',(-1.75,-6.E-02,-0.615));
#11354 = VECTOR('',#11355,1.);
#11355 = DIRECTION('',(0.,0.707106781187,-0.707106781187));
#11356 = PLANE('',#11357);
#11357 = AXIS2_PLACEMENT_3D('',#11358,#11359,#11360);
#11358 = CARTESIAN_POINT('',(-1.75,-0.33,-0.8));
#11359 = DIRECTION('',(-1.,0.,0.));
#11360 = DIRECTION('',(0.,0.,1.));
#11361 = ADVANCED_FACE('',(#11362),#11387,.F.);
#11362 = FACE_BOUND('',#11363,.T.);
#11363 = EDGE_LOOP('',(#11364,#11372,#11373,#11381));
#11364 = ORIENTED_EDGE('',*,*,#11365,.F.);
#11365 = EDGE_CURVE('',#11271,#11366,#11368,.T.);
#11366 = VERTEX_POINT('',#11367);
#11367 = CARTESIAN_POINT('',(-1.58,0.29,-0.35));
#11368 = LINE('',#11369,#11370);
#11369 = CARTESIAN_POINT('',(-1.75,0.29,-0.35));
#11370 = VECTOR('',#11371,1.);
#11371 = DIRECTION('',(1.,0.,0.));
#11372 = ORIENTED_EDGE('',*,*,#11294,.T.);
#11373 = ORIENTED_EDGE('',*,*,#11374,.F.);
#11374 = EDGE_CURVE('',#11375,#11287,#11377,.T.);
#11375 = VERTEX_POINT('',#11376);
#11376 = CARTESIAN_POINT('',(-1.58,0.29,0.35));
#11377 = LINE('',#11378,#11379);
#11378 = CARTESIAN_POINT('',(-1.58,0.29,0.35));
#11379 = VECTOR('',#11380,1.);
#11380 = DIRECTION('',(-1.,0.,0.));
#11381 = ORIENTED_EDGE('',*,*,#11382,.F.);
#11382 = EDGE_CURVE('',#11366,#11375,#11383,.T.);
#11383 = LINE('',#11384,#11385);
#11384 = CARTESIAN_POINT('',(-1.58,0.29,-0.35));
#11385 = VECTOR('',#11386,1.);
#11386 = DIRECTION('',(0.,0.,1.));
#11387 = PLANE('',#11388);
#11388 = AXIS2_PLACEMENT_3D('',#11389,#11390,#11391);
#11389 = CARTESIAN_POINT('',(-1.75,0.29,-1.));
#11390 = DIRECTION('',(0.,-1.,0.));
#11391 = DIRECTION('',(0.,0.,-1.));
#11392 = ADVANCED_FACE('',(#11393),#11484,.F.);
#11393 = FACE_BOUND('',#11394,.T.);
#11394 = EDGE_LOOP('',(#11395,#11403,#11404,#11410,#11411,#11417,#11418,
    #11426,#11434,#11442,#11451,#11457,#11458,#11459,#11460,#11461,
    #11470,#11478));
#11395 = ORIENTED_EDGE('',*,*,#11396,.T.);
#11396 = EDGE_CURVE('',#11397,#3032,#11399,.T.);
#11397 = VERTEX_POINT('',#11398);
#11398 = CARTESIAN_POINT('',(-1.58,-0.23,-0.37));
#11399 = LINE('',#11400,#11401);
#11400 = CARTESIAN_POINT('',(-1.58,-0.23,-0.37));
#11401 = VECTOR('',#11402,1.);
#11402 = DIRECTION('',(0.,-1.,0.));
#11403 = ORIENTED_EDGE('',*,*,#3031,.F.);
#11404 = ORIENTED_EDGE('',*,*,#11405,.T.);
#11405 = EDGE_CURVE('',#3024,#11366,#11406,.T.);
#11406 = LINE('',#11407,#11408);
#11407 = CARTESIAN_POINT('',(-1.58,-0.33,-0.35));
#11408 = VECTOR('',#11409,1.);
#11409 = DIRECTION('',(0.,1.,0.));
#11410 = ORIENTED_EDGE('',*,*,#11382,.T.);
#11411 = ORIENTED_EDGE('',*,*,#11412,.F.);
#11412 = EDGE_CURVE('',#3000,#11375,#11413,.T.);
#11413 = LINE('',#11414,#11415);
#11414 = CARTESIAN_POINT('',(-1.58,-0.33,0.35));
#11415 = VECTOR('',#11416,1.);
#11416 = DIRECTION('',(0.,1.,0.));
#11417 = ORIENTED_EDGE('',*,*,#2999,.F.);
#11418 = ORIENTED_EDGE('',*,*,#11419,.T.);
#11419 = EDGE_CURVE('',#2992,#11420,#11422,.T.);
#11420 = VERTEX_POINT('',#11421);
#11421 = CARTESIAN_POINT('',(-1.58,-0.23,0.37));
#11422 = LINE('',#11423,#11424);
#11423 = CARTESIAN_POINT('',(-1.58,-0.33,0.37));
#11424 = VECTOR('',#11425,1.);
#11425 = DIRECTION('',(0.,1.,5.684341886081E-13));
#11426 = ORIENTED_EDGE('',*,*,#11427,.F.);
#11427 = EDGE_CURVE('',#11428,#11420,#11430,.T.);
#11428 = VERTEX_POINT('',#11429);
#11429 = CARTESIAN_POINT('',(-1.58,-0.23,0.595));
#11430 = LINE('',#11431,#11432);
#11431 = CARTESIAN_POINT('',(-1.58,-0.23,0.595));
#11432 = VECTOR('',#11433,1.);
#11433 = DIRECTION('',(0.,0.,-1.));
#11434 = ORIENTED_EDGE('',*,*,#11435,.F.);
#11435 = EDGE_CURVE('',#11436,#11428,#11438,.T.);
#11436 = VERTEX_POINT('',#11437);
#11437 = CARTESIAN_POINT('',(-1.58,-2.E-02,0.595));
#11438 = LINE('',#11439,#11440);
#11439 = CARTESIAN_POINT('',(-1.58,-2.E-02,0.595));
#11440 = VECTOR('',#11441,1.);
#11441 = DIRECTION('',(0.,-1.,0.));
#11442 = ORIENTED_EDGE('',*,*,#11443,.F.);
#11443 = EDGE_CURVE('',#11444,#11436,#11446,.T.);
#11444 = VERTEX_POINT('',#11445);
#11445 = CARTESIAN_POINT('',(-1.58,2.E-02,0.635));
#11446 = CIRCLE('',#11447,4.E-02);
#11447 = AXIS2_PLACEMENT_3D('',#11448,#11449,#11450);
#11448 = CARTESIAN_POINT('',(-1.58,-2.E-02,0.635));
#11449 = DIRECTION('',(-1.,0.,0.));
#11450 = DIRECTION('',(0.,1.,0.));
#11451 = ORIENTED_EDGE('',*,*,#11452,.F.);
#11452 = EDGE_CURVE('',#10368,#11444,#11453,.T.);
#11453 = LINE('',#11454,#11455);
#11454 = CARTESIAN_POINT('',(-1.58,2.E-02,0.97));
#11455 = VECTOR('',#11456,1.);
#11456 = DIRECTION('',(0.,0.,-1.));
#11457 = ORIENTED_EDGE('',*,*,#10367,.F.);
#11458 = ORIENTED_EDGE('',*,*,#4202,.F.);
#11459 = ORIENTED_EDGE('',*,*,#8034,.F.);
#11460 = ORIENTED_EDGE('',*,*,#8545,.F.);
#11461 = ORIENTED_EDGE('',*,*,#11462,.F.);
#11462 = EDGE_CURVE('',#11463,#8538,#11465,.T.);
#11463 = VERTEX_POINT('',#11464);
#11464 = CARTESIAN_POINT('',(-1.58,-2.E-02,-0.595));
#11465 = CIRCLE('',#11466,4.E-02);
#11466 = AXIS2_PLACEMENT_3D('',#11467,#11468,#11469);
#11467 = CARTESIAN_POINT('',(-1.58,-2.E-02,-0.635));
#11468 = DIRECTION('',(-1.,0.,0.));
#11469 = DIRECTION('',(0.,1.387778780781E-14,1.));
#11470 = ORIENTED_EDGE('',*,*,#11471,.F.);
#11471 = EDGE_CURVE('',#11472,#11463,#11474,.T.);
#11472 = VERTEX_POINT('',#11473);
#11473 = CARTESIAN_POINT('',(-1.58,-0.23,-0.595));
#11474 = LINE('',#11475,#11476);
#11475 = CARTESIAN_POINT('',(-1.58,-0.23,-0.595));
#11476 = VECTOR('',#11477,1.);
#11477 = DIRECTION('',(0.,1.,0.));
#11478 = ORIENTED_EDGE('',*,*,#11479,.F.);
#11479 = EDGE_CURVE('',#11397,#11472,#11480,.T.);
#11480 = LINE('',#11481,#11482);
#11481 = CARTESIAN_POINT('',(-1.58,-0.23,-0.37));
#11482 = VECTOR('',#11483,1.);
#11483 = DIRECTION('',(0.,0.,-1.));
#11484 = PLANE('',#11485);
#11485 = AXIS2_PLACEMENT_3D('',#11486,#11487,#11488);
#11486 = CARTESIAN_POINT('',(-1.58,0.33,0.));
#11487 = DIRECTION('',(1.,0.,0.));
#11488 = DIRECTION('',(-0.,1.,0.));
#11489 = ADVANCED_FACE('',(#11490),#11517,.F.);
#11490 = FACE_BOUND('',#11491,.F.);
#11491 = EDGE_LOOP('',(#11492,#11493,#11502,#11510));
#11492 = ORIENTED_EDGE('',*,*,#11479,.F.);
#11493 = ORIENTED_EDGE('',*,*,#11494,.T.);
#11494 = EDGE_CURVE('',#11397,#11495,#11497,.T.);
#11495 = VERTEX_POINT('',#11496);
#11496 = CARTESIAN_POINT('',(-1.62,-0.27,-0.37));
#11497 = CIRCLE('',#11498,4.E-02);
#11498 = AXIS2_PLACEMENT_3D('',#11499,#11500,#11501);
#11499 = CARTESIAN_POINT('',(-1.62,-0.23,-0.37));
#11500 = DIRECTION('',(0.,0.,-1.));
#11501 = DIRECTION('',(1.,0.,0.));
#11502 = ORIENTED_EDGE('',*,*,#11503,.T.);
#11503 = EDGE_CURVE('',#11495,#11504,#11506,.T.);
#11504 = VERTEX_POINT('',#11505);
#11505 = CARTESIAN_POINT('',(-1.62,-0.27,-0.595));
#11506 = LINE('',#11507,#11508);
#11507 = CARTESIAN_POINT('',(-1.62,-0.27,-0.37));
#11508 = VECTOR('',#11509,1.);
#11509 = DIRECTION('',(0.,0.,-1.));
#11510 = ORIENTED_EDGE('',*,*,#11511,.T.);
#11511 = EDGE_CURVE('',#11504,#11472,#11512,.T.);
#11512 = CIRCLE('',#11513,4.E-02);
#11513 = AXIS2_PLACEMENT_3D('',#11514,#11515,#11516);
#11514 = CARTESIAN_POINT('',(-1.62,-0.23,-0.595));
#11515 = DIRECTION('',(0.,0.,1.));
#11516 = DIRECTION('',(0.,-1.,0.));
#11517 = CYLINDRICAL_SURFACE('',#11518,4.E-02);
#11518 = AXIS2_PLACEMENT_3D('',#11519,#11520,#11521);
#11519 = CARTESIAN_POINT('',(-1.62,-0.23,3.6072));
#11520 = DIRECTION('',(-0.,0.,1.));
#11521 = DIRECTION('',(1.,0.,0.));
#11522 = ADVANCED_FACE('',(#11523),#11575,.F.);
#11523 = FACE_BOUND('',#11524,.T.);
#11524 = EDGE_LOOP('',(#11525,#11526,#11527,#11528,#11536,#11544,#11552,
    #11560,#11568));
#11525 = ORIENTED_EDGE('',*,*,#3039,.T.);
#11526 = ORIENTED_EDGE('',*,*,#11396,.F.);
#11527 = ORIENTED_EDGE('',*,*,#11494,.T.);
#11528 = ORIENTED_EDGE('',*,*,#11529,.T.);
#11529 = EDGE_CURVE('',#11495,#11530,#11532,.T.);
#11530 = VERTEX_POINT('',#11531);
#11531 = CARTESIAN_POINT('',(-1.73,-0.27,-0.37));
#11532 = LINE('',#11533,#11534);
#11533 = CARTESIAN_POINT('',(-1.62,-0.27,-0.37));
#11534 = VECTOR('',#11535,1.);
#11535 = DIRECTION('',(-1.,0.,0.));
#11536 = ORIENTED_EDGE('',*,*,#11537,.T.);
#11537 = EDGE_CURVE('',#11530,#11538,#11540,.T.);
#11538 = VERTEX_POINT('',#11539);
#11539 = CARTESIAN_POINT('',(-1.73,-0.33,-0.37));
#11540 = LINE('',#11541,#11542);
#11541 = CARTESIAN_POINT('',(-1.73,-0.27,-0.37));
#11542 = VECTOR('',#11543,1.);
#11543 = DIRECTION('',(0.,-1.,0.));
#11544 = ORIENTED_EDGE('',*,*,#11545,.T.);
#11545 = EDGE_CURVE('',#11538,#11546,#11548,.T.);
#11546 = VERTEX_POINT('',#11547);
#11547 = CARTESIAN_POINT('',(-1.69,-0.33,-0.37));
#11548 = LINE('',#11549,#11550);
#11549 = CARTESIAN_POINT('',(-1.73,-0.33,-0.37));
#11550 = VECTOR('',#11551,1.);
#11551 = DIRECTION('',(1.,0.,0.));
#11552 = ORIENTED_EDGE('',*,*,#11553,.T.);
#11553 = EDGE_CURVE('',#11546,#11554,#11556,.T.);
#11554 = VERTEX_POINT('',#11555);
#11555 = CARTESIAN_POINT('',(-1.67,-0.35,-0.37));
#11556 = LINE('',#11557,#11558);
#11557 = CARTESIAN_POINT('',(-1.69,-0.33,-0.37));
#11558 = VECTOR('',#11559,1.);
#11559 = DIRECTION('',(0.707106781187,-0.707106781187,0.));
#11560 = ORIENTED_EDGE('',*,*,#11561,.F.);
#11561 = EDGE_CURVE('',#11562,#11554,#11564,.T.);
#11562 = VERTEX_POINT('',#11563);
#11563 = CARTESIAN_POINT('',(-1.566332495807,-0.35,-0.37));
#11564 = LINE('',#11565,#11566);
#11565 = CARTESIAN_POINT('',(-1.566332495807,-0.35,-0.37));
#11566 = VECTOR('',#11567,1.);
#11567 = DIRECTION('',(-1.,0.,0.));
#11568 = ORIENTED_EDGE('',*,*,#11569,.T.);
#11569 = EDGE_CURVE('',#11562,#3040,#11570,.T.);
#11570 = CIRCLE('',#11571,0.12);
#11571 = AXIS2_PLACEMENT_3D('',#11572,#11573,#11574);
#11572 = CARTESIAN_POINT('',(-1.566332495807,-0.23,-0.37));
#11573 = DIRECTION('',(0.,0.,1.));
#11574 = DIRECTION('',(1.830017618924E-12,-1.,0.));
#11575 = PLANE('',#11576);
#11576 = AXIS2_PLACEMENT_3D('',#11577,#11578,#11579);
#11577 = CARTESIAN_POINT('',(-1.5,-0.33,-0.37));
#11578 = DIRECTION('',(0.,0.,-1.));
#11579 = DIRECTION('',(0.,-1.,0.));
#11580 = ADVANCED_FACE('',(#11581),#11600,.T.);
#11581 = FACE_BOUND('',#11582,.T.);
#11582 = EDGE_LOOP('',(#11583,#11584,#11585,#11593));
#11583 = ORIENTED_EDGE('',*,*,#3047,.F.);
#11584 = ORIENTED_EDGE('',*,*,#11569,.F.);
#11585 = ORIENTED_EDGE('',*,*,#11586,.T.);
#11586 = EDGE_CURVE('',#11562,#11587,#11589,.T.);
#11587 = VERTEX_POINT('',#11588);
#11588 = CARTESIAN_POINT('',(-1.566332495807,-0.35,-0.595));
#11589 = LINE('',#11590,#11591);
#11590 = CARTESIAN_POINT('',(-1.566332495807,-0.35,-0.37));
#11591 = VECTOR('',#11592,1.);
#11592 = DIRECTION('',(0.,0.,-1.));
#11593 = ORIENTED_EDGE('',*,*,#11594,.F.);
#11594 = EDGE_CURVE('',#3048,#11587,#11595,.T.);
#11595 = CIRCLE('',#11596,0.12);
#11596 = AXIS2_PLACEMENT_3D('',#11597,#11598,#11599);
#11597 = CARTESIAN_POINT('',(-1.566332495807,-0.23,-0.595));
#11598 = DIRECTION('',(0.,0.,-1.));
#11599 = DIRECTION('',(0.552770798394,-0.833333333333,0.));
#11600 = CYLINDRICAL_SURFACE('',#11601,0.12);
#11601 = AXIS2_PLACEMENT_3D('',#11602,#11603,#11604);
#11602 = CARTESIAN_POINT('',(-1.566332495807,-0.23,3.6072));
#11603 = DIRECTION('',(-0.,0.,1.));
#11604 = DIRECTION('',(0.552770798391,-0.833333333334,0.));
#11605 = ADVANCED_FACE('',(#11606),#11656,.F.);
#11606 = FACE_BOUND('',#11607,.T.);
#11607 = EDGE_LOOP('',(#11608,#11616,#11624,#11632,#11640,#11646,#11647,
    #11648,#11654,#11655));
#11608 = ORIENTED_EDGE('',*,*,#11609,.T.);
#11609 = EDGE_CURVE('',#11587,#11610,#11612,.T.);
#11610 = VERTEX_POINT('',#11611);
#11611 = CARTESIAN_POINT('',(-1.67,-0.35,-0.595));
#11612 = LINE('',#11613,#11614);
#11613 = CARTESIAN_POINT('',(-1.566332495807,-0.35,-0.595));
#11614 = VECTOR('',#11615,1.);
#11615 = DIRECTION('',(-1.,0.,0.));
#11616 = ORIENTED_EDGE('',*,*,#11617,.F.);
#11617 = EDGE_CURVE('',#11618,#11610,#11620,.T.);
#11618 = VERTEX_POINT('',#11619);
#11619 = CARTESIAN_POINT('',(-1.69,-0.33,-0.595));
#11620 = LINE('',#11621,#11622);
#11621 = CARTESIAN_POINT('',(-1.69,-0.33,-0.595));
#11622 = VECTOR('',#11623,1.);
#11623 = DIRECTION('',(0.707106781187,-0.707106781187,0.));
#11624 = ORIENTED_EDGE('',*,*,#11625,.F.);
#11625 = EDGE_CURVE('',#11626,#11618,#11628,.T.);
#11626 = VERTEX_POINT('',#11627);
#11627 = CARTESIAN_POINT('',(-1.73,-0.33,-0.595));
#11628 = LINE('',#11629,#11630);
#11629 = CARTESIAN_POINT('',(-1.73,-0.33,-0.595));
#11630 = VECTOR('',#11631,1.);
#11631 = DIRECTION('',(1.,0.,0.));
#11632 = ORIENTED_EDGE('',*,*,#11633,.F.);
#11633 = EDGE_CURVE('',#11634,#11626,#11636,.T.);
#11634 = VERTEX_POINT('',#11635);
#11635 = CARTESIAN_POINT('',(-1.73,-0.27,-0.595));
#11636 = LINE('',#11637,#11638);
#11637 = CARTESIAN_POINT('',(-1.73,-0.27,-0.595));
#11638 = VECTOR('',#11639,1.);
#11639 = DIRECTION('',(0.,-1.,0.));
#11640 = ORIENTED_EDGE('',*,*,#11641,.F.);
#11641 = EDGE_CURVE('',#11504,#11634,#11642,.T.);
#11642 = LINE('',#11643,#11644);
#11643 = CARTESIAN_POINT('',(-1.62,-0.27,-0.595));
#11644 = VECTOR('',#11645,1.);
#11645 = DIRECTION('',(-1.,0.,0.));
#11646 = ORIENTED_EDGE('',*,*,#11511,.T.);
#11647 = ORIENTED_EDGE('',*,*,#11471,.T.);
#11648 = ORIENTED_EDGE('',*,*,#11649,.F.);
#11649 = EDGE_CURVE('',#8634,#11463,#11650,.T.);
#11650 = LINE('',#11651,#11652);
#11651 = CARTESIAN_POINT('',(-1.5,-2.E-02,-0.595));
#11652 = VECTOR('',#11653,1.);
#11653 = DIRECTION('',(-1.,0.,0.));
#11654 = ORIENTED_EDGE('',*,*,#8633,.F.);
#11655 = ORIENTED_EDGE('',*,*,#11594,.T.);
#11656 = PLANE('',#11657);
#11657 = AXIS2_PLACEMENT_3D('',#11658,#11659,#11660);
#11658 = CARTESIAN_POINT('',(-1.5,-0.35,-0.595));
#11659 = DIRECTION('',(0.,0.,1.));
#11660 = DIRECTION('',(1.,0.,-0.));
#11661 = ADVANCED_FACE('',(#11662),#11668,.F.);
#11662 = FACE_BOUND('',#11663,.F.);
#11663 = EDGE_LOOP('',(#11664,#11665,#11666,#11667));
#11664 = ORIENTED_EDGE('',*,*,#11649,.F.);
#11665 = ORIENTED_EDGE('',*,*,#8641,.F.);
#11666 = ORIENTED_EDGE('',*,*,#8535,.T.);
#11667 = ORIENTED_EDGE('',*,*,#11462,.F.);
#11668 = CYLINDRICAL_SURFACE('',#11669,4.E-02);
#11669 = AXIS2_PLACEMENT_3D('',#11670,#11671,#11672);
#11670 = CARTESIAN_POINT('',(-1.5,-2.E-02,-0.635));
#11671 = DIRECTION('',(-1.,0.,-0.));
#11672 = DIRECTION('',(0.,0.,-1.));
#11673 = ADVANCED_FACE('',(#11674),#11685,.F.);
#11674 = FACE_BOUND('',#11675,.T.);
#11675 = EDGE_LOOP('',(#11676,#11677,#11683,#11684));
#11676 = ORIENTED_EDGE('',*,*,#11641,.T.);
#11677 = ORIENTED_EDGE('',*,*,#11678,.T.);
#11678 = EDGE_CURVE('',#11634,#11530,#11679,.T.);
#11679 = LINE('',#11680,#11681);
#11680 = CARTESIAN_POINT('',(-1.73,-0.27,-0.595));
#11681 = VECTOR('',#11682,1.);
#11682 = DIRECTION('',(0.,0.,1.));
#11683 = ORIENTED_EDGE('',*,*,#11529,.F.);
#11684 = ORIENTED_EDGE('',*,*,#11503,.T.);
#11685 = PLANE('',#11686);
#11686 = AXIS2_PLACEMENT_3D('',#11687,#11688,#11689);
#11687 = CARTESIAN_POINT('',(-1.5,-0.27,-0.595));
#11688 = DIRECTION('',(0.,-1.,0.));
#11689 = DIRECTION('',(0.,0.,-1.));
#11690 = ADVANCED_FACE('',(#11691),#11702,.F.);
#11691 = FACE_BOUND('',#11692,.T.);
#11692 = EDGE_LOOP('',(#11693,#11699,#11700,#11701));
#11693 = ORIENTED_EDGE('',*,*,#11694,.T.);
#11694 = EDGE_CURVE('',#11626,#11538,#11695,.T.);
#11695 = LINE('',#11696,#11697);
#11696 = CARTESIAN_POINT('',(-1.73,-0.33,-0.595));
#11697 = VECTOR('',#11698,1.);
#11698 = DIRECTION('',(0.,0.,1.));
#11699 = ORIENTED_EDGE('',*,*,#11537,.F.);
#11700 = ORIENTED_EDGE('',*,*,#11678,.F.);
#11701 = ORIENTED_EDGE('',*,*,#11633,.T.);
#11702 = PLANE('',#11703);
#11703 = AXIS2_PLACEMENT_3D('',#11704,#11705,#11706);
#11704 = CARTESIAN_POINT('',(-1.73,-0.27,-0.595));
#11705 = DIRECTION('',(1.,0.,0.));
#11706 = DIRECTION('',(-0.,1.,0.));
#11707 = ADVANCED_FACE('',(#11708),#11719,.F.);
#11708 = FACE_BOUND('',#11709,.T.);
#11709 = EDGE_LOOP('',(#11710,#11716,#11717,#11718));
#11710 = ORIENTED_EDGE('',*,*,#11711,.T.);
#11711 = EDGE_CURVE('',#11618,#11546,#11712,.T.);
#11712 = LINE('',#11713,#11714);
#11713 = CARTESIAN_POINT('',(-1.69,-0.33,-0.595));
#11714 = VECTOR('',#11715,1.);
#11715 = DIRECTION('',(0.,0.,1.));
#11716 = ORIENTED_EDGE('',*,*,#11545,.F.);
#11717 = ORIENTED_EDGE('',*,*,#11694,.F.);
#11718 = ORIENTED_EDGE('',*,*,#11625,.T.);
#11719 = PLANE('',#11720);
#11720 = AXIS2_PLACEMENT_3D('',#11721,#11722,#11723);
#11721 = CARTESIAN_POINT('',(-1.73,-0.33,-0.595));
#11722 = DIRECTION('',(-0.,1.,0.));
#11723 = DIRECTION('',(1.,0.,0.));
#11724 = ADVANCED_FACE('',(#11725),#11736,.F.);
#11725 = FACE_BOUND('',#11726,.T.);
#11726 = EDGE_LOOP('',(#11727,#11733,#11734,#11735));
#11727 = ORIENTED_EDGE('',*,*,#11728,.T.);
#11728 = EDGE_CURVE('',#11610,#11554,#11729,.T.);
#11729 = LINE('',#11730,#11731);
#11730 = CARTESIAN_POINT('',(-1.67,-0.35,-0.595));
#11731 = VECTOR('',#11732,1.);
#11732 = DIRECTION('',(0.,0.,1.));
#11733 = ORIENTED_EDGE('',*,*,#11553,.F.);
#11734 = ORIENTED_EDGE('',*,*,#11711,.F.);
#11735 = ORIENTED_EDGE('',*,*,#11617,.T.);
#11736 = PLANE('',#11737);
#11737 = AXIS2_PLACEMENT_3D('',#11738,#11739,#11740);
#11738 = CARTESIAN_POINT('',(-1.69,-0.33,-0.595));
#11739 = DIRECTION('',(0.707106781187,0.707106781187,0.));
#11740 = DIRECTION('',(0.,0.,-1.));
#11741 = ADVANCED_FACE('',(#11742),#11748,.F.);
#11742 = FACE_BOUND('',#11743,.T.);
#11743 = EDGE_LOOP('',(#11744,#11745,#11746,#11747));
#11744 = ORIENTED_EDGE('',*,*,#11561,.T.);
#11745 = ORIENTED_EDGE('',*,*,#11728,.F.);
#11746 = ORIENTED_EDGE('',*,*,#11609,.F.);
#11747 = ORIENTED_EDGE('',*,*,#11586,.F.);
#11748 = PLANE('',#11749);
#11749 = AXIS2_PLACEMENT_3D('',#11750,#11751,#11752);
#11750 = CARTESIAN_POINT('',(-1.5,-0.35,-0.37));
#11751 = DIRECTION('',(-0.,1.,0.));
#11752 = DIRECTION('',(1.,0.,0.));
#11753 = ADVANCED_FACE('',(#11754),#11772,.F.);
#11754 = FACE_BOUND('',#11755,.T.);
#11755 = EDGE_LOOP('',(#11756,#11757,#11763,#11764,#11765,#11771));
#11756 = ORIENTED_EDGE('',*,*,#11452,.T.);
#11757 = ORIENTED_EDGE('',*,*,#11758,.F.);
#11758 = EDGE_CURVE('',#8579,#11444,#11759,.T.);
#11759 = LINE('',#11760,#11761);
#11760 = CARTESIAN_POINT('',(-1.5,2.E-02,0.635));
#11761 = VECTOR('',#11762,1.);
#11762 = DIRECTION('',(-1.,0.,0.));
#11763 = ORIENTED_EDGE('',*,*,#8578,.F.);
#11764 = ORIENTED_EDGE('',*,*,#10596,.T.);
#11765 = ORIENTED_EDGE('',*,*,#11766,.T.);
#11766 = EDGE_CURVE('',#10588,#10376,#11767,.T.);
#11767 = LINE('',#11768,#11769);
#11768 = CARTESIAN_POINT('',(-1.246209542351,2.E-02,0.88));
#11769 = VECTOR('',#11770,1.);
#11770 = DIRECTION('',(0.,0.,1.));
#11771 = ORIENTED_EDGE('',*,*,#10375,.T.);
#11772 = PLANE('',#11773);
#11773 = AXIS2_PLACEMENT_3D('',#11774,#11775,#11776);
#11774 = CARTESIAN_POINT('',(-1.5,2.E-02,0.97));
#11775 = DIRECTION('',(-0.,1.,0.));
#11776 = DIRECTION('',(1.,0.,0.));
#11777 = ADVANCED_FACE('',(#11778),#11789,.F.);
#11778 = FACE_BOUND('',#11779,.F.);
#11779 = EDGE_LOOP('',(#11780,#11786,#11787,#11788));
#11780 = ORIENTED_EDGE('',*,*,#11781,.F.);
#11781 = EDGE_CURVE('',#10580,#10384,#11782,.T.);
#11782 = LINE('',#11783,#11784);
#11783 = CARTESIAN_POINT('',(-1.177929076513,-6.939901553669E-03,0.88));
#11784 = VECTOR('',#11785,1.);
#11785 = DIRECTION('',(0.,0.,1.));
#11786 = ORIENTED_EDGE('',*,*,#10587,.F.);
#11787 = ORIENTED_EDGE('',*,*,#11766,.T.);
#11788 = ORIENTED_EDGE('',*,*,#10383,.F.);
#11789 = CYLINDRICAL_SURFACE('',#11790,0.1);
#11790 = AXIS2_PLACEMENT_3D('',#11791,#11792,#11793);
#11791 = CARTESIAN_POINT('',(-1.246209542351,-8.E-02,0.88));
#11792 = DIRECTION('',(0.,0.,1.));
#11793 = DIRECTION('',(-1.,0.,0.));
#11794 = ADVANCED_FACE('',(#11795),#11806,.F.);
#11795 = FACE_BOUND('',#11796,.T.);
#11796 = EDGE_LOOP('',(#11797,#11798,#11799,#11800));
#11797 = ORIENTED_EDGE('',*,*,#10392,.T.);
#11798 = ORIENTED_EDGE('',*,*,#11781,.F.);
#11799 = ORIENTED_EDGE('',*,*,#10579,.F.);
#11800 = ORIENTED_EDGE('',*,*,#11801,.T.);
#11801 = EDGE_CURVE('',#10571,#10393,#11802,.T.);
#11802 = LINE('',#11803,#11804);
#11803 = CARTESIAN_POINT('',(-1.032280465838,-0.143060098446,0.88));
#11804 = VECTOR('',#11805,1.);
#11805 = DIRECTION('',(0.,0.,1.));
#11806 = PLANE('',#11807);
#11807 = AXIS2_PLACEMENT_3D('',#11808,#11809,#11810);
#11808 = CARTESIAN_POINT('',(-1.032280465838,-0.143060098446,0.88));
#11809 = DIRECTION('',(0.682804658377,0.730600984463,0.));
#11810 = DIRECTION('',(0.,0.,-1.));
#11811 = ADVANCED_FACE('',(#11812),#11823,.T.);
#11812 = FACE_BOUND('',#11813,.T.);
#11813 = EDGE_LOOP('',(#11814,#11815,#11816,#11817));
#11814 = ORIENTED_EDGE('',*,*,#10400,.T.);
#11815 = ORIENTED_EDGE('',*,*,#11801,.F.);
#11816 = ORIENTED_EDGE('',*,*,#10570,.F.);
#11817 = ORIENTED_EDGE('',*,*,#11818,.T.);
#11818 = EDGE_CURVE('',#10563,#10401,#11819,.T.);
#11819 = LINE('',#11820,#11821);
#11820 = CARTESIAN_POINT('',(-0.964,-0.17,0.88));
#11821 = VECTOR('',#11822,1.);
#11822 = DIRECTION('',(0.,0.,1.));
#11823 = CYLINDRICAL_SURFACE('',#11824,0.1);
#11824 = AXIS2_PLACEMENT_3D('',#11825,#11826,#11827);
#11825 = CARTESIAN_POINT('',(-0.964,-7.E-02,0.88));
#11826 = DIRECTION('',(0.,0.,1.));
#11827 = DIRECTION('',(-1.,0.,0.));
#11828 = ADVANCED_FACE('',(#11829),#11840,.F.);
#11829 = FACE_BOUND('',#11830,.T.);
#11830 = EDGE_LOOP('',(#11831,#11832,#11833,#11834));
#11831 = ORIENTED_EDGE('',*,*,#10409,.T.);
#11832 = ORIENTED_EDGE('',*,*,#11818,.F.);
#11833 = ORIENTED_EDGE('',*,*,#10562,.F.);
#11834 = ORIENTED_EDGE('',*,*,#11835,.T.);
#11835 = EDGE_CURVE('',#10555,#10410,#11836,.T.);
#11836 = LINE('',#11837,#11838);
#11837 = CARTESIAN_POINT('',(-0.67,-0.17,0.88));
#11838 = VECTOR('',#11839,1.);
#11839 = DIRECTION('',(0.,0.,1.));
#11840 = PLANE('',#11841);
#11841 = AXIS2_PLACEMENT_3D('',#11842,#11843,#11844);
#11842 = CARTESIAN_POINT('',(-0.67,-0.17,0.88));
#11843 = DIRECTION('',(-0.,1.,0.));
#11844 = DIRECTION('',(1.,0.,0.));
#11845 = ADVANCED_FACE('',(#11846),#11852,.F.);
#11846 = FACE_BOUND('',#11847,.T.);
#11847 = EDGE_LOOP('',(#11848,#11849,#11850,#11851));
#11848 = ORIENTED_EDGE('',*,*,#10417,.T.);
#11849 = ORIENTED_EDGE('',*,*,#11835,.F.);
#11850 = ORIENTED_EDGE('',*,*,#10552,.F.);
#11851 = ORIENTED_EDGE('',*,*,#10716,.T.);
#11852 = PLANE('',#11853);
#11853 = AXIS2_PLACEMENT_3D('',#11854,#11855,#11856);
#11854 = CARTESIAN_POINT('',(-0.62,-0.12,0.88));
#11855 = DIRECTION('',(-0.707106781186,0.707106781187,0.));
#11856 = DIRECTION('',(0.,0.,1.));
#11857 = ADVANCED_FACE('',(#11858),#11869,.F.);
#11858 = FACE_BOUND('',#11859,.F.);
#11859 = EDGE_LOOP('',(#11860,#11861,#11862,#11868));
#11860 = ORIENTED_EDGE('',*,*,#11758,.F.);
#11861 = ORIENTED_EDGE('',*,*,#8586,.F.);
#11862 = ORIENTED_EDGE('',*,*,#11863,.T.);
#11863 = EDGE_CURVE('',#8587,#11436,#11864,.T.);
#11864 = LINE('',#11865,#11866);
#11865 = CARTESIAN_POINT('',(-1.5,-2.E-02,0.595));
#11866 = VECTOR('',#11867,1.);
#11867 = DIRECTION('',(-1.,0.,0.));
#11868 = ORIENTED_EDGE('',*,*,#11443,.F.);
#11869 = CYLINDRICAL_SURFACE('',#11870,4.E-02);
#11870 = AXIS2_PLACEMENT_3D('',#11871,#11872,#11873);
#11871 = CARTESIAN_POINT('',(-1.5,-2.E-02,0.635));
#11872 = DIRECTION('',(-1.,0.,-0.));
#11873 = DIRECTION('',(0.,0.,-1.));
#11874 = ADVANCED_FACE('',(#11875),#11936,.F.);
#11875 = FACE_BOUND('',#11876,.T.);
#11876 = EDGE_LOOP('',(#11877,#11878,#11879,#11880,#11889,#11897,#11905,
    #11913,#11921,#11929));
#11877 = ORIENTED_EDGE('',*,*,#8595,.T.);
#11878 = ORIENTED_EDGE('',*,*,#11863,.T.);
#11879 = ORIENTED_EDGE('',*,*,#11435,.T.);
#11880 = ORIENTED_EDGE('',*,*,#11881,.T.);
#11881 = EDGE_CURVE('',#11428,#11882,#11884,.T.);
#11882 = VERTEX_POINT('',#11883);
#11883 = CARTESIAN_POINT('',(-1.62,-0.27,0.595));
#11884 = CIRCLE('',#11885,4.E-02);
#11885 = AXIS2_PLACEMENT_3D('',#11886,#11887,#11888);
#11886 = CARTESIAN_POINT('',(-1.62,-0.23,0.595));
#11887 = DIRECTION('',(0.,0.,-1.));
#11888 = DIRECTION('',(1.,0.,0.));
#11889 = ORIENTED_EDGE('',*,*,#11890,.T.);
#11890 = EDGE_CURVE('',#11882,#11891,#11893,.T.);
#11891 = VERTEX_POINT('',#11892);
#11892 = CARTESIAN_POINT('',(-1.73,-0.27,0.595));
#11893 = LINE('',#11894,#11895);
#11894 = CARTESIAN_POINT('',(-1.62,-0.27,0.595));
#11895 = VECTOR('',#11896,1.);
#11896 = DIRECTION('',(-1.,0.,0.));
#11897 = ORIENTED_EDGE('',*,*,#11898,.T.);
#11898 = EDGE_CURVE('',#11891,#11899,#11901,.T.);
#11899 = VERTEX_POINT('',#11900);
#11900 = CARTESIAN_POINT('',(-1.73,-0.33,0.595));
#11901 = LINE('',#11902,#11903);
#11902 = CARTESIAN_POINT('',(-1.73,-0.27,0.595));
#11903 = VECTOR('',#11904,1.);
#11904 = DIRECTION('',(0.,-1.,0.));
#11905 = ORIENTED_EDGE('',*,*,#11906,.T.);
#11906 = EDGE_CURVE('',#11899,#11907,#11909,.T.);
#11907 = VERTEX_POINT('',#11908);
#11908 = CARTESIAN_POINT('',(-1.69,-0.33,0.595));
#11909 = LINE('',#11910,#11911);
#11910 = CARTESIAN_POINT('',(-1.73,-0.33,0.595));
#11911 = VECTOR('',#11912,1.);
#11912 = DIRECTION('',(1.,0.,0.));
#11913 = ORIENTED_EDGE('',*,*,#11914,.T.);
#11914 = EDGE_CURVE('',#11907,#11915,#11917,.T.);
#11915 = VERTEX_POINT('',#11916);
#11916 = CARTESIAN_POINT('',(-1.67,-0.35,0.595));
#11917 = LINE('',#11918,#11919);
#11918 = CARTESIAN_POINT('',(-1.69,-0.33,0.595));
#11919 = VECTOR('',#11920,1.);
#11920 = DIRECTION('',(0.707106781187,-0.707106781187,0.));
#11921 = ORIENTED_EDGE('',*,*,#11922,.T.);
#11922 = EDGE_CURVE('',#11915,#11923,#11925,.T.);
#11923 = VERTEX_POINT('',#11924);
#11924 = CARTESIAN_POINT('',(-1.566332495807,-0.35,0.595));
#11925 = LINE('',#11926,#11927);
#11926 = CARTESIAN_POINT('',(-1.67,-0.35,0.595));
#11927 = VECTOR('',#11928,1.);
#11928 = DIRECTION('',(1.,0.,0.));
#11929 = ORIENTED_EDGE('',*,*,#11930,.T.);
#11930 = EDGE_CURVE('',#11923,#2976,#11931,.T.);
#11931 = CIRCLE('',#11932,0.12);
#11932 = AXIS2_PLACEMENT_3D('',#11933,#11934,#11935);
#11933 = CARTESIAN_POINT('',(-1.566332495807,-0.23,0.595));
#11934 = DIRECTION('',(0.,0.,1.));
#11935 = DIRECTION('',(1.830017618924E-12,-1.,0.));
#11936 = PLANE('',#11937);
#11937 = AXIS2_PLACEMENT_3D('',#11938,#11939,#11940);
#11938 = CARTESIAN_POINT('',(-1.5,-2.E-02,0.595));
#11939 = DIRECTION('',(0.,0.,-1.));
#11940 = DIRECTION('',(0.,-1.,0.));
#11941 = ADVANCED_FACE('',(#11942),#11961,.T.);
#11942 = FACE_BOUND('',#11943,.T.);
#11943 = EDGE_LOOP('',(#11944,#11945,#11946,#11954));
#11944 = ORIENTED_EDGE('',*,*,#2983,.F.);
#11945 = ORIENTED_EDGE('',*,*,#11930,.F.);
#11946 = ORIENTED_EDGE('',*,*,#11947,.T.);
#11947 = EDGE_CURVE('',#11923,#11948,#11950,.T.);
#11948 = VERTEX_POINT('',#11949);
#11949 = CARTESIAN_POINT('',(-1.566332495807,-0.35,0.37));
#11950 = LINE('',#11951,#11952);
#11951 = CARTESIAN_POINT('',(-1.566332495807,-0.35,0.595));
#11952 = VECTOR('',#11953,1.);
#11953 = DIRECTION('',(0.,0.,-1.));
#11954 = ORIENTED_EDGE('',*,*,#11955,.F.);
#11955 = EDGE_CURVE('',#2984,#11948,#11956,.T.);
#11956 = CIRCLE('',#11957,0.12);
#11957 = AXIS2_PLACEMENT_3D('',#11958,#11959,#11960);
#11958 = CARTESIAN_POINT('',(-1.566332495807,-0.23,0.37));
#11959 = DIRECTION('',(0.,0.,-1.));
#11960 = DIRECTION('',(0.552770798394,-0.833333333333,0.));
#11961 = CYLINDRICAL_SURFACE('',#11962,0.12);
#11962 = AXIS2_PLACEMENT_3D('',#11963,#11964,#11965);
#11963 = CARTESIAN_POINT('',(-1.566332495807,-0.23,3.6072));
#11964 = DIRECTION('',(-0.,0.,1.));
#11965 = DIRECTION('',(0.552770798394,-0.833333333332,0.));
#11966 = ADVANCED_FACE('',(#11967),#12019,.F.);
#11967 = FACE_BOUND('',#11968,.T.);
#11968 = EDGE_LOOP('',(#11969,#11977,#11985,#11993,#12001,#12009,#12016,
    #12017,#12018));
#11969 = ORIENTED_EDGE('',*,*,#11970,.F.);
#11970 = EDGE_CURVE('',#11971,#11948,#11973,.T.);
#11971 = VERTEX_POINT('',#11972);
#11972 = CARTESIAN_POINT('',(-1.67,-0.35,0.37));
#11973 = LINE('',#11974,#11975);
#11974 = CARTESIAN_POINT('',(-1.67,-0.35,0.37));
#11975 = VECTOR('',#11976,1.);
#11976 = DIRECTION('',(1.,0.,0.));
#11977 = ORIENTED_EDGE('',*,*,#11978,.F.);
#11978 = EDGE_CURVE('',#11979,#11971,#11981,.T.);
#11979 = VERTEX_POINT('',#11980);
#11980 = CARTESIAN_POINT('',(-1.69,-0.33,0.37));
#11981 = LINE('',#11982,#11983);
#11982 = CARTESIAN_POINT('',(-1.69,-0.33,0.37));
#11983 = VECTOR('',#11984,1.);
#11984 = DIRECTION('',(0.707106781187,-0.707106781187,
    -1.256073966947E-13));
#11985 = ORIENTED_EDGE('',*,*,#11986,.F.);
#11986 = EDGE_CURVE('',#11987,#11979,#11989,.T.);
#11987 = VERTEX_POINT('',#11988);
#11988 = CARTESIAN_POINT('',(-1.73,-0.33,0.37));
#11989 = LINE('',#11990,#11991);
#11990 = CARTESIAN_POINT('',(-1.73,-0.33,0.37));
#11991 = VECTOR('',#11992,1.);
#11992 = DIRECTION('',(1.,0.,0.));
#11993 = ORIENTED_EDGE('',*,*,#11994,.F.);
#11994 = EDGE_CURVE('',#11995,#11987,#11997,.T.);
#11995 = VERTEX_POINT('',#11996);
#11996 = CARTESIAN_POINT('',(-1.73,-0.27,0.37));
#11997 = LINE('',#11998,#11999);
#11998 = CARTESIAN_POINT('',(-1.73,-0.27,0.37));
#11999 = VECTOR('',#12000,1.);
#12000 = DIRECTION('',(0.,-1.,-1.7763568394E-13));
#12001 = ORIENTED_EDGE('',*,*,#12002,.F.);
#12002 = EDGE_CURVE('',#12003,#11995,#12005,.T.);
#12003 = VERTEX_POINT('',#12004);
#12004 = CARTESIAN_POINT('',(-1.62,-0.27,0.37));
#12005 = LINE('',#12006,#12007);
#12006 = CARTESIAN_POINT('',(-1.62,-0.27,0.37));
#12007 = VECTOR('',#12008,1.);
#12008 = DIRECTION('',(-1.,0.,-2.598931171282E-13));
#12009 = ORIENTED_EDGE('',*,*,#12010,.T.);
#12010 = EDGE_CURVE('',#12003,#11420,#12011,.T.);
#12011 = CIRCLE('',#12012,4.E-02);
#12012 = AXIS2_PLACEMENT_3D('',#12013,#12014,#12015);
#12013 = CARTESIAN_POINT('',(-1.62,-0.23,0.37));
#12014 = DIRECTION('',(0.,0.,1.));
#12015 = DIRECTION('',(0.,-1.,0.));
#12016 = ORIENTED_EDGE('',*,*,#11419,.F.);
#12017 = ORIENTED_EDGE('',*,*,#2991,.F.);
#12018 = ORIENTED_EDGE('',*,*,#11955,.T.);
#12019 = PLANE('',#12020);
#12020 = AXIS2_PLACEMENT_3D('',#12021,#12022,#12023);
#12021 = CARTESIAN_POINT('',(-1.5,-0.35,0.37));
#12022 = DIRECTION('',(0.,-5.329070518201E-13,1.));
#12023 = DIRECTION('',(0.,-1.,-5.329070518201E-13));
#12024 = ADVANCED_FACE('',(#12025),#12036,.F.);
#12025 = FACE_BOUND('',#12026,.F.);
#12026 = EDGE_LOOP('',(#12027,#12028,#12029,#12035));
#12027 = ORIENTED_EDGE('',*,*,#11427,.F.);
#12028 = ORIENTED_EDGE('',*,*,#11881,.T.);
#12029 = ORIENTED_EDGE('',*,*,#12030,.T.);
#12030 = EDGE_CURVE('',#11882,#12003,#12031,.T.);
#12031 = LINE('',#12032,#12033);
#12032 = CARTESIAN_POINT('',(-1.62,-0.27,0.595));
#12033 = VECTOR('',#12034,1.);
#12034 = DIRECTION('',(0.,0.,-1.));
#12035 = ORIENTED_EDGE('',*,*,#12010,.T.);
#12036 = CYLINDRICAL_SURFACE('',#12037,4.E-02);
#12037 = AXIS2_PLACEMENT_3D('',#12038,#12039,#12040);
#12038 = CARTESIAN_POINT('',(-1.62,-0.23,3.6072));
#12039 = DIRECTION('',(-0.,0.,1.));
#12040 = DIRECTION('',(1.,0.,0.));
#12041 = ADVANCED_FACE('',(#12042),#12053,.T.);
#12042 = FACE_BOUND('',#12043,.T.);
#12043 = EDGE_LOOP('',(#12044,#12045,#12051,#12052));
#12044 = ORIENTED_EDGE('',*,*,#12002,.T.);
#12045 = ORIENTED_EDGE('',*,*,#12046,.F.);
#12046 = EDGE_CURVE('',#11891,#11995,#12047,.T.);
#12047 = LINE('',#12048,#12049);
#12048 = CARTESIAN_POINT('',(-1.73,-0.27,0.595));
#12049 = VECTOR('',#12050,1.);
#12050 = DIRECTION('',(0.,0.,-1.));
#12051 = ORIENTED_EDGE('',*,*,#11890,.F.);
#12052 = ORIENTED_EDGE('',*,*,#12030,.T.);
#12053 = PLANE('',#12054);
#12054 = AXIS2_PLACEMENT_3D('',#12055,#12056,#12057);
#12055 = CARTESIAN_POINT('',(-1.5,-0.27,0.595));
#12056 = DIRECTION('',(-0.,1.,0.));
#12057 = DIRECTION('',(1.,0.,0.));
#12058 = ADVANCED_FACE('',(#12059),#12070,.T.);
#12059 = FACE_BOUND('',#12060,.T.);
#12060 = EDGE_LOOP('',(#12061,#12062,#12063,#12069));
#12061 = ORIENTED_EDGE('',*,*,#12046,.T.);
#12062 = ORIENTED_EDGE('',*,*,#11994,.T.);
#12063 = ORIENTED_EDGE('',*,*,#12064,.F.);
#12064 = EDGE_CURVE('',#11899,#11987,#12065,.T.);
#12065 = LINE('',#12066,#12067);
#12066 = CARTESIAN_POINT('',(-1.73,-0.33,0.595));
#12067 = VECTOR('',#12068,1.);
#12068 = DIRECTION('',(0.,0.,-1.));
#12069 = ORIENTED_EDGE('',*,*,#11898,.F.);
#12070 = PLANE('',#12071);
#12071 = AXIS2_PLACEMENT_3D('',#12072,#12073,#12074);
#12072 = CARTESIAN_POINT('',(-1.73,-0.27,0.595));
#12073 = DIRECTION('',(-1.,0.,0.));
#12074 = DIRECTION('',(0.,0.,1.));
#12075 = ADVANCED_FACE('',(#12076),#12087,.T.);
#12076 = FACE_BOUND('',#12077,.T.);
#12077 = EDGE_LOOP('',(#12078,#12079,#12080,#12086));
#12078 = ORIENTED_EDGE('',*,*,#12064,.T.);
#12079 = ORIENTED_EDGE('',*,*,#11986,.T.);
#12080 = ORIENTED_EDGE('',*,*,#12081,.F.);
#12081 = EDGE_CURVE('',#11907,#11979,#12082,.T.);
#12082 = LINE('',#12083,#12084);
#12083 = CARTESIAN_POINT('',(-1.69,-0.33,0.595));
#12084 = VECTOR('',#12085,1.);
#12085 = DIRECTION('',(0.,0.,-1.));
#12086 = ORIENTED_EDGE('',*,*,#11906,.F.);
#12087 = PLANE('',#12088);
#12088 = AXIS2_PLACEMENT_3D('',#12089,#12090,#12091);
#12089 = CARTESIAN_POINT('',(-1.73,-0.33,0.595));
#12090 = DIRECTION('',(0.,-1.,0.));
#12091 = DIRECTION('',(0.,0.,-1.));
#12092 = ADVANCED_FACE('',(#12093),#12104,.T.);
#12093 = FACE_BOUND('',#12094,.T.);
#12094 = EDGE_LOOP('',(#12095,#12096,#12097,#12103));
#12095 = ORIENTED_EDGE('',*,*,#12081,.T.);
#12096 = ORIENTED_EDGE('',*,*,#11978,.T.);
#12097 = ORIENTED_EDGE('',*,*,#12098,.F.);
#12098 = EDGE_CURVE('',#11915,#11971,#12099,.T.);
#12099 = LINE('',#12100,#12101);
#12100 = CARTESIAN_POINT('',(-1.67,-0.35,0.595));
#12101 = VECTOR('',#12102,1.);
#12102 = DIRECTION('',(0.,0.,-1.));
#12103 = ORIENTED_EDGE('',*,*,#11914,.F.);
#12104 = PLANE('',#12105);
#12105 = AXIS2_PLACEMENT_3D('',#12106,#12107,#12108);
#12106 = CARTESIAN_POINT('',(-1.69,-0.33,0.595));
#12107 = DIRECTION('',(-0.707106781187,-0.707106781187,0.));
#12108 = DIRECTION('',(-0.707106781187,0.707106781187,0.));
#12109 = ADVANCED_FACE('',(#12110),#12116,.F.);
#12110 = FACE_BOUND('',#12111,.T.);
#12111 = EDGE_LOOP('',(#12112,#12113,#12114,#12115));
#12112 = ORIENTED_EDGE('',*,*,#11922,.F.);
#12113 = ORIENTED_EDGE('',*,*,#12098,.T.);
#12114 = ORIENTED_EDGE('',*,*,#11970,.T.);
#12115 = ORIENTED_EDGE('',*,*,#11947,.F.);
#12116 = PLANE('',#12117);
#12117 = AXIS2_PLACEMENT_3D('',#12118,#12119,#12120);
#12118 = CARTESIAN_POINT('',(-1.5,-0.35,0.595));
#12119 = DIRECTION('',(-0.,1.,0.));
#12120 = DIRECTION('',(1.,0.,0.));
#12121 = ADVANCED_FACE('',(#12122),#12135,.F.);
#12122 = FACE_BOUND('',#12123,.T.);
#12123 = EDGE_LOOP('',(#12124,#12125,#12126,#12132,#12133,#12134));
#12124 = ORIENTED_EDGE('',*,*,#11374,.T.);
#12125 = ORIENTED_EDGE('',*,*,#11286,.F.);
#12126 = ORIENTED_EDGE('',*,*,#12127,.T.);
#12127 = EDGE_CURVE('',#11279,#11156,#12128,.T.);
#12128 = LINE('',#12129,#12130);
#12129 = CARTESIAN_POINT('',(-1.75,-0.28,0.35));
#12130 = VECTOR('',#12131,1.);
#12131 = DIRECTION('',(1.,0.,0.));
#12132 = ORIENTED_EDGE('',*,*,#11155,.F.);
#12133 = ORIENTED_EDGE('',*,*,#3007,.T.);
#12134 = ORIENTED_EDGE('',*,*,#11412,.T.);
#12135 = PLANE('',#12136);
#12136 = AXIS2_PLACEMENT_3D('',#12137,#12138,#12139);
#12137 = CARTESIAN_POINT('',(-1.5,0.33,0.35));
#12138 = DIRECTION('',(0.,0.,-1.));
#12139 = DIRECTION('',(0.,-1.,0.));
#12140 = ADVANCED_FACE('',(#12141),#12158,.F.);
#12141 = FACE_BOUND('',#12142,.T.);
#12142 = EDGE_LOOP('',(#12143,#12150,#12151,#12157));
#12143 = ORIENTED_EDGE('',*,*,#12144,.F.);
#12144 = EDGE_CURVE('',#11195,#11328,#12145,.T.);
#12145 = CIRCLE('',#12146,0.2);
#12146 = AXIS2_PLACEMENT_3D('',#12147,#12148,#12149);
#12147 = CARTESIAN_POINT('',(-1.55,-0.28,-0.8));
#12148 = DIRECTION('',(0.,1.,0.));
#12149 = DIRECTION('',(-0.75,0.,-0.661437827766));
#12150 = ORIENTED_EDGE('',*,*,#11194,.T.);
#12151 = ORIENTED_EDGE('',*,*,#12152,.F.);
#12152 = EDGE_CURVE('',#11336,#11187,#12153,.T.);
#12153 = LINE('',#12154,#12155);
#12154 = CARTESIAN_POINT('',(-1.75,-0.28,-0.615));
#12155 = VECTOR('',#12156,1.);
#12156 = DIRECTION('',(1.,0.,0.));
#12157 = ORIENTED_EDGE('',*,*,#11335,.F.);
#12158 = PLANE('',#12159);
#12159 = AXIS2_PLACEMENT_3D('',#12160,#12161,#12162);
#12160 = CARTESIAN_POINT('',(-1.7,-0.28,-1.));
#12161 = DIRECTION('',(-0.,1.,0.));
#12162 = DIRECTION('',(1.,0.,0.));
#12163 = ADVANCED_FACE('',(#12164),#12175,.F.);
#12164 = FACE_BOUND('',#12165,.T.);
#12165 = EDGE_LOOP('',(#12166,#12172,#12173,#12174));
#12166 = ORIENTED_EDGE('',*,*,#12167,.T.);
#12167 = EDGE_CURVE('',#11269,#11164,#12168,.T.);
#12168 = LINE('',#12169,#12170);
#12169 = CARTESIAN_POINT('',(-1.75,-0.28,-0.35));
#12170 = VECTOR('',#12171,1.);
#12171 = DIRECTION('',(1.,0.,0.));
#12172 = ORIENTED_EDGE('',*,*,#11163,.T.);
#12173 = ORIENTED_EDGE('',*,*,#12127,.F.);
#12174 = ORIENTED_EDGE('',*,*,#11278,.F.);
#12175 = PLANE('',#12176);
#12176 = AXIS2_PLACEMENT_3D('',#12177,#12178,#12179);
#12177 = CARTESIAN_POINT('',(-1.7,-0.28,-1.));
#12178 = DIRECTION('',(-0.,1.,0.));
#12179 = DIRECTION('',(1.,0.,0.));
#12180 = ADVANCED_FACE('',(#12181),#12187,.F.);
#12181 = FACE_BOUND('',#12182,.T.);
#12182 = EDGE_LOOP('',(#12183,#12184,#12185,#12186));
#12183 = ORIENTED_EDGE('',*,*,#11221,.T.);
#12184 = ORIENTED_EDGE('',*,*,#11132,.T.);
#12185 = ORIENTED_EDGE('',*,*,#11107,.F.);
#12186 = ORIENTED_EDGE('',*,*,#11309,.F.);
#12187 = PLANE('',#12188);
#12188 = AXIS2_PLACEMENT_3D('',#12189,#12190,#12191);
#12189 = CARTESIAN_POINT('',(-1.7,-0.28,-1.));
#12190 = DIRECTION('',(-0.,1.,0.));
#12191 = DIRECTION('',(1.,0.,0.));
#12192 = ADVANCED_FACE('',(#12193),#12206,.F.);
#12193 = FACE_BOUND('',#12194,.T.);
#12194 = EDGE_LOOP('',(#12195,#12196,#12197,#12198,#12199,#12200));
#12195 = ORIENTED_EDGE('',*,*,#11343,.F.);
#12196 = ORIENTED_EDGE('',*,*,#12152,.T.);
#12197 = ORIENTED_EDGE('',*,*,#11186,.F.);
#12198 = ORIENTED_EDGE('',*,*,#3063,.T.);
#12199 = ORIENTED_EDGE('',*,*,#8666,.F.);
#12200 = ORIENTED_EDGE('',*,*,#12201,.T.);
#12201 = EDGE_CURVE('',#8659,#11344,#12202,.T.);
#12202 = LINE('',#12203,#12204);
#12203 = CARTESIAN_POINT('',(-1.5,-6.E-02,-0.615));
#12204 = VECTOR('',#12205,1.);
#12205 = DIRECTION('',(-1.,0.,0.));
#12206 = PLANE('',#12207);
#12207 = AXIS2_PLACEMENT_3D('',#12208,#12209,#12210);
#12208 = CARTESIAN_POINT('',(-1.5,0.33,-0.615));
#12209 = DIRECTION('',(0.,0.,-1.));
#12210 = DIRECTION('',(0.,-1.,0.));
#12211 = ADVANCED_FACE('',(#12212),#12218,.T.);
#12212 = FACE_BOUND('',#12213,.T.);
#12213 = EDGE_LOOP('',(#12214,#12215,#12216,#12217));
#12214 = ORIENTED_EDGE('',*,*,#12201,.F.);
#12215 = ORIENTED_EDGE('',*,*,#8658,.F.);
#12216 = ORIENTED_EDGE('',*,*,#8901,.T.);
#12217 = ORIENTED_EDGE('',*,*,#11351,.F.);
#12218 = PLANE('',#12219);
#12219 = AXIS2_PLACEMENT_3D('',#12220,#12221,#12222);
#12220 = CARTESIAN_POINT('',(-1.625,-3.5E-02,-0.64));
#12221 = DIRECTION('',(0.,0.707106781187,0.707106781187));
#12222 = DIRECTION('',(1.,0.,-0.));
#12223 = ADVANCED_FACE('',(#12224),#12237,.T.);
#12224 = FACE_BOUND('',#12225,.T.);
#12225 = EDGE_LOOP('',(#12226,#12227,#12228,#12229,#12235,#12236));
#12226 = ORIENTED_EDGE('',*,*,#12144,.T.);
#12227 = ORIENTED_EDGE('',*,*,#11327,.T.);
#12228 = ORIENTED_EDGE('',*,*,#8884,.F.);
#12229 = ORIENTED_EDGE('',*,*,#12230,.F.);
#12230 = EDGE_CURVE('',#3080,#8877,#12231,.T.);
#12231 = LINE('',#12232,#12233);
#12232 = CARTESIAN_POINT('',(-1.55,-0.33,-1.));
#12233 = VECTOR('',#12234,1.);
#12234 = DIRECTION('',(0.,1.,0.));
#12235 = ORIENTED_EDGE('',*,*,#3079,.T.);
#12236 = ORIENTED_EDGE('',*,*,#11202,.T.);
#12237 = CYLINDRICAL_SURFACE('',#12238,0.2);
#12238 = AXIS2_PLACEMENT_3D('',#12239,#12240,#12241);
#12239 = CARTESIAN_POINT('',(-1.55,-0.33,-0.8));
#12240 = DIRECTION('',(0.,-1.,0.));
#12241 = DIRECTION('',(1.,0.,0.));
#12242 = ADVANCED_FACE('',(#12243),#12259,.T.);
#12243 = FACE_BOUND('',#12244,.T.);
#12244 = EDGE_LOOP('',(#12245,#12251,#12252,#12258));
#12245 = ORIENTED_EDGE('',*,*,#12246,.F.);
#12246 = EDGE_CURVE('',#3153,#8691,#12247,.T.);
#12247 = LINE('',#12248,#12249);
#12248 = CARTESIAN_POINT('',(1.55,-0.33,-1.));
#12249 = VECTOR('',#12250,1.);
#12250 = DIRECTION('',(0.,1.,0.));
#12251 = ORIENTED_EDGE('',*,*,#3152,.T.);
#12252 = ORIENTED_EDGE('',*,*,#12253,.T.);
#12253 = EDGE_CURVE('',#3145,#8700,#12254,.T.);
#12254 = LINE('',#12255,#12256);
#12255 = CARTESIAN_POINT('',(1.265,-0.33,-1.));
#12256 = VECTOR('',#12257,1.);
#12257 = DIRECTION('',(0.,1.,0.));
#12258 = ORIENTED_EDGE('',*,*,#8699,.F.);
#12259 = PLANE('',#12260);
#12260 = AXIS2_PLACEMENT_3D('',#12261,#12262,#12263);
#12261 = CARTESIAN_POINT('',(1.55,-0.33,-1.));
#12262 = DIRECTION('',(0.,0.,-1.));
#12263 = DIRECTION('',(0.,-1.,0.));
#12264 = ADVANCED_FACE('',(#12265),#12276,.T.);
#12265 = FACE_BOUND('',#12266,.T.);
#12266 = EDGE_LOOP('',(#12267,#12273,#12274,#12275));
#12267 = ORIENTED_EDGE('',*,*,#12268,.F.);
#12268 = EDGE_CURVE('',#3089,#8869,#12269,.T.);
#12269 = LINE('',#12270,#12271);
#12270 = CARTESIAN_POINT('',(-1.265,-0.33,-1.));
#12271 = VECTOR('',#12272,1.);
#12272 = DIRECTION('',(0.,1.,0.));
#12273 = ORIENTED_EDGE('',*,*,#3088,.T.);
#12274 = ORIENTED_EDGE('',*,*,#12230,.T.);
#12275 = ORIENTED_EDGE('',*,*,#8876,.F.);
#12276 = PLANE('',#12277);
#12277 = AXIS2_PLACEMENT_3D('',#12278,#12279,#12280);
#12278 = CARTESIAN_POINT('',(1.55,-0.33,-1.));
#12279 = DIRECTION('',(0.,0.,-1.));
#12280 = DIRECTION('',(0.,-1.,0.));
#12281 = ADVANCED_FACE('',(#12282),#12307,.T.);
#12282 = FACE_BOUND('',#12283,.T.);
#12283 = EDGE_LOOP('',(#12284,#12292,#12293,#12301));
#12284 = ORIENTED_EDGE('',*,*,#12285,.T.);
#12285 = EDGE_CURVE('',#12286,#4139,#12288,.T.);
#12286 = VERTEX_POINT('',#12287);
#12287 = CARTESIAN_POINT('',(-0.59,-0.18,-1.));
#12288 = LINE('',#12289,#12290);
#12289 = CARTESIAN_POINT('',(-0.59,-0.18,-1.));
#12290 = VECTOR('',#12291,1.);
#12291 = DIRECTION('',(0.,1.,0.));
#12292 = ORIENTED_EDGE('',*,*,#4138,.F.);
#12293 = ORIENTED_EDGE('',*,*,#12294,.F.);
#12294 = EDGE_CURVE('',#12295,#4131,#12297,.T.);
#12295 = VERTEX_POINT('',#12296);
#12296 = CARTESIAN_POINT('',(0.59,-0.18,-1.));
#12297 = LINE('',#12298,#12299);
#12298 = CARTESIAN_POINT('',(0.59,-0.18,-1.));
#12299 = VECTOR('',#12300,1.);
#12300 = DIRECTION('',(0.,1.,0.));
#12301 = ORIENTED_EDGE('',*,*,#12302,.F.);
#12302 = EDGE_CURVE('',#12286,#12295,#12303,.T.);
#12303 = LINE('',#12304,#12305);
#12304 = CARTESIAN_POINT('',(-0.59,-0.18,-1.));
#12305 = VECTOR('',#12306,1.);
#12306 = DIRECTION('',(1.,0.,0.));
#12307 = PLANE('',#12308);
#12308 = AXIS2_PLACEMENT_3D('',#12309,#12310,#12311);
#12309 = CARTESIAN_POINT('',(1.55,-0.33,-1.));
#12310 = DIRECTION('',(0.,0.,-1.));
#12311 = DIRECTION('',(0.,-1.,0.));
#12312 = ADVANCED_FACE('',(#12313),#12324,.F.);
#12313 = FACE_BOUND('',#12314,.T.);
#12314 = EDGE_LOOP('',(#12315,#12316,#12317,#12323));
#12315 = ORIENTED_EDGE('',*,*,#12253,.F.);
#12316 = ORIENTED_EDGE('',*,*,#3144,.T.);
#12317 = ORIENTED_EDGE('',*,*,#12318,.F.);
#12318 = EDGE_CURVE('',#8708,#3137,#12319,.T.);
#12319 = LINE('',#12320,#12321);
#12320 = CARTESIAN_POINT('',(1.265,-1.E-02,-0.88));
#12321 = VECTOR('',#12322,1.);
#12322 = DIRECTION('',(0.,-1.,0.));
#12323 = ORIENTED_EDGE('',*,*,#8707,.T.);
#12324 = PLANE('',#12325);
#12325 = AXIS2_PLACEMENT_3D('',#12326,#12327,#12328);
#12326 = CARTESIAN_POINT('',(1.265,0.33,-0.88));
#12327 = DIRECTION('',(1.,0.,0.));
#12328 = DIRECTION('',(-0.,1.,0.));
#12329 = ADVANCED_FACE('',(#12330),#12417,.F.);
#12330 = FACE_BOUND('',#12331,.T.);
#12331 = EDGE_LOOP('',(#12332,#12342,#12350,#12359,#12367,#12374,#12375,
    #12376,#12377,#12378,#12379,#12387,#12395,#12403,#12411));
#12332 = ORIENTED_EDGE('',*,*,#12333,.T.);
#12333 = EDGE_CURVE('',#12334,#12336,#12338,.T.);
#12334 = VERTEX_POINT('',#12335);
#12335 = CARTESIAN_POINT('',(0.62,-0.12,-0.88));
#12336 = VERTEX_POINT('',#12337);
#12337 = CARTESIAN_POINT('',(0.67,-0.17,-0.88));
#12338 = LINE('',#12339,#12340);
#12339 = CARTESIAN_POINT('',(0.62,-0.12,-0.88));
#12340 = VECTOR('',#12341,1.);
#12341 = DIRECTION('',(0.707106781187,-0.707106781186,0.));
#12342 = ORIENTED_EDGE('',*,*,#12343,.T.);
#12343 = EDGE_CURVE('',#12336,#12344,#12346,.T.);
#12344 = VERTEX_POINT('',#12345);
#12345 = CARTESIAN_POINT('',(0.964,-0.17,-0.88));
#12346 = LINE('',#12347,#12348);
#12347 = CARTESIAN_POINT('',(0.67,-0.17,-0.88));
#12348 = VECTOR('',#12349,1.);
#12349 = DIRECTION('',(1.,0.,0.));
#12350 = ORIENTED_EDGE('',*,*,#12351,.T.);
#12351 = EDGE_CURVE('',#12344,#12352,#12354,.T.);
#12352 = VERTEX_POINT('',#12353);
#12353 = CARTESIAN_POINT('',(1.032280465838,-0.143060098446,-0.88));
#12354 = CIRCLE('',#12355,0.1);
#12355 = AXIS2_PLACEMENT_3D('',#12356,#12357,#12358);
#12356 = CARTESIAN_POINT('',(0.964,-7.E-02,-0.88));
#12357 = DIRECTION('',(0.,0.,1.));
#12358 = DIRECTION('',(0.,-1.,0.));
#12359 = ORIENTED_EDGE('',*,*,#12360,.T.);
#12360 = EDGE_CURVE('',#12352,#12361,#12363,.T.);
#12361 = VERTEX_POINT('',#12362);
#12362 = CARTESIAN_POINT('',(1.177929076513,-6.939901553669E-03,-0.88));
#12363 = LINE('',#12364,#12365);
#12364 = CARTESIAN_POINT('',(1.032280465838,-0.143060098446,-0.88));
#12365 = VECTOR('',#12366,1.);
#12366 = DIRECTION('',(0.730600984463,0.682804658377,0.));
#12367 = ORIENTED_EDGE('',*,*,#12368,.F.);
#12368 = EDGE_CURVE('',#9727,#12361,#12369,.T.);
#12369 = CIRCLE('',#12370,0.1);
#12370 = AXIS2_PLACEMENT_3D('',#12371,#12372,#12373);
#12371 = CARTESIAN_POINT('',(1.246209542351,-8.E-02,-0.88));
#12372 = DIRECTION('',(0.,-0.,1.));
#12373 = DIRECTION('',(0.,1.,0.));
#12374 = ORIENTED_EDGE('',*,*,#9726,.F.);
#12375 = ORIENTED_EDGE('',*,*,#3450,.T.);
#12376 = ORIENTED_EDGE('',*,*,#8715,.F.);
#12377 = ORIENTED_EDGE('',*,*,#12318,.T.);
#12378 = ORIENTED_EDGE('',*,*,#3136,.F.);
#12379 = ORIENTED_EDGE('',*,*,#12380,.F.);
#12380 = EDGE_CURVE('',#12381,#3129,#12383,.T.);
#12381 = VERTEX_POINT('',#12382);
#12382 = CARTESIAN_POINT('',(0.525,-0.18,-0.88));
#12383 = LINE('',#12384,#12385);
#12384 = CARTESIAN_POINT('',(0.525,-0.18,-0.88));
#12385 = VECTOR('',#12386,1.);
#12386 = DIRECTION('',(0.,-1.,0.));
#12387 = ORIENTED_EDGE('',*,*,#12388,.F.);
#12388 = EDGE_CURVE('',#12389,#12381,#12391,.T.);
#12389 = VERTEX_POINT('',#12390);
#12390 = CARTESIAN_POINT('',(0.59,-0.18,-0.88));
#12391 = LINE('',#12392,#12393);
#12392 = CARTESIAN_POINT('',(0.59,-0.18,-0.88));
#12393 = VECTOR('',#12394,1.);
#12394 = DIRECTION('',(-1.,0.,0.));
#12395 = ORIENTED_EDGE('',*,*,#12396,.F.);
#12396 = EDGE_CURVE('',#12397,#12389,#12399,.T.);
#12397 = VERTEX_POINT('',#12398);
#12398 = CARTESIAN_POINT('',(0.59,0.19,-0.88));
#12399 = LINE('',#12400,#12401);
#12400 = CARTESIAN_POINT('',(0.59,0.19,-0.88));
#12401 = VECTOR('',#12402,1.);
#12402 = DIRECTION('',(0.,-1.,0.));
#12403 = ORIENTED_EDGE('',*,*,#12404,.T.);
#12404 = EDGE_CURVE('',#12397,#12405,#12407,.T.);
#12405 = VERTEX_POINT('',#12406);
#12406 = CARTESIAN_POINT('',(0.62,0.19,-0.88));
#12407 = LINE('',#12408,#12409);
#12408 = CARTESIAN_POINT('',(0.59,0.19,-0.88));
#12409 = VECTOR('',#12410,1.);
#12410 = DIRECTION('',(1.,0.,0.));
#12411 = ORIENTED_EDGE('',*,*,#12412,.T.);
#12412 = EDGE_CURVE('',#12405,#12334,#12413,.T.);
#12413 = LINE('',#12414,#12415);
#12414 = CARTESIAN_POINT('',(0.62,0.19,-0.88));
#12415 = VECTOR('',#12416,1.);
#12416 = DIRECTION('',(0.,-1.,0.));
#12417 = PLANE('',#12418);
#12418 = AXIS2_PLACEMENT_3D('',#12419,#12420,#12421);
#12419 = CARTESIAN_POINT('',(0.59,0.33,-0.88));
#12420 = DIRECTION('',(0.,0.,1.));
#12421 = DIRECTION('',(1.,0.,-0.));
#12422 = ADVANCED_FACE('',(#12423),#12483,.F.);
#12423 = FACE_BOUND('',#12424,.T.);
#12424 = EDGE_LOOP('',(#12425,#12426,#12434,#12443,#12451,#12460,#12468,
    #12476,#12482));
#12425 = ORIENTED_EDGE('',*,*,#8202,.T.);
#12426 = ORIENTED_EDGE('',*,*,#12427,.T.);
#12427 = EDGE_CURVE('',#8195,#12428,#12430,.T.);
#12428 = VERTEX_POINT('',#12429);
#12429 = CARTESIAN_POINT('',(0.927530277865,0.140775960621,-0.88));
#12430 = LINE('',#12431,#12432);
#12431 = CARTESIAN_POINT('',(1.13,0.33,-0.88));
#12432 = VECTOR('',#12433,1.);
#12433 = DIRECTION('',(-0.730600984463,-0.682804658377,0.));
#12434 = ORIENTED_EDGE('',*,*,#12435,.F.);
#12435 = EDGE_CURVE('',#12436,#12428,#12438,.T.);
#12436 = VERTEX_POINT('',#12437);
#12437 = CARTESIAN_POINT('',(0.90021809153,0.13,-0.88));
#12438 = CIRCLE('',#12439,4.E-02);
#12439 = AXIS2_PLACEMENT_3D('',#12440,#12441,#12442);
#12440 = CARTESIAN_POINT('',(0.90021809153,0.17,-0.88));
#12441 = DIRECTION('',(0.,0.,1.));
#12442 = DIRECTION('',(0.,-1.,0.));
#12443 = ORIENTED_EDGE('',*,*,#12444,.T.);
#12444 = EDGE_CURVE('',#12436,#12445,#12447,.T.);
#12445 = VERTEX_POINT('',#12446);
#12446 = CARTESIAN_POINT('',(0.835,0.13,-0.88));
#12447 = LINE('',#12448,#12449);
#12448 = CARTESIAN_POINT('',(0.90021809153,0.13,-0.88));
#12449 = VECTOR('',#12450,1.);
#12450 = DIRECTION('',(-1.,0.,0.));
#12451 = ORIENTED_EDGE('',*,*,#12452,.F.);
#12452 = EDGE_CURVE('',#12453,#12445,#12455,.T.);
#12453 = VERTEX_POINT('',#12454);
#12454 = CARTESIAN_POINT('',(0.795,0.17,-0.88));
#12455 = CIRCLE('',#12456,4.E-02);
#12456 = AXIS2_PLACEMENT_3D('',#12457,#12458,#12459);
#12457 = CARTESIAN_POINT('',(0.835,0.17,-0.88));
#12458 = DIRECTION('',(0.,0.,1.));
#12459 = DIRECTION('',(-1.,0.,0.));
#12460 = ORIENTED_EDGE('',*,*,#12461,.T.);
#12461 = EDGE_CURVE('',#12453,#12462,#12464,.T.);
#12462 = VERTEX_POINT('',#12463);
#12463 = CARTESIAN_POINT('',(0.795,0.19,-0.88));
#12464 = LINE('',#12465,#12466);
#12465 = CARTESIAN_POINT('',(0.795,0.17,-0.88));
#12466 = VECTOR('',#12467,1.);
#12467 = DIRECTION('',(0.,1.,0.));
#12468 = ORIENTED_EDGE('',*,*,#12469,.T.);
#12469 = EDGE_CURVE('',#12462,#12470,#12472,.T.);
#12470 = VERTEX_POINT('',#12471);
#12471 = CARTESIAN_POINT('',(0.8275,0.19,-0.88));
#12472 = LINE('',#12473,#12474);
#12473 = CARTESIAN_POINT('',(0.795,0.19,-0.88));
#12474 = VECTOR('',#12475,1.);
#12475 = DIRECTION('',(1.,0.,0.));
#12476 = ORIENTED_EDGE('',*,*,#12477,.F.);
#12477 = EDGE_CURVE('',#4453,#12470,#12478,.T.);
#12478 = LINE('',#12479,#12480);
#12479 = CARTESIAN_POINT('',(0.8275,0.33,-0.88));
#12480 = VECTOR('',#12481,1.);
#12481 = DIRECTION('',(0.,-1.,0.));
#12482 = ORIENTED_EDGE('',*,*,#4452,.F.);
#12483 = PLANE('',#12484);
#12484 = AXIS2_PLACEMENT_3D('',#12485,#12486,#12487);
#12485 = CARTESIAN_POINT('',(0.59,0.33,-0.88));
#12486 = DIRECTION('',(0.,0.,1.));
#12487 = DIRECTION('',(1.,0.,-0.));
#12488 = ADVANCED_FACE('',(#12489),#12562,.F.);
#12489 = FACE_BOUND('',#12490,.T.);
#12490 = EDGE_LOOP('',(#12491,#12497,#12498,#12504,#12505,#12513,#12521,
    #12528,#12529,#12537,#12546,#12554,#12561));
#12491 = ORIENTED_EDGE('',*,*,#12492,.F.);
#12492 = EDGE_CURVE('',#12334,#9793,#12493,.T.);
#12493 = LINE('',#12494,#12495);
#12494 = CARTESIAN_POINT('',(0.62,-0.12,-0.88));
#12495 = VECTOR('',#12496,1.);
#12496 = DIRECTION('',(0.,0.,-1.));
#12497 = ORIENTED_EDGE('',*,*,#12412,.F.);
#12498 = ORIENTED_EDGE('',*,*,#12499,.F.);
#12499 = EDGE_CURVE('',#5892,#12405,#12500,.T.);
#12500 = LINE('',#12501,#12502);
#12501 = CARTESIAN_POINT('',(0.62,0.21,-0.63));
#12502 = VECTOR('',#12503,1.);
#12503 = DIRECTION('',(0.,-7.974522228289E-02,-0.996815278536));
#12504 = ORIENTED_EDGE('',*,*,#5891,.T.);
#12505 = ORIENTED_EDGE('',*,*,#12506,.T.);
#12506 = EDGE_CURVE('',#5884,#12507,#12509,.T.);
#12507 = VERTEX_POINT('',#12508);
#12508 = CARTESIAN_POINT('',(0.62,6.8E-02,-0.62866826328));
#12509 = LINE('',#12510,#12511);
#12510 = CARTESIAN_POINT('',(0.62,6.8E-02,-0.63));
#12511 = VECTOR('',#12512,1.);
#12512 = DIRECTION('',(0.,0.,1.));
#12513 = ORIENTED_EDGE('',*,*,#12514,.T.);
#12514 = EDGE_CURVE('',#12507,#12515,#12517,.T.);
#12515 = VERTEX_POINT('',#12516);
#12516 = CARTESIAN_POINT('',(0.62,0.147698376862,-0.571756978372));
#12517 = LINE('',#12518,#12519);
#12518 = CARTESIAN_POINT('',(0.62,6.8E-02,-0.62866826328));
#12519 = VECTOR('',#12520,1.);
#12520 = DIRECTION('',(0.,0.813811351416,0.581129145978));
#12521 = ORIENTED_EDGE('',*,*,#12522,.T.);
#12522 = EDGE_CURVE('',#12515,#2468,#12523,.T.);
#12523 = CIRCLE('',#12524,9.E-02);
#12524 = AXIS2_PLACEMENT_3D('',#12525,#12526,#12527);
#12525 = CARTESIAN_POINT('',(0.62,0.2,-0.645));
#12526 = DIRECTION('',(-1.,0.,0.));
#12527 = DIRECTION('',(0.,-0.581129145978,0.813811351416));
#12528 = ORIENTED_EDGE('',*,*,#2492,.T.);
#12529 = ORIENTED_EDGE('',*,*,#12530,.T.);
#12530 = EDGE_CURVE('',#2485,#12531,#12533,.T.);
#12531 = VERTEX_POINT('',#12532);
#12532 = CARTESIAN_POINT('',(0.62,0.297850884872,-0.609619985366));
#12533 = LINE('',#12534,#12535);
#12534 = CARTESIAN_POINT('',(0.62,0.257850884872,-0.576056000119));
#12535 = VECTOR('',#12536,1.);
#12536 = DIRECTION('',(0.,0.766044443119,-0.642787609686));
#12537 = ORIENTED_EDGE('',*,*,#12538,.T.);
#12538 = EDGE_CURVE('',#12531,#12539,#12541,.T.);
#12539 = VERTEX_POINT('',#12540);
#12540 = CARTESIAN_POINT('',(0.62,0.33,-0.678563985247));
#12541 = CIRCLE('',#12542,9.E-02);
#12542 = AXIS2_PLACEMENT_3D('',#12543,#12544,#12545);
#12543 = CARTESIAN_POINT('',(0.62,0.24,-0.678563985247));
#12544 = DIRECTION('',(-1.,0.,0.));
#12545 = DIRECTION('',(0.,0.642787609686,0.766044443119));
#12546 = ORIENTED_EDGE('',*,*,#12547,.T.);
#12547 = EDGE_CURVE('',#12539,#12548,#12550,.T.);
#12548 = VERTEX_POINT('',#12549);
#12549 = CARTESIAN_POINT('',(0.62,0.33,-0.85));
#12550 = LINE('',#12551,#12552);
#12551 = CARTESIAN_POINT('',(0.62,0.33,-0.678563985247));
#12552 = VECTOR('',#12553,1.);
#12553 = DIRECTION('',(0.,0.,-1.));
#12554 = ORIENTED_EDGE('',*,*,#12555,.T.);
#12555 = EDGE_CURVE('',#12548,#9801,#12556,.T.);
#12556 = CIRCLE('',#12557,0.12);
#12557 = AXIS2_PLACEMENT_3D('',#12558,#12559,#12560);
#12558 = CARTESIAN_POINT('',(0.62,0.21,-0.85));
#12559 = DIRECTION('',(-1.,0.,0.));
#12560 = DIRECTION('',(0.,1.,0.));
#12561 = ORIENTED_EDGE('',*,*,#9800,.T.);
#12562 = PLANE('',#12563);
#12563 = AXIS2_PLACEMENT_3D('',#12564,#12565,#12566);
#12564 = CARTESIAN_POINT('',(0.62,0.21,-0.88));
#12565 = DIRECTION('',(1.,0.,0.));
#12566 = DIRECTION('',(-0.,1.,0.));
#12567 = ADVANCED_FACE('',(#12568),#12587,.T.);
#12568 = FACE_BOUND('',#12569,.T.);
#12569 = EDGE_LOOP('',(#12570,#12578,#12585,#12586));
#12570 = ORIENTED_EDGE('',*,*,#12571,.T.);
#12571 = EDGE_CURVE('',#12548,#12572,#12574,.T.);
#12572 = VERTEX_POINT('',#12573);
#12573 = CARTESIAN_POINT('',(0.795,0.33,-0.85));
#12574 = LINE('',#12575,#12576);
#12575 = CARTESIAN_POINT('',(0.62,0.33,-0.85));
#12576 = VECTOR('',#12577,1.);
#12577 = DIRECTION('',(1.,0.,0.));
#12578 = ORIENTED_EDGE('',*,*,#12579,.T.);
#12579 = EDGE_CURVE('',#12572,#9809,#12580,.T.);
#12580 = CIRCLE('',#12581,0.12);
#12581 = AXIS2_PLACEMENT_3D('',#12582,#12583,#12584);
#12582 = CARTESIAN_POINT('',(0.795,0.21,-0.85));
#12583 = DIRECTION('',(-1.,0.,0.));
#12584 = DIRECTION('',(0.,1.,0.));
#12585 = ORIENTED_EDGE('',*,*,#9808,.T.);
#12586 = ORIENTED_EDGE('',*,*,#12555,.F.);
#12587 = CYLINDRICAL_SURFACE('',#12588,0.12);
#12588 = AXIS2_PLACEMENT_3D('',#12589,#12590,#12591);
#12589 = CARTESIAN_POINT('',(0.62,0.21,-0.85));
#12590 = DIRECTION('',(1.,-0.,0.));
#12591 = DIRECTION('',(0.,0.,1.));
#12592 = ADVANCED_FACE('',(#12593),#12658,.F.);
#12593 = FACE_BOUND('',#12594,.T.);
#12594 = EDGE_LOOP('',(#12595,#12601,#12602,#12603,#12611,#12620,#12626,
    #12627,#12636,#12644,#12650,#12651,#12657));
#12595 = ORIENTED_EDGE('',*,*,#12596,.T.);
#12596 = EDGE_CURVE('',#12453,#9817,#12597,.T.);
#12597 = LINE('',#12598,#12599);
#12598 = CARTESIAN_POINT('',(0.795,0.17,-0.88));
#12599 = VECTOR('',#12600,1.);
#12600 = DIRECTION('',(0.,0.,-1.));
#12601 = ORIENTED_EDGE('',*,*,#9816,.T.);
#12602 = ORIENTED_EDGE('',*,*,#12579,.F.);
#12603 = ORIENTED_EDGE('',*,*,#12604,.F.);
#12604 = EDGE_CURVE('',#12605,#12572,#12607,.T.);
#12605 = VERTEX_POINT('',#12606);
#12606 = CARTESIAN_POINT('',(0.795,0.33,-0.678563985247));
#12607 = LINE('',#12608,#12609);
#12608 = CARTESIAN_POINT('',(0.795,0.33,-0.678563985247));
#12609 = VECTOR('',#12610,1.);
#12610 = DIRECTION('',(0.,0.,-1.));
#12611 = ORIENTED_EDGE('',*,*,#12612,.F.);
#12612 = EDGE_CURVE('',#12613,#12605,#12615,.T.);
#12613 = VERTEX_POINT('',#12614);
#12614 = CARTESIAN_POINT('',(0.795,0.297850884872,-0.609619985366));
#12615 = CIRCLE('',#12616,9.E-02);
#12616 = AXIS2_PLACEMENT_3D('',#12617,#12618,#12619);
#12617 = CARTESIAN_POINT('',(0.795,0.24,-0.678563985247));
#12618 = DIRECTION('',(-1.,0.,0.));
#12619 = DIRECTION('',(0.,0.642787609686,0.766044443119));
#12620 = ORIENTED_EDGE('',*,*,#12621,.F.);
#12621 = EDGE_CURVE('',#2476,#12613,#12622,.T.);
#12622 = LINE('',#12623,#12624);
#12623 = CARTESIAN_POINT('',(0.795,0.257850884872,-0.576056000119));
#12624 = VECTOR('',#12625,1.);
#12625 = DIRECTION('',(0.,0.766044443119,-0.642787609686));
#12626 = ORIENTED_EDGE('',*,*,#2475,.F.);
#12627 = ORIENTED_EDGE('',*,*,#12628,.F.);
#12628 = EDGE_CURVE('',#12629,#2466,#12631,.T.);
#12629 = VERTEX_POINT('',#12630);
#12630 = CARTESIAN_POINT('',(0.795,0.147698376862,-0.571756978372));
#12631 = CIRCLE('',#12632,9.E-02);
#12632 = AXIS2_PLACEMENT_3D('',#12633,#12634,#12635);
#12633 = CARTESIAN_POINT('',(0.795,0.2,-0.645));
#12634 = DIRECTION('',(-1.,0.,0.));
#12635 = DIRECTION('',(0.,-0.581129145978,0.813811351416));
#12636 = ORIENTED_EDGE('',*,*,#12637,.F.);
#12637 = EDGE_CURVE('',#12638,#12629,#12640,.T.);
#12638 = VERTEX_POINT('',#12639);
#12639 = CARTESIAN_POINT('',(0.795,6.8E-02,-0.62866826328));
#12640 = LINE('',#12641,#12642);
#12641 = CARTESIAN_POINT('',(0.795,6.8E-02,-0.62866826328));
#12642 = VECTOR('',#12643,1.);
#12643 = DIRECTION('',(0.,0.813811351416,0.581129145978));
#12644 = ORIENTED_EDGE('',*,*,#12645,.F.);
#12645 = EDGE_CURVE('',#5876,#12638,#12646,.T.);
#12646 = LINE('',#12647,#12648);
#12647 = CARTESIAN_POINT('',(0.795,6.8E-02,-0.63));
#12648 = VECTOR('',#12649,1.);
#12649 = DIRECTION('',(0.,0.,1.));
#12650 = ORIENTED_EDGE('',*,*,#5875,.F.);
#12651 = ORIENTED_EDGE('',*,*,#12652,.T.);
#12652 = EDGE_CURVE('',#5868,#12462,#12653,.T.);
#12653 = LINE('',#12654,#12655);
#12654 = CARTESIAN_POINT('',(0.795,0.21,-0.63));
#12655 = VECTOR('',#12656,1.);
#12656 = DIRECTION('',(0.,-7.974522228289E-02,-0.996815278536));
#12657 = ORIENTED_EDGE('',*,*,#12461,.F.);
#12658 = PLANE('',#12659);
#12659 = AXIS2_PLACEMENT_3D('',#12660,#12661,#12662);
#12660 = CARTESIAN_POINT('',(0.795,0.17,-0.88));
#12661 = DIRECTION('',(-1.,0.,0.));
#12662 = DIRECTION('',(0.,0.,1.));
#12663 = ADVANCED_FACE('',(#12664),#12683,.F.);
#12664 = FACE_BOUND('',#12665,.T.);
#12665 = EDGE_LOOP('',(#12666,#12667,#12675,#12681,#12682));
#12666 = ORIENTED_EDGE('',*,*,#12404,.F.);
#12667 = ORIENTED_EDGE('',*,*,#12668,.F.);
#12668 = EDGE_CURVE('',#12669,#12397,#12671,.T.);
#12669 = VERTEX_POINT('',#12670);
#12670 = CARTESIAN_POINT('',(0.5725,0.19,-0.88));
#12671 = LINE('',#12672,#12673);
#12672 = CARTESIAN_POINT('',(0.5725,0.19,-0.88));
#12673 = VECTOR('',#12674,1.);
#12674 = DIRECTION('',(1.,0.,0.));
#12675 = ORIENTED_EDGE('',*,*,#12676,.F.);
#12676 = EDGE_CURVE('',#5900,#12669,#12677,.T.);
#12677 = LINE('',#12678,#12679);
#12678 = CARTESIAN_POINT('',(0.5725,0.21,-0.63));
#12679 = VECTOR('',#12680,1.);
#12680 = DIRECTION('',(0.,-7.974522228289E-02,-0.996815278536));
#12681 = ORIENTED_EDGE('',*,*,#5899,.T.);
#12682 = ORIENTED_EDGE('',*,*,#12499,.T.);
#12683 = PLANE('',#12684);
#12684 = AXIS2_PLACEMENT_3D('',#12685,#12686,#12687);
#12685 = CARTESIAN_POINT('',(0.5725,0.21,-0.63));
#12686 = DIRECTION('',(0.,-0.996815278536,7.974522228289E-02));
#12687 = DIRECTION('',(-1.,0.,0.));
#12688 = ADVANCED_FACE('',(#12689),#12700,.F.);
#12689 = FACE_BOUND('',#12690,.T.);
#12690 = EDGE_LOOP('',(#12691,#12692,#12698,#12699));
#12691 = ORIENTED_EDGE('',*,*,#5867,.T.);
#12692 = ORIENTED_EDGE('',*,*,#12693,.T.);
#12693 = EDGE_CURVE('',#5860,#12470,#12694,.T.);
#12694 = LINE('',#12695,#12696);
#12695 = CARTESIAN_POINT('',(0.8275,0.21,-0.63));
#12696 = VECTOR('',#12697,1.);
#12697 = DIRECTION('',(0.,-7.974522228289E-02,-0.996815278536));
#12698 = ORIENTED_EDGE('',*,*,#12469,.F.);
#12699 = ORIENTED_EDGE('',*,*,#12652,.F.);
#12700 = PLANE('',#12701);
#12701 = AXIS2_PLACEMENT_3D('',#12702,#12703,#12704);
#12702 = CARTESIAN_POINT('',(0.5725,0.21,-0.63));
#12703 = DIRECTION('',(0.,-0.996815278536,7.974522228289E-02));
#12704 = DIRECTION('',(-1.,0.,0.));
#12705 = ADVANCED_FACE('',(#12706),#12712,.T.);
#12706 = FACE_BOUND('',#12707,.T.);
#12707 = EDGE_LOOP('',(#12708,#12709,#12710,#12711));
#12708 = ORIENTED_EDGE('',*,*,#3979,.T.);
#12709 = ORIENTED_EDGE('',*,*,#3915,.T.);
#12710 = ORIENTED_EDGE('',*,*,#5214,.F.);
#12711 = ORIENTED_EDGE('',*,*,#4074,.F.);
#12712 = PLANE('',#12713);
#12713 = AXIS2_PLACEMENT_3D('',#12714,#12715,#12716);
#12714 = CARTESIAN_POINT('',(0.5725,0.,0.));
#12715 = DIRECTION('',(1.,0.,0.));
#12716 = DIRECTION('',(-0.,1.,0.));
#12717 = ADVANCED_FACE('',(#12718),#12729,.T.);
#12718 = FACE_BOUND('',#12719,.T.);
#12719 = EDGE_LOOP('',(#12720,#12721,#12722,#12728));
#12720 = ORIENTED_EDGE('',*,*,#5907,.T.);
#12721 = ORIENTED_EDGE('',*,*,#12676,.T.);
#12722 = ORIENTED_EDGE('',*,*,#12723,.T.);
#12723 = EDGE_CURVE('',#12669,#4115,#12724,.T.);
#12724 = LINE('',#12725,#12726);
#12725 = CARTESIAN_POINT('',(0.5725,0.19,-0.88));
#12726 = VECTOR('',#12727,1.);
#12727 = DIRECTION('',(0.,1.,0.));
#12728 = ORIENTED_EDGE('',*,*,#4114,.F.);
#12729 = PLANE('',#12730);
#12730 = AXIS2_PLACEMENT_3D('',#12731,#12732,#12733);
#12731 = CARTESIAN_POINT('',(0.5725,0.,0.));
#12732 = DIRECTION('',(1.,0.,0.));
#12733 = DIRECTION('',(-0.,1.,0.));
#12734 = ADVANCED_FACE('',(#12735),#12746,.F.);
#12735 = FACE_BOUND('',#12736,.T.);
#12736 = EDGE_LOOP('',(#12737,#12738,#12739,#12745));
#12737 = ORIENTED_EDGE('',*,*,#12723,.F.);
#12738 = ORIENTED_EDGE('',*,*,#12668,.T.);
#12739 = ORIENTED_EDGE('',*,*,#12740,.F.);
#12740 = EDGE_CURVE('',#4123,#12397,#12741,.T.);
#12741 = LINE('',#12742,#12743);
#12742 = CARTESIAN_POINT('',(0.59,0.33,-0.88));
#12743 = VECTOR('',#12744,1.);
#12744 = DIRECTION('',(0.,-1.,0.));
#12745 = ORIENTED_EDGE('',*,*,#4122,.F.);
#12746 = PLANE('',#12747);
#12747 = AXIS2_PLACEMENT_3D('',#12748,#12749,#12750);
#12748 = CARTESIAN_POINT('',(0.5725,0.19,-0.88));
#12749 = DIRECTION('',(0.,0.,-1.));
#12750 = DIRECTION('',(0.,-1.,0.));
#12751 = ADVANCED_FACE('',(#12752),#12764,.F.);
#12752 = FACE_BOUND('',#12753,.T.);
#12753 = EDGE_LOOP('',(#12754,#12755,#12761,#12762,#12763));
#12754 = ORIENTED_EDGE('',*,*,#12396,.T.);
#12755 = ORIENTED_EDGE('',*,*,#12756,.F.);
#12756 = EDGE_CURVE('',#12295,#12389,#12757,.T.);
#12757 = LINE('',#12758,#12759);
#12758 = CARTESIAN_POINT('',(0.59,-0.18,-1.));
#12759 = VECTOR('',#12760,1.);
#12760 = DIRECTION('',(0.,0.,1.));
#12761 = ORIENTED_EDGE('',*,*,#12294,.T.);
#12762 = ORIENTED_EDGE('',*,*,#4130,.T.);
#12763 = ORIENTED_EDGE('',*,*,#12740,.T.);
#12764 = PLANE('',#12765);
#12765 = AXIS2_PLACEMENT_3D('',#12766,#12767,#12768);
#12766 = CARTESIAN_POINT('',(0.59,0.33,-1.));
#12767 = DIRECTION('',(-1.,0.,0.));
#12768 = DIRECTION('',(0.,0.,1.));
#12769 = ADVANCED_FACE('',(#12770,#12804,#12838,#12872),#12906,.T.);
#12770 = FACE_BOUND('',#12771,.T.);
#12771 = EDGE_LOOP('',(#12772,#12773,#12774,#12782,#12790,#12796,#12797,
    #12803));
#12772 = ORIENTED_EDGE('',*,*,#10992,.T.);
#12773 = ORIENTED_EDGE('',*,*,#10619,.T.);
#12774 = ORIENTED_EDGE('',*,*,#12775,.F.);
#12775 = EDGE_CURVE('',#12776,#10612,#12778,.T.);
#12776 = VERTEX_POINT('',#12777);
#12777 = CARTESIAN_POINT('',(-0.525,-0.18,0.76));
#12778 = LINE('',#12779,#12780);
#12779 = CARTESIAN_POINT('',(-0.525,-0.18,0.76));
#12780 = VECTOR('',#12781,1.);
#12781 = DIRECTION('',(0.,0.,1.));
#12782 = ORIENTED_EDGE('',*,*,#12783,.F.);
#12783 = EDGE_CURVE('',#12784,#12776,#12786,.T.);
#12784 = VERTEX_POINT('',#12785);
#12785 = CARTESIAN_POINT('',(0.525,-0.18,0.76));
#12786 = LINE('',#12787,#12788);
#12787 = CARTESIAN_POINT('',(0.525,-0.18,0.76));
#12788 = VECTOR('',#12789,1.);
#12789 = DIRECTION('',(-1.,0.,0.));
#12790 = ORIENTED_EDGE('',*,*,#12791,.F.);
#12791 = EDGE_CURVE('',#3642,#12784,#12792,.T.);
#12792 = LINE('',#12793,#12794);
#12793 = CARTESIAN_POINT('',(0.525,-0.18,0.88));
#12794 = VECTOR('',#12795,1.);
#12795 = DIRECTION('',(0.,0.,-1.));
#12796 = ORIENTED_EDGE('',*,*,#3641,.T.);
#12797 = ORIENTED_EDGE('',*,*,#12798,.T.);
#12798 = EDGE_CURVE('',#3634,#11061,#12799,.T.);
#12799 = LINE('',#12800,#12801);
#12800 = CARTESIAN_POINT('',(0.59,-0.18,0.88));
#12801 = VECTOR('',#12802,1.);
#12802 = DIRECTION('',(0.,0.,1.));
#12803 = ORIENTED_EDGE('',*,*,#11070,.F.);
#12804 = FACE_BOUND('',#12805,.T.);
#12805 = EDGE_LOOP('',(#12806,#12816,#12824,#12832));
#12806 = ORIENTED_EDGE('',*,*,#12807,.T.);
#12807 = EDGE_CURVE('',#12808,#12810,#12812,.T.);
#12808 = VERTEX_POINT('',#12809);
#12809 = CARTESIAN_POINT('',(0.29,-0.18,0.795));
#12810 = VERTEX_POINT('',#12811);
#12811 = CARTESIAN_POINT('',(0.29,-0.18,0.875));
#12812 = LINE('',#12813,#12814);
#12813 = CARTESIAN_POINT('',(0.29,-0.18,0.795));
#12814 = VECTOR('',#12815,1.);
#12815 = DIRECTION('',(0.,0.,1.));
#12816 = ORIENTED_EDGE('',*,*,#12817,.T.);
#12817 = EDGE_CURVE('',#12810,#12818,#12820,.T.);
#12818 = VERTEX_POINT('',#12819);
#12819 = CARTESIAN_POINT('',(0.41,-0.18,0.875));
#12820 = LINE('',#12821,#12822);
#12821 = CARTESIAN_POINT('',(0.29,-0.18,0.875));
#12822 = VECTOR('',#12823,1.);
#12823 = DIRECTION('',(1.,0.,0.));
#12824 = ORIENTED_EDGE('',*,*,#12825,.T.);
#12825 = EDGE_CURVE('',#12818,#12826,#12828,.T.);
#12826 = VERTEX_POINT('',#12827);
#12827 = CARTESIAN_POINT('',(0.41,-0.18,0.795));
#12828 = LINE('',#12829,#12830);
#12829 = CARTESIAN_POINT('',(0.41,-0.18,0.875));
#12830 = VECTOR('',#12831,1.);
#12831 = DIRECTION('',(0.,0.,-1.));
#12832 = ORIENTED_EDGE('',*,*,#12833,.F.);
#12833 = EDGE_CURVE('',#12808,#12826,#12834,.T.);
#12834 = LINE('',#12835,#12836);
#12835 = CARTESIAN_POINT('',(0.29,-0.18,0.795));
#12836 = VECTOR('',#12837,1.);
#12837 = DIRECTION('',(1.,0.,0.));
#12838 = FACE_BOUND('',#12839,.T.);
#12839 = EDGE_LOOP('',(#12840,#12850,#12858,#12866));
#12840 = ORIENTED_EDGE('',*,*,#12841,.T.);
#12841 = EDGE_CURVE('',#12842,#12844,#12846,.T.);
#12842 = VERTEX_POINT('',#12843);
#12843 = CARTESIAN_POINT('',(-6.E-02,-0.18,0.795));
#12844 = VERTEX_POINT('',#12845);
#12845 = CARTESIAN_POINT('',(-6.E-02,-0.18,0.875));
#12846 = LINE('',#12847,#12848);
#12847 = CARTESIAN_POINT('',(-6.E-02,-0.18,0.795));
#12848 = VECTOR('',#12849,1.);
#12849 = DIRECTION('',(0.,0.,1.));
#12850 = ORIENTED_EDGE('',*,*,#12851,.T.);
#12851 = EDGE_CURVE('',#12844,#12852,#12854,.T.);
#12852 = VERTEX_POINT('',#12853);
#12853 = CARTESIAN_POINT('',(6.E-02,-0.18,0.875));
#12854 = LINE('',#12855,#12856);
#12855 = CARTESIAN_POINT('',(-6.E-02,-0.18,0.875));
#12856 = VECTOR('',#12857,1.);
#12857 = DIRECTION('',(1.,0.,0.));
#12858 = ORIENTED_EDGE('',*,*,#12859,.T.);
#12859 = EDGE_CURVE('',#12852,#12860,#12862,.T.);
#12860 = VERTEX_POINT('',#12861);
#12861 = CARTESIAN_POINT('',(6.E-02,-0.18,0.795));
#12862 = LINE('',#12863,#12864);
#12863 = CARTESIAN_POINT('',(6.E-02,-0.18,0.875));
#12864 = VECTOR('',#12865,1.);
#12865 = DIRECTION('',(0.,0.,-1.));
#12866 = ORIENTED_EDGE('',*,*,#12867,.F.);
#12867 = EDGE_CURVE('',#12842,#12860,#12868,.T.);
#12868 = LINE('',#12869,#12870);
#12869 = CARTESIAN_POINT('',(-6.E-02,-0.18,0.795));
#12870 = VECTOR('',#12871,1.);
#12871 = DIRECTION('',(1.,0.,0.));
#12872 = FACE_BOUND('',#12873,.T.);
#12873 = EDGE_LOOP('',(#12874,#12884,#12892,#12900));
#12874 = ORIENTED_EDGE('',*,*,#12875,.T.);
#12875 = EDGE_CURVE('',#12876,#12878,#12880,.T.);
#12876 = VERTEX_POINT('',#12877);
#12877 = CARTESIAN_POINT('',(-0.41,-0.18,0.795));
#12878 = VERTEX_POINT('',#12879);
#12879 = CARTESIAN_POINT('',(-0.41,-0.18,0.875));
#12880 = LINE('',#12881,#12882);
#12881 = CARTESIAN_POINT('',(-0.41,-0.18,0.795));
#12882 = VECTOR('',#12883,1.);
#12883 = DIRECTION('',(0.,0.,1.));
#12884 = ORIENTED_EDGE('',*,*,#12885,.T.);
#12885 = EDGE_CURVE('',#12878,#12886,#12888,.T.);
#12886 = VERTEX_POINT('',#12887);
#12887 = CARTESIAN_POINT('',(-0.29,-0.18,0.875));
#12888 = LINE('',#12889,#12890);
#12889 = CARTESIAN_POINT('',(-0.41,-0.18,0.875));
#12890 = VECTOR('',#12891,1.);
#12891 = DIRECTION('',(1.,0.,0.));
#12892 = ORIENTED_EDGE('',*,*,#12893,.T.);
#12893 = EDGE_CURVE('',#12886,#12894,#12896,.T.);
#12894 = VERTEX_POINT('',#12895);
#12895 = CARTESIAN_POINT('',(-0.29,-0.18,0.795));
#12896 = LINE('',#12897,#12898);
#12897 = CARTESIAN_POINT('',(-0.29,-0.18,0.875));
#12898 = VECTOR('',#12899,1.);
#12899 = DIRECTION('',(0.,0.,-1.));
#12900 = ORIENTED_EDGE('',*,*,#12901,.F.);
#12901 = EDGE_CURVE('',#12876,#12894,#12902,.T.);
#12902 = LINE('',#12903,#12904);
#12903 = CARTESIAN_POINT('',(-0.41,-0.18,0.795));
#12904 = VECTOR('',#12905,1.);
#12905 = DIRECTION('',(1.,0.,0.));
#12906 = PLANE('',#12907);
#12907 = AXIS2_PLACEMENT_3D('',#12908,#12909,#12910);
#12908 = CARTESIAN_POINT('',(0.,-0.18,0.));
#12909 = DIRECTION('',(0.,-1.,0.));
#12910 = DIRECTION('',(0.,0.,-1.));
#12911 = ADVANCED_FACE('',(#12912,#12946,#12980,#13014),#13048,.T.);
#12912 = FACE_BOUND('',#12913,.T.);
#12913 = EDGE_LOOP('',(#12914,#12915,#12916,#12924,#12932,#12938,#12939,
    #12945));
#12914 = ORIENTED_EDGE('',*,*,#12756,.T.);
#12915 = ORIENTED_EDGE('',*,*,#12388,.T.);
#12916 = ORIENTED_EDGE('',*,*,#12917,.F.);
#12917 = EDGE_CURVE('',#12918,#12381,#12920,.T.);
#12918 = VERTEX_POINT('',#12919);
#12919 = CARTESIAN_POINT('',(0.525,-0.18,-0.76));
#12920 = LINE('',#12921,#12922);
#12921 = CARTESIAN_POINT('',(0.525,-0.18,-0.76));
#12922 = VECTOR('',#12923,1.);
#12923 = DIRECTION('',(0.,0.,-1.));
#12924 = ORIENTED_EDGE('',*,*,#12925,.F.);
#12925 = EDGE_CURVE('',#12926,#12918,#12928,.T.);
#12926 = VERTEX_POINT('',#12927);
#12927 = CARTESIAN_POINT('',(-0.525,-0.18,-0.76));
#12928 = LINE('',#12929,#12930);
#12929 = CARTESIAN_POINT('',(-0.525,-0.18,-0.76));
#12930 = VECTOR('',#12931,1.);
#12931 = DIRECTION('',(1.,0.,0.));
#12932 = ORIENTED_EDGE('',*,*,#12933,.F.);
#12933 = EDGE_CURVE('',#8266,#12926,#12934,.T.);
#12934 = LINE('',#12935,#12936);
#12935 = CARTESIAN_POINT('',(-0.525,-0.18,-0.88));
#12936 = VECTOR('',#12937,1.);
#12937 = DIRECTION('',(0.,0.,1.));
#12938 = ORIENTED_EDGE('',*,*,#8265,.T.);
#12939 = ORIENTED_EDGE('',*,*,#12940,.T.);
#12940 = EDGE_CURVE('',#8258,#12286,#12941,.T.);
#12941 = LINE('',#12942,#12943);
#12942 = CARTESIAN_POINT('',(-0.59,-0.18,-0.88));
#12943 = VECTOR('',#12944,1.);
#12944 = DIRECTION('',(0.,0.,-1.));
#12945 = ORIENTED_EDGE('',*,*,#12302,.T.);
#12946 = FACE_BOUND('',#12947,.T.);
#12947 = EDGE_LOOP('',(#12948,#12958,#12966,#12974));
#12948 = ORIENTED_EDGE('',*,*,#12949,.T.);
#12949 = EDGE_CURVE('',#12950,#12952,#12954,.T.);
#12950 = VERTEX_POINT('',#12951);
#12951 = CARTESIAN_POINT('',(0.29,-0.18,-0.875));
#12952 = VERTEX_POINT('',#12953);
#12953 = CARTESIAN_POINT('',(0.29,-0.18,-0.795));
#12954 = LINE('',#12955,#12956);
#12955 = CARTESIAN_POINT('',(0.29,-0.18,-0.875));
#12956 = VECTOR('',#12957,1.);
#12957 = DIRECTION('',(0.,0.,1.));
#12958 = ORIENTED_EDGE('',*,*,#12959,.T.);
#12959 = EDGE_CURVE('',#12952,#12960,#12962,.T.);
#12960 = VERTEX_POINT('',#12961);
#12961 = CARTESIAN_POINT('',(0.41,-0.18,-0.795));
#12962 = LINE('',#12963,#12964);
#12963 = CARTESIAN_POINT('',(0.29,-0.18,-0.795));
#12964 = VECTOR('',#12965,1.);
#12965 = DIRECTION('',(1.,0.,0.));
#12966 = ORIENTED_EDGE('',*,*,#12967,.T.);
#12967 = EDGE_CURVE('',#12960,#12968,#12970,.T.);
#12968 = VERTEX_POINT('',#12969);
#12969 = CARTESIAN_POINT('',(0.41,-0.18,-0.875));
#12970 = LINE('',#12971,#12972);
#12971 = CARTESIAN_POINT('',(0.41,-0.18,-0.795));
#12972 = VECTOR('',#12973,1.);
#12973 = DIRECTION('',(0.,0.,-1.));
#12974 = ORIENTED_EDGE('',*,*,#12975,.F.);
#12975 = EDGE_CURVE('',#12950,#12968,#12976,.T.);
#12976 = LINE('',#12977,#12978);
#12977 = CARTESIAN_POINT('',(0.29,-0.18,-0.875));
#12978 = VECTOR('',#12979,1.);
#12979 = DIRECTION('',(1.,0.,0.));
#12980 = FACE_BOUND('',#12981,.T.);
#12981 = EDGE_LOOP('',(#12982,#12992,#13000,#13008));
#12982 = ORIENTED_EDGE('',*,*,#12983,.T.);
#12983 = EDGE_CURVE('',#12984,#12986,#12988,.T.);
#12984 = VERTEX_POINT('',#12985);
#12985 = CARTESIAN_POINT('',(-6.E-02,-0.18,-0.875));
#12986 = VERTEX_POINT('',#12987);
#12987 = CARTESIAN_POINT('',(-6.E-02,-0.18,-0.795));
#12988 = LINE('',#12989,#12990);
#12989 = CARTESIAN_POINT('',(-6.E-02,-0.18,-0.875));
#12990 = VECTOR('',#12991,1.);
#12991 = DIRECTION('',(0.,0.,1.));
#12992 = ORIENTED_EDGE('',*,*,#12993,.T.);
#12993 = EDGE_CURVE('',#12986,#12994,#12996,.T.);
#12994 = VERTEX_POINT('',#12995);
#12995 = CARTESIAN_POINT('',(6.E-02,-0.18,-0.795));
#12996 = LINE('',#12997,#12998);
#12997 = CARTESIAN_POINT('',(-6.E-02,-0.18,-0.795));
#12998 = VECTOR('',#12999,1.);
#12999 = DIRECTION('',(1.,0.,0.));
#13000 = ORIENTED_EDGE('',*,*,#13001,.T.);
#13001 = EDGE_CURVE('',#12994,#13002,#13004,.T.);
#13002 = VERTEX_POINT('',#13003);
#13003 = CARTESIAN_POINT('',(6.E-02,-0.18,-0.875));
#13004 = LINE('',#13005,#13006);
#13005 = CARTESIAN_POINT('',(6.E-02,-0.18,-0.795));
#13006 = VECTOR('',#13007,1.);
#13007 = DIRECTION('',(0.,0.,-1.));
#13008 = ORIENTED_EDGE('',*,*,#13009,.F.);
#13009 = EDGE_CURVE('',#12984,#13002,#13010,.T.);
#13010 = LINE('',#13011,#13012);
#13011 = CARTESIAN_POINT('',(-6.E-02,-0.18,-0.875));
#13012 = VECTOR('',#13013,1.);
#13013 = DIRECTION('',(1.,0.,0.));
#13014 = FACE_BOUND('',#13015,.T.);
#13015 = EDGE_LOOP('',(#13016,#13026,#13034,#13042));
#13016 = ORIENTED_EDGE('',*,*,#13017,.T.);
#13017 = EDGE_CURVE('',#13018,#13020,#13022,.T.);
#13018 = VERTEX_POINT('',#13019);
#13019 = CARTESIAN_POINT('',(-0.41,-0.18,-0.875));
#13020 = VERTEX_POINT('',#13021);
#13021 = CARTESIAN_POINT('',(-0.41,-0.18,-0.795));
#13022 = LINE('',#13023,#13024);
#13023 = CARTESIAN_POINT('',(-0.41,-0.18,-0.875));
#13024 = VECTOR('',#13025,1.);
#13025 = DIRECTION('',(0.,0.,1.));
#13026 = ORIENTED_EDGE('',*,*,#13027,.T.);
#13027 = EDGE_CURVE('',#13020,#13028,#13030,.T.);
#13028 = VERTEX_POINT('',#13029);
#13029 = CARTESIAN_POINT('',(-0.29,-0.18,-0.795));
#13030 = LINE('',#13031,#13032);
#13031 = CARTESIAN_POINT('',(-0.41,-0.18,-0.795));
#13032 = VECTOR('',#13033,1.);
#13033 = DIRECTION('',(1.,0.,0.));
#13034 = ORIENTED_EDGE('',*,*,#13035,.T.);
#13035 = EDGE_CURVE('',#13028,#13036,#13038,.T.);
#13036 = VERTEX_POINT('',#13037);
#13037 = CARTESIAN_POINT('',(-0.29,-0.18,-0.875));
#13038 = LINE('',#13039,#13040);
#13039 = CARTESIAN_POINT('',(-0.29,-0.18,-0.795));
#13040 = VECTOR('',#13041,1.);
#13041 = DIRECTION('',(0.,0.,-1.));
#13042 = ORIENTED_EDGE('',*,*,#13043,.F.);
#13043 = EDGE_CURVE('',#13018,#13036,#13044,.T.);
#13044 = LINE('',#13045,#13046);
#13045 = CARTESIAN_POINT('',(-0.41,-0.18,-0.875));
#13046 = VECTOR('',#13047,1.);
#13047 = DIRECTION('',(1.,0.,0.));
#13048 = PLANE('',#13049);
#13049 = AXIS2_PLACEMENT_3D('',#13050,#13051,#13052);
#13050 = CARTESIAN_POINT('',(0.,-0.18,0.));
#13051 = DIRECTION('',(0.,-1.,0.));
#13052 = DIRECTION('',(0.,0.,-1.));
#13053 = ADVANCED_FACE('',(#13054),#13061,.F.);
#13054 = FACE_BOUND('',#13055,.T.);
#13055 = EDGE_LOOP('',(#13056,#13057,#13058,#13059,#13060));
#13056 = ORIENTED_EDGE('',*,*,#4067,.F.);
#13057 = ORIENTED_EDGE('',*,*,#11060,.F.);
#13058 = ORIENTED_EDGE('',*,*,#12798,.F.);
#13059 = ORIENTED_EDGE('',*,*,#3633,.F.);
#13060 = ORIENTED_EDGE('',*,*,#3970,.F.);
#13061 = PLANE('',#13062);
#13062 = AXIS2_PLACEMENT_3D('',#13063,#13064,#13065);
#13063 = CARTESIAN_POINT('',(0.59,0.33,0.88));
#13064 = DIRECTION('',(-1.,0.,0.));
#13065 = DIRECTION('',(0.,0.,1.));
#13066 = ADVANCED_FACE('',(#13067),#13078,.F.);
#13067 = FACE_BOUND('',#13068,.T.);
#13068 = EDGE_LOOP('',(#13069,#13070,#13071,#13077));
#13069 = ORIENTED_EDGE('',*,*,#3649,.F.);
#13070 = ORIENTED_EDGE('',*,*,#12791,.T.);
#13071 = ORIENTED_EDGE('',*,*,#13072,.T.);
#13072 = EDGE_CURVE('',#12784,#2903,#13073,.T.);
#13073 = LINE('',#13074,#13075);
#13074 = CARTESIAN_POINT('',(0.525,-0.18,0.76));
#13075 = VECTOR('',#13076,1.);
#13076 = DIRECTION('',(0.,-1.,0.));
#13077 = ORIENTED_EDGE('',*,*,#2902,.T.);
#13078 = PLANE('',#13079);
#13079 = AXIS2_PLACEMENT_3D('',#13080,#13081,#13082);
#13080 = CARTESIAN_POINT('',(0.525,-0.33,0.76));
#13081 = DIRECTION('',(1.,0.,0.));
#13082 = DIRECTION('',(-0.,1.,0.));
#13083 = ADVANCED_FACE('',(#13084),#13095,.F.);
#13084 = FACE_BOUND('',#13085,.T.);
#13085 = EDGE_LOOP('',(#13086,#13087,#13088,#13094));
#13086 = ORIENTED_EDGE('',*,*,#13072,.F.);
#13087 = ORIENTED_EDGE('',*,*,#12783,.T.);
#13088 = ORIENTED_EDGE('',*,*,#13089,.T.);
#13089 = EDGE_CURVE('',#12776,#2911,#13090,.T.);
#13090 = LINE('',#13091,#13092);
#13091 = CARTESIAN_POINT('',(-0.525,-0.18,0.76));
#13092 = VECTOR('',#13093,1.);
#13093 = DIRECTION('',(0.,-1.,0.));
#13094 = ORIENTED_EDGE('',*,*,#2910,.T.);
#13095 = PLANE('',#13096);
#13096 = AXIS2_PLACEMENT_3D('',#13097,#13098,#13099);
#13097 = CARTESIAN_POINT('',(-0.525,-0.33,0.76));
#13098 = DIRECTION('',(0.,0.,-1.));
#13099 = DIRECTION('',(0.,-1.,0.));
#13100 = ADVANCED_FACE('',(#13101),#13107,.F.);
#13101 = FACE_BOUND('',#13102,.T.);
#13102 = EDGE_LOOP('',(#13103,#13104,#13105,#13106));
#13103 = ORIENTED_EDGE('',*,*,#13089,.F.);
#13104 = ORIENTED_EDGE('',*,*,#12775,.T.);
#13105 = ORIENTED_EDGE('',*,*,#10611,.T.);
#13106 = ORIENTED_EDGE('',*,*,#2918,.T.);
#13107 = PLANE('',#13108);
#13108 = AXIS2_PLACEMENT_3D('',#13109,#13110,#13111);
#13109 = CARTESIAN_POINT('',(-0.525,-0.33,0.88));
#13110 = DIRECTION('',(-1.,0.,0.));
#13111 = DIRECTION('',(0.,0.,1.));
#13112 = ADVANCED_FACE('',(#13113),#13125,.F.);
#13113 = FACE_BOUND('',#13114,.T.);
#13114 = EDGE_LOOP('',(#13115,#13116,#13117,#13118,#13119));
#13115 = ORIENTED_EDGE('',*,*,#4146,.F.);
#13116 = ORIENTED_EDGE('',*,*,#12285,.F.);
#13117 = ORIENTED_EDGE('',*,*,#12940,.F.);
#13118 = ORIENTED_EDGE('',*,*,#8257,.F.);
#13119 = ORIENTED_EDGE('',*,*,#13120,.F.);
#13120 = EDGE_CURVE('',#4147,#8248,#13121,.T.);
#13121 = LINE('',#13122,#13123);
#13122 = CARTESIAN_POINT('',(-0.59,0.33,-0.88));
#13123 = VECTOR('',#13124,1.);
#13124 = DIRECTION('',(0.,-1.,0.));
#13125 = PLANE('',#13126);
#13126 = AXIS2_PLACEMENT_3D('',#13127,#13128,#13129);
#13127 = CARTESIAN_POINT('',(-0.59,0.33,-0.88));
#13128 = DIRECTION('',(1.,0.,0.));
#13129 = DIRECTION('',(-0.,1.,0.));
#13130 = ADVANCED_FACE('',(#13131),#13142,.T.);
#13131 = FACE_BOUND('',#13132,.T.);
#13132 = EDGE_LOOP('',(#13133,#13134,#13135,#13141));
#13133 = ORIENTED_EDGE('',*,*,#4154,.T.);
#13134 = ORIENTED_EDGE('',*,*,#13120,.T.);
#13135 = ORIENTED_EDGE('',*,*,#13136,.F.);
#13136 = EDGE_CURVE('',#10953,#8248,#13137,.T.);
#13137 = LINE('',#13138,#13139);
#13138 = CARTESIAN_POINT('',(-0.5725,0.19,-0.88));
#13139 = VECTOR('',#13140,1.);
#13140 = DIRECTION('',(-1.,0.,0.));
#13141 = ORIENTED_EDGE('',*,*,#10952,.T.);
#13142 = PLANE('',#13143);
#13143 = AXIS2_PLACEMENT_3D('',#13144,#13145,#13146);
#13144 = CARTESIAN_POINT('',(-0.5725,0.19,-0.88));
#13145 = DIRECTION('',(0.,0.,1.));
#13146 = DIRECTION('',(1.,0.,-0.));
#13147 = ADVANCED_FACE('',(#13148),#13167,.T.);
#13148 = FACE_BOUND('',#13149,.T.);
#13149 = EDGE_LOOP('',(#13150,#13151,#13157,#13158,#13159,#13160,#13161)
  );
#13150 = ORIENTED_EDGE('',*,*,#8378,.T.);
#13151 = ORIENTED_EDGE('',*,*,#13152,.F.);
#13152 = EDGE_CURVE('',#5923,#8371,#13153,.T.);
#13153 = LINE('',#13154,#13155);
#13154 = CARTESIAN_POINT('',(-0.8275,0.21,-0.63));
#13155 = VECTOR('',#13156,1.);
#13156 = DIRECTION('',(0.,-7.974522228289E-02,-0.996815278536));
#13157 = ORIENTED_EDGE('',*,*,#5922,.F.);
#13158 = ORIENTED_EDGE('',*,*,#10960,.T.);
#13159 = ORIENTED_EDGE('',*,*,#13136,.T.);
#13160 = ORIENTED_EDGE('',*,*,#8247,.T.);
#13161 = ORIENTED_EDGE('',*,*,#13162,.F.);
#13162 = EDGE_CURVE('',#8379,#8250,#13163,.T.);
#13163 = LINE('',#13164,#13165);
#13164 = CARTESIAN_POINT('',(-0.7875,0.19,-0.88));
#13165 = VECTOR('',#13166,1.);
#13166 = DIRECTION('',(1.,0.,0.));
#13167 = PLANE('',#13168);
#13168 = AXIS2_PLACEMENT_3D('',#13169,#13170,#13171);
#13169 = CARTESIAN_POINT('',(-0.5725,0.21,-0.63));
#13170 = DIRECTION('',(0.,0.996815278536,-7.974522228289E-02));
#13171 = DIRECTION('',(-1.,0.,0.));
#13172 = ADVANCED_FACE('',(#13173),#13184,.F.);
#13173 = FACE_BOUND('',#13174,.T.);
#13174 = EDGE_LOOP('',(#13175,#13176,#13182,#13183));
#13175 = ORIENTED_EDGE('',*,*,#7908,.F.);
#13176 = ORIENTED_EDGE('',*,*,#13177,.F.);
#13177 = EDGE_CURVE('',#8379,#7901,#13178,.T.);
#13178 = LINE('',#13179,#13180);
#13179 = CARTESIAN_POINT('',(-0.7875,0.19,-0.88));
#13180 = VECTOR('',#13181,1.);
#13181 = DIRECTION('',(0.,1.,1.110223024625E-14));
#13182 = ORIENTED_EDGE('',*,*,#13162,.T.);
#13183 = ORIENTED_EDGE('',*,*,#8429,.F.);
#13184 = PLANE('',#13185);
#13185 = AXIS2_PLACEMENT_3D('',#13186,#13187,#13188);
#13186 = CARTESIAN_POINT('',(0.,0.33,-0.88));
#13187 = DIRECTION('',(0.,0.,-1.));
#13188 = DIRECTION('',(0.,-1.,0.));
#13189 = ADVANCED_FACE('',(#13190),#13208,.T.);
#13190 = FACE_BOUND('',#13191,.T.);
#13191 = EDGE_LOOP('',(#13192,#13198,#13199,#13200,#13201,#13207));
#13192 = ORIENTED_EDGE('',*,*,#13193,.F.);
#13193 = EDGE_CURVE('',#8387,#7960,#13194,.T.);
#13194 = LINE('',#13195,#13196);
#13195 = CARTESIAN_POINT('',(-0.7875,0.17,-0.88));
#13196 = VECTOR('',#13197,1.);
#13197 = DIRECTION('',(0.,0.,-1.));
#13198 = ORIENTED_EDGE('',*,*,#8386,.T.);
#13199 = ORIENTED_EDGE('',*,*,#13177,.T.);
#13200 = ORIENTED_EDGE('',*,*,#7900,.T.);
#13201 = ORIENTED_EDGE('',*,*,#13202,.F.);
#13202 = EDGE_CURVE('',#7550,#7877,#13203,.T.);
#13203 = LINE('',#13204,#13205);
#13204 = CARTESIAN_POINT('',(-0.7875,0.21,-0.97));
#13205 = VECTOR('',#13206,1.);
#13206 = DIRECTION('',(0.,0.,1.));
#13207 = ORIENTED_EDGE('',*,*,#7968,.F.);
#13208 = PLANE('',#13209);
#13209 = AXIS2_PLACEMENT_3D('',#13210,#13211,#13212);
#13210 = CARTESIAN_POINT('',(-0.7875,0.17,-0.88));
#13211 = DIRECTION('',(-1.,0.,0.));
#13212 = DIRECTION('',(0.,0.,1.));
#13213 = ADVANCED_FACE('',(#13214),#13220,.T.);
#13214 = FACE_BOUND('',#13215,.T.);
#13215 = EDGE_LOOP('',(#13216,#13217,#13218,#13219));
#13216 = ORIENTED_EDGE('',*,*,#7884,.T.);
#13217 = ORIENTED_EDGE('',*,*,#7730,.F.);
#13218 = ORIENTED_EDGE('',*,*,#7557,.F.);
#13219 = ORIENTED_EDGE('',*,*,#13202,.T.);
#13220 = PLANE('',#13221);
#13221 = AXIS2_PLACEMENT_3D('',#13222,#13223,#13224);
#13222 = CARTESIAN_POINT('',(-0.62,0.21,-0.97));
#13223 = DIRECTION('',(0.,-1.,0.));
#13224 = DIRECTION('',(0.,0.,-1.));
#13225 = ADVANCED_FACE('',(#13226),#13237,.F.);
#13226 = FACE_BOUND('',#13227,.F.);
#13227 = EDGE_LOOP('',(#13228,#13234,#13235,#13236));
#13228 = ORIENTED_EDGE('',*,*,#13229,.T.);
#13229 = EDGE_CURVE('',#8395,#7952,#13230,.T.);
#13230 = LINE('',#13231,#13232);
#13231 = CARTESIAN_POINT('',(-0.8275,0.13,-0.88));
#13232 = VECTOR('',#13233,1.);
#13233 = DIRECTION('',(0.,0.,-1.));
#13234 = ORIENTED_EDGE('',*,*,#7959,.T.);
#13235 = ORIENTED_EDGE('',*,*,#13193,.F.);
#13236 = ORIENTED_EDGE('',*,*,#8394,.T.);
#13237 = CYLINDRICAL_SURFACE('',#13238,4.E-02);
#13238 = AXIS2_PLACEMENT_3D('',#13239,#13240,#13241);
#13239 = CARTESIAN_POINT('',(-0.8275,0.17,-0.88));
#13240 = DIRECTION('',(0.,0.,1.));
#13241 = DIRECTION('',(-1.,0.,0.));
#13242 = ADVANCED_FACE('',(#13243),#13254,.T.);
#13243 = FACE_BOUND('',#13244,.T.);
#13244 = EDGE_LOOP('',(#13245,#13246,#13247,#13248));
#13245 = ORIENTED_EDGE('',*,*,#8403,.T.);
#13246 = ORIENTED_EDGE('',*,*,#13229,.T.);
#13247 = ORIENTED_EDGE('',*,*,#7951,.F.);
#13248 = ORIENTED_EDGE('',*,*,#13249,.F.);
#13249 = EDGE_CURVE('',#8404,#7943,#13250,.T.);
#13250 = LINE('',#13251,#13252);
#13251 = CARTESIAN_POINT('',(-0.893128855695,0.13,-0.88));
#13252 = VECTOR('',#13253,1.);
#13253 = DIRECTION('',(0.,0.,-1.));
#13254 = PLANE('',#13255);
#13255 = AXIS2_PLACEMENT_3D('',#13256,#13257,#13258);
#13256 = CARTESIAN_POINT('',(-0.893128855695,0.13,-0.88));
#13257 = DIRECTION('',(-0.,1.,0.));
#13258 = DIRECTION('',(1.,0.,0.));
#13259 = ADVANCED_FACE('',(#13260),#13266,.F.);
#13260 = FACE_BOUND('',#13261,.F.);
#13261 = EDGE_LOOP('',(#13262,#13263,#13264,#13265));
#13262 = ORIENTED_EDGE('',*,*,#8097,.T.);
#13263 = ORIENTED_EDGE('',*,*,#7940,.T.);
#13264 = ORIENTED_EDGE('',*,*,#13249,.F.);
#13265 = ORIENTED_EDGE('',*,*,#8411,.T.);
#13266 = CYLINDRICAL_SURFACE('',#13267,4.E-02);
#13267 = AXIS2_PLACEMENT_3D('',#13268,#13269,#13270);
#13268 = CARTESIAN_POINT('',(-0.893128855695,0.17,-0.88));
#13269 = DIRECTION('',(0.,0.,1.));
#13270 = DIRECTION('',(-1.,0.,0.));
#13271 = ADVANCED_FACE('',(#13272),#13278,.T.);
#13272 = FACE_BOUND('',#13273,.T.);
#13273 = EDGE_LOOP('',(#13274,#13275,#13276,#13277));
#13274 = ORIENTED_EDGE('',*,*,#5159,.F.);
#13275 = ORIENTED_EDGE('',*,*,#4404,.F.);
#13276 = ORIENTED_EDGE('',*,*,#10701,.T.);
#13277 = ORIENTED_EDGE('',*,*,#10917,.T.);
#13278 = PLANE('',#13279);
#13279 = AXIS2_PLACEMENT_3D('',#13280,#13281,#13282);
#13280 = CARTESIAN_POINT('',(-0.8275,0.,0.));
#13281 = DIRECTION('',(1.,0.,0.));
#13282 = DIRECTION('',(-0.,1.,0.));
#13283 = ADVANCED_FACE('',(#13284),#13290,.T.);
#13284 = FACE_BOUND('',#13285,.T.);
#13285 = EDGE_LOOP('',(#13286,#13287,#13288,#13289));
#13286 = ORIENTED_EDGE('',*,*,#8370,.F.);
#13287 = ORIENTED_EDGE('',*,*,#4348,.F.);
#13288 = ORIENTED_EDGE('',*,*,#5930,.T.);
#13289 = ORIENTED_EDGE('',*,*,#13152,.T.);
#13290 = PLANE('',#13291);
#13291 = AXIS2_PLACEMENT_3D('',#13292,#13293,#13294);
#13292 = CARTESIAN_POINT('',(-0.8275,0.,0.));
#13293 = DIRECTION('',(1.,0.,0.));
#13294 = DIRECTION('',(-0.,1.,0.));
#13295 = ADVANCED_FACE('',(#13296),#13307,.F.);
#13296 = FACE_BOUND('',#13297,.T.);
#13297 = EDGE_LOOP('',(#13298,#13299,#13300,#13306));
#13298 = ORIENTED_EDGE('',*,*,#8273,.F.);
#13299 = ORIENTED_EDGE('',*,*,#12933,.T.);
#13300 = ORIENTED_EDGE('',*,*,#13301,.T.);
#13301 = EDGE_CURVE('',#12926,#3113,#13302,.T.);
#13302 = LINE('',#13303,#13304);
#13303 = CARTESIAN_POINT('',(-0.525,-0.18,-0.76));
#13304 = VECTOR('',#13305,1.);
#13305 = DIRECTION('',(0.,-1.,0.));
#13306 = ORIENTED_EDGE('',*,*,#3112,.T.);
#13307 = PLANE('',#13308);
#13308 = AXIS2_PLACEMENT_3D('',#13309,#13310,#13311);
#13309 = CARTESIAN_POINT('',(-0.525,-0.33,-0.76));
#13310 = DIRECTION('',(-1.,0.,0.));
#13311 = DIRECTION('',(0.,0.,1.));
#13312 = ADVANCED_FACE('',(#13313),#13324,.F.);
#13313 = FACE_BOUND('',#13314,.T.);
#13314 = EDGE_LOOP('',(#13315,#13316,#13317,#13323));
#13315 = ORIENTED_EDGE('',*,*,#13301,.F.);
#13316 = ORIENTED_EDGE('',*,*,#12925,.T.);
#13317 = ORIENTED_EDGE('',*,*,#13318,.T.);
#13318 = EDGE_CURVE('',#12918,#3121,#13319,.T.);
#13319 = LINE('',#13320,#13321);
#13320 = CARTESIAN_POINT('',(0.525,-0.18,-0.76));
#13321 = VECTOR('',#13322,1.);
#13322 = DIRECTION('',(0.,-1.,0.));
#13323 = ORIENTED_EDGE('',*,*,#3120,.T.);
#13324 = PLANE('',#13325);
#13325 = AXIS2_PLACEMENT_3D('',#13326,#13327,#13328);
#13326 = CARTESIAN_POINT('',(0.525,-0.33,-0.76));
#13327 = DIRECTION('',(0.,0.,1.));
#13328 = DIRECTION('',(1.,0.,-0.));
#13329 = ADVANCED_FACE('',(#13330),#13336,.F.);
#13330 = FACE_BOUND('',#13331,.T.);
#13331 = EDGE_LOOP('',(#13332,#13333,#13334,#13335));
#13332 = ORIENTED_EDGE('',*,*,#13318,.F.);
#13333 = ORIENTED_EDGE('',*,*,#12917,.T.);
#13334 = ORIENTED_EDGE('',*,*,#12380,.T.);
#13335 = ORIENTED_EDGE('',*,*,#3128,.T.);
#13336 = PLANE('',#13337);
#13337 = AXIS2_PLACEMENT_3D('',#13338,#13339,#13340);
#13338 = CARTESIAN_POINT('',(0.525,-0.33,-0.88));
#13339 = DIRECTION('',(1.,0.,0.));
#13340 = DIRECTION('',(-0.,1.,0.));
#13341 = ADVANCED_FACE('',(#13342),#13367,.T.);
#13342 = FACE_BOUND('',#13343,.T.);
#13343 = EDGE_LOOP('',(#13344,#13345,#13353,#13361));
#13344 = ORIENTED_EDGE('',*,*,#12833,.T.);
#13345 = ORIENTED_EDGE('',*,*,#13346,.T.);
#13346 = EDGE_CURVE('',#12826,#13347,#13349,.T.);
#13347 = VERTEX_POINT('',#13348);
#13348 = CARTESIAN_POINT('',(0.41,-0.23,0.795));
#13349 = LINE('',#13350,#13351);
#13350 = CARTESIAN_POINT('',(0.41,-0.18,0.795));
#13351 = VECTOR('',#13352,1.);
#13352 = DIRECTION('',(0.,-1.,0.));
#13353 = ORIENTED_EDGE('',*,*,#13354,.F.);
#13354 = EDGE_CURVE('',#13355,#13347,#13357,.T.);
#13355 = VERTEX_POINT('',#13356);
#13356 = CARTESIAN_POINT('',(0.29,-0.23,0.795));
#13357 = LINE('',#13358,#13359);
#13358 = CARTESIAN_POINT('',(0.29,-0.23,0.795));
#13359 = VECTOR('',#13360,1.);
#13360 = DIRECTION('',(1.,0.,0.));
#13361 = ORIENTED_EDGE('',*,*,#13362,.F.);
#13362 = EDGE_CURVE('',#12808,#13355,#13363,.T.);
#13363 = LINE('',#13364,#13365);
#13364 = CARTESIAN_POINT('',(0.29,-0.18,0.795));
#13365 = VECTOR('',#13366,1.);
#13366 = DIRECTION('',(0.,-1.,0.));
#13367 = PLANE('',#13368);
#13368 = AXIS2_PLACEMENT_3D('',#13369,#13370,#13371);
#13369 = CARTESIAN_POINT('',(0.27,-0.23,0.795));
#13370 = DIRECTION('',(0.,0.,-1.));
#13371 = DIRECTION('',(0.,-1.,0.));
#13372 = ADVANCED_FACE('',(#13373),#13441,.F.);
#13373 = FACE_BOUND('',#13374,.T.);
#13374 = EDGE_LOOP('',(#13375,#13385,#13394,#13400,#13401,#13402,#13411,
    #13419,#13427,#13435));
#13375 = ORIENTED_EDGE('',*,*,#13376,.F.);
#13376 = EDGE_CURVE('',#13377,#13379,#13381,.T.);
#13377 = VERTEX_POINT('',#13378);
#13378 = CARTESIAN_POINT('',(0.29,-0.27,0.915));
#13379 = VERTEX_POINT('',#13380);
#13380 = CARTESIAN_POINT('',(0.29,-0.27,1.));
#13381 = LINE('',#13382,#13383);
#13382 = CARTESIAN_POINT('',(0.29,-0.27,0.915));
#13383 = VECTOR('',#13384,1.);
#13384 = DIRECTION('',(0.,0.,1.));
#13385 = ORIENTED_EDGE('',*,*,#13386,.T.);
#13386 = EDGE_CURVE('',#13377,#13387,#13389,.T.);
#13387 = VERTEX_POINT('',#13388);
#13388 = CARTESIAN_POINT('',(0.29,-0.23,0.875));
#13389 = CIRCLE('',#13390,4.E-02);
#13390 = AXIS2_PLACEMENT_3D('',#13391,#13392,#13393);
#13391 = CARTESIAN_POINT('',(0.29,-0.23,0.915));
#13392 = DIRECTION('',(1.,0.,0.));
#13393 = DIRECTION('',(0.,-1.,0.));
#13394 = ORIENTED_EDGE('',*,*,#13395,.T.);
#13395 = EDGE_CURVE('',#13387,#12810,#13396,.T.);
#13396 = LINE('',#13397,#13398);
#13397 = CARTESIAN_POINT('',(0.29,-0.23,0.875));
#13398 = VECTOR('',#13399,1.);
#13399 = DIRECTION('',(0.,1.,0.));
#13400 = ORIENTED_EDGE('',*,*,#12807,.F.);
#13401 = ORIENTED_EDGE('',*,*,#13362,.T.);
#13402 = ORIENTED_EDGE('',*,*,#13403,.F.);
#13403 = EDGE_CURVE('',#13404,#13355,#13406,.T.);
#13404 = VERTEX_POINT('',#13405);
#13405 = CARTESIAN_POINT('',(0.29,-0.35,0.915));
#13406 = CIRCLE('',#13407,0.12);
#13407 = AXIS2_PLACEMENT_3D('',#13408,#13409,#13410);
#13408 = CARTESIAN_POINT('',(0.29,-0.23,0.915));
#13409 = DIRECTION('',(1.,0.,0.));
#13410 = DIRECTION('',(0.,-1.,0.));
#13411 = ORIENTED_EDGE('',*,*,#13412,.F.);
#13412 = EDGE_CURVE('',#13413,#13404,#13415,.T.);
#13413 = VERTEX_POINT('',#13414);
#13414 = CARTESIAN_POINT('',(0.29,-0.35,0.965));
#13415 = LINE('',#13416,#13417);
#13416 = CARTESIAN_POINT('',(0.29,-0.35,0.965));
#13417 = VECTOR('',#13418,1.);
#13418 = DIRECTION('',(0.,0.,-1.));
#13419 = ORIENTED_EDGE('',*,*,#13420,.F.);
#13420 = EDGE_CURVE('',#13421,#13413,#13423,.T.);
#13421 = VERTEX_POINT('',#13422);
#13422 = CARTESIAN_POINT('',(0.29,-0.33,0.985));
#13423 = LINE('',#13424,#13425);
#13424 = CARTESIAN_POINT('',(0.29,-0.33,0.985));
#13425 = VECTOR('',#13426,1.);
#13426 = DIRECTION('',(0.,-0.707106781187,-0.707106781186));
#13427 = ORIENTED_EDGE('',*,*,#13428,.F.);
#13428 = EDGE_CURVE('',#13429,#13421,#13431,.T.);
#13429 = VERTEX_POINT('',#13430);
#13430 = CARTESIAN_POINT('',(0.29,-0.33,1.));
#13431 = LINE('',#13432,#13433);
#13432 = CARTESIAN_POINT('',(0.29,-0.33,1.));
#13433 = VECTOR('',#13434,1.);
#13434 = DIRECTION('',(0.,0.,-1.));
#13435 = ORIENTED_EDGE('',*,*,#13436,.F.);
#13436 = EDGE_CURVE('',#13379,#13429,#13437,.T.);
#13437 = LINE('',#13438,#13439);
#13438 = CARTESIAN_POINT('',(0.29,-0.27,1.));
#13439 = VECTOR('',#13440,1.);
#13440 = DIRECTION('',(0.,-1.,0.));
#13441 = PLANE('',#13442);
#13442 = AXIS2_PLACEMENT_3D('',#13443,#13444,#13445);
#13443 = CARTESIAN_POINT('',(0.29,-0.18,0.76));
#13444 = DIRECTION('',(1.,0.,0.));
#13445 = DIRECTION('',(-0.,1.,0.));
#13446 = ADVANCED_FACE('',(#13447),#13472,.T.);
#13447 = FACE_BOUND('',#13448,.T.);
#13448 = EDGE_LOOP('',(#13449,#13457,#13465,#13471));
#13449 = ORIENTED_EDGE('',*,*,#13450,.T.);
#13450 = EDGE_CURVE('',#13429,#13451,#13453,.T.);
#13451 = VERTEX_POINT('',#13452);
#13452 = CARTESIAN_POINT('',(0.41,-0.33,1.));
#13453 = LINE('',#13454,#13455);
#13454 = CARTESIAN_POINT('',(0.29,-0.33,1.));
#13455 = VECTOR('',#13456,1.);
#13456 = DIRECTION('',(1.,0.,0.));
#13457 = ORIENTED_EDGE('',*,*,#13458,.F.);
#13458 = EDGE_CURVE('',#13459,#13451,#13461,.T.);
#13459 = VERTEX_POINT('',#13460);
#13460 = CARTESIAN_POINT('',(0.41,-0.27,1.));
#13461 = LINE('',#13462,#13463);
#13462 = CARTESIAN_POINT('',(0.41,-0.27,1.));
#13463 = VECTOR('',#13464,1.);
#13464 = DIRECTION('',(0.,-1.,0.));
#13465 = ORIENTED_EDGE('',*,*,#13466,.F.);
#13466 = EDGE_CURVE('',#13379,#13459,#13467,.T.);
#13467 = LINE('',#13468,#13469);
#13468 = CARTESIAN_POINT('',(0.29,-0.27,1.));
#13469 = VECTOR('',#13470,1.);
#13470 = DIRECTION('',(1.,0.,0.));
#13471 = ORIENTED_EDGE('',*,*,#13436,.T.);
#13472 = PLANE('',#13473);
#13473 = AXIS2_PLACEMENT_3D('',#13474,#13475,#13476);
#13474 = CARTESIAN_POINT('',(0.27,-0.27,1.));
#13475 = DIRECTION('',(0.,0.,1.));
#13476 = DIRECTION('',(1.,0.,-0.));
#13477 = ADVANCED_FACE('',(#13478),#13496,.T.);
#13478 = FACE_BOUND('',#13479,.T.);
#13479 = EDGE_LOOP('',(#13480,#13481,#13489,#13495));
#13480 = ORIENTED_EDGE('',*,*,#13466,.T.);
#13481 = ORIENTED_EDGE('',*,*,#13482,.F.);
#13482 = EDGE_CURVE('',#13483,#13459,#13485,.T.);
#13483 = VERTEX_POINT('',#13484);
#13484 = CARTESIAN_POINT('',(0.41,-0.27,0.915));
#13485 = LINE('',#13486,#13487);
#13486 = CARTESIAN_POINT('',(0.41,-0.27,0.915));
#13487 = VECTOR('',#13488,1.);
#13488 = DIRECTION('',(0.,0.,1.));
#13489 = ORIENTED_EDGE('',*,*,#13490,.F.);
#13490 = EDGE_CURVE('',#13377,#13483,#13491,.T.);
#13491 = LINE('',#13492,#13493);
#13492 = CARTESIAN_POINT('',(0.29,-0.27,0.915));
#13493 = VECTOR('',#13494,1.);
#13494 = DIRECTION('',(1.,0.,0.));
#13495 = ORIENTED_EDGE('',*,*,#13376,.T.);
#13496 = PLANE('',#13497);
#13497 = AXIS2_PLACEMENT_3D('',#13498,#13499,#13500);
#13498 = CARTESIAN_POINT('',(0.27,-0.27,0.915));
#13499 = DIRECTION('',(-0.,1.,0.));
#13500 = DIRECTION('',(1.,0.,0.));
#13501 = ADVANCED_FACE('',(#13502),#13521,.F.);
#13502 = FACE_BOUND('',#13503,.F.);
#13503 = EDGE_LOOP('',(#13504,#13505,#13513,#13520));
#13504 = ORIENTED_EDGE('',*,*,#13386,.T.);
#13505 = ORIENTED_EDGE('',*,*,#13506,.T.);
#13506 = EDGE_CURVE('',#13387,#13507,#13509,.T.);
#13507 = VERTEX_POINT('',#13508);
#13508 = CARTESIAN_POINT('',(0.41,-0.23,0.875));
#13509 = LINE('',#13510,#13511);
#13510 = CARTESIAN_POINT('',(0.29,-0.23,0.875));
#13511 = VECTOR('',#13512,1.);
#13512 = DIRECTION('',(1.,0.,0.));
#13513 = ORIENTED_EDGE('',*,*,#13514,.F.);
#13514 = EDGE_CURVE('',#13483,#13507,#13515,.T.);
#13515 = CIRCLE('',#13516,4.E-02);
#13516 = AXIS2_PLACEMENT_3D('',#13517,#13518,#13519);
#13517 = CARTESIAN_POINT('',(0.41,-0.23,0.915));
#13518 = DIRECTION('',(1.,0.,0.));
#13519 = DIRECTION('',(0.,-1.,0.));
#13520 = ORIENTED_EDGE('',*,*,#13490,.F.);
#13521 = CYLINDRICAL_SURFACE('',#13522,4.E-02);
#13522 = AXIS2_PLACEMENT_3D('',#13523,#13524,#13525);
#13523 = CARTESIAN_POINT('',(0.27,-0.23,0.915));
#13524 = DIRECTION('',(-1.,0.,-0.));
#13525 = DIRECTION('',(0.,0.,-1.));
#13526 = ADVANCED_FACE('',(#13527),#13538,.T.);
#13527 = FACE_BOUND('',#13528,.T.);
#13528 = EDGE_LOOP('',(#13529,#13530,#13536,#13537));
#13529 = ORIENTED_EDGE('',*,*,#13506,.T.);
#13530 = ORIENTED_EDGE('',*,*,#13531,.T.);
#13531 = EDGE_CURVE('',#13507,#12818,#13532,.T.);
#13532 = LINE('',#13533,#13534);
#13533 = CARTESIAN_POINT('',(0.41,-0.23,0.875));
#13534 = VECTOR('',#13535,1.);
#13535 = DIRECTION('',(0.,1.,0.));
#13536 = ORIENTED_EDGE('',*,*,#12817,.F.);
#13537 = ORIENTED_EDGE('',*,*,#13395,.F.);
#13538 = PLANE('',#13539);
#13539 = AXIS2_PLACEMENT_3D('',#13540,#13541,#13542);
#13540 = CARTESIAN_POINT('',(0.27,0.1575,0.875));
#13541 = DIRECTION('',(0.,0.,1.));
#13542 = DIRECTION('',(1.,0.,-0.));
#13543 = ADVANCED_FACE('',(#13544),#13583,.F.);
#13544 = FACE_BOUND('',#13545,.T.);
#13545 = EDGE_LOOP('',(#13546,#13554,#13562,#13570,#13577,#13578,#13579,
    #13580,#13581,#13582));
#13546 = ORIENTED_EDGE('',*,*,#13547,.T.);
#13547 = EDGE_CURVE('',#13451,#13548,#13550,.T.);
#13548 = VERTEX_POINT('',#13549);
#13549 = CARTESIAN_POINT('',(0.41,-0.33,0.985));
#13550 = LINE('',#13551,#13552);
#13551 = CARTESIAN_POINT('',(0.41,-0.33,1.));
#13552 = VECTOR('',#13553,1.);
#13553 = DIRECTION('',(0.,0.,-1.));
#13554 = ORIENTED_EDGE('',*,*,#13555,.T.);
#13555 = EDGE_CURVE('',#13548,#13556,#13558,.T.);
#13556 = VERTEX_POINT('',#13557);
#13557 = CARTESIAN_POINT('',(0.41,-0.35,0.965));
#13558 = LINE('',#13559,#13560);
#13559 = CARTESIAN_POINT('',(0.41,-0.33,0.985));
#13560 = VECTOR('',#13561,1.);
#13561 = DIRECTION('',(0.,-0.707106781187,-0.707106781186));
#13562 = ORIENTED_EDGE('',*,*,#13563,.T.);
#13563 = EDGE_CURVE('',#13556,#13564,#13566,.T.);
#13564 = VERTEX_POINT('',#13565);
#13565 = CARTESIAN_POINT('',(0.41,-0.35,0.915));
#13566 = LINE('',#13567,#13568);
#13567 = CARTESIAN_POINT('',(0.41,-0.35,0.965));
#13568 = VECTOR('',#13569,1.);
#13569 = DIRECTION('',(0.,0.,-1.));
#13570 = ORIENTED_EDGE('',*,*,#13571,.T.);
#13571 = EDGE_CURVE('',#13564,#13347,#13572,.T.);
#13572 = CIRCLE('',#13573,0.12);
#13573 = AXIS2_PLACEMENT_3D('',#13574,#13575,#13576);
#13574 = CARTESIAN_POINT('',(0.41,-0.23,0.915));
#13575 = DIRECTION('',(1.,0.,0.));
#13576 = DIRECTION('',(0.,-1.,0.));
#13577 = ORIENTED_EDGE('',*,*,#13346,.F.);
#13578 = ORIENTED_EDGE('',*,*,#12825,.F.);
#13579 = ORIENTED_EDGE('',*,*,#13531,.F.);
#13580 = ORIENTED_EDGE('',*,*,#13514,.F.);
#13581 = ORIENTED_EDGE('',*,*,#13482,.T.);
#13582 = ORIENTED_EDGE('',*,*,#13458,.T.);
#13583 = PLANE('',#13584);
#13584 = AXIS2_PLACEMENT_3D('',#13585,#13586,#13587);
#13585 = CARTESIAN_POINT('',(0.41,-0.18,1.));
#13586 = DIRECTION('',(-1.,0.,0.));
#13587 = DIRECTION('',(0.,0.,1.));
#13588 = ADVANCED_FACE('',(#13589),#13600,.T.);
#13589 = FACE_BOUND('',#13590,.T.);
#13590 = EDGE_LOOP('',(#13591,#13592,#13593,#13599));
#13591 = ORIENTED_EDGE('',*,*,#13354,.T.);
#13592 = ORIENTED_EDGE('',*,*,#13571,.F.);
#13593 = ORIENTED_EDGE('',*,*,#13594,.F.);
#13594 = EDGE_CURVE('',#13404,#13564,#13595,.T.);
#13595 = LINE('',#13596,#13597);
#13596 = CARTESIAN_POINT('',(0.29,-0.35,0.915));
#13597 = VECTOR('',#13598,1.);
#13598 = DIRECTION('',(1.,0.,0.));
#13599 = ORIENTED_EDGE('',*,*,#13403,.T.);
#13600 = CYLINDRICAL_SURFACE('',#13601,0.12);
#13601 = AXIS2_PLACEMENT_3D('',#13602,#13603,#13604);
#13602 = CARTESIAN_POINT('',(0.27,-0.23,0.915));
#13603 = DIRECTION('',(-1.,0.,-0.));
#13604 = DIRECTION('',(0.,0.,-1.));
#13605 = ADVANCED_FACE('',(#13606),#13617,.T.);
#13606 = FACE_BOUND('',#13607,.T.);
#13607 = EDGE_LOOP('',(#13608,#13609,#13610,#13616));
#13608 = ORIENTED_EDGE('',*,*,#13594,.T.);
#13609 = ORIENTED_EDGE('',*,*,#13563,.F.);
#13610 = ORIENTED_EDGE('',*,*,#13611,.F.);
#13611 = EDGE_CURVE('',#13413,#13556,#13612,.T.);
#13612 = LINE('',#13613,#13614);
#13613 = CARTESIAN_POINT('',(0.29,-0.35,0.965));
#13614 = VECTOR('',#13615,1.);
#13615 = DIRECTION('',(1.,0.,0.));
#13616 = ORIENTED_EDGE('',*,*,#13412,.T.);
#13617 = PLANE('',#13618);
#13618 = AXIS2_PLACEMENT_3D('',#13619,#13620,#13621);
#13619 = CARTESIAN_POINT('',(0.27,-0.35,0.965));
#13620 = DIRECTION('',(0.,-1.,0.));
#13621 = DIRECTION('',(0.,0.,-1.));
#13622 = ADVANCED_FACE('',(#13623),#13634,.T.);
#13623 = FACE_BOUND('',#13624,.T.);
#13624 = EDGE_LOOP('',(#13625,#13626,#13627,#13633));
#13625 = ORIENTED_EDGE('',*,*,#13611,.T.);
#13626 = ORIENTED_EDGE('',*,*,#13555,.F.);
#13627 = ORIENTED_EDGE('',*,*,#13628,.F.);
#13628 = EDGE_CURVE('',#13421,#13548,#13629,.T.);
#13629 = LINE('',#13630,#13631);
#13630 = CARTESIAN_POINT('',(0.29,-0.33,0.985));
#13631 = VECTOR('',#13632,1.);
#13632 = DIRECTION('',(1.,0.,0.));
#13633 = ORIENTED_EDGE('',*,*,#13420,.T.);
#13634 = PLANE('',#13635);
#13635 = AXIS2_PLACEMENT_3D('',#13636,#13637,#13638);
#13636 = CARTESIAN_POINT('',(0.27,-0.33,0.985));
#13637 = DIRECTION('',(0.,-0.707106781186,0.707106781187));
#13638 = DIRECTION('',(-1.,0.,0.));
#13639 = ADVANCED_FACE('',(#13640),#13646,.T.);
#13640 = FACE_BOUND('',#13641,.T.);
#13641 = EDGE_LOOP('',(#13642,#13643,#13644,#13645));
#13642 = ORIENTED_EDGE('',*,*,#13628,.T.);
#13643 = ORIENTED_EDGE('',*,*,#13547,.F.);
#13644 = ORIENTED_EDGE('',*,*,#13450,.F.);
#13645 = ORIENTED_EDGE('',*,*,#13428,.T.);
#13646 = PLANE('',#13647);
#13647 = AXIS2_PLACEMENT_3D('',#13648,#13649,#13650);
#13648 = CARTESIAN_POINT('',(0.27,-0.33,1.));
#13649 = DIRECTION('',(0.,-1.,0.));
#13650 = DIRECTION('',(0.,0.,-1.));
#13651 = ADVANCED_FACE('',(#13652),#13677,.T.);
#13652 = FACE_BOUND('',#13653,.T.);
#13653 = EDGE_LOOP('',(#13654,#13655,#13663,#13671));
#13654 = ORIENTED_EDGE('',*,*,#12975,.T.);
#13655 = ORIENTED_EDGE('',*,*,#13656,.F.);
#13656 = EDGE_CURVE('',#13657,#12968,#13659,.T.);
#13657 = VERTEX_POINT('',#13658);
#13658 = CARTESIAN_POINT('',(0.41,-0.23,-0.875));
#13659 = LINE('',#13660,#13661);
#13660 = CARTESIAN_POINT('',(0.41,-0.23,-0.875));
#13661 = VECTOR('',#13662,1.);
#13662 = DIRECTION('',(0.,1.,0.));
#13663 = ORIENTED_EDGE('',*,*,#13664,.F.);
#13664 = EDGE_CURVE('',#13665,#13657,#13667,.T.);
#13665 = VERTEX_POINT('',#13666);
#13666 = CARTESIAN_POINT('',(0.29,-0.23,-0.875));
#13667 = LINE('',#13668,#13669);
#13668 = CARTESIAN_POINT('',(0.29,-0.23,-0.875));
#13669 = VECTOR('',#13670,1.);
#13670 = DIRECTION('',(1.,0.,0.));
#13671 = ORIENTED_EDGE('',*,*,#13672,.T.);
#13672 = EDGE_CURVE('',#13665,#12950,#13673,.T.);
#13673 = LINE('',#13674,#13675);
#13674 = CARTESIAN_POINT('',(0.29,-0.23,-0.875));
#13675 = VECTOR('',#13676,1.);
#13676 = DIRECTION('',(0.,1.,0.));
#13677 = PLANE('',#13678);
#13678 = AXIS2_PLACEMENT_3D('',#13679,#13680,#13681);
#13679 = CARTESIAN_POINT('',(0.27,-0.23,-0.875));
#13680 = DIRECTION('',(0.,0.,-1.));
#13681 = DIRECTION('',(0.,-1.,0.));
#13682 = ADVANCED_FACE('',(#13683),#13751,.F.);
#13683 = FACE_BOUND('',#13684,.T.);
#13684 = EDGE_LOOP('',(#13685,#13686,#13695,#13703,#13711,#13719,#13727,
    #13735,#13744,#13750));
#13685 = ORIENTED_EDGE('',*,*,#13672,.F.);
#13686 = ORIENTED_EDGE('',*,*,#13687,.T.);
#13687 = EDGE_CURVE('',#13665,#13688,#13690,.T.);
#13688 = VERTEX_POINT('',#13689);
#13689 = CARTESIAN_POINT('',(0.29,-0.27,-0.915));
#13690 = CIRCLE('',#13691,4.E-02);
#13691 = AXIS2_PLACEMENT_3D('',#13692,#13693,#13694);
#13692 = CARTESIAN_POINT('',(0.29,-0.23,-0.915));
#13693 = DIRECTION('',(1.,0.,-0.));
#13694 = DIRECTION('',(0.,1.734723475977E-14,1.));
#13695 = ORIENTED_EDGE('',*,*,#13696,.F.);
#13696 = EDGE_CURVE('',#13697,#13688,#13699,.T.);
#13697 = VERTEX_POINT('',#13698);
#13698 = CARTESIAN_POINT('',(0.29,-0.27,-1.));
#13699 = LINE('',#13700,#13701);
#13700 = CARTESIAN_POINT('',(0.29,-0.27,-1.));
#13701 = VECTOR('',#13702,1.);
#13702 = DIRECTION('',(0.,0.,1.));
#13703 = ORIENTED_EDGE('',*,*,#13704,.F.);
#13704 = EDGE_CURVE('',#13705,#13697,#13707,.T.);
#13705 = VERTEX_POINT('',#13706);
#13706 = CARTESIAN_POINT('',(0.29,-0.33,-1.));
#13707 = LINE('',#13708,#13709);
#13708 = CARTESIAN_POINT('',(0.29,-0.33,-1.));
#13709 = VECTOR('',#13710,1.);
#13710 = DIRECTION('',(0.,1.,0.));
#13711 = ORIENTED_EDGE('',*,*,#13712,.F.);
#13712 = EDGE_CURVE('',#13713,#13705,#13715,.T.);
#13713 = VERTEX_POINT('',#13714);
#13714 = CARTESIAN_POINT('',(0.29,-0.33,-0.985));
#13715 = LINE('',#13716,#13717);
#13716 = CARTESIAN_POINT('',(0.29,-0.33,-0.985));
#13717 = VECTOR('',#13718,1.);
#13718 = DIRECTION('',(0.,0.,-1.));
#13719 = ORIENTED_EDGE('',*,*,#13720,.F.);
#13720 = EDGE_CURVE('',#13721,#13713,#13723,.T.);
#13721 = VERTEX_POINT('',#13722);
#13722 = CARTESIAN_POINT('',(0.29,-0.35,-0.965));
#13723 = LINE('',#13724,#13725);
#13724 = CARTESIAN_POINT('',(0.29,-0.35,-0.965));
#13725 = VECTOR('',#13726,1.);
#13726 = DIRECTION('',(0.,0.707106781187,-0.707106781186));
#13727 = ORIENTED_EDGE('',*,*,#13728,.F.);
#13728 = EDGE_CURVE('',#13729,#13721,#13731,.T.);
#13729 = VERTEX_POINT('',#13730);
#13730 = CARTESIAN_POINT('',(0.29,-0.35,-0.915));
#13731 = LINE('',#13732,#13733);
#13732 = CARTESIAN_POINT('',(0.29,-0.35,-0.915));
#13733 = VECTOR('',#13734,1.);
#13734 = DIRECTION('',(0.,0.,-1.));
#13735 = ORIENTED_EDGE('',*,*,#13736,.F.);
#13736 = EDGE_CURVE('',#13737,#13729,#13739,.T.);
#13737 = VERTEX_POINT('',#13738);
#13738 = CARTESIAN_POINT('',(0.29,-0.23,-0.795));
#13739 = CIRCLE('',#13740,0.12);
#13740 = AXIS2_PLACEMENT_3D('',#13741,#13742,#13743);
#13741 = CARTESIAN_POINT('',(0.29,-0.23,-0.915));
#13742 = DIRECTION('',(1.,0.,-0.));
#13743 = DIRECTION('',(0.,0.,1.));
#13744 = ORIENTED_EDGE('',*,*,#13745,.F.);
#13745 = EDGE_CURVE('',#12952,#13737,#13746,.T.);
#13746 = LINE('',#13747,#13748);
#13747 = CARTESIAN_POINT('',(0.29,-0.18,-0.795));
#13748 = VECTOR('',#13749,1.);
#13749 = DIRECTION('',(0.,-1.,0.));
#13750 = ORIENTED_EDGE('',*,*,#12949,.F.);
#13751 = PLANE('',#13752);
#13752 = AXIS2_PLACEMENT_3D('',#13753,#13754,#13755);
#13753 = CARTESIAN_POINT('',(0.29,-0.18,-1.));
#13754 = DIRECTION('',(1.,0.,0.));
#13755 = DIRECTION('',(-0.,1.,0.));
#13756 = ADVANCED_FACE('',(#13757),#13775,.T.);
#13757 = FACE_BOUND('',#13758,.T.);
#13758 = EDGE_LOOP('',(#13759,#13767,#13773,#13774));
#13759 = ORIENTED_EDGE('',*,*,#13760,.T.);
#13760 = EDGE_CURVE('',#13737,#13761,#13763,.T.);
#13761 = VERTEX_POINT('',#13762);
#13762 = CARTESIAN_POINT('',(0.41,-0.23,-0.795));
#13763 = LINE('',#13764,#13765);
#13764 = CARTESIAN_POINT('',(0.29,-0.23,-0.795));
#13765 = VECTOR('',#13766,1.);
#13766 = DIRECTION('',(1.,0.,0.));
#13767 = ORIENTED_EDGE('',*,*,#13768,.F.);
#13768 = EDGE_CURVE('',#12960,#13761,#13769,.T.);
#13769 = LINE('',#13770,#13771);
#13770 = CARTESIAN_POINT('',(0.41,-0.18,-0.795));
#13771 = VECTOR('',#13772,1.);
#13772 = DIRECTION('',(0.,-1.,0.));
#13773 = ORIENTED_EDGE('',*,*,#12959,.F.);
#13774 = ORIENTED_EDGE('',*,*,#13745,.T.);
#13775 = PLANE('',#13776);
#13776 = AXIS2_PLACEMENT_3D('',#13777,#13778,#13779);
#13777 = CARTESIAN_POINT('',(0.27,0.21,-0.795));
#13778 = DIRECTION('',(0.,0.,1.));
#13779 = DIRECTION('',(1.,0.,-0.));
#13780 = ADVANCED_FACE('',(#13781),#13842,.F.);
#13781 = FACE_BOUND('',#13782,.T.);
#13782 = EDGE_LOOP('',(#13783,#13784,#13793,#13801,#13809,#13817,#13825,
    #13833,#13840,#13841));
#13783 = ORIENTED_EDGE('',*,*,#13768,.T.);
#13784 = ORIENTED_EDGE('',*,*,#13785,.T.);
#13785 = EDGE_CURVE('',#13761,#13786,#13788,.T.);
#13786 = VERTEX_POINT('',#13787);
#13787 = CARTESIAN_POINT('',(0.41,-0.35,-0.915));
#13788 = CIRCLE('',#13789,0.12);
#13789 = AXIS2_PLACEMENT_3D('',#13790,#13791,#13792);
#13790 = CARTESIAN_POINT('',(0.41,-0.23,-0.915));
#13791 = DIRECTION('',(1.,0.,-0.));
#13792 = DIRECTION('',(0.,0.,1.));
#13793 = ORIENTED_EDGE('',*,*,#13794,.T.);
#13794 = EDGE_CURVE('',#13786,#13795,#13797,.T.);
#13795 = VERTEX_POINT('',#13796);
#13796 = CARTESIAN_POINT('',(0.41,-0.35,-0.965));
#13797 = LINE('',#13798,#13799);
#13798 = CARTESIAN_POINT('',(0.41,-0.35,-0.915));
#13799 = VECTOR('',#13800,1.);
#13800 = DIRECTION('',(0.,0.,-1.));
#13801 = ORIENTED_EDGE('',*,*,#13802,.T.);
#13802 = EDGE_CURVE('',#13795,#13803,#13805,.T.);
#13803 = VERTEX_POINT('',#13804);
#13804 = CARTESIAN_POINT('',(0.41,-0.33,-0.985));
#13805 = LINE('',#13806,#13807);
#13806 = CARTESIAN_POINT('',(0.41,-0.35,-0.965));
#13807 = VECTOR('',#13808,1.);
#13808 = DIRECTION('',(0.,0.707106781187,-0.707106781186));
#13809 = ORIENTED_EDGE('',*,*,#13810,.T.);
#13810 = EDGE_CURVE('',#13803,#13811,#13813,.T.);
#13811 = VERTEX_POINT('',#13812);
#13812 = CARTESIAN_POINT('',(0.41,-0.33,-1.));
#13813 = LINE('',#13814,#13815);
#13814 = CARTESIAN_POINT('',(0.41,-0.33,-0.985));
#13815 = VECTOR('',#13816,1.);
#13816 = DIRECTION('',(0.,0.,-1.));
#13817 = ORIENTED_EDGE('',*,*,#13818,.T.);
#13818 = EDGE_CURVE('',#13811,#13819,#13821,.T.);
#13819 = VERTEX_POINT('',#13820);
#13820 = CARTESIAN_POINT('',(0.41,-0.27,-1.));
#13821 = LINE('',#13822,#13823);
#13822 = CARTESIAN_POINT('',(0.41,-0.33,-1.));
#13823 = VECTOR('',#13824,1.);
#13824 = DIRECTION('',(0.,1.,0.));
#13825 = ORIENTED_EDGE('',*,*,#13826,.T.);
#13826 = EDGE_CURVE('',#13819,#13827,#13829,.T.);
#13827 = VERTEX_POINT('',#13828);
#13828 = CARTESIAN_POINT('',(0.41,-0.27,-0.915));
#13829 = LINE('',#13830,#13831);
#13830 = CARTESIAN_POINT('',(0.41,-0.27,-1.));
#13831 = VECTOR('',#13832,1.);
#13832 = DIRECTION('',(0.,0.,1.));
#13833 = ORIENTED_EDGE('',*,*,#13834,.F.);
#13834 = EDGE_CURVE('',#13657,#13827,#13835,.T.);
#13835 = CIRCLE('',#13836,4.E-02);
#13836 = AXIS2_PLACEMENT_3D('',#13837,#13838,#13839);
#13837 = CARTESIAN_POINT('',(0.41,-0.23,-0.915));
#13838 = DIRECTION('',(1.,0.,-0.));
#13839 = DIRECTION('',(0.,1.734723475977E-14,1.));
#13840 = ORIENTED_EDGE('',*,*,#13656,.T.);
#13841 = ORIENTED_EDGE('',*,*,#12967,.F.);
#13842 = PLANE('',#13843);
#13843 = AXIS2_PLACEMENT_3D('',#13844,#13845,#13846);
#13844 = CARTESIAN_POINT('',(0.41,-0.18,-0.76));
#13845 = DIRECTION('',(-1.,0.,0.));
#13846 = DIRECTION('',(0.,0.,1.));
#13847 = ADVANCED_FACE('',(#13848),#13859,.F.);
#13848 = FACE_BOUND('',#13849,.F.);
#13849 = EDGE_LOOP('',(#13850,#13851,#13857,#13858));
#13850 = ORIENTED_EDGE('',*,*,#13687,.T.);
#13851 = ORIENTED_EDGE('',*,*,#13852,.T.);
#13852 = EDGE_CURVE('',#13688,#13827,#13853,.T.);
#13853 = LINE('',#13854,#13855);
#13854 = CARTESIAN_POINT('',(0.29,-0.27,-0.915));
#13855 = VECTOR('',#13856,1.);
#13856 = DIRECTION('',(1.,0.,0.));
#13857 = ORIENTED_EDGE('',*,*,#13834,.F.);
#13858 = ORIENTED_EDGE('',*,*,#13664,.F.);
#13859 = CYLINDRICAL_SURFACE('',#13860,4.E-02);
#13860 = AXIS2_PLACEMENT_3D('',#13861,#13862,#13863);
#13861 = CARTESIAN_POINT('',(0.27,-0.23,-0.915));
#13862 = DIRECTION('',(-1.,0.,-0.));
#13863 = DIRECTION('',(0.,0.,-1.));
#13864 = ADVANCED_FACE('',(#13865),#13876,.T.);
#13865 = FACE_BOUND('',#13866,.T.);
#13866 = EDGE_LOOP('',(#13867,#13868,#13869,#13875));
#13867 = ORIENTED_EDGE('',*,*,#13852,.T.);
#13868 = ORIENTED_EDGE('',*,*,#13826,.F.);
#13869 = ORIENTED_EDGE('',*,*,#13870,.F.);
#13870 = EDGE_CURVE('',#13697,#13819,#13871,.T.);
#13871 = LINE('',#13872,#13873);
#13872 = CARTESIAN_POINT('',(0.29,-0.27,-1.));
#13873 = VECTOR('',#13874,1.);
#13874 = DIRECTION('',(1.,0.,0.));
#13875 = ORIENTED_EDGE('',*,*,#13696,.T.);
#13876 = PLANE('',#13877);
#13877 = AXIS2_PLACEMENT_3D('',#13878,#13879,#13880);
#13878 = CARTESIAN_POINT('',(0.27,-0.27,-1.));
#13879 = DIRECTION('',(-0.,1.,0.));
#13880 = DIRECTION('',(1.,0.,0.));
#13881 = ADVANCED_FACE('',(#13882),#13893,.T.);
#13882 = FACE_BOUND('',#13883,.T.);
#13883 = EDGE_LOOP('',(#13884,#13885,#13886,#13892));
#13884 = ORIENTED_EDGE('',*,*,#13870,.T.);
#13885 = ORIENTED_EDGE('',*,*,#13818,.F.);
#13886 = ORIENTED_EDGE('',*,*,#13887,.F.);
#13887 = EDGE_CURVE('',#13705,#13811,#13888,.T.);
#13888 = LINE('',#13889,#13890);
#13889 = CARTESIAN_POINT('',(0.29,-0.33,-1.));
#13890 = VECTOR('',#13891,1.);
#13891 = DIRECTION('',(1.,0.,0.));
#13892 = ORIENTED_EDGE('',*,*,#13704,.T.);
#13893 = PLANE('',#13894);
#13894 = AXIS2_PLACEMENT_3D('',#13895,#13896,#13897);
#13895 = CARTESIAN_POINT('',(0.27,-0.33,-1.));
#13896 = DIRECTION('',(0.,0.,-1.));
#13897 = DIRECTION('',(0.,-1.,0.));
#13898 = ADVANCED_FACE('',(#13899),#13910,.T.);
#13899 = FACE_BOUND('',#13900,.T.);
#13900 = EDGE_LOOP('',(#13901,#13902,#13903,#13909));
#13901 = ORIENTED_EDGE('',*,*,#13887,.T.);
#13902 = ORIENTED_EDGE('',*,*,#13810,.F.);
#13903 = ORIENTED_EDGE('',*,*,#13904,.F.);
#13904 = EDGE_CURVE('',#13713,#13803,#13905,.T.);
#13905 = LINE('',#13906,#13907);
#13906 = CARTESIAN_POINT('',(0.29,-0.33,-0.985));
#13907 = VECTOR('',#13908,1.);
#13908 = DIRECTION('',(1.,0.,0.));
#13909 = ORIENTED_EDGE('',*,*,#13712,.T.);
#13910 = PLANE('',#13911);
#13911 = AXIS2_PLACEMENT_3D('',#13912,#13913,#13914);
#13912 = CARTESIAN_POINT('',(0.27,-0.33,-0.985));
#13913 = DIRECTION('',(0.,-1.,0.));
#13914 = DIRECTION('',(0.,0.,-1.));
#13915 = ADVANCED_FACE('',(#13916),#13927,.T.);
#13916 = FACE_BOUND('',#13917,.T.);
#13917 = EDGE_LOOP('',(#13918,#13919,#13920,#13926));
#13918 = ORIENTED_EDGE('',*,*,#13904,.T.);
#13919 = ORIENTED_EDGE('',*,*,#13802,.F.);
#13920 = ORIENTED_EDGE('',*,*,#13921,.F.);
#13921 = EDGE_CURVE('',#13721,#13795,#13922,.T.);
#13922 = LINE('',#13923,#13924);
#13923 = CARTESIAN_POINT('',(0.29,-0.35,-0.965));
#13924 = VECTOR('',#13925,1.);
#13925 = DIRECTION('',(1.,0.,0.));
#13926 = ORIENTED_EDGE('',*,*,#13720,.T.);
#13927 = PLANE('',#13928);
#13928 = AXIS2_PLACEMENT_3D('',#13929,#13930,#13931);
#13929 = CARTESIAN_POINT('',(0.27,-0.35,-0.965));
#13930 = DIRECTION('',(0.,-0.707106781186,-0.707106781187));
#13931 = DIRECTION('',(0.,-0.707106781187,0.707106781186));
#13932 = ADVANCED_FACE('',(#13933),#13944,.T.);
#13933 = FACE_BOUND('',#13934,.T.);
#13934 = EDGE_LOOP('',(#13935,#13936,#13937,#13943));
#13935 = ORIENTED_EDGE('',*,*,#13921,.T.);
#13936 = ORIENTED_EDGE('',*,*,#13794,.F.);
#13937 = ORIENTED_EDGE('',*,*,#13938,.F.);
#13938 = EDGE_CURVE('',#13729,#13786,#13939,.T.);
#13939 = LINE('',#13940,#13941);
#13940 = CARTESIAN_POINT('',(0.29,-0.35,-0.915));
#13941 = VECTOR('',#13942,1.);
#13942 = DIRECTION('',(1.,0.,0.));
#13943 = ORIENTED_EDGE('',*,*,#13728,.T.);
#13944 = PLANE('',#13945);
#13945 = AXIS2_PLACEMENT_3D('',#13946,#13947,#13948);
#13946 = CARTESIAN_POINT('',(0.27,-0.35,-0.915));
#13947 = DIRECTION('',(0.,-1.,0.));
#13948 = DIRECTION('',(0.,0.,-1.));
#13949 = ADVANCED_FACE('',(#13950),#13956,.T.);
#13950 = FACE_BOUND('',#13951,.T.);
#13951 = EDGE_LOOP('',(#13952,#13953,#13954,#13955));
#13952 = ORIENTED_EDGE('',*,*,#13938,.T.);
#13953 = ORIENTED_EDGE('',*,*,#13785,.F.);
#13954 = ORIENTED_EDGE('',*,*,#13760,.F.);
#13955 = ORIENTED_EDGE('',*,*,#13736,.T.);
#13956 = CYLINDRICAL_SURFACE('',#13957,0.12);
#13957 = AXIS2_PLACEMENT_3D('',#13958,#13959,#13960);
#13958 = CARTESIAN_POINT('',(0.27,-0.23,-0.915));
#13959 = DIRECTION('',(-1.,0.,-0.));
#13960 = DIRECTION('',(0.,0.,-1.));
#13961 = ADVANCED_FACE('',(#13962),#13987,.T.);
#13962 = FACE_BOUND('',#13963,.T.);
#13963 = EDGE_LOOP('',(#13964,#13965,#13973,#13981));
#13964 = ORIENTED_EDGE('',*,*,#12867,.T.);
#13965 = ORIENTED_EDGE('',*,*,#13966,.F.);
#13966 = EDGE_CURVE('',#13967,#12860,#13969,.T.);
#13967 = VERTEX_POINT('',#13968);
#13968 = CARTESIAN_POINT('',(6.E-02,-0.23,0.795));
#13969 = LINE('',#13970,#13971);
#13970 = CARTESIAN_POINT('',(6.E-02,-0.23,0.795));
#13971 = VECTOR('',#13972,1.);
#13972 = DIRECTION('',(0.,1.,0.));
#13973 = ORIENTED_EDGE('',*,*,#13974,.F.);
#13974 = EDGE_CURVE('',#13975,#13967,#13977,.T.);
#13975 = VERTEX_POINT('',#13976);
#13976 = CARTESIAN_POINT('',(-6.E-02,-0.23,0.795));
#13977 = LINE('',#13978,#13979);
#13978 = CARTESIAN_POINT('',(-6.E-02,-0.23,0.795));
#13979 = VECTOR('',#13980,1.);
#13980 = DIRECTION('',(1.,0.,0.));
#13981 = ORIENTED_EDGE('',*,*,#13982,.T.);
#13982 = EDGE_CURVE('',#13975,#12842,#13983,.T.);
#13983 = LINE('',#13984,#13985);
#13984 = CARTESIAN_POINT('',(-6.E-02,-0.23,0.795));
#13985 = VECTOR('',#13986,1.);
#13986 = DIRECTION('',(0.,1.,0.));
#13987 = PLANE('',#13988);
#13988 = AXIS2_PLACEMENT_3D('',#13989,#13990,#13991);
#13989 = CARTESIAN_POINT('',(-8.E-02,-0.23,0.795));
#13990 = DIRECTION('',(0.,0.,-1.));
#13991 = DIRECTION('',(0.,-1.,0.));
#13992 = ADVANCED_FACE('',(#13993),#14061,.F.);
#13993 = FACE_BOUND('',#13994,.T.);
#13994 = EDGE_LOOP('',(#13995,#14005,#14014,#14020,#14021,#14022,#14031,
    #14039,#14047,#14055));
#13995 = ORIENTED_EDGE('',*,*,#13996,.F.);
#13996 = EDGE_CURVE('',#13997,#13999,#14001,.T.);
#13997 = VERTEX_POINT('',#13998);
#13998 = CARTESIAN_POINT('',(-6.E-02,-0.27,0.915));
#13999 = VERTEX_POINT('',#14000);
#14000 = CARTESIAN_POINT('',(-6.E-02,-0.27,1.));
#14001 = LINE('',#14002,#14003);
#14002 = CARTESIAN_POINT('',(-6.E-02,-0.27,0.915));
#14003 = VECTOR('',#14004,1.);
#14004 = DIRECTION('',(0.,0.,1.));
#14005 = ORIENTED_EDGE('',*,*,#14006,.T.);
#14006 = EDGE_CURVE('',#13997,#14007,#14009,.T.);
#14007 = VERTEX_POINT('',#14008);
#14008 = CARTESIAN_POINT('',(-6.E-02,-0.23,0.875));
#14009 = CIRCLE('',#14010,4.E-02);
#14010 = AXIS2_PLACEMENT_3D('',#14011,#14012,#14013);
#14011 = CARTESIAN_POINT('',(-6.E-02,-0.23,0.915));
#14012 = DIRECTION('',(1.,0.,0.));
#14013 = DIRECTION('',(0.,-1.,0.));
#14014 = ORIENTED_EDGE('',*,*,#14015,.F.);
#14015 = EDGE_CURVE('',#12844,#14007,#14016,.T.);
#14016 = LINE('',#14017,#14018);
#14017 = CARTESIAN_POINT('',(-6.E-02,-0.18,0.875));
#14018 = VECTOR('',#14019,1.);
#14019 = DIRECTION('',(0.,-1.,0.));
#14020 = ORIENTED_EDGE('',*,*,#12841,.F.);
#14021 = ORIENTED_EDGE('',*,*,#13982,.F.);
#14022 = ORIENTED_EDGE('',*,*,#14023,.F.);
#14023 = EDGE_CURVE('',#14024,#13975,#14026,.T.);
#14024 = VERTEX_POINT('',#14025);
#14025 = CARTESIAN_POINT('',(-6.E-02,-0.35,0.915));
#14026 = CIRCLE('',#14027,0.12);
#14027 = AXIS2_PLACEMENT_3D('',#14028,#14029,#14030);
#14028 = CARTESIAN_POINT('',(-6.E-02,-0.23,0.915));
#14029 = DIRECTION('',(1.,0.,0.));
#14030 = DIRECTION('',(0.,-1.,0.));
#14031 = ORIENTED_EDGE('',*,*,#14032,.F.);
#14032 = EDGE_CURVE('',#14033,#14024,#14035,.T.);
#14033 = VERTEX_POINT('',#14034);
#14034 = CARTESIAN_POINT('',(-6.E-02,-0.35,0.965));
#14035 = LINE('',#14036,#14037);
#14036 = CARTESIAN_POINT('',(-6.E-02,-0.35,0.965));
#14037 = VECTOR('',#14038,1.);
#14038 = DIRECTION('',(0.,0.,-1.));
#14039 = ORIENTED_EDGE('',*,*,#14040,.F.);
#14040 = EDGE_CURVE('',#14041,#14033,#14043,.T.);
#14041 = VERTEX_POINT('',#14042);
#14042 = CARTESIAN_POINT('',(-6.E-02,-0.33,0.985));
#14043 = LINE('',#14044,#14045);
#14044 = CARTESIAN_POINT('',(-6.E-02,-0.33,0.985));
#14045 = VECTOR('',#14046,1.);
#14046 = DIRECTION('',(0.,-0.707106781187,-0.707106781186));
#14047 = ORIENTED_EDGE('',*,*,#14048,.F.);
#14048 = EDGE_CURVE('',#14049,#14041,#14051,.T.);
#14049 = VERTEX_POINT('',#14050);
#14050 = CARTESIAN_POINT('',(-6.E-02,-0.33,1.));
#14051 = LINE('',#14052,#14053);
#14052 = CARTESIAN_POINT('',(-6.E-02,-0.33,1.));
#14053 = VECTOR('',#14054,1.);
#14054 = DIRECTION('',(0.,0.,-1.));
#14055 = ORIENTED_EDGE('',*,*,#14056,.F.);
#14056 = EDGE_CURVE('',#13999,#14049,#14057,.T.);
#14057 = LINE('',#14058,#14059);
#14058 = CARTESIAN_POINT('',(-6.E-02,-0.27,1.));
#14059 = VECTOR('',#14060,1.);
#14060 = DIRECTION('',(0.,-1.,0.));
#14061 = PLANE('',#14062);
#14062 = AXIS2_PLACEMENT_3D('',#14063,#14064,#14065);
#14063 = CARTESIAN_POINT('',(-6.E-02,-0.18,0.76));
#14064 = DIRECTION('',(1.,0.,0.));
#14065 = DIRECTION('',(-0.,1.,0.));
#14066 = ADVANCED_FACE('',(#14067),#14092,.T.);
#14067 = FACE_BOUND('',#14068,.T.);
#14068 = EDGE_LOOP('',(#14069,#14077,#14085,#14091));
#14069 = ORIENTED_EDGE('',*,*,#14070,.T.);
#14070 = EDGE_CURVE('',#14049,#14071,#14073,.T.);
#14071 = VERTEX_POINT('',#14072);
#14072 = CARTESIAN_POINT('',(6.E-02,-0.33,1.));
#14073 = LINE('',#14074,#14075);
#14074 = CARTESIAN_POINT('',(-6.E-02,-0.33,1.));
#14075 = VECTOR('',#14076,1.);
#14076 = DIRECTION('',(1.,0.,0.));
#14077 = ORIENTED_EDGE('',*,*,#14078,.F.);
#14078 = EDGE_CURVE('',#14079,#14071,#14081,.T.);
#14079 = VERTEX_POINT('',#14080);
#14080 = CARTESIAN_POINT('',(6.E-02,-0.27,1.));
#14081 = LINE('',#14082,#14083);
#14082 = CARTESIAN_POINT('',(6.E-02,-0.27,1.));
#14083 = VECTOR('',#14084,1.);
#14084 = DIRECTION('',(0.,-1.,0.));
#14085 = ORIENTED_EDGE('',*,*,#14086,.F.);
#14086 = EDGE_CURVE('',#13999,#14079,#14087,.T.);
#14087 = LINE('',#14088,#14089);
#14088 = CARTESIAN_POINT('',(-6.E-02,-0.27,1.));
#14089 = VECTOR('',#14090,1.);
#14090 = DIRECTION('',(1.,0.,0.));
#14091 = ORIENTED_EDGE('',*,*,#14056,.T.);
#14092 = PLANE('',#14093);
#14093 = AXIS2_PLACEMENT_3D('',#14094,#14095,#14096);
#14094 = CARTESIAN_POINT('',(-8.E-02,-0.27,1.));
#14095 = DIRECTION('',(0.,0.,1.));
#14096 = DIRECTION('',(1.,0.,-0.));
#14097 = ADVANCED_FACE('',(#14098),#14116,.T.);
#14098 = FACE_BOUND('',#14099,.T.);
#14099 = EDGE_LOOP('',(#14100,#14101,#14109,#14115));
#14100 = ORIENTED_EDGE('',*,*,#14086,.T.);
#14101 = ORIENTED_EDGE('',*,*,#14102,.F.);
#14102 = EDGE_CURVE('',#14103,#14079,#14105,.T.);
#14103 = VERTEX_POINT('',#14104);
#14104 = CARTESIAN_POINT('',(6.E-02,-0.27,0.915));
#14105 = LINE('',#14106,#14107);
#14106 = CARTESIAN_POINT('',(6.E-02,-0.27,0.915));
#14107 = VECTOR('',#14108,1.);
#14108 = DIRECTION('',(0.,0.,1.));
#14109 = ORIENTED_EDGE('',*,*,#14110,.F.);
#14110 = EDGE_CURVE('',#13997,#14103,#14111,.T.);
#14111 = LINE('',#14112,#14113);
#14112 = CARTESIAN_POINT('',(-6.E-02,-0.27,0.915));
#14113 = VECTOR('',#14114,1.);
#14114 = DIRECTION('',(1.,0.,0.));
#14115 = ORIENTED_EDGE('',*,*,#13996,.T.);
#14116 = PLANE('',#14117);
#14117 = AXIS2_PLACEMENT_3D('',#14118,#14119,#14120);
#14118 = CARTESIAN_POINT('',(-8.E-02,-0.27,0.915));
#14119 = DIRECTION('',(-0.,1.,0.));
#14120 = DIRECTION('',(1.,0.,0.));
#14121 = ADVANCED_FACE('',(#14122),#14141,.F.);
#14122 = FACE_BOUND('',#14123,.F.);
#14123 = EDGE_LOOP('',(#14124,#14125,#14133,#14140));
#14124 = ORIENTED_EDGE('',*,*,#14006,.T.);
#14125 = ORIENTED_EDGE('',*,*,#14126,.T.);
#14126 = EDGE_CURVE('',#14007,#14127,#14129,.T.);
#14127 = VERTEX_POINT('',#14128);
#14128 = CARTESIAN_POINT('',(6.E-02,-0.23,0.875));
#14129 = LINE('',#14130,#14131);
#14130 = CARTESIAN_POINT('',(-6.E-02,-0.23,0.875));
#14131 = VECTOR('',#14132,1.);
#14132 = DIRECTION('',(1.,0.,0.));
#14133 = ORIENTED_EDGE('',*,*,#14134,.F.);
#14134 = EDGE_CURVE('',#14103,#14127,#14135,.T.);
#14135 = CIRCLE('',#14136,4.E-02);
#14136 = AXIS2_PLACEMENT_3D('',#14137,#14138,#14139);
#14137 = CARTESIAN_POINT('',(6.E-02,-0.23,0.915));
#14138 = DIRECTION('',(1.,0.,0.));
#14139 = DIRECTION('',(0.,-1.,0.));
#14140 = ORIENTED_EDGE('',*,*,#14110,.F.);
#14141 = CYLINDRICAL_SURFACE('',#14142,4.E-02);
#14142 = AXIS2_PLACEMENT_3D('',#14143,#14144,#14145);
#14143 = CARTESIAN_POINT('',(-8.E-02,-0.23,0.915));
#14144 = DIRECTION('',(-1.,0.,-0.));
#14145 = DIRECTION('',(0.,0.,-1.));
#14146 = ADVANCED_FACE('',(#14147),#14158,.T.);
#14147 = FACE_BOUND('',#14148,.T.);
#14148 = EDGE_LOOP('',(#14149,#14150,#14156,#14157));
#14149 = ORIENTED_EDGE('',*,*,#14126,.T.);
#14150 = ORIENTED_EDGE('',*,*,#14151,.F.);
#14151 = EDGE_CURVE('',#12852,#14127,#14152,.T.);
#14152 = LINE('',#14153,#14154);
#14153 = CARTESIAN_POINT('',(6.E-02,-0.18,0.875));
#14154 = VECTOR('',#14155,1.);
#14155 = DIRECTION('',(0.,-1.,0.));
#14156 = ORIENTED_EDGE('',*,*,#12851,.F.);
#14157 = ORIENTED_EDGE('',*,*,#14015,.T.);
#14158 = PLANE('',#14159);
#14159 = AXIS2_PLACEMENT_3D('',#14160,#14161,#14162);
#14160 = CARTESIAN_POINT('',(-8.E-02,0.1575,0.875));
#14161 = DIRECTION('',(0.,0.,1.));
#14162 = DIRECTION('',(1.,0.,-0.));
#14163 = ADVANCED_FACE('',(#14164),#14203,.F.);
#14164 = FACE_BOUND('',#14165,.T.);
#14165 = EDGE_LOOP('',(#14166,#14174,#14182,#14190,#14197,#14198,#14199,
    #14200,#14201,#14202));
#14166 = ORIENTED_EDGE('',*,*,#14167,.T.);
#14167 = EDGE_CURVE('',#14071,#14168,#14170,.T.);
#14168 = VERTEX_POINT('',#14169);
#14169 = CARTESIAN_POINT('',(6.E-02,-0.33,0.985));
#14170 = LINE('',#14171,#14172);
#14171 = CARTESIAN_POINT('',(6.E-02,-0.33,1.));
#14172 = VECTOR('',#14173,1.);
#14173 = DIRECTION('',(0.,0.,-1.));
#14174 = ORIENTED_EDGE('',*,*,#14175,.T.);
#14175 = EDGE_CURVE('',#14168,#14176,#14178,.T.);
#14176 = VERTEX_POINT('',#14177);
#14177 = CARTESIAN_POINT('',(6.E-02,-0.35,0.965));
#14178 = LINE('',#14179,#14180);
#14179 = CARTESIAN_POINT('',(6.E-02,-0.33,0.985));
#14180 = VECTOR('',#14181,1.);
#14181 = DIRECTION('',(0.,-0.707106781187,-0.707106781186));
#14182 = ORIENTED_EDGE('',*,*,#14183,.T.);
#14183 = EDGE_CURVE('',#14176,#14184,#14186,.T.);
#14184 = VERTEX_POINT('',#14185);
#14185 = CARTESIAN_POINT('',(6.E-02,-0.35,0.915));
#14186 = LINE('',#14187,#14188);
#14187 = CARTESIAN_POINT('',(6.E-02,-0.35,0.965));
#14188 = VECTOR('',#14189,1.);
#14189 = DIRECTION('',(0.,0.,-1.));
#14190 = ORIENTED_EDGE('',*,*,#14191,.T.);
#14191 = EDGE_CURVE('',#14184,#13967,#14192,.T.);
#14192 = CIRCLE('',#14193,0.12);
#14193 = AXIS2_PLACEMENT_3D('',#14194,#14195,#14196);
#14194 = CARTESIAN_POINT('',(6.E-02,-0.23,0.915));
#14195 = DIRECTION('',(1.,0.,0.));
#14196 = DIRECTION('',(0.,-1.,0.));
#14197 = ORIENTED_EDGE('',*,*,#13966,.T.);
#14198 = ORIENTED_EDGE('',*,*,#12859,.F.);
#14199 = ORIENTED_EDGE('',*,*,#14151,.T.);
#14200 = ORIENTED_EDGE('',*,*,#14134,.F.);
#14201 = ORIENTED_EDGE('',*,*,#14102,.T.);
#14202 = ORIENTED_EDGE('',*,*,#14078,.T.);
#14203 = PLANE('',#14204);
#14204 = AXIS2_PLACEMENT_3D('',#14205,#14206,#14207);
#14205 = CARTESIAN_POINT('',(6.E-02,-0.18,1.));
#14206 = DIRECTION('',(-1.,0.,0.));
#14207 = DIRECTION('',(0.,0.,1.));
#14208 = ADVANCED_FACE('',(#14209),#14220,.T.);
#14209 = FACE_BOUND('',#14210,.T.);
#14210 = EDGE_LOOP('',(#14211,#14212,#14213,#14219));
#14211 = ORIENTED_EDGE('',*,*,#13974,.T.);
#14212 = ORIENTED_EDGE('',*,*,#14191,.F.);
#14213 = ORIENTED_EDGE('',*,*,#14214,.F.);
#14214 = EDGE_CURVE('',#14024,#14184,#14215,.T.);
#14215 = LINE('',#14216,#14217);
#14216 = CARTESIAN_POINT('',(-6.E-02,-0.35,0.915));
#14217 = VECTOR('',#14218,1.);
#14218 = DIRECTION('',(1.,0.,0.));
#14219 = ORIENTED_EDGE('',*,*,#14023,.T.);
#14220 = CYLINDRICAL_SURFACE('',#14221,0.12);
#14221 = AXIS2_PLACEMENT_3D('',#14222,#14223,#14224);
#14222 = CARTESIAN_POINT('',(-8.E-02,-0.23,0.915));
#14223 = DIRECTION('',(-1.,0.,-0.));
#14224 = DIRECTION('',(0.,0.,-1.));
#14225 = ADVANCED_FACE('',(#14226),#14237,.T.);
#14226 = FACE_BOUND('',#14227,.T.);
#14227 = EDGE_LOOP('',(#14228,#14229,#14230,#14236));
#14228 = ORIENTED_EDGE('',*,*,#14214,.T.);
#14229 = ORIENTED_EDGE('',*,*,#14183,.F.);
#14230 = ORIENTED_EDGE('',*,*,#14231,.F.);
#14231 = EDGE_CURVE('',#14033,#14176,#14232,.T.);
#14232 = LINE('',#14233,#14234);
#14233 = CARTESIAN_POINT('',(-6.E-02,-0.35,0.965));
#14234 = VECTOR('',#14235,1.);
#14235 = DIRECTION('',(1.,0.,0.));
#14236 = ORIENTED_EDGE('',*,*,#14032,.T.);
#14237 = PLANE('',#14238);
#14238 = AXIS2_PLACEMENT_3D('',#14239,#14240,#14241);
#14239 = CARTESIAN_POINT('',(-8.E-02,-0.35,0.965));
#14240 = DIRECTION('',(0.,-1.,0.));
#14241 = DIRECTION('',(0.,0.,-1.));
#14242 = ADVANCED_FACE('',(#14243),#14254,.T.);
#14243 = FACE_BOUND('',#14244,.T.);
#14244 = EDGE_LOOP('',(#14245,#14246,#14247,#14253));
#14245 = ORIENTED_EDGE('',*,*,#14231,.T.);
#14246 = ORIENTED_EDGE('',*,*,#14175,.F.);
#14247 = ORIENTED_EDGE('',*,*,#14248,.F.);
#14248 = EDGE_CURVE('',#14041,#14168,#14249,.T.);
#14249 = LINE('',#14250,#14251);
#14250 = CARTESIAN_POINT('',(-6.E-02,-0.33,0.985));
#14251 = VECTOR('',#14252,1.);
#14252 = DIRECTION('',(1.,0.,0.));
#14253 = ORIENTED_EDGE('',*,*,#14040,.T.);
#14254 = PLANE('',#14255);
#14255 = AXIS2_PLACEMENT_3D('',#14256,#14257,#14258);
#14256 = CARTESIAN_POINT('',(-8.E-02,-0.33,0.985));
#14257 = DIRECTION('',(0.,-0.707106781186,0.707106781187));
#14258 = DIRECTION('',(-1.,0.,0.));
#14259 = ADVANCED_FACE('',(#14260),#14266,.T.);
#14260 = FACE_BOUND('',#14261,.T.);
#14261 = EDGE_LOOP('',(#14262,#14263,#14264,#14265));
#14262 = ORIENTED_EDGE('',*,*,#14248,.T.);
#14263 = ORIENTED_EDGE('',*,*,#14167,.F.);
#14264 = ORIENTED_EDGE('',*,*,#14070,.F.);
#14265 = ORIENTED_EDGE('',*,*,#14048,.T.);
#14266 = PLANE('',#14267);
#14267 = AXIS2_PLACEMENT_3D('',#14268,#14269,#14270);
#14268 = CARTESIAN_POINT('',(-8.E-02,-0.33,1.));
#14269 = DIRECTION('',(0.,-1.,0.));
#14270 = DIRECTION('',(0.,0.,-1.));
#14271 = ADVANCED_FACE('',(#14272),#14297,.T.);
#14272 = FACE_BOUND('',#14273,.T.);
#14273 = EDGE_LOOP('',(#14274,#14275,#14283,#14291));
#14274 = ORIENTED_EDGE('',*,*,#13009,.T.);
#14275 = ORIENTED_EDGE('',*,*,#14276,.F.);
#14276 = EDGE_CURVE('',#14277,#13002,#14279,.T.);
#14277 = VERTEX_POINT('',#14278);
#14278 = CARTESIAN_POINT('',(6.E-02,-0.23,-0.875));
#14279 = LINE('',#14280,#14281);
#14280 = CARTESIAN_POINT('',(6.E-02,-0.23,-0.875));
#14281 = VECTOR('',#14282,1.);
#14282 = DIRECTION('',(0.,1.,0.));
#14283 = ORIENTED_EDGE('',*,*,#14284,.F.);
#14284 = EDGE_CURVE('',#14285,#14277,#14287,.T.);
#14285 = VERTEX_POINT('',#14286);
#14286 = CARTESIAN_POINT('',(-6.E-02,-0.23,-0.875));
#14287 = LINE('',#14288,#14289);
#14288 = CARTESIAN_POINT('',(-6.E-02,-0.23,-0.875));
#14289 = VECTOR('',#14290,1.);
#14290 = DIRECTION('',(1.,0.,0.));
#14291 = ORIENTED_EDGE('',*,*,#14292,.T.);
#14292 = EDGE_CURVE('',#14285,#12984,#14293,.T.);
#14293 = LINE('',#14294,#14295);
#14294 = CARTESIAN_POINT('',(-6.E-02,-0.23,-0.875));
#14295 = VECTOR('',#14296,1.);
#14296 = DIRECTION('',(0.,1.,0.));
#14297 = PLANE('',#14298);
#14298 = AXIS2_PLACEMENT_3D('',#14299,#14300,#14301);
#14299 = CARTESIAN_POINT('',(-8.E-02,-0.23,-0.875));
#14300 = DIRECTION('',(0.,0.,-1.));
#14301 = DIRECTION('',(0.,-1.,0.));
#14302 = ADVANCED_FACE('',(#14303),#14371,.F.);
#14303 = FACE_BOUND('',#14304,.T.);
#14304 = EDGE_LOOP('',(#14305,#14315,#14323,#14331,#14339,#14348,#14354,
    #14355,#14356,#14365));
#14305 = ORIENTED_EDGE('',*,*,#14306,.F.);
#14306 = EDGE_CURVE('',#14307,#14309,#14311,.T.);
#14307 = VERTEX_POINT('',#14308);
#14308 = CARTESIAN_POINT('',(-6.E-02,-0.33,-1.));
#14309 = VERTEX_POINT('',#14310);
#14310 = CARTESIAN_POINT('',(-6.E-02,-0.27,-1.));
#14311 = LINE('',#14312,#14313);
#14312 = CARTESIAN_POINT('',(-6.E-02,-0.33,-1.));
#14313 = VECTOR('',#14314,1.);
#14314 = DIRECTION('',(0.,1.,0.));
#14315 = ORIENTED_EDGE('',*,*,#14316,.F.);
#14316 = EDGE_CURVE('',#14317,#14307,#14319,.T.);
#14317 = VERTEX_POINT('',#14318);
#14318 = CARTESIAN_POINT('',(-6.E-02,-0.33,-0.985));
#14319 = LINE('',#14320,#14321);
#14320 = CARTESIAN_POINT('',(-6.E-02,-0.33,-0.985));
#14321 = VECTOR('',#14322,1.);
#14322 = DIRECTION('',(0.,0.,-1.));
#14323 = ORIENTED_EDGE('',*,*,#14324,.F.);
#14324 = EDGE_CURVE('',#14325,#14317,#14327,.T.);
#14325 = VERTEX_POINT('',#14326);
#14326 = CARTESIAN_POINT('',(-6.E-02,-0.35,-0.965));
#14327 = LINE('',#14328,#14329);
#14328 = CARTESIAN_POINT('',(-6.E-02,-0.35,-0.965));
#14329 = VECTOR('',#14330,1.);
#14330 = DIRECTION('',(0.,0.707106781187,-0.707106781186));
#14331 = ORIENTED_EDGE('',*,*,#14332,.F.);
#14332 = EDGE_CURVE('',#14333,#14325,#14335,.T.);
#14333 = VERTEX_POINT('',#14334);
#14334 = CARTESIAN_POINT('',(-6.E-02,-0.35,-0.915));
#14335 = LINE('',#14336,#14337);
#14336 = CARTESIAN_POINT('',(-6.E-02,-0.35,-0.915));
#14337 = VECTOR('',#14338,1.);
#14338 = DIRECTION('',(0.,0.,-1.));
#14339 = ORIENTED_EDGE('',*,*,#14340,.F.);
#14340 = EDGE_CURVE('',#14341,#14333,#14343,.T.);
#14341 = VERTEX_POINT('',#14342);
#14342 = CARTESIAN_POINT('',(-6.E-02,-0.23,-0.795));
#14343 = CIRCLE('',#14344,0.12);
#14344 = AXIS2_PLACEMENT_3D('',#14345,#14346,#14347);
#14345 = CARTESIAN_POINT('',(-6.E-02,-0.23,-0.915));
#14346 = DIRECTION('',(1.,0.,-0.));
#14347 = DIRECTION('',(0.,0.,1.));
#14348 = ORIENTED_EDGE('',*,*,#14349,.F.);
#14349 = EDGE_CURVE('',#12986,#14341,#14350,.T.);
#14350 = LINE('',#14351,#14352);
#14351 = CARTESIAN_POINT('',(-6.E-02,-0.18,-0.795));
#14352 = VECTOR('',#14353,1.);
#14353 = DIRECTION('',(0.,-1.,0.));
#14354 = ORIENTED_EDGE('',*,*,#12983,.F.);
#14355 = ORIENTED_EDGE('',*,*,#14292,.F.);
#14356 = ORIENTED_EDGE('',*,*,#14357,.T.);
#14357 = EDGE_CURVE('',#14285,#14358,#14360,.T.);
#14358 = VERTEX_POINT('',#14359);
#14359 = CARTESIAN_POINT('',(-6.E-02,-0.27,-0.915));
#14360 = CIRCLE('',#14361,4.E-02);
#14361 = AXIS2_PLACEMENT_3D('',#14362,#14363,#14364);
#14362 = CARTESIAN_POINT('',(-6.E-02,-0.23,-0.915));
#14363 = DIRECTION('',(1.,0.,-0.));
#14364 = DIRECTION('',(0.,1.734723475977E-14,1.));
#14365 = ORIENTED_EDGE('',*,*,#14366,.F.);
#14366 = EDGE_CURVE('',#14309,#14358,#14367,.T.);
#14367 = LINE('',#14368,#14369);
#14368 = CARTESIAN_POINT('',(-6.E-02,-0.27,-1.));
#14369 = VECTOR('',#14370,1.);
#14370 = DIRECTION('',(0.,0.,1.));
#14371 = PLANE('',#14372);
#14372 = AXIS2_PLACEMENT_3D('',#14373,#14374,#14375);
#14373 = CARTESIAN_POINT('',(-6.E-02,-0.18,-1.));
#14374 = DIRECTION('',(1.,0.,0.));
#14375 = DIRECTION('',(-0.,1.,0.));
#14376 = ADVANCED_FACE('',(#14377),#14402,.T.);
#14377 = FACE_BOUND('',#14378,.T.);
#14378 = EDGE_LOOP('',(#14379,#14387,#14395,#14401));
#14379 = ORIENTED_EDGE('',*,*,#14380,.T.);
#14380 = EDGE_CURVE('',#14358,#14381,#14383,.T.);
#14381 = VERTEX_POINT('',#14382);
#14382 = CARTESIAN_POINT('',(6.E-02,-0.27,-0.915));
#14383 = LINE('',#14384,#14385);
#14384 = CARTESIAN_POINT('',(-6.E-02,-0.27,-0.915));
#14385 = VECTOR('',#14386,1.);
#14386 = DIRECTION('',(1.,0.,0.));
#14387 = ORIENTED_EDGE('',*,*,#14388,.F.);
#14388 = EDGE_CURVE('',#14389,#14381,#14391,.T.);
#14389 = VERTEX_POINT('',#14390);
#14390 = CARTESIAN_POINT('',(6.E-02,-0.27,-1.));
#14391 = LINE('',#14392,#14393);
#14392 = CARTESIAN_POINT('',(6.E-02,-0.27,-1.));
#14393 = VECTOR('',#14394,1.);
#14394 = DIRECTION('',(0.,0.,1.));
#14395 = ORIENTED_EDGE('',*,*,#14396,.F.);
#14396 = EDGE_CURVE('',#14309,#14389,#14397,.T.);
#14397 = LINE('',#14398,#14399);
#14398 = CARTESIAN_POINT('',(-6.E-02,-0.27,-1.));
#14399 = VECTOR('',#14400,1.);
#14400 = DIRECTION('',(1.,0.,0.));
#14401 = ORIENTED_EDGE('',*,*,#14366,.T.);
#14402 = PLANE('',#14403);
#14403 = AXIS2_PLACEMENT_3D('',#14404,#14405,#14406);
#14404 = CARTESIAN_POINT('',(-8.E-02,-0.27,-1.));
#14405 = DIRECTION('',(-0.,1.,0.));
#14406 = DIRECTION('',(1.,0.,0.));
#14407 = ADVANCED_FACE('',(#14408),#14426,.T.);
#14408 = FACE_BOUND('',#14409,.T.);
#14409 = EDGE_LOOP('',(#14410,#14411,#14419,#14425));
#14410 = ORIENTED_EDGE('',*,*,#14396,.T.);
#14411 = ORIENTED_EDGE('',*,*,#14412,.F.);
#14412 = EDGE_CURVE('',#14413,#14389,#14415,.T.);
#14413 = VERTEX_POINT('',#14414);
#14414 = CARTESIAN_POINT('',(6.E-02,-0.33,-1.));
#14415 = LINE('',#14416,#14417);
#14416 = CARTESIAN_POINT('',(6.E-02,-0.33,-1.));
#14417 = VECTOR('',#14418,1.);
#14418 = DIRECTION('',(0.,1.,0.));
#14419 = ORIENTED_EDGE('',*,*,#14420,.F.);
#14420 = EDGE_CURVE('',#14307,#14413,#14421,.T.);
#14421 = LINE('',#14422,#14423);
#14422 = CARTESIAN_POINT('',(-6.E-02,-0.33,-1.));
#14423 = VECTOR('',#14424,1.);
#14424 = DIRECTION('',(1.,0.,0.));
#14425 = ORIENTED_EDGE('',*,*,#14306,.T.);
#14426 = PLANE('',#14427);
#14427 = AXIS2_PLACEMENT_3D('',#14428,#14429,#14430);
#14428 = CARTESIAN_POINT('',(-8.E-02,-0.33,-1.));
#14429 = DIRECTION('',(0.,0.,-1.));
#14430 = DIRECTION('',(0.,-1.,0.));
#14431 = ADVANCED_FACE('',(#14432),#14450,.T.);
#14432 = FACE_BOUND('',#14433,.T.);
#14433 = EDGE_LOOP('',(#14434,#14435,#14443,#14449));
#14434 = ORIENTED_EDGE('',*,*,#14420,.T.);
#14435 = ORIENTED_EDGE('',*,*,#14436,.F.);
#14436 = EDGE_CURVE('',#14437,#14413,#14439,.T.);
#14437 = VERTEX_POINT('',#14438);
#14438 = CARTESIAN_POINT('',(6.E-02,-0.33,-0.985));
#14439 = LINE('',#14440,#14441);
#14440 = CARTESIAN_POINT('',(6.E-02,-0.33,-0.985));
#14441 = VECTOR('',#14442,1.);
#14442 = DIRECTION('',(0.,0.,-1.));
#14443 = ORIENTED_EDGE('',*,*,#14444,.F.);
#14444 = EDGE_CURVE('',#14317,#14437,#14445,.T.);
#14445 = LINE('',#14446,#14447);
#14446 = CARTESIAN_POINT('',(-6.E-02,-0.33,-0.985));
#14447 = VECTOR('',#14448,1.);
#14448 = DIRECTION('',(1.,0.,0.));
#14449 = ORIENTED_EDGE('',*,*,#14316,.T.);
#14450 = PLANE('',#14451);
#14451 = AXIS2_PLACEMENT_3D('',#14452,#14453,#14454);
#14452 = CARTESIAN_POINT('',(-8.E-02,-0.33,-0.985));
#14453 = DIRECTION('',(0.,-1.,0.));
#14454 = DIRECTION('',(0.,0.,-1.));
#14455 = ADVANCED_FACE('',(#14456),#14474,.T.);
#14456 = FACE_BOUND('',#14457,.T.);
#14457 = EDGE_LOOP('',(#14458,#14459,#14467,#14473));
#14458 = ORIENTED_EDGE('',*,*,#14444,.T.);
#14459 = ORIENTED_EDGE('',*,*,#14460,.F.);
#14460 = EDGE_CURVE('',#14461,#14437,#14463,.T.);
#14461 = VERTEX_POINT('',#14462);
#14462 = CARTESIAN_POINT('',(6.E-02,-0.35,-0.965));
#14463 = LINE('',#14464,#14465);
#14464 = CARTESIAN_POINT('',(6.E-02,-0.35,-0.965));
#14465 = VECTOR('',#14466,1.);
#14466 = DIRECTION('',(0.,0.707106781187,-0.707106781186));
#14467 = ORIENTED_EDGE('',*,*,#14468,.F.);
#14468 = EDGE_CURVE('',#14325,#14461,#14469,.T.);
#14469 = LINE('',#14470,#14471);
#14470 = CARTESIAN_POINT('',(-6.E-02,-0.35,-0.965));
#14471 = VECTOR('',#14472,1.);
#14472 = DIRECTION('',(1.,0.,0.));
#14473 = ORIENTED_EDGE('',*,*,#14324,.T.);
#14474 = PLANE('',#14475);
#14475 = AXIS2_PLACEMENT_3D('',#14476,#14477,#14478);
#14476 = CARTESIAN_POINT('',(-8.E-02,-0.35,-0.965));
#14477 = DIRECTION('',(0.,-0.707106781186,-0.707106781187));
#14478 = DIRECTION('',(0.,-0.707106781187,0.707106781186));
#14479 = ADVANCED_FACE('',(#14480),#14498,.T.);
#14480 = FACE_BOUND('',#14481,.T.);
#14481 = EDGE_LOOP('',(#14482,#14483,#14491,#14497));
#14482 = ORIENTED_EDGE('',*,*,#14468,.T.);
#14483 = ORIENTED_EDGE('',*,*,#14484,.F.);
#14484 = EDGE_CURVE('',#14485,#14461,#14487,.T.);
#14485 = VERTEX_POINT('',#14486);
#14486 = CARTESIAN_POINT('',(6.E-02,-0.35,-0.915));
#14487 = LINE('',#14488,#14489);
#14488 = CARTESIAN_POINT('',(6.E-02,-0.35,-0.915));
#14489 = VECTOR('',#14490,1.);
#14490 = DIRECTION('',(0.,0.,-1.));
#14491 = ORIENTED_EDGE('',*,*,#14492,.F.);
#14492 = EDGE_CURVE('',#14333,#14485,#14493,.T.);
#14493 = LINE('',#14494,#14495);
#14494 = CARTESIAN_POINT('',(-6.E-02,-0.35,-0.915));
#14495 = VECTOR('',#14496,1.);
#14496 = DIRECTION('',(1.,0.,0.));
#14497 = ORIENTED_EDGE('',*,*,#14332,.T.);
#14498 = PLANE('',#14499);
#14499 = AXIS2_PLACEMENT_3D('',#14500,#14501,#14502);
#14500 = CARTESIAN_POINT('',(-8.E-02,-0.35,-0.915));
#14501 = DIRECTION('',(0.,-1.,0.));
#14502 = DIRECTION('',(0.,0.,-1.));
#14503 = ADVANCED_FACE('',(#14504),#14523,.T.);
#14504 = FACE_BOUND('',#14505,.T.);
#14505 = EDGE_LOOP('',(#14506,#14507,#14516,#14522));
#14506 = ORIENTED_EDGE('',*,*,#14492,.T.);
#14507 = ORIENTED_EDGE('',*,*,#14508,.F.);
#14508 = EDGE_CURVE('',#14509,#14485,#14511,.T.);
#14509 = VERTEX_POINT('',#14510);
#14510 = CARTESIAN_POINT('',(6.E-02,-0.23,-0.795));
#14511 = CIRCLE('',#14512,0.12);
#14512 = AXIS2_PLACEMENT_3D('',#14513,#14514,#14515);
#14513 = CARTESIAN_POINT('',(6.E-02,-0.23,-0.915));
#14514 = DIRECTION('',(1.,0.,-0.));
#14515 = DIRECTION('',(0.,0.,1.));
#14516 = ORIENTED_EDGE('',*,*,#14517,.F.);
#14517 = EDGE_CURVE('',#14341,#14509,#14518,.T.);
#14518 = LINE('',#14519,#14520);
#14519 = CARTESIAN_POINT('',(-6.E-02,-0.23,-0.795));
#14520 = VECTOR('',#14521,1.);
#14521 = DIRECTION('',(1.,0.,0.));
#14522 = ORIENTED_EDGE('',*,*,#14340,.T.);
#14523 = CYLINDRICAL_SURFACE('',#14524,0.12);
#14524 = AXIS2_PLACEMENT_3D('',#14525,#14526,#14527);
#14525 = CARTESIAN_POINT('',(-8.E-02,-0.23,-0.915));
#14526 = DIRECTION('',(-1.,0.,-0.));
#14527 = DIRECTION('',(0.,0.,-1.));
#14528 = ADVANCED_FACE('',(#14529),#14540,.T.);
#14529 = FACE_BOUND('',#14530,.T.);
#14530 = EDGE_LOOP('',(#14531,#14532,#14538,#14539));
#14531 = ORIENTED_EDGE('',*,*,#14517,.T.);
#14532 = ORIENTED_EDGE('',*,*,#14533,.F.);
#14533 = EDGE_CURVE('',#12994,#14509,#14534,.T.);
#14534 = LINE('',#14535,#14536);
#14535 = CARTESIAN_POINT('',(6.E-02,-0.18,-0.795));
#14536 = VECTOR('',#14537,1.);
#14537 = DIRECTION('',(0.,-1.,0.));
#14538 = ORIENTED_EDGE('',*,*,#12993,.F.);
#14539 = ORIENTED_EDGE('',*,*,#14349,.T.);
#14540 = PLANE('',#14541);
#14541 = AXIS2_PLACEMENT_3D('',#14542,#14543,#14544);
#14542 = CARTESIAN_POINT('',(-8.E-02,0.21,-0.795));
#14543 = DIRECTION('',(0.,0.,1.));
#14544 = DIRECTION('',(1.,0.,-0.));
#14545 = ADVANCED_FACE('',(#14546),#14564,.F.);
#14546 = FACE_BOUND('',#14547,.T.);
#14547 = EDGE_LOOP('',(#14548,#14555,#14556,#14557,#14558,#14559,#14560,
    #14561,#14562,#14563));
#14548 = ORIENTED_EDGE('',*,*,#14549,.F.);
#14549 = EDGE_CURVE('',#14277,#14381,#14550,.T.);
#14550 = CIRCLE('',#14551,4.E-02);
#14551 = AXIS2_PLACEMENT_3D('',#14552,#14553,#14554);
#14552 = CARTESIAN_POINT('',(6.E-02,-0.23,-0.915));
#14553 = DIRECTION('',(1.,0.,-0.));
#14554 = DIRECTION('',(0.,1.734723475977E-14,1.));
#14555 = ORIENTED_EDGE('',*,*,#14276,.T.);
#14556 = ORIENTED_EDGE('',*,*,#13001,.F.);
#14557 = ORIENTED_EDGE('',*,*,#14533,.T.);
#14558 = ORIENTED_EDGE('',*,*,#14508,.T.);
#14559 = ORIENTED_EDGE('',*,*,#14484,.T.);
#14560 = ORIENTED_EDGE('',*,*,#14460,.T.);
#14561 = ORIENTED_EDGE('',*,*,#14436,.T.);
#14562 = ORIENTED_EDGE('',*,*,#14412,.T.);
#14563 = ORIENTED_EDGE('',*,*,#14388,.T.);
#14564 = PLANE('',#14565);
#14565 = AXIS2_PLACEMENT_3D('',#14566,#14567,#14568);
#14566 = CARTESIAN_POINT('',(6.E-02,-0.18,-0.76));
#14567 = DIRECTION('',(-1.,0.,0.));
#14568 = DIRECTION('',(0.,0.,1.));
#14569 = ADVANCED_FACE('',(#14570),#14576,.F.);
#14570 = FACE_BOUND('',#14571,.F.);
#14571 = EDGE_LOOP('',(#14572,#14573,#14574,#14575));
#14572 = ORIENTED_EDGE('',*,*,#14357,.T.);
#14573 = ORIENTED_EDGE('',*,*,#14380,.T.);
#14574 = ORIENTED_EDGE('',*,*,#14549,.F.);
#14575 = ORIENTED_EDGE('',*,*,#14284,.F.);
#14576 = CYLINDRICAL_SURFACE('',#14577,4.E-02);
#14577 = AXIS2_PLACEMENT_3D('',#14578,#14579,#14580);
#14578 = CARTESIAN_POINT('',(-8.E-02,-0.23,-0.915));
#14579 = DIRECTION('',(-1.,0.,-0.));
#14580 = DIRECTION('',(0.,0.,-1.));
#14581 = ADVANCED_FACE('',(#14582),#14607,.T.);
#14582 = FACE_BOUND('',#14583,.T.);
#14583 = EDGE_LOOP('',(#14584,#14585,#14593,#14601));
#14584 = ORIENTED_EDGE('',*,*,#12901,.T.);
#14585 = ORIENTED_EDGE('',*,*,#14586,.F.);
#14586 = EDGE_CURVE('',#14587,#12894,#14589,.T.);
#14587 = VERTEX_POINT('',#14588);
#14588 = CARTESIAN_POINT('',(-0.29,-0.23,0.795));
#14589 = LINE('',#14590,#14591);
#14590 = CARTESIAN_POINT('',(-0.29,-0.23,0.795));
#14591 = VECTOR('',#14592,1.);
#14592 = DIRECTION('',(0.,1.,0.));
#14593 = ORIENTED_EDGE('',*,*,#14594,.F.);
#14594 = EDGE_CURVE('',#14595,#14587,#14597,.T.);
#14595 = VERTEX_POINT('',#14596);
#14596 = CARTESIAN_POINT('',(-0.41,-0.23,0.795));
#14597 = LINE('',#14598,#14599);
#14598 = CARTESIAN_POINT('',(-0.41,-0.23,0.795));
#14599 = VECTOR('',#14600,1.);
#14600 = DIRECTION('',(1.,0.,0.));
#14601 = ORIENTED_EDGE('',*,*,#14602,.T.);
#14602 = EDGE_CURVE('',#14595,#12876,#14603,.T.);
#14603 = LINE('',#14604,#14605);
#14604 = CARTESIAN_POINT('',(-0.41,-0.23,0.795));
#14605 = VECTOR('',#14606,1.);
#14606 = DIRECTION('',(0.,1.,0.));
#14607 = PLANE('',#14608);
#14608 = AXIS2_PLACEMENT_3D('',#14609,#14610,#14611);
#14609 = CARTESIAN_POINT('',(-0.43,-0.23,0.795));
#14610 = DIRECTION('',(0.,0.,-1.));
#14611 = DIRECTION('',(0.,-1.,0.));
#14612 = ADVANCED_FACE('',(#14613),#14681,.F.);
#14613 = FACE_BOUND('',#14614,.T.);
#14614 = EDGE_LOOP('',(#14615,#14625,#14634,#14640,#14641,#14642,#14651,
    #14659,#14667,#14675));
#14615 = ORIENTED_EDGE('',*,*,#14616,.F.);
#14616 = EDGE_CURVE('',#14617,#14619,#14621,.T.);
#14617 = VERTEX_POINT('',#14618);
#14618 = CARTESIAN_POINT('',(-0.41,-0.27,0.915));
#14619 = VERTEX_POINT('',#14620);
#14620 = CARTESIAN_POINT('',(-0.41,-0.27,1.));
#14621 = LINE('',#14622,#14623);
#14622 = CARTESIAN_POINT('',(-0.41,-0.27,0.915));
#14623 = VECTOR('',#14624,1.);
#14624 = DIRECTION('',(0.,0.,1.));
#14625 = ORIENTED_EDGE('',*,*,#14626,.T.);
#14626 = EDGE_CURVE('',#14617,#14627,#14629,.T.);
#14627 = VERTEX_POINT('',#14628);
#14628 = CARTESIAN_POINT('',(-0.41,-0.23,0.875));
#14629 = CIRCLE('',#14630,4.E-02);
#14630 = AXIS2_PLACEMENT_3D('',#14631,#14632,#14633);
#14631 = CARTESIAN_POINT('',(-0.41,-0.23,0.915));
#14632 = DIRECTION('',(1.,0.,0.));
#14633 = DIRECTION('',(0.,-1.,0.));
#14634 = ORIENTED_EDGE('',*,*,#14635,.F.);
#14635 = EDGE_CURVE('',#12878,#14627,#14636,.T.);
#14636 = LINE('',#14637,#14638);
#14637 = CARTESIAN_POINT('',(-0.41,-0.18,0.875));
#14638 = VECTOR('',#14639,1.);
#14639 = DIRECTION('',(0.,-1.,0.));
#14640 = ORIENTED_EDGE('',*,*,#12875,.F.);
#14641 = ORIENTED_EDGE('',*,*,#14602,.F.);
#14642 = ORIENTED_EDGE('',*,*,#14643,.F.);
#14643 = EDGE_CURVE('',#14644,#14595,#14646,.T.);
#14644 = VERTEX_POINT('',#14645);
#14645 = CARTESIAN_POINT('',(-0.41,-0.35,0.915));
#14646 = CIRCLE('',#14647,0.12);
#14647 = AXIS2_PLACEMENT_3D('',#14648,#14649,#14650);
#14648 = CARTESIAN_POINT('',(-0.41,-0.23,0.915));
#14649 = DIRECTION('',(1.,0.,0.));
#14650 = DIRECTION('',(0.,-1.,0.));
#14651 = ORIENTED_EDGE('',*,*,#14652,.F.);
#14652 = EDGE_CURVE('',#14653,#14644,#14655,.T.);
#14653 = VERTEX_POINT('',#14654);
#14654 = CARTESIAN_POINT('',(-0.41,-0.35,0.965));
#14655 = LINE('',#14656,#14657);
#14656 = CARTESIAN_POINT('',(-0.41,-0.35,0.965));
#14657 = VECTOR('',#14658,1.);
#14658 = DIRECTION('',(0.,0.,-1.));
#14659 = ORIENTED_EDGE('',*,*,#14660,.F.);
#14660 = EDGE_CURVE('',#14661,#14653,#14663,.T.);
#14661 = VERTEX_POINT('',#14662);
#14662 = CARTESIAN_POINT('',(-0.41,-0.33,0.985));
#14663 = LINE('',#14664,#14665);
#14664 = CARTESIAN_POINT('',(-0.41,-0.33,0.985));
#14665 = VECTOR('',#14666,1.);
#14666 = DIRECTION('',(0.,-0.707106781187,-0.707106781186));
#14667 = ORIENTED_EDGE('',*,*,#14668,.F.);
#14668 = EDGE_CURVE('',#14669,#14661,#14671,.T.);
#14669 = VERTEX_POINT('',#14670);
#14670 = CARTESIAN_POINT('',(-0.41,-0.33,1.));
#14671 = LINE('',#14672,#14673);
#14672 = CARTESIAN_POINT('',(-0.41,-0.33,1.));
#14673 = VECTOR('',#14674,1.);
#14674 = DIRECTION('',(0.,0.,-1.));
#14675 = ORIENTED_EDGE('',*,*,#14676,.F.);
#14676 = EDGE_CURVE('',#14619,#14669,#14677,.T.);
#14677 = LINE('',#14678,#14679);
#14678 = CARTESIAN_POINT('',(-0.41,-0.27,1.));
#14679 = VECTOR('',#14680,1.);
#14680 = DIRECTION('',(0.,-1.,0.));
#14681 = PLANE('',#14682);
#14682 = AXIS2_PLACEMENT_3D('',#14683,#14684,#14685);
#14683 = CARTESIAN_POINT('',(-0.41,-0.18,0.76));
#14684 = DIRECTION('',(1.,0.,0.));
#14685 = DIRECTION('',(-0.,1.,0.));
#14686 = ADVANCED_FACE('',(#14687),#14712,.T.);
#14687 = FACE_BOUND('',#14688,.T.);
#14688 = EDGE_LOOP('',(#14689,#14697,#14705,#14711));
#14689 = ORIENTED_EDGE('',*,*,#14690,.T.);
#14690 = EDGE_CURVE('',#14669,#14691,#14693,.T.);
#14691 = VERTEX_POINT('',#14692);
#14692 = CARTESIAN_POINT('',(-0.29,-0.33,1.));
#14693 = LINE('',#14694,#14695);
#14694 = CARTESIAN_POINT('',(-0.41,-0.33,1.));
#14695 = VECTOR('',#14696,1.);
#14696 = DIRECTION('',(1.,0.,0.));
#14697 = ORIENTED_EDGE('',*,*,#14698,.F.);
#14698 = EDGE_CURVE('',#14699,#14691,#14701,.T.);
#14699 = VERTEX_POINT('',#14700);
#14700 = CARTESIAN_POINT('',(-0.29,-0.27,1.));
#14701 = LINE('',#14702,#14703);
#14702 = CARTESIAN_POINT('',(-0.29,-0.27,1.));
#14703 = VECTOR('',#14704,1.);
#14704 = DIRECTION('',(0.,-1.,0.));
#14705 = ORIENTED_EDGE('',*,*,#14706,.F.);
#14706 = EDGE_CURVE('',#14619,#14699,#14707,.T.);
#14707 = LINE('',#14708,#14709);
#14708 = CARTESIAN_POINT('',(-0.41,-0.27,1.));
#14709 = VECTOR('',#14710,1.);
#14710 = DIRECTION('',(1.,0.,0.));
#14711 = ORIENTED_EDGE('',*,*,#14676,.T.);
#14712 = PLANE('',#14713);
#14713 = AXIS2_PLACEMENT_3D('',#14714,#14715,#14716);
#14714 = CARTESIAN_POINT('',(-0.43,-0.27,1.));
#14715 = DIRECTION('',(0.,0.,1.));
#14716 = DIRECTION('',(1.,0.,-0.));
#14717 = ADVANCED_FACE('',(#14718),#14736,.T.);
#14718 = FACE_BOUND('',#14719,.T.);
#14719 = EDGE_LOOP('',(#14720,#14721,#14729,#14735));
#14720 = ORIENTED_EDGE('',*,*,#14706,.T.);
#14721 = ORIENTED_EDGE('',*,*,#14722,.F.);
#14722 = EDGE_CURVE('',#14723,#14699,#14725,.T.);
#14723 = VERTEX_POINT('',#14724);
#14724 = CARTESIAN_POINT('',(-0.29,-0.27,0.915));
#14725 = LINE('',#14726,#14727);
#14726 = CARTESIAN_POINT('',(-0.29,-0.27,0.915));
#14727 = VECTOR('',#14728,1.);
#14728 = DIRECTION('',(0.,0.,1.));
#14729 = ORIENTED_EDGE('',*,*,#14730,.F.);
#14730 = EDGE_CURVE('',#14617,#14723,#14731,.T.);
#14731 = LINE('',#14732,#14733);
#14732 = CARTESIAN_POINT('',(-0.41,-0.27,0.915));
#14733 = VECTOR('',#14734,1.);
#14734 = DIRECTION('',(1.,0.,0.));
#14735 = ORIENTED_EDGE('',*,*,#14616,.T.);
#14736 = PLANE('',#14737);
#14737 = AXIS2_PLACEMENT_3D('',#14738,#14739,#14740);
#14738 = CARTESIAN_POINT('',(-0.43,-0.27,0.915));
#14739 = DIRECTION('',(-0.,1.,0.));
#14740 = DIRECTION('',(1.,0.,0.));
#14741 = ADVANCED_FACE('',(#14742),#14761,.F.);
#14742 = FACE_BOUND('',#14743,.F.);
#14743 = EDGE_LOOP('',(#14744,#14745,#14753,#14760));
#14744 = ORIENTED_EDGE('',*,*,#14626,.T.);
#14745 = ORIENTED_EDGE('',*,*,#14746,.T.);
#14746 = EDGE_CURVE('',#14627,#14747,#14749,.T.);
#14747 = VERTEX_POINT('',#14748);
#14748 = CARTESIAN_POINT('',(-0.29,-0.23,0.875));
#14749 = LINE('',#14750,#14751);
#14750 = CARTESIAN_POINT('',(-0.41,-0.23,0.875));
#14751 = VECTOR('',#14752,1.);
#14752 = DIRECTION('',(1.,0.,0.));
#14753 = ORIENTED_EDGE('',*,*,#14754,.F.);
#14754 = EDGE_CURVE('',#14723,#14747,#14755,.T.);
#14755 = CIRCLE('',#14756,4.E-02);
#14756 = AXIS2_PLACEMENT_3D('',#14757,#14758,#14759);
#14757 = CARTESIAN_POINT('',(-0.29,-0.23,0.915));
#14758 = DIRECTION('',(1.,0.,0.));
#14759 = DIRECTION('',(0.,-1.,0.));
#14760 = ORIENTED_EDGE('',*,*,#14730,.F.);
#14761 = CYLINDRICAL_SURFACE('',#14762,4.E-02);
#14762 = AXIS2_PLACEMENT_3D('',#14763,#14764,#14765);
#14763 = CARTESIAN_POINT('',(-0.43,-0.23,0.915));
#14764 = DIRECTION('',(-1.,0.,-0.));
#14765 = DIRECTION('',(0.,0.,-1.));
#14766 = ADVANCED_FACE('',(#14767),#14778,.T.);
#14767 = FACE_BOUND('',#14768,.T.);
#14768 = EDGE_LOOP('',(#14769,#14770,#14776,#14777));
#14769 = ORIENTED_EDGE('',*,*,#14746,.T.);
#14770 = ORIENTED_EDGE('',*,*,#14771,.F.);
#14771 = EDGE_CURVE('',#12886,#14747,#14772,.T.);
#14772 = LINE('',#14773,#14774);
#14773 = CARTESIAN_POINT('',(-0.29,-0.18,0.875));
#14774 = VECTOR('',#14775,1.);
#14775 = DIRECTION('',(0.,-1.,0.));
#14776 = ORIENTED_EDGE('',*,*,#12885,.F.);
#14777 = ORIENTED_EDGE('',*,*,#14635,.T.);
#14778 = PLANE('',#14779);
#14779 = AXIS2_PLACEMENT_3D('',#14780,#14781,#14782);
#14780 = CARTESIAN_POINT('',(-0.43,0.1575,0.875));
#14781 = DIRECTION('',(0.,0.,1.));
#14782 = DIRECTION('',(1.,0.,-0.));
#14783 = ADVANCED_FACE('',(#14784),#14823,.F.);
#14784 = FACE_BOUND('',#14785,.T.);
#14785 = EDGE_LOOP('',(#14786,#14794,#14802,#14810,#14817,#14818,#14819,
    #14820,#14821,#14822));
#14786 = ORIENTED_EDGE('',*,*,#14787,.T.);
#14787 = EDGE_CURVE('',#14691,#14788,#14790,.T.);
#14788 = VERTEX_POINT('',#14789);
#14789 = CARTESIAN_POINT('',(-0.29,-0.33,0.985));
#14790 = LINE('',#14791,#14792);
#14791 = CARTESIAN_POINT('',(-0.29,-0.33,1.));
#14792 = VECTOR('',#14793,1.);
#14793 = DIRECTION('',(0.,0.,-1.));
#14794 = ORIENTED_EDGE('',*,*,#14795,.T.);
#14795 = EDGE_CURVE('',#14788,#14796,#14798,.T.);
#14796 = VERTEX_POINT('',#14797);
#14797 = CARTESIAN_POINT('',(-0.29,-0.35,0.965));
#14798 = LINE('',#14799,#14800);
#14799 = CARTESIAN_POINT('',(-0.29,-0.33,0.985));
#14800 = VECTOR('',#14801,1.);
#14801 = DIRECTION('',(0.,-0.707106781187,-0.707106781186));
#14802 = ORIENTED_EDGE('',*,*,#14803,.T.);
#14803 = EDGE_CURVE('',#14796,#14804,#14806,.T.);
#14804 = VERTEX_POINT('',#14805);
#14805 = CARTESIAN_POINT('',(-0.29,-0.35,0.915));
#14806 = LINE('',#14807,#14808);
#14807 = CARTESIAN_POINT('',(-0.29,-0.35,0.965));
#14808 = VECTOR('',#14809,1.);
#14809 = DIRECTION('',(0.,0.,-1.));
#14810 = ORIENTED_EDGE('',*,*,#14811,.T.);
#14811 = EDGE_CURVE('',#14804,#14587,#14812,.T.);
#14812 = CIRCLE('',#14813,0.12);
#14813 = AXIS2_PLACEMENT_3D('',#14814,#14815,#14816);
#14814 = CARTESIAN_POINT('',(-0.29,-0.23,0.915));
#14815 = DIRECTION('',(1.,0.,0.));
#14816 = DIRECTION('',(0.,-1.,0.));
#14817 = ORIENTED_EDGE('',*,*,#14586,.T.);
#14818 = ORIENTED_EDGE('',*,*,#12893,.F.);
#14819 = ORIENTED_EDGE('',*,*,#14771,.T.);
#14820 = ORIENTED_EDGE('',*,*,#14754,.F.);
#14821 = ORIENTED_EDGE('',*,*,#14722,.T.);
#14822 = ORIENTED_EDGE('',*,*,#14698,.T.);
#14823 = PLANE('',#14824);
#14824 = AXIS2_PLACEMENT_3D('',#14825,#14826,#14827);
#14825 = CARTESIAN_POINT('',(-0.29,-0.18,1.));
#14826 = DIRECTION('',(-1.,0.,0.));
#14827 = DIRECTION('',(0.,0.,1.));
#14828 = ADVANCED_FACE('',(#14829),#14840,.T.);
#14829 = FACE_BOUND('',#14830,.T.);
#14830 = EDGE_LOOP('',(#14831,#14832,#14833,#14839));
#14831 = ORIENTED_EDGE('',*,*,#14594,.T.);
#14832 = ORIENTED_EDGE('',*,*,#14811,.F.);
#14833 = ORIENTED_EDGE('',*,*,#14834,.F.);
#14834 = EDGE_CURVE('',#14644,#14804,#14835,.T.);
#14835 = LINE('',#14836,#14837);
#14836 = CARTESIAN_POINT('',(-0.41,-0.35,0.915));
#14837 = VECTOR('',#14838,1.);
#14838 = DIRECTION('',(1.,0.,0.));
#14839 = ORIENTED_EDGE('',*,*,#14643,.T.);
#14840 = CYLINDRICAL_SURFACE('',#14841,0.12);
#14841 = AXIS2_PLACEMENT_3D('',#14842,#14843,#14844);
#14842 = CARTESIAN_POINT('',(-0.43,-0.23,0.915));
#14843 = DIRECTION('',(-1.,0.,-0.));
#14844 = DIRECTION('',(0.,0.,-1.));
#14845 = ADVANCED_FACE('',(#14846),#14857,.T.);
#14846 = FACE_BOUND('',#14847,.T.);
#14847 = EDGE_LOOP('',(#14848,#14849,#14850,#14856));
#14848 = ORIENTED_EDGE('',*,*,#14834,.T.);
#14849 = ORIENTED_EDGE('',*,*,#14803,.F.);
#14850 = ORIENTED_EDGE('',*,*,#14851,.F.);
#14851 = EDGE_CURVE('',#14653,#14796,#14852,.T.);
#14852 = LINE('',#14853,#14854);
#14853 = CARTESIAN_POINT('',(-0.41,-0.35,0.965));
#14854 = VECTOR('',#14855,1.);
#14855 = DIRECTION('',(1.,0.,0.));
#14856 = ORIENTED_EDGE('',*,*,#14652,.T.);
#14857 = PLANE('',#14858);
#14858 = AXIS2_PLACEMENT_3D('',#14859,#14860,#14861);
#14859 = CARTESIAN_POINT('',(-0.43,-0.35,0.965));
#14860 = DIRECTION('',(0.,-1.,0.));
#14861 = DIRECTION('',(0.,0.,-1.));
#14862 = ADVANCED_FACE('',(#14863),#14874,.T.);
#14863 = FACE_BOUND('',#14864,.T.);
#14864 = EDGE_LOOP('',(#14865,#14866,#14867,#14873));
#14865 = ORIENTED_EDGE('',*,*,#14851,.T.);
#14866 = ORIENTED_EDGE('',*,*,#14795,.F.);
#14867 = ORIENTED_EDGE('',*,*,#14868,.F.);
#14868 = EDGE_CURVE('',#14661,#14788,#14869,.T.);
#14869 = LINE('',#14870,#14871);
#14870 = CARTESIAN_POINT('',(-0.41,-0.33,0.985));
#14871 = VECTOR('',#14872,1.);
#14872 = DIRECTION('',(1.,0.,0.));
#14873 = ORIENTED_EDGE('',*,*,#14660,.T.);
#14874 = PLANE('',#14875);
#14875 = AXIS2_PLACEMENT_3D('',#14876,#14877,#14878);
#14876 = CARTESIAN_POINT('',(-0.43,-0.33,0.985));
#14877 = DIRECTION('',(0.,-0.707106781186,0.707106781187));
#14878 = DIRECTION('',(-1.,0.,0.));
#14879 = ADVANCED_FACE('',(#14880),#14886,.T.);
#14880 = FACE_BOUND('',#14881,.T.);
#14881 = EDGE_LOOP('',(#14882,#14883,#14884,#14885));
#14882 = ORIENTED_EDGE('',*,*,#14868,.T.);
#14883 = ORIENTED_EDGE('',*,*,#14787,.F.);
#14884 = ORIENTED_EDGE('',*,*,#14690,.F.);
#14885 = ORIENTED_EDGE('',*,*,#14668,.T.);
#14886 = PLANE('',#14887);
#14887 = AXIS2_PLACEMENT_3D('',#14888,#14889,#14890);
#14888 = CARTESIAN_POINT('',(-0.43,-0.33,1.));
#14889 = DIRECTION('',(0.,-1.,0.));
#14890 = DIRECTION('',(0.,0.,-1.));
#14891 = ADVANCED_FACE('',(#14892),#14917,.T.);
#14892 = FACE_BOUND('',#14893,.T.);
#14893 = EDGE_LOOP('',(#14894,#14895,#14903,#14911));
#14894 = ORIENTED_EDGE('',*,*,#13043,.T.);
#14895 = ORIENTED_EDGE('',*,*,#14896,.F.);
#14896 = EDGE_CURVE('',#14897,#13036,#14899,.T.);
#14897 = VERTEX_POINT('',#14898);
#14898 = CARTESIAN_POINT('',(-0.29,-0.23,-0.875));
#14899 = LINE('',#14900,#14901);
#14900 = CARTESIAN_POINT('',(-0.29,-0.23,-0.875));
#14901 = VECTOR('',#14902,1.);
#14902 = DIRECTION('',(0.,1.,0.));
#14903 = ORIENTED_EDGE('',*,*,#14904,.F.);
#14904 = EDGE_CURVE('',#14905,#14897,#14907,.T.);
#14905 = VERTEX_POINT('',#14906);
#14906 = CARTESIAN_POINT('',(-0.41,-0.23,-0.875));
#14907 = LINE('',#14908,#14909);
#14908 = CARTESIAN_POINT('',(-0.41,-0.23,-0.875));
#14909 = VECTOR('',#14910,1.);
#14910 = DIRECTION('',(1.,0.,0.));
#14911 = ORIENTED_EDGE('',*,*,#14912,.T.);
#14912 = EDGE_CURVE('',#14905,#13018,#14913,.T.);
#14913 = LINE('',#14914,#14915);
#14914 = CARTESIAN_POINT('',(-0.41,-0.23,-0.875));
#14915 = VECTOR('',#14916,1.);
#14916 = DIRECTION('',(0.,1.,0.));
#14917 = PLANE('',#14918);
#14918 = AXIS2_PLACEMENT_3D('',#14919,#14920,#14921);
#14919 = CARTESIAN_POINT('',(-0.43,-0.23,-0.875));
#14920 = DIRECTION('',(0.,0.,-1.));
#14921 = DIRECTION('',(0.,-1.,0.));
#14922 = ADVANCED_FACE('',(#14923),#14991,.F.);
#14923 = FACE_BOUND('',#14924,.T.);
#14924 = EDGE_LOOP('',(#14925,#14935,#14943,#14951,#14959,#14968,#14974,
    #14975,#14976,#14985));
#14925 = ORIENTED_EDGE('',*,*,#14926,.F.);
#14926 = EDGE_CURVE('',#14927,#14929,#14931,.T.);
#14927 = VERTEX_POINT('',#14928);
#14928 = CARTESIAN_POINT('',(-0.41,-0.33,-1.));
#14929 = VERTEX_POINT('',#14930);
#14930 = CARTESIAN_POINT('',(-0.41,-0.27,-1.));
#14931 = LINE('',#14932,#14933);
#14932 = CARTESIAN_POINT('',(-0.41,-0.33,-1.));
#14933 = VECTOR('',#14934,1.);
#14934 = DIRECTION('',(0.,1.,0.));
#14935 = ORIENTED_EDGE('',*,*,#14936,.F.);
#14936 = EDGE_CURVE('',#14937,#14927,#14939,.T.);
#14937 = VERTEX_POINT('',#14938);
#14938 = CARTESIAN_POINT('',(-0.41,-0.33,-0.985));
#14939 = LINE('',#14940,#14941);
#14940 = CARTESIAN_POINT('',(-0.41,-0.33,-0.985));
#14941 = VECTOR('',#14942,1.);
#14942 = DIRECTION('',(0.,0.,-1.));
#14943 = ORIENTED_EDGE('',*,*,#14944,.F.);
#14944 = EDGE_CURVE('',#14945,#14937,#14947,.T.);
#14945 = VERTEX_POINT('',#14946);
#14946 = CARTESIAN_POINT('',(-0.41,-0.35,-0.965));
#14947 = LINE('',#14948,#14949);
#14948 = CARTESIAN_POINT('',(-0.41,-0.35,-0.965));
#14949 = VECTOR('',#14950,1.);
#14950 = DIRECTION('',(0.,0.707106781187,-0.707106781186));
#14951 = ORIENTED_EDGE('',*,*,#14952,.F.);
#14952 = EDGE_CURVE('',#14953,#14945,#14955,.T.);
#14953 = VERTEX_POINT('',#14954);
#14954 = CARTESIAN_POINT('',(-0.41,-0.35,-0.915));
#14955 = LINE('',#14956,#14957);
#14956 = CARTESIAN_POINT('',(-0.41,-0.35,-0.915));
#14957 = VECTOR('',#14958,1.);
#14958 = DIRECTION('',(0.,0.,-1.));
#14959 = ORIENTED_EDGE('',*,*,#14960,.F.);
#14960 = EDGE_CURVE('',#14961,#14953,#14963,.T.);
#14961 = VERTEX_POINT('',#14962);
#14962 = CARTESIAN_POINT('',(-0.41,-0.23,-0.795));
#14963 = CIRCLE('',#14964,0.12);
#14964 = AXIS2_PLACEMENT_3D('',#14965,#14966,#14967);
#14965 = CARTESIAN_POINT('',(-0.41,-0.23,-0.915));
#14966 = DIRECTION('',(1.,0.,-0.));
#14967 = DIRECTION('',(0.,0.,1.));
#14968 = ORIENTED_EDGE('',*,*,#14969,.F.);
#14969 = EDGE_CURVE('',#13020,#14961,#14970,.T.);
#14970 = LINE('',#14971,#14972);
#14971 = CARTESIAN_POINT('',(-0.41,-0.18,-0.795));
#14972 = VECTOR('',#14973,1.);
#14973 = DIRECTION('',(0.,-1.,0.));
#14974 = ORIENTED_EDGE('',*,*,#13017,.F.);
#14975 = ORIENTED_EDGE('',*,*,#14912,.F.);
#14976 = ORIENTED_EDGE('',*,*,#14977,.T.);
#14977 = EDGE_CURVE('',#14905,#14978,#14980,.T.);
#14978 = VERTEX_POINT('',#14979);
#14979 = CARTESIAN_POINT('',(-0.41,-0.27,-0.915));
#14980 = CIRCLE('',#14981,4.E-02);
#14981 = AXIS2_PLACEMENT_3D('',#14982,#14983,#14984);
#14982 = CARTESIAN_POINT('',(-0.41,-0.23,-0.915));
#14983 = DIRECTION('',(1.,0.,-0.));
#14984 = DIRECTION('',(0.,1.734723475977E-14,1.));
#14985 = ORIENTED_EDGE('',*,*,#14986,.F.);
#14986 = EDGE_CURVE('',#14929,#14978,#14987,.T.);
#14987 = LINE('',#14988,#14989);
#14988 = CARTESIAN_POINT('',(-0.41,-0.27,-1.));
#14989 = VECTOR('',#14990,1.);
#14990 = DIRECTION('',(0.,0.,1.));
#14991 = PLANE('',#14992);
#14992 = AXIS2_PLACEMENT_3D('',#14993,#14994,#14995);
#14993 = CARTESIAN_POINT('',(-0.41,-0.18,-1.));
#14994 = DIRECTION('',(1.,0.,0.));
#14995 = DIRECTION('',(-0.,1.,0.));
#14996 = ADVANCED_FACE('',(#14997),#15022,.T.);
#14997 = FACE_BOUND('',#14998,.T.);
#14998 = EDGE_LOOP('',(#14999,#15007,#15015,#15021));
#14999 = ORIENTED_EDGE('',*,*,#15000,.T.);
#15000 = EDGE_CURVE('',#14978,#15001,#15003,.T.);
#15001 = VERTEX_POINT('',#15002);
#15002 = CARTESIAN_POINT('',(-0.29,-0.27,-0.915));
#15003 = LINE('',#15004,#15005);
#15004 = CARTESIAN_POINT('',(-0.41,-0.27,-0.915));
#15005 = VECTOR('',#15006,1.);
#15006 = DIRECTION('',(1.,0.,0.));
#15007 = ORIENTED_EDGE('',*,*,#15008,.F.);
#15008 = EDGE_CURVE('',#15009,#15001,#15011,.T.);
#15009 = VERTEX_POINT('',#15010);
#15010 = CARTESIAN_POINT('',(-0.29,-0.27,-1.));
#15011 = LINE('',#15012,#15013);
#15012 = CARTESIAN_POINT('',(-0.29,-0.27,-1.));
#15013 = VECTOR('',#15014,1.);
#15014 = DIRECTION('',(0.,0.,1.));
#15015 = ORIENTED_EDGE('',*,*,#15016,.F.);
#15016 = EDGE_CURVE('',#14929,#15009,#15017,.T.);
#15017 = LINE('',#15018,#15019);
#15018 = CARTESIAN_POINT('',(-0.41,-0.27,-1.));
#15019 = VECTOR('',#15020,1.);
#15020 = DIRECTION('',(1.,0.,0.));
#15021 = ORIENTED_EDGE('',*,*,#14986,.T.);
#15022 = PLANE('',#15023);
#15023 = AXIS2_PLACEMENT_3D('',#15024,#15025,#15026);
#15024 = CARTESIAN_POINT('',(-0.43,-0.27,-1.));
#15025 = DIRECTION('',(-0.,1.,0.));
#15026 = DIRECTION('',(1.,0.,0.));
#15027 = ADVANCED_FACE('',(#15028),#15046,.T.);
#15028 = FACE_BOUND('',#15029,.T.);
#15029 = EDGE_LOOP('',(#15030,#15031,#15039,#15045));
#15030 = ORIENTED_EDGE('',*,*,#15016,.T.);
#15031 = ORIENTED_EDGE('',*,*,#15032,.F.);
#15032 = EDGE_CURVE('',#15033,#15009,#15035,.T.);
#15033 = VERTEX_POINT('',#15034);
#15034 = CARTESIAN_POINT('',(-0.29,-0.33,-1.));
#15035 = LINE('',#15036,#15037);
#15036 = CARTESIAN_POINT('',(-0.29,-0.33,-1.));
#15037 = VECTOR('',#15038,1.);
#15038 = DIRECTION('',(0.,1.,0.));
#15039 = ORIENTED_EDGE('',*,*,#15040,.F.);
#15040 = EDGE_CURVE('',#14927,#15033,#15041,.T.);
#15041 = LINE('',#15042,#15043);
#15042 = CARTESIAN_POINT('',(-0.41,-0.33,-1.));
#15043 = VECTOR('',#15044,1.);
#15044 = DIRECTION('',(1.,0.,0.));
#15045 = ORIENTED_EDGE('',*,*,#14926,.T.);
#15046 = PLANE('',#15047);
#15047 = AXIS2_PLACEMENT_3D('',#15048,#15049,#15050);
#15048 = CARTESIAN_POINT('',(-0.43,-0.33,-1.));
#15049 = DIRECTION('',(0.,0.,-1.));
#15050 = DIRECTION('',(0.,-1.,0.));
#15051 = ADVANCED_FACE('',(#15052),#15070,.T.);
#15052 = FACE_BOUND('',#15053,.T.);
#15053 = EDGE_LOOP('',(#15054,#15055,#15063,#15069));
#15054 = ORIENTED_EDGE('',*,*,#15040,.T.);
#15055 = ORIENTED_EDGE('',*,*,#15056,.F.);
#15056 = EDGE_CURVE('',#15057,#15033,#15059,.T.);
#15057 = VERTEX_POINT('',#15058);
#15058 = CARTESIAN_POINT('',(-0.29,-0.33,-0.985));
#15059 = LINE('',#15060,#15061);
#15060 = CARTESIAN_POINT('',(-0.29,-0.33,-0.985));
#15061 = VECTOR('',#15062,1.);
#15062 = DIRECTION('',(0.,0.,-1.));
#15063 = ORIENTED_EDGE('',*,*,#15064,.F.);
#15064 = EDGE_CURVE('',#14937,#15057,#15065,.T.);
#15065 = LINE('',#15066,#15067);
#15066 = CARTESIAN_POINT('',(-0.41,-0.33,-0.985));
#15067 = VECTOR('',#15068,1.);
#15068 = DIRECTION('',(1.,0.,0.));
#15069 = ORIENTED_EDGE('',*,*,#14936,.T.);
#15070 = PLANE('',#15071);
#15071 = AXIS2_PLACEMENT_3D('',#15072,#15073,#15074);
#15072 = CARTESIAN_POINT('',(-0.43,-0.33,-0.985));
#15073 = DIRECTION('',(0.,-1.,0.));
#15074 = DIRECTION('',(0.,0.,-1.));
#15075 = ADVANCED_FACE('',(#15076),#15094,.T.);
#15076 = FACE_BOUND('',#15077,.T.);
#15077 = EDGE_LOOP('',(#15078,#15079,#15087,#15093));
#15078 = ORIENTED_EDGE('',*,*,#15064,.T.);
#15079 = ORIENTED_EDGE('',*,*,#15080,.F.);
#15080 = EDGE_CURVE('',#15081,#15057,#15083,.T.);
#15081 = VERTEX_POINT('',#15082);
#15082 = CARTESIAN_POINT('',(-0.29,-0.35,-0.965));
#15083 = LINE('',#15084,#15085);
#15084 = CARTESIAN_POINT('',(-0.29,-0.35,-0.965));
#15085 = VECTOR('',#15086,1.);
#15086 = DIRECTION('',(0.,0.707106781187,-0.707106781186));
#15087 = ORIENTED_EDGE('',*,*,#15088,.F.);
#15088 = EDGE_CURVE('',#14945,#15081,#15089,.T.);
#15089 = LINE('',#15090,#15091);
#15090 = CARTESIAN_POINT('',(-0.41,-0.35,-0.965));
#15091 = VECTOR('',#15092,1.);
#15092 = DIRECTION('',(1.,0.,0.));
#15093 = ORIENTED_EDGE('',*,*,#14944,.T.);
#15094 = PLANE('',#15095);
#15095 = AXIS2_PLACEMENT_3D('',#15096,#15097,#15098);
#15096 = CARTESIAN_POINT('',(-0.43,-0.35,-0.965));
#15097 = DIRECTION('',(0.,-0.707106781186,-0.707106781187));
#15098 = DIRECTION('',(0.,-0.707106781187,0.707106781186));
#15099 = ADVANCED_FACE('',(#15100),#15118,.T.);
#15100 = FACE_BOUND('',#15101,.T.);
#15101 = EDGE_LOOP('',(#15102,#15103,#15111,#15117));
#15102 = ORIENTED_EDGE('',*,*,#15088,.T.);
#15103 = ORIENTED_EDGE('',*,*,#15104,.F.);
#15104 = EDGE_CURVE('',#15105,#15081,#15107,.T.);
#15105 = VERTEX_POINT('',#15106);
#15106 = CARTESIAN_POINT('',(-0.29,-0.35,-0.915));
#15107 = LINE('',#15108,#15109);
#15108 = CARTESIAN_POINT('',(-0.29,-0.35,-0.915));
#15109 = VECTOR('',#15110,1.);
#15110 = DIRECTION('',(0.,0.,-1.));
#15111 = ORIENTED_EDGE('',*,*,#15112,.F.);
#15112 = EDGE_CURVE('',#14953,#15105,#15113,.T.);
#15113 = LINE('',#15114,#15115);
#15114 = CARTESIAN_POINT('',(-0.41,-0.35,-0.915));
#15115 = VECTOR('',#15116,1.);
#15116 = DIRECTION('',(1.,0.,0.));
#15117 = ORIENTED_EDGE('',*,*,#14952,.T.);
#15118 = PLANE('',#15119);
#15119 = AXIS2_PLACEMENT_3D('',#15120,#15121,#15122);
#15120 = CARTESIAN_POINT('',(-0.43,-0.35,-0.915));
#15121 = DIRECTION('',(0.,-1.,0.));
#15122 = DIRECTION('',(0.,0.,-1.));
#15123 = ADVANCED_FACE('',(#15124),#15143,.T.);
#15124 = FACE_BOUND('',#15125,.T.);
#15125 = EDGE_LOOP('',(#15126,#15127,#15136,#15142));
#15126 = ORIENTED_EDGE('',*,*,#15112,.T.);
#15127 = ORIENTED_EDGE('',*,*,#15128,.F.);
#15128 = EDGE_CURVE('',#15129,#15105,#15131,.T.);
#15129 = VERTEX_POINT('',#15130);
#15130 = CARTESIAN_POINT('',(-0.29,-0.23,-0.795));
#15131 = CIRCLE('',#15132,0.12);
#15132 = AXIS2_PLACEMENT_3D('',#15133,#15134,#15135);
#15133 = CARTESIAN_POINT('',(-0.29,-0.23,-0.915));
#15134 = DIRECTION('',(1.,0.,-0.));
#15135 = DIRECTION('',(0.,0.,1.));
#15136 = ORIENTED_EDGE('',*,*,#15137,.F.);
#15137 = EDGE_CURVE('',#14961,#15129,#15138,.T.);
#15138 = LINE('',#15139,#15140);
#15139 = CARTESIAN_POINT('',(-0.41,-0.23,-0.795));
#15140 = VECTOR('',#15141,1.);
#15141 = DIRECTION('',(1.,0.,0.));
#15142 = ORIENTED_EDGE('',*,*,#14960,.T.);
#15143 = CYLINDRICAL_SURFACE('',#15144,0.12);
#15144 = AXIS2_PLACEMENT_3D('',#15145,#15146,#15147);
#15145 = CARTESIAN_POINT('',(-0.43,-0.23,-0.915));
#15146 = DIRECTION('',(-1.,0.,-0.));
#15147 = DIRECTION('',(0.,0.,-1.));
#15148 = ADVANCED_FACE('',(#15149),#15160,.T.);
#15149 = FACE_BOUND('',#15150,.T.);
#15150 = EDGE_LOOP('',(#15151,#15152,#15158,#15159));
#15151 = ORIENTED_EDGE('',*,*,#15137,.T.);
#15152 = ORIENTED_EDGE('',*,*,#15153,.F.);
#15153 = EDGE_CURVE('',#13028,#15129,#15154,.T.);
#15154 = LINE('',#15155,#15156);
#15155 = CARTESIAN_POINT('',(-0.29,-0.18,-0.795));
#15156 = VECTOR('',#15157,1.);
#15157 = DIRECTION('',(0.,-1.,0.));
#15158 = ORIENTED_EDGE('',*,*,#13027,.F.);
#15159 = ORIENTED_EDGE('',*,*,#14969,.T.);
#15160 = PLANE('',#15161);
#15161 = AXIS2_PLACEMENT_3D('',#15162,#15163,#15164);
#15162 = CARTESIAN_POINT('',(-0.43,0.21,-0.795));
#15163 = DIRECTION('',(0.,0.,1.));
#15164 = DIRECTION('',(1.,0.,-0.));
#15165 = ADVANCED_FACE('',(#15166),#15184,.F.);
#15166 = FACE_BOUND('',#15167,.T.);
#15167 = EDGE_LOOP('',(#15168,#15175,#15176,#15177,#15178,#15179,#15180,
    #15181,#15182,#15183));
#15168 = ORIENTED_EDGE('',*,*,#15169,.F.);
#15169 = EDGE_CURVE('',#14897,#15001,#15170,.T.);
#15170 = CIRCLE('',#15171,4.E-02);
#15171 = AXIS2_PLACEMENT_3D('',#15172,#15173,#15174);
#15172 = CARTESIAN_POINT('',(-0.29,-0.23,-0.915));
#15173 = DIRECTION('',(1.,0.,-0.));
#15174 = DIRECTION('',(0.,1.734723475977E-14,1.));
#15175 = ORIENTED_EDGE('',*,*,#14896,.T.);
#15176 = ORIENTED_EDGE('',*,*,#13035,.F.);
#15177 = ORIENTED_EDGE('',*,*,#15153,.T.);
#15178 = ORIENTED_EDGE('',*,*,#15128,.T.);
#15179 = ORIENTED_EDGE('',*,*,#15104,.T.);
#15180 = ORIENTED_EDGE('',*,*,#15080,.T.);
#15181 = ORIENTED_EDGE('',*,*,#15056,.T.);
#15182 = ORIENTED_EDGE('',*,*,#15032,.T.);
#15183 = ORIENTED_EDGE('',*,*,#15008,.T.);
#15184 = PLANE('',#15185);
#15185 = AXIS2_PLACEMENT_3D('',#15186,#15187,#15188);
#15186 = CARTESIAN_POINT('',(-0.29,-0.18,-0.76));
#15187 = DIRECTION('',(-1.,0.,0.));
#15188 = DIRECTION('',(0.,0.,1.));
#15189 = ADVANCED_FACE('',(#15190),#15196,.F.);
#15190 = FACE_BOUND('',#15191,.F.);
#15191 = EDGE_LOOP('',(#15192,#15193,#15194,#15195));
#15192 = ORIENTED_EDGE('',*,*,#14977,.T.);
#15193 = ORIENTED_EDGE('',*,*,#15000,.T.);
#15194 = ORIENTED_EDGE('',*,*,#15169,.F.);
#15195 = ORIENTED_EDGE('',*,*,#14904,.F.);
#15196 = CYLINDRICAL_SURFACE('',#15197,4.E-02);
#15197 = AXIS2_PLACEMENT_3D('',#15198,#15199,#15200);
#15198 = CARTESIAN_POINT('',(-0.43,-0.23,-0.915));
#15199 = DIRECTION('',(-1.,0.,-0.));
#15200 = DIRECTION('',(0.,0.,-1.));
#15201 = ADVANCED_FACE('',(#15202),#15208,.F.);
#15202 = FACE_BOUND('',#15203,.T.);
#15203 = EDGE_LOOP('',(#15204,#15205,#15206,#15207));
#15204 = ORIENTED_EDGE('',*,*,#5237,.T.);
#15205 = ORIENTED_EDGE('',*,*,#3940,.F.);
#15206 = ORIENTED_EDGE('',*,*,#3746,.F.);
#15207 = ORIENTED_EDGE('',*,*,#4659,.T.);
#15208 = PLANE('',#15209);
#15209 = AXIS2_PLACEMENT_3D('',#15210,#15211,#15212);
#15210 = CARTESIAN_POINT('',(0.8275,0.,0.));
#15211 = DIRECTION('',(1.,0.,0.));
#15212 = DIRECTION('',(-0.,1.,0.));
#15213 = ADVANCED_FACE('',(#15214),#15220,.F.);
#15214 = FACE_BOUND('',#15215,.T.);
#15215 = EDGE_LOOP('',(#15216,#15217,#15218,#15219));
#15216 = ORIENTED_EDGE('',*,*,#12477,.T.);
#15217 = ORIENTED_EDGE('',*,*,#12693,.F.);
#15218 = ORIENTED_EDGE('',*,*,#5859,.F.);
#15219 = ORIENTED_EDGE('',*,*,#4460,.T.);
#15220 = PLANE('',#15221);
#15221 = AXIS2_PLACEMENT_3D('',#15222,#15223,#15224);
#15222 = CARTESIAN_POINT('',(0.8275,0.,0.));
#15223 = DIRECTION('',(1.,0.,0.));
#15224 = DIRECTION('',(-0.,1.,0.));
#15225 = ADVANCED_FACE('',(#15226),#15237,.F.);
#15226 = FACE_BOUND('',#15227,.T.);
#15227 = EDGE_LOOP('',(#15228,#15229,#15235,#15236));
#15228 = ORIENTED_EDGE('',*,*,#12645,.T.);
#15229 = ORIENTED_EDGE('',*,*,#15230,.F.);
#15230 = EDGE_CURVE('',#12507,#12638,#15231,.T.);
#15231 = LINE('',#15232,#15233);
#15232 = CARTESIAN_POINT('',(0.62,6.8E-02,-0.62866826328));
#15233 = VECTOR('',#15234,1.);
#15234 = DIRECTION('',(1.,0.,0.));
#15235 = ORIENTED_EDGE('',*,*,#12506,.F.);
#15236 = ORIENTED_EDGE('',*,*,#5883,.T.);
#15237 = PLANE('',#15238);
#15238 = AXIS2_PLACEMENT_3D('',#15239,#15240,#15241);
#15239 = CARTESIAN_POINT('',(0.62,6.8E-02,-0.97));
#15240 = DIRECTION('',(-0.,1.,0.));
#15241 = DIRECTION('',(1.,0.,0.));
#15242 = ADVANCED_FACE('',(#15243),#15254,.F.);
#15243 = FACE_BOUND('',#15244,.T.);
#15244 = EDGE_LOOP('',(#15245,#15246,#15247,#15253));
#15245 = ORIENTED_EDGE('',*,*,#15230,.T.);
#15246 = ORIENTED_EDGE('',*,*,#12637,.T.);
#15247 = ORIENTED_EDGE('',*,*,#15248,.F.);
#15248 = EDGE_CURVE('',#12515,#12629,#15249,.T.);
#15249 = LINE('',#15250,#15251);
#15250 = CARTESIAN_POINT('',(0.62,0.147698376862,-0.571756978372));
#15251 = VECTOR('',#15252,1.);
#15252 = DIRECTION('',(1.,0.,0.));
#15253 = ORIENTED_EDGE('',*,*,#12514,.F.);
#15254 = PLANE('',#15255);
#15255 = AXIS2_PLACEMENT_3D('',#15256,#15257,#15258);
#15256 = CARTESIAN_POINT('',(0.62,6.8E-02,-0.62866826328));
#15257 = DIRECTION('',(0.,0.581129145978,-0.813811351416));
#15258 = DIRECTION('',(-1.,0.,0.));
#15259 = ADVANCED_FACE('',(#15260),#15266,.T.);
#15260 = FACE_BOUND('',#15261,.T.);
#15261 = EDGE_LOOP('',(#15262,#15263,#15264,#15265));
#15262 = ORIENTED_EDGE('',*,*,#2465,.T.);
#15263 = ORIENTED_EDGE('',*,*,#12522,.F.);
#15264 = ORIENTED_EDGE('',*,*,#15248,.T.);
#15265 = ORIENTED_EDGE('',*,*,#12628,.T.);
#15266 = CYLINDRICAL_SURFACE('',#15267,9.E-02);
#15267 = AXIS2_PLACEMENT_3D('',#15268,#15269,#15270);
#15268 = CARTESIAN_POINT('',(0.62,0.2,-0.645));
#15269 = DIRECTION('',(1.,-0.,0.));
#15270 = DIRECTION('',(0.,0.,1.));
#15271 = ADVANCED_FACE('',(#15272),#15283,.F.);
#15272 = FACE_BOUND('',#15273,.T.);
#15273 = EDGE_LOOP('',(#15274,#15275,#15276,#15282));
#15274 = ORIENTED_EDGE('',*,*,#2484,.T.);
#15275 = ORIENTED_EDGE('',*,*,#12621,.T.);
#15276 = ORIENTED_EDGE('',*,*,#15277,.F.);
#15277 = EDGE_CURVE('',#12531,#12613,#15278,.T.);
#15278 = LINE('',#15279,#15280);
#15279 = CARTESIAN_POINT('',(0.62,0.297850884872,-0.609619985366));
#15280 = VECTOR('',#15281,1.);
#15281 = DIRECTION('',(1.,0.,0.));
#15282 = ORIENTED_EDGE('',*,*,#12530,.F.);
#15283 = PLANE('',#15284);
#15284 = AXIS2_PLACEMENT_3D('',#15285,#15286,#15287);
#15285 = CARTESIAN_POINT('',(0.62,0.257850884872,-0.576056000119));
#15286 = DIRECTION('',(0.,-0.642787609686,-0.766044443119));
#15287 = DIRECTION('',(0.,-0.766044443119,0.642787609686));
#15288 = ADVANCED_FACE('',(#15289),#15300,.T.);
#15289 = FACE_BOUND('',#15290,.T.);
#15290 = EDGE_LOOP('',(#15291,#15292,#15293,#15299));
#15291 = ORIENTED_EDGE('',*,*,#15277,.T.);
#15292 = ORIENTED_EDGE('',*,*,#12612,.T.);
#15293 = ORIENTED_EDGE('',*,*,#15294,.F.);
#15294 = EDGE_CURVE('',#12539,#12605,#15295,.T.);
#15295 = LINE('',#15296,#15297);
#15296 = CARTESIAN_POINT('',(0.62,0.33,-0.678563985247));
#15297 = VECTOR('',#15298,1.);
#15298 = DIRECTION('',(1.,0.,0.));
#15299 = ORIENTED_EDGE('',*,*,#12538,.F.);
#15300 = CYLINDRICAL_SURFACE('',#15301,9.E-02);
#15301 = AXIS2_PLACEMENT_3D('',#15302,#15303,#15304);
#15302 = CARTESIAN_POINT('',(0.62,0.24,-0.678563985247));
#15303 = DIRECTION('',(1.,-0.,0.));
#15304 = DIRECTION('',(0.,0.,1.));
#15305 = ADVANCED_FACE('',(#15306),#15312,.F.);
#15306 = FACE_BOUND('',#15307,.T.);
#15307 = EDGE_LOOP('',(#15308,#15309,#15310,#15311));
#15308 = ORIENTED_EDGE('',*,*,#15294,.T.);
#15309 = ORIENTED_EDGE('',*,*,#12604,.T.);
#15310 = ORIENTED_EDGE('',*,*,#12571,.F.);
#15311 = ORIENTED_EDGE('',*,*,#12547,.F.);
#15312 = PLANE('',#15313);
#15313 = AXIS2_PLACEMENT_3D('',#15314,#15315,#15316);
#15314 = CARTESIAN_POINT('',(0.62,0.33,-0.678563985247));
#15315 = DIRECTION('',(0.,-1.,0.));
#15316 = DIRECTION('',(0.,0.,-1.));
#15317 = ADVANCED_FACE('',(#15318),#15329,.F.);
#15318 = FACE_BOUND('',#15319,.F.);
#15319 = EDGE_LOOP('',(#15320,#15326,#15327,#15328));
#15320 = ORIENTED_EDGE('',*,*,#15321,.F.);
#15321 = EDGE_CURVE('',#12445,#9825,#15322,.T.);
#15322 = LINE('',#15323,#15324);
#15323 = CARTESIAN_POINT('',(0.835,0.13,-0.88));
#15324 = VECTOR('',#15325,1.);
#15325 = DIRECTION('',(0.,0.,-1.));
#15326 = ORIENTED_EDGE('',*,*,#12452,.F.);
#15327 = ORIENTED_EDGE('',*,*,#12596,.T.);
#15328 = ORIENTED_EDGE('',*,*,#9824,.F.);
#15329 = CYLINDRICAL_SURFACE('',#15330,4.E-02);
#15330 = AXIS2_PLACEMENT_3D('',#15331,#15332,#15333);
#15331 = CARTESIAN_POINT('',(0.835,0.17,-0.88));
#15332 = DIRECTION('',(0.,0.,-1.));
#15333 = DIRECTION('',(1.,0.,0.));
#15334 = ADVANCED_FACE('',(#15335),#15346,.F.);
#15335 = FACE_BOUND('',#15336,.T.);
#15336 = EDGE_LOOP('',(#15337,#15338,#15339,#15340));
#15337 = ORIENTED_EDGE('',*,*,#9833,.T.);
#15338 = ORIENTED_EDGE('',*,*,#15321,.F.);
#15339 = ORIENTED_EDGE('',*,*,#12444,.F.);
#15340 = ORIENTED_EDGE('',*,*,#15341,.T.);
#15341 = EDGE_CURVE('',#12436,#9834,#15342,.T.);
#15342 = LINE('',#15343,#15344);
#15343 = CARTESIAN_POINT('',(0.90021809153,0.13,-0.88));
#15344 = VECTOR('',#15345,1.);
#15345 = DIRECTION('',(0.,0.,-1.));
#15346 = PLANE('',#15347);
#15347 = AXIS2_PLACEMENT_3D('',#15348,#15349,#15350);
#15348 = CARTESIAN_POINT('',(0.90021809153,0.13,-0.88));
#15349 = DIRECTION('',(0.,-1.,0.));
#15350 = DIRECTION('',(0.,0.,-1.));
#15351 = ADVANCED_FACE('',(#15352),#15363,.F.);
#15352 = FACE_BOUND('',#15353,.F.);
#15353 = EDGE_LOOP('',(#15354,#15360,#15361,#15362));
#15354 = ORIENTED_EDGE('',*,*,#15355,.F.);
#15355 = EDGE_CURVE('',#12428,#9842,#15356,.T.);
#15356 = LINE('',#15357,#15358);
#15357 = CARTESIAN_POINT('',(0.927530277865,0.140775960621,-0.88));
#15358 = VECTOR('',#15359,1.);
#15359 = DIRECTION('',(0.,0.,-1.));
#15360 = ORIENTED_EDGE('',*,*,#12435,.F.);
#15361 = ORIENTED_EDGE('',*,*,#15341,.T.);
#15362 = ORIENTED_EDGE('',*,*,#9841,.F.);
#15363 = CYLINDRICAL_SURFACE('',#15364,4.E-02);
#15364 = AXIS2_PLACEMENT_3D('',#15365,#15366,#15367);
#15365 = CARTESIAN_POINT('',(0.90021809153,0.17,-0.88));
#15366 = DIRECTION('',(0.,0.,-1.));
#15367 = DIRECTION('',(1.,0.,0.));
#15368 = ADVANCED_FACE('',(#15369),#15375,.F.);
#15369 = FACE_BOUND('',#15370,.T.);
#15370 = EDGE_LOOP('',(#15371,#15372,#15373,#15374));
#15371 = ORIENTED_EDGE('',*,*,#9850,.T.);
#15372 = ORIENTED_EDGE('',*,*,#15355,.F.);
#15373 = ORIENTED_EDGE('',*,*,#12427,.F.);
#15374 = ORIENTED_EDGE('',*,*,#8194,.T.);
#15375 = PLANE('',#15376);
#15376 = AXIS2_PLACEMENT_3D('',#15377,#15378,#15379);
#15377 = CARTESIAN_POINT('',(1.13,0.33,-0.88));
#15378 = DIRECTION('',(0.682804658377,-0.730600984463,0.));
#15379 = DIRECTION('',(0.,0.,-1.));
#15380 = ADVANCED_FACE('',(#15381),#15392,.F.);
#15381 = FACE_BOUND('',#15382,.T.);
#15382 = EDGE_LOOP('',(#15383,#15384,#15390,#15391));
#15383 = ORIENTED_EDGE('',*,*,#9792,.T.);
#15384 = ORIENTED_EDGE('',*,*,#15385,.F.);
#15385 = EDGE_CURVE('',#12336,#9785,#15386,.T.);
#15386 = LINE('',#15387,#15388);
#15387 = CARTESIAN_POINT('',(0.67,-0.17,-0.88));
#15388 = VECTOR('',#15389,1.);
#15389 = DIRECTION('',(0.,0.,-1.));
#15390 = ORIENTED_EDGE('',*,*,#12333,.F.);
#15391 = ORIENTED_EDGE('',*,*,#12492,.T.);
#15392 = PLANE('',#15393);
#15393 = AXIS2_PLACEMENT_3D('',#15394,#15395,#15396);
#15394 = CARTESIAN_POINT('',(0.62,-0.12,-0.88));
#15395 = DIRECTION('',(0.707106781186,0.707106781187,0.));
#15396 = DIRECTION('',(0.,0.,-1.));
#15397 = ADVANCED_FACE('',(#15398),#15409,.F.);
#15398 = FACE_BOUND('',#15399,.T.);
#15399 = EDGE_LOOP('',(#15400,#15401,#15407,#15408));
#15400 = ORIENTED_EDGE('',*,*,#9784,.T.);
#15401 = ORIENTED_EDGE('',*,*,#15402,.F.);
#15402 = EDGE_CURVE('',#12344,#9776,#15403,.T.);
#15403 = LINE('',#15404,#15405);
#15404 = CARTESIAN_POINT('',(0.964,-0.17,-0.88));
#15405 = VECTOR('',#15406,1.);
#15406 = DIRECTION('',(0.,0.,-1.));
#15407 = ORIENTED_EDGE('',*,*,#12343,.F.);
#15408 = ORIENTED_EDGE('',*,*,#15385,.T.);
#15409 = PLANE('',#15410);
#15410 = AXIS2_PLACEMENT_3D('',#15411,#15412,#15413);
#15411 = CARTESIAN_POINT('',(0.67,-0.17,-0.88));
#15412 = DIRECTION('',(-0.,1.,0.));
#15413 = DIRECTION('',(1.,0.,0.));
#15414 = ADVANCED_FACE('',(#15415),#15426,.T.);
#15415 = FACE_BOUND('',#15416,.T.);
#15416 = EDGE_LOOP('',(#15417,#15418,#15424,#15425));
#15417 = ORIENTED_EDGE('',*,*,#9775,.T.);
#15418 = ORIENTED_EDGE('',*,*,#15419,.F.);
#15419 = EDGE_CURVE('',#12352,#9768,#15420,.T.);
#15420 = LINE('',#15421,#15422);
#15421 = CARTESIAN_POINT('',(1.032280465838,-0.143060098446,-0.88));
#15422 = VECTOR('',#15423,1.);
#15423 = DIRECTION('',(0.,0.,-1.));
#15424 = ORIENTED_EDGE('',*,*,#12351,.F.);
#15425 = ORIENTED_EDGE('',*,*,#15402,.T.);
#15426 = CYLINDRICAL_SURFACE('',#15427,0.1);
#15427 = AXIS2_PLACEMENT_3D('',#15428,#15429,#15430);
#15428 = CARTESIAN_POINT('',(0.964,-7.E-02,-0.88));
#15429 = DIRECTION('',(0.,0.,-1.));
#15430 = DIRECTION('',(1.,0.,0.));
#15431 = ADVANCED_FACE('',(#15432),#15443,.F.);
#15432 = FACE_BOUND('',#15433,.T.);
#15433 = EDGE_LOOP('',(#15434,#15435,#15441,#15442));
#15434 = ORIENTED_EDGE('',*,*,#9767,.T.);
#15435 = ORIENTED_EDGE('',*,*,#15436,.F.);
#15436 = EDGE_CURVE('',#12361,#9759,#15437,.T.);
#15437 = LINE('',#15438,#15439);
#15438 = CARTESIAN_POINT('',(1.177929076513,-6.939901553669E-03,-0.88));
#15439 = VECTOR('',#15440,1.);
#15440 = DIRECTION('',(0.,0.,-1.));
#15441 = ORIENTED_EDGE('',*,*,#12360,.F.);
#15442 = ORIENTED_EDGE('',*,*,#15419,.T.);
#15443 = PLANE('',#15444);
#15444 = AXIS2_PLACEMENT_3D('',#15445,#15446,#15447);
#15445 = CARTESIAN_POINT('',(1.032280465838,-0.143060098446,-0.88));
#15446 = DIRECTION('',(-0.682804658377,0.730600984463,0.));
#15447 = DIRECTION('',(0.,0.,1.));
#15448 = ADVANCED_FACE('',(#15449),#15455,.F.);
#15449 = FACE_BOUND('',#15450,.F.);
#15450 = EDGE_LOOP('',(#15451,#15452,#15453,#15454));
#15451 = ORIENTED_EDGE('',*,*,#15436,.F.);
#15452 = ORIENTED_EDGE('',*,*,#12368,.F.);
#15453 = ORIENTED_EDGE('',*,*,#9734,.T.);
#15454 = ORIENTED_EDGE('',*,*,#9758,.F.);
#15455 = CYLINDRICAL_SURFACE('',#15456,0.1);
#15456 = AXIS2_PLACEMENT_3D('',#15457,#15458,#15459);
#15457 = CARTESIAN_POINT('',(1.246209542351,-8.E-02,-0.88));
#15458 = DIRECTION('',(0.,0.,-1.));
#15459 = DIRECTION('',(1.,0.,0.));
#15460 = ADVANCED_FACE('',(#15461),#15483,.T.);
#15461 = FACE_BOUND('',#15462,.T.);
#15462 = EDGE_LOOP('',(#15463,#15472,#15473,#15474,#15475,#15476));
#15463 = ORIENTED_EDGE('',*,*,#15464,.T.);
#15464 = EDGE_CURVE('',#15465,#3161,#15467,.T.);
#15465 = VERTEX_POINT('',#15466);
#15466 = CARTESIAN_POINT('',(1.7,-0.28,-0.932287565553));
#15467 = B_SPLINE_CURVE_WITH_KNOTS('',3,(#15468,#15469,#15470,#15471),
  .UNSPECIFIED.,.F.,.F.,(4,4),(0.,1.),.PIECEWISE_BEZIER_KNOTS.);
#15468 = CARTESIAN_POINT('',(1.7,-0.28,-0.932287565553));
#15469 = CARTESIAN_POINT('',(1.684819729773,-0.295180270227,
    -0.949500374062));
#15470 = CARTESIAN_POINT('',(1.668013827844,-0.311986172156,
    -0.962804792402));
#15471 = CARTESIAN_POINT('',(1.65,-0.33,-0.973205080757));
#15472 = ORIENTED_EDGE('',*,*,#3160,.T.);
#15473 = ORIENTED_EDGE('',*,*,#12246,.T.);
#15474 = ORIENTED_EDGE('',*,*,#8690,.F.);
#15475 = ORIENTED_EDGE('',*,*,#9002,.F.);
#15476 = ORIENTED_EDGE('',*,*,#15477,.T.);
#15477 = EDGE_CURVE('',#8995,#15465,#15478,.T.);
#15478 = CIRCLE('',#15479,0.2);
#15479 = AXIS2_PLACEMENT_3D('',#15480,#15481,#15482);
#15480 = CARTESIAN_POINT('',(1.55,-0.28,-0.8));
#15481 = DIRECTION('',(0.,1.,0.));
#15482 = DIRECTION('',(1.,0.,-1.054711873394E-14));
#15483 = CYLINDRICAL_SURFACE('',#15484,0.2);
#15484 = AXIS2_PLACEMENT_3D('',#15485,#15486,#15487);
#15485 = CARTESIAN_POINT('',(1.55,-0.33,-0.8));
#15486 = DIRECTION('',(0.,-1.,0.));
#15487 = DIRECTION('',(1.,0.,0.));
#15488 = ADVANCED_FACE('',(#15489),#15515,.F.);
#15489 = FACE_BOUND('',#15490,.T.);
#15490 = EDGE_LOOP('',(#15491,#15500,#15508,#15514));
#15491 = ORIENTED_EDGE('',*,*,#15492,.F.);
#15492 = EDGE_CURVE('',#15493,#9020,#15495,.T.);
#15493 = VERTEX_POINT('',#15494);
#15494 = CARTESIAN_POINT('',(1.7,-0.28,0.932287565553));
#15495 = CIRCLE('',#15496,0.2);
#15496 = AXIS2_PLACEMENT_3D('',#15497,#15498,#15499);
#15497 = CARTESIAN_POINT('',(1.55,-0.28,0.8));
#15498 = DIRECTION('',(-0.,1.,0.));
#15499 = DIRECTION('',(0.75,0.,0.661437827766));
#15500 = ORIENTED_EDGE('',*,*,#15501,.F.);
#15501 = EDGE_CURVE('',#15502,#15493,#15504,.T.);
#15502 = VERTEX_POINT('',#15503);
#15503 = CARTESIAN_POINT('',(1.7,-0.28,0.615));
#15504 = LINE('',#15505,#15506);
#15505 = CARTESIAN_POINT('',(1.7,-0.28,0.615));
#15506 = VECTOR('',#15507,1.);
#15507 = DIRECTION('',(0.,0.,1.));
#15508 = ORIENTED_EDGE('',*,*,#15509,.F.);
#15509 = EDGE_CURVE('',#9028,#15502,#15510,.T.);
#15510 = LINE('',#15511,#15512);
#15511 = CARTESIAN_POINT('',(1.75,-0.28,0.615));
#15512 = VECTOR('',#15513,1.);
#15513 = DIRECTION('',(-1.,0.,0.));
#15514 = ORIENTED_EDGE('',*,*,#9027,.F.);
#15515 = PLANE('',#15516);
#15516 = AXIS2_PLACEMENT_3D('',#15517,#15518,#15519);
#15517 = CARTESIAN_POINT('',(1.75,-0.28,-1.));
#15518 = DIRECTION('',(-0.,1.,0.));
#15519 = DIRECTION('',(1.,0.,0.));
#15520 = ADVANCED_FACE('',(#15521),#15546,.F.);
#15521 = FACE_BOUND('',#15522,.T.);
#15522 = EDGE_LOOP('',(#15523,#15531,#15539,#15545));
#15523 = ORIENTED_EDGE('',*,*,#15524,.T.);
#15524 = EDGE_CURVE('',#8947,#15525,#15527,.T.);
#15525 = VERTEX_POINT('',#15526);
#15526 = CARTESIAN_POINT('',(1.7,-0.28,0.35));
#15527 = LINE('',#15528,#15529);
#15528 = CARTESIAN_POINT('',(1.75,-0.28,0.35));
#15529 = VECTOR('',#15530,1.);
#15530 = DIRECTION('',(-1.,0.,0.));
#15531 = ORIENTED_EDGE('',*,*,#15532,.F.);
#15532 = EDGE_CURVE('',#15533,#15525,#15535,.T.);
#15533 = VERTEX_POINT('',#15534);
#15534 = CARTESIAN_POINT('',(1.7,-0.28,-0.35));
#15535 = LINE('',#15536,#15537);
#15536 = CARTESIAN_POINT('',(1.7,-0.28,-0.35));
#15537 = VECTOR('',#15538,1.);
#15538 = DIRECTION('',(0.,0.,1.));
#15539 = ORIENTED_EDGE('',*,*,#15540,.F.);
#15540 = EDGE_CURVE('',#8957,#15533,#15541,.T.);
#15541 = LINE('',#15542,#15543);
#15542 = CARTESIAN_POINT('',(1.75,-0.28,-0.35));
#15543 = VECTOR('',#15544,1.);
#15544 = DIRECTION('',(-1.,0.,0.));
#15545 = ORIENTED_EDGE('',*,*,#8956,.F.);
#15546 = PLANE('',#15547);
#15547 = AXIS2_PLACEMENT_3D('',#15548,#15549,#15550);
#15548 = CARTESIAN_POINT('',(1.75,-0.28,-1.));
#15549 = DIRECTION('',(-0.,1.,0.));
#15550 = DIRECTION('',(1.,0.,0.));
#15551 = ADVANCED_FACE('',(#15552),#15570,.F.);
#15552 = FACE_BOUND('',#15553,.T.);
#15553 = EDGE_LOOP('',(#15554,#15562,#15568,#15569));
#15554 = ORIENTED_EDGE('',*,*,#15555,.T.);
#15555 = EDGE_CURVE('',#8987,#15556,#15558,.T.);
#15556 = VERTEX_POINT('',#15557);
#15557 = CARTESIAN_POINT('',(1.7,-0.28,-0.615));
#15558 = LINE('',#15559,#15560);
#15559 = CARTESIAN_POINT('',(1.75,-0.28,-0.615));
#15560 = VECTOR('',#15561,1.);
#15561 = DIRECTION('',(-1.,0.,0.));
#15562 = ORIENTED_EDGE('',*,*,#15563,.F.);
#15563 = EDGE_CURVE('',#15465,#15556,#15564,.T.);
#15564 = LINE('',#15565,#15566);
#15565 = CARTESIAN_POINT('',(1.7,-0.28,-0.932287565553));
#15566 = VECTOR('',#15567,1.);
#15567 = DIRECTION('',(0.,0.,1.));
#15568 = ORIENTED_EDGE('',*,*,#15477,.F.);
#15569 = ORIENTED_EDGE('',*,*,#8994,.F.);
#15570 = PLANE('',#15571);
#15571 = AXIS2_PLACEMENT_3D('',#15572,#15573,#15574);
#15572 = CARTESIAN_POINT('',(1.75,-0.28,-1.));
#15573 = DIRECTION('',(-0.,1.,0.));
#15574 = DIRECTION('',(1.,0.,0.));
#15575 = ADVANCED_FACE('',(#15576),#15596,.F.);
#15576 = FACE_BOUND('',#15577,.T.);
#15577 = EDGE_LOOP('',(#15578,#15579,#15580,#15586,#15587,#15588,#15589,
    #15590));
#15578 = ORIENTED_EDGE('',*,*,#9035,.F.);
#15579 = ORIENTED_EDGE('',*,*,#15509,.T.);
#15580 = ORIENTED_EDGE('',*,*,#15581,.T.);
#15581 = EDGE_CURVE('',#15502,#2854,#15582,.T.);
#15582 = LINE('',#15583,#15584);
#15583 = CARTESIAN_POINT('',(1.7,-0.28,0.615));
#15584 = VECTOR('',#15585,1.);
#15585 = DIRECTION('',(-0.707106781187,-0.707106781187,0.));
#15586 = ORIENTED_EDGE('',*,*,#2853,.T.);
#15587 = ORIENTED_EDGE('',*,*,#3504,.F.);
#15588 = ORIENTED_EDGE('',*,*,#9307,.T.);
#15589 = ORIENTED_EDGE('',*,*,#9198,.F.);
#15590 = ORIENTED_EDGE('',*,*,#15591,.T.);
#15591 = EDGE_CURVE('',#9191,#9036,#15592,.T.);
#15592 = LINE('',#15593,#15594);
#15593 = CARTESIAN_POINT('',(1.58,-6.E-02,0.615));
#15594 = VECTOR('',#15595,1.);
#15595 = DIRECTION('',(1.,0.,0.));
#15596 = PLANE('',#15597);
#15597 = AXIS2_PLACEMENT_3D('',#15598,#15599,#15600);
#15598 = CARTESIAN_POINT('',(1.5,0.33,0.615));
#15599 = DIRECTION('',(0.,0.,1.));
#15600 = DIRECTION('',(1.,0.,-0.));
#15601 = ADVANCED_FACE('',(#15602),#15608,.T.);
#15602 = FACE_BOUND('',#15603,.T.);
#15603 = EDGE_LOOP('',(#15604,#15605,#15606,#15607));
#15604 = ORIENTED_EDGE('',*,*,#15591,.F.);
#15605 = ORIENTED_EDGE('',*,*,#9190,.F.);
#15606 = ORIENTED_EDGE('',*,*,#8796,.T.);
#15607 = ORIENTED_EDGE('',*,*,#9043,.F.);
#15608 = PLANE('',#15609);
#15609 = AXIS2_PLACEMENT_3D('',#15610,#15611,#15612);
#15610 = CARTESIAN_POINT('',(1.665,-3.5E-02,0.64));
#15611 = DIRECTION('',(0.,0.707106781187,-0.707106781187));
#15612 = DIRECTION('',(-1.,0.,0.));
#15613 = ADVANCED_FACE('',(#15614),#15626,.F.);
#15614 = FACE_BOUND('',#15615,.T.);
#15615 = EDGE_LOOP('',(#15616,#15617,#15618,#15625));
#15616 = ORIENTED_EDGE('',*,*,#15581,.F.);
#15617 = ORIENTED_EDGE('',*,*,#15501,.T.);
#15618 = ORIENTED_EDGE('',*,*,#15619,.F.);
#15619 = EDGE_CURVE('',#2862,#15493,#15620,.T.);
#15620 = B_SPLINE_CURVE_WITH_KNOTS('',3,(#15621,#15622,#15623,#15624),
  .UNSPECIFIED.,.F.,.F.,(4,4),(0.,1.),.PIECEWISE_BEZIER_KNOTS.);
#15621 = CARTESIAN_POINT('',(1.65,-0.33,0.973205080757));
#15622 = CARTESIAN_POINT('',(1.668013827844,-0.311986172156,
    0.962804792402));
#15623 = CARTESIAN_POINT('',(1.684819729773,-0.295180270227,
    0.949500374062));
#15624 = CARTESIAN_POINT('',(1.7,-0.28,0.932287565553));
#15625 = ORIENTED_EDGE('',*,*,#2861,.T.);
#15626 = PLANE('',#15627);
#15627 = AXIS2_PLACEMENT_3D('',#15628,#15629,#15630);
#15628 = CARTESIAN_POINT('',(1.7,-0.28,-1.));
#15629 = DIRECTION('',(-0.707106781187,0.707106781187,0.));
#15630 = DIRECTION('',(0.,0.,1.));
#15631 = ADVANCED_FACE('',(#15632),#15648,.F.);
#15632 = FACE_BOUND('',#15633,.T.);
#15633 = EDGE_LOOP('',(#15634,#15640,#15641,#15647));
#15634 = ORIENTED_EDGE('',*,*,#15635,.F.);
#15635 = EDGE_CURVE('',#15533,#3218,#15636,.T.);
#15636 = LINE('',#15637,#15638);
#15637 = CARTESIAN_POINT('',(1.7,-0.28,-0.35));
#15638 = VECTOR('',#15639,1.);
#15639 = DIRECTION('',(-0.707106781187,-0.707106781187,0.));
#15640 = ORIENTED_EDGE('',*,*,#15532,.T.);
#15641 = ORIENTED_EDGE('',*,*,#15642,.T.);
#15642 = EDGE_CURVE('',#15525,#3226,#15643,.T.);
#15643 = LINE('',#15644,#15645);
#15644 = CARTESIAN_POINT('',(1.7,-0.28,0.35));
#15645 = VECTOR('',#15646,1.);
#15646 = DIRECTION('',(-0.707106781187,-0.707106781187,0.));
#15647 = ORIENTED_EDGE('',*,*,#3225,.T.);
#15648 = PLANE('',#15649);
#15649 = AXIS2_PLACEMENT_3D('',#15650,#15651,#15652);
#15650 = CARTESIAN_POINT('',(1.7,-0.28,-1.));
#15651 = DIRECTION('',(-0.707106781187,0.707106781187,0.));
#15652 = DIRECTION('',(0.,0.,1.));
#15653 = ADVANCED_FACE('',(#15654),#15665,.F.);
#15654 = FACE_BOUND('',#15655,.T.);
#15655 = EDGE_LOOP('',(#15656,#15657,#15658,#15664));
#15656 = ORIENTED_EDGE('',*,*,#15464,.F.);
#15657 = ORIENTED_EDGE('',*,*,#15563,.T.);
#15658 = ORIENTED_EDGE('',*,*,#15659,.T.);
#15659 = EDGE_CURVE('',#15556,#3170,#15660,.T.);
#15660 = LINE('',#15661,#15662);
#15661 = CARTESIAN_POINT('',(1.7,-0.28,-0.615));
#15662 = VECTOR('',#15663,1.);
#15663 = DIRECTION('',(-0.707106781187,-0.707106781187,0.));
#15664 = ORIENTED_EDGE('',*,*,#3169,.T.);
#15665 = PLANE('',#15666);
#15666 = AXIS2_PLACEMENT_3D('',#15667,#15668,#15669);
#15667 = CARTESIAN_POINT('',(1.7,-0.28,-1.));
#15668 = DIRECTION('',(-0.707106781187,0.707106781187,0.));
#15669 = DIRECTION('',(0.,0.,1.));
#15670 = ADVANCED_FACE('',(#15671),#15679,.T.);
#15671 = FACE_BOUND('',#15672,.T.);
#15672 = EDGE_LOOP('',(#15673,#15674,#15675,#15676,#15677,#15678));
#15673 = ORIENTED_EDGE('',*,*,#9019,.T.);
#15674 = ORIENTED_EDGE('',*,*,#8779,.F.);
#15675 = ORIENTED_EDGE('',*,*,#11045,.F.);
#15676 = ORIENTED_EDGE('',*,*,#2869,.T.);
#15677 = ORIENTED_EDGE('',*,*,#15619,.T.);
#15678 = ORIENTED_EDGE('',*,*,#15492,.T.);
#15679 = CYLINDRICAL_SURFACE('',#15680,0.2);
#15680 = AXIS2_PLACEMENT_3D('',#15681,#15682,#15683);
#15681 = CARTESIAN_POINT('',(1.55,-0.33,0.8));
#15682 = DIRECTION('',(0.,-1.,0.));
#15683 = DIRECTION('',(1.,0.,0.));
#15684 = ADVANCED_FACE('',(#15685),#15693,.F.);
#15685 = FACE_BOUND('',#15686,.T.);
#15686 = EDGE_LOOP('',(#15687,#15688,#15689,#15690,#15691,#15692));
#15687 = ORIENTED_EDGE('',*,*,#3233,.F.);
#15688 = ORIENTED_EDGE('',*,*,#15642,.F.);
#15689 = ORIENTED_EDGE('',*,*,#15524,.F.);
#15690 = ORIENTED_EDGE('',*,*,#8946,.T.);
#15691 = ORIENTED_EDGE('',*,*,#9057,.T.);
#15692 = ORIENTED_EDGE('',*,*,#9104,.F.);
#15693 = PLANE('',#15694);
#15694 = AXIS2_PLACEMENT_3D('',#15695,#15696,#15697);
#15695 = CARTESIAN_POINT('',(1.75,0.33,0.35));
#15696 = DIRECTION('',(0.,0.,-1.));
#15697 = DIRECTION('',(0.,-1.,0.));
#15698 = ADVANCED_FACE('',(#15699),#15707,.F.);
#15699 = FACE_BOUND('',#15700,.T.);
#15700 = EDGE_LOOP('',(#15701,#15702,#15703,#15704,#15705,#15706));
#15701 = ORIENTED_EDGE('',*,*,#9066,.T.);
#15702 = ORIENTED_EDGE('',*,*,#8964,.F.);
#15703 = ORIENTED_EDGE('',*,*,#15540,.T.);
#15704 = ORIENTED_EDGE('',*,*,#15635,.T.);
#15705 = ORIENTED_EDGE('',*,*,#3217,.T.);
#15706 = ORIENTED_EDGE('',*,*,#9111,.T.);
#15707 = PLANE('',#15708);
#15708 = AXIS2_PLACEMENT_3D('',#15709,#15710,#15711);
#15709 = CARTESIAN_POINT('',(1.5,0.33,-0.35));
#15710 = DIRECTION('',(0.,0.,1.));
#15711 = DIRECTION('',(1.,0.,-0.));
#15712 = ADVANCED_FACE('',(#15713),#15723,.F.);
#15713 = FACE_BOUND('',#15714,.T.);
#15714 = EDGE_LOOP('',(#15715,#15716,#15717,#15718,#15719,#15720,#15721,
    #15722));
#15715 = ORIENTED_EDGE('',*,*,#9150,.T.);
#15716 = ORIENTED_EDGE('',*,*,#9290,.F.);
#15717 = ORIENTED_EDGE('',*,*,#3464,.T.);
#15718 = ORIENTED_EDGE('',*,*,#3177,.F.);
#15719 = ORIENTED_EDGE('',*,*,#15659,.F.);
#15720 = ORIENTED_EDGE('',*,*,#15555,.F.);
#15721 = ORIENTED_EDGE('',*,*,#8986,.T.);
#15722 = ORIENTED_EDGE('',*,*,#8923,.T.);
#15723 = PLANE('',#15724);
#15724 = AXIS2_PLACEMENT_3D('',#15725,#15726,#15727);
#15725 = CARTESIAN_POINT('',(1.75,0.33,-0.615));
#15726 = DIRECTION('',(0.,0.,-1.));
#15727 = DIRECTION('',(0.,-1.,0.));
#15728 = ADVANCED_FACE('',(#15729),#15735,.F.);
#15729 = FACE_BOUND('',#15730,.T.);
#15730 = EDGE_LOOP('',(#15731,#15732,#15733,#15734));
#15731 = ORIENTED_EDGE('',*,*,#8280,.T.);
#15732 = ORIENTED_EDGE('',*,*,#3096,.F.);
#15733 = ORIENTED_EDGE('',*,*,#12268,.T.);
#15734 = ORIENTED_EDGE('',*,*,#8868,.T.);
#15735 = PLANE('',#15736);
#15736 = AXIS2_PLACEMENT_3D('',#15737,#15738,#15739);
#15737 = CARTESIAN_POINT('',(-1.265,0.33,-1.));
#15738 = DIRECTION('',(-1.,0.,0.));
#15739 = DIRECTION('',(0.,0.,1.));
#15740 = ADVANCED_FACE('',(#15741),#15749,.F.);
#15741 = FACE_BOUND('',#15742,.T.);
#15742 = EDGE_LOOP('',(#15743,#15744,#15745,#15746,#15747,#15748));
#15743 = ORIENTED_EDGE('',*,*,#3023,.F.);
#15744 = ORIENTED_EDGE('',*,*,#11171,.T.);
#15745 = ORIENTED_EDGE('',*,*,#12167,.F.);
#15746 = ORIENTED_EDGE('',*,*,#11268,.T.);
#15747 = ORIENTED_EDGE('',*,*,#11365,.T.);
#15748 = ORIENTED_EDGE('',*,*,#11405,.F.);
#15749 = PLANE('',#15750);
#15750 = AXIS2_PLACEMENT_3D('',#15751,#15752,#15753);
#15751 = CARTESIAN_POINT('',(-1.75,0.33,-0.35));
#15752 = DIRECTION('',(0.,0.,1.));
#15753 = DIRECTION('',(1.,0.,-0.));
#15754 = ADVANCED_FACE('',(#15755),#15761,.F.);
#15755 = FACE_BOUND('',#15756,.T.);
#15756 = EDGE_LOOP('',(#15757,#15758,#15759,#15760));
#15757 = ORIENTED_EDGE('',*,*,#3656,.T.);
#15758 = ORIENTED_EDGE('',*,*,#2886,.F.);
#15759 = ORIENTED_EDGE('',*,*,#11038,.T.);
#15760 = ORIENTED_EDGE('',*,*,#8763,.T.);
#15761 = PLANE('',#15762);
#15762 = AXIS2_PLACEMENT_3D('',#15763,#15764,#15765);
#15763 = CARTESIAN_POINT('',(1.265,0.33,1.));
#15764 = DIRECTION('',(1.,0.,0.));
#15765 = DIRECTION('',(-0.,1.,0.));
#15766 = ADVANCED_FACE('',(#15767),#15778,.F.);
#15767 = FACE_BOUND('',#15768,.T.);
#15768 = EDGE_LOOP('',(#15769,#15770,#15776,#15777));
#15769 = ORIENTED_EDGE('',*,*,#10869,.T.);
#15770 = ORIENTED_EDGE('',*,*,#15771,.F.);
#15771 = EDGE_CURVE('',#10731,#10862,#15772,.T.);
#15772 = LINE('',#15773,#15774);
#15773 = CARTESIAN_POINT('',(-0.62,6.8E-02,0.62866826328));
#15774 = VECTOR('',#15775,1.);
#15775 = DIRECTION('',(-1.,0.,0.));
#15776 = ORIENTED_EDGE('',*,*,#10730,.F.);
#15777 = ORIENTED_EDGE('',*,*,#5183,.T.);
#15778 = PLANE('',#15779);
#15779 = AXIS2_PLACEMENT_3D('',#15780,#15781,#15782);
#15780 = CARTESIAN_POINT('',(-0.62,6.8E-02,0.97));
#15781 = DIRECTION('',(-0.,1.,0.));
#15782 = DIRECTION('',(1.,0.,0.));
#15783 = ADVANCED_FACE('',(#15784),#15795,.F.);
#15784 = FACE_BOUND('',#15785,.T.);
#15785 = EDGE_LOOP('',(#15786,#15787,#15788,#15794));
#15786 = ORIENTED_EDGE('',*,*,#15771,.T.);
#15787 = ORIENTED_EDGE('',*,*,#10861,.T.);
#15788 = ORIENTED_EDGE('',*,*,#15789,.F.);
#15789 = EDGE_CURVE('',#10739,#10853,#15790,.T.);
#15790 = LINE('',#15791,#15792);
#15791 = CARTESIAN_POINT('',(-0.62,0.147698376862,0.571756978372));
#15792 = VECTOR('',#15793,1.);
#15793 = DIRECTION('',(-1.,0.,0.));
#15794 = ORIENTED_EDGE('',*,*,#10738,.F.);
#15795 = PLANE('',#15796);
#15796 = AXIS2_PLACEMENT_3D('',#15797,#15798,#15799);
#15797 = CARTESIAN_POINT('',(-0.62,6.8E-02,0.62866826328));
#15798 = DIRECTION('',(0.,0.581129145978,0.813811351416));
#15799 = DIRECTION('',(1.,-0.,0.));
#15800 = ADVANCED_FACE('',(#15801),#15807,.T.);
#15801 = FACE_BOUND('',#15802,.T.);
#15802 = EDGE_LOOP('',(#15803,#15804,#15805,#15806));
#15803 = ORIENTED_EDGE('',*,*,#2423,.T.);
#15804 = ORIENTED_EDGE('',*,*,#10746,.F.);
#15805 = ORIENTED_EDGE('',*,*,#15789,.T.);
#15806 = ORIENTED_EDGE('',*,*,#10852,.T.);
#15807 = CYLINDRICAL_SURFACE('',#15808,9.E-02);
#15808 = AXIS2_PLACEMENT_3D('',#15809,#15810,#15811);
#15809 = CARTESIAN_POINT('',(-0.62,0.2,0.645));
#15810 = DIRECTION('',(-1.,0.,-0.));
#15811 = DIRECTION('',(0.,0.,-1.));
#15812 = ADVANCED_FACE('',(#15813),#15824,.F.);
#15813 = FACE_BOUND('',#15814,.T.);
#15814 = EDGE_LOOP('',(#15815,#15816,#15817,#15823));
#15815 = ORIENTED_EDGE('',*,*,#2442,.T.);
#15816 = ORIENTED_EDGE('',*,*,#10845,.T.);
#15817 = ORIENTED_EDGE('',*,*,#15818,.F.);
#15818 = EDGE_CURVE('',#10755,#10837,#15819,.T.);
#15819 = LINE('',#15820,#15821);
#15820 = CARTESIAN_POINT('',(-0.62,0.297850884872,0.609619985366));
#15821 = VECTOR('',#15822,1.);
#15822 = DIRECTION('',(-1.,0.,0.));
#15823 = ORIENTED_EDGE('',*,*,#10754,.F.);
#15824 = PLANE('',#15825);
#15825 = AXIS2_PLACEMENT_3D('',#15826,#15827,#15828);
#15826 = CARTESIAN_POINT('',(-0.62,0.257850884872,0.576056000119));
#15827 = DIRECTION('',(0.,-0.642787609686,0.766044443119));
#15828 = DIRECTION('',(-1.,0.,0.));
#15829 = ADVANCED_FACE('',(#15830),#15841,.T.);
#15830 = FACE_BOUND('',#15831,.T.);
#15831 = EDGE_LOOP('',(#15832,#15833,#15834,#15840));
#15832 = ORIENTED_EDGE('',*,*,#15818,.T.);
#15833 = ORIENTED_EDGE('',*,*,#10836,.T.);
#15834 = ORIENTED_EDGE('',*,*,#15835,.F.);
#15835 = EDGE_CURVE('',#10763,#10829,#15836,.T.);
#15836 = LINE('',#15837,#15838);
#15837 = CARTESIAN_POINT('',(-0.62,0.33,0.678563985247));
#15838 = VECTOR('',#15839,1.);
#15839 = DIRECTION('',(-1.,0.,0.));
#15840 = ORIENTED_EDGE('',*,*,#10762,.F.);
#15841 = CYLINDRICAL_SURFACE('',#15842,9.E-02);
#15842 = AXIS2_PLACEMENT_3D('',#15843,#15844,#15845);
#15843 = CARTESIAN_POINT('',(-0.62,0.24,0.678563985247));
#15844 = DIRECTION('',(-1.,0.,-0.));
#15845 = DIRECTION('',(0.,0.,-1.));
#15846 = ADVANCED_FACE('',(#15847),#15853,.F.);
#15847 = FACE_BOUND('',#15848,.T.);
#15848 = EDGE_LOOP('',(#15849,#15850,#15851,#15852));
#15849 = ORIENTED_EDGE('',*,*,#15835,.T.);
#15850 = ORIENTED_EDGE('',*,*,#10828,.T.);
#15851 = ORIENTED_EDGE('',*,*,#10795,.F.);
#15852 = ORIENTED_EDGE('',*,*,#10771,.F.);
#15853 = PLANE('',#15854);
#15854 = AXIS2_PLACEMENT_3D('',#15855,#15856,#15857);
#15855 = CARTESIAN_POINT('',(-0.62,0.33,0.678563985247));
#15856 = DIRECTION('',(0.,-1.,0.));
#15857 = DIRECTION('',(0.,0.,-1.));
#15858 = ADVANCED_FACE('',(#15859),#15870,.F.);
#15859 = FACE_BOUND('',#15860,.F.);
#15860 = EDGE_LOOP('',(#15861,#15867,#15868,#15869));
#15861 = ORIENTED_EDGE('',*,*,#15862,.F.);
#15862 = EDGE_CURVE('',#10669,#10450,#15863,.T.);
#15863 = LINE('',#15864,#15865);
#15864 = CARTESIAN_POINT('',(-0.835,0.13,0.88));
#15865 = VECTOR('',#15866,1.);
#15866 = DIRECTION('',(0.,0.,1.));
#15867 = ORIENTED_EDGE('',*,*,#10676,.F.);
#15868 = ORIENTED_EDGE('',*,*,#10820,.T.);
#15869 = ORIENTED_EDGE('',*,*,#10449,.F.);
#15870 = CYLINDRICAL_SURFACE('',#15871,4.E-02);
#15871 = AXIS2_PLACEMENT_3D('',#15872,#15873,#15874);
#15872 = CARTESIAN_POINT('',(-0.835,0.17,0.88));
#15873 = DIRECTION('',(0.,0.,1.));
#15874 = DIRECTION('',(-1.,0.,0.));
#15875 = ADVANCED_FACE('',(#15876),#15887,.F.);
#15876 = FACE_BOUND('',#15877,.T.);
#15877 = EDGE_LOOP('',(#15878,#15879,#15880,#15881));
#15878 = ORIENTED_EDGE('',*,*,#10458,.T.);
#15879 = ORIENTED_EDGE('',*,*,#15862,.F.);
#15880 = ORIENTED_EDGE('',*,*,#10668,.F.);
#15881 = ORIENTED_EDGE('',*,*,#15882,.T.);
#15882 = EDGE_CURVE('',#10660,#10459,#15883,.T.);
#15883 = LINE('',#15884,#15885);
#15884 = CARTESIAN_POINT('',(-0.90021809153,0.13,0.88));
#15885 = VECTOR('',#15886,1.);
#15886 = DIRECTION('',(0.,0.,1.));
#15887 = PLANE('',#15888);
#15888 = AXIS2_PLACEMENT_3D('',#15889,#15890,#15891);
#15889 = CARTESIAN_POINT('',(-0.90021809153,0.13,0.88));
#15890 = DIRECTION('',(0.,-1.,0.));
#15891 = DIRECTION('',(0.,0.,-1.));
#15892 = ADVANCED_FACE('',(#15893),#15899,.F.);
#15893 = FACE_BOUND('',#15894,.F.);
#15894 = EDGE_LOOP('',(#15895,#15896,#15897,#15898));
#15895 = ORIENTED_EDGE('',*,*,#10529,.F.);
#15896 = ORIENTED_EDGE('',*,*,#10659,.F.);
#15897 = ORIENTED_EDGE('',*,*,#15882,.T.);
#15898 = ORIENTED_EDGE('',*,*,#10466,.F.);
#15899 = CYLINDRICAL_SURFACE('',#15900,4.E-02);
#15900 = AXIS2_PLACEMENT_3D('',#15901,#15902,#15903);
#15901 = CARTESIAN_POINT('',(-0.90021809153,0.17,0.88));
#15902 = DIRECTION('',(0.,0.,1.));
#15903 = DIRECTION('',(-1.,0.,0.));
#15904 = ADVANCED_FACE('',(#15905),#15931,.T.);
#15905 = FACE_BOUND('',#15906,.T.);
#15906 = EDGE_LOOP('',(#15907,#15908,#15916,#15924,#15930));
#15907 = ORIENTED_EDGE('',*,*,#10259,.T.);
#15908 = ORIENTED_EDGE('',*,*,#15909,.T.);
#15909 = EDGE_CURVE('',#10252,#15910,#15912,.T.);
#15910 = VERTEX_POINT('',#15911);
#15911 = CARTESIAN_POINT('',(-1.411191602831,0.419625454917,0.75));
#15912 = LINE('',#15913,#15914);
#15913 = CARTESIAN_POINT('',(-1.271191602831,0.357293438974,
    0.632840042824));
#15914 = VECTOR('',#15915,1.);
#15915 = DIRECTION('',(-0.725751716034,0.32312548239,0.607350285505));
#15916 = ORIENTED_EDGE('',*,*,#15917,.F.);
#15917 = EDGE_CURVE('',#15918,#15910,#15920,.T.);
#15918 = VERTEX_POINT('',#15919);
#15919 = CARTESIAN_POINT('',(-1.411191602831,0.332054552637,0.75));
#15920 = LINE('',#15921,#15922);
#15921 = CARTESIAN_POINT('',(-1.411191602831,0.332054552637,0.75));
#15922 = VECTOR('',#15923,1.);
#15923 = DIRECTION('',(0.,1.,0.));
#15924 = ORIENTED_EDGE('',*,*,#15925,.F.);
#15925 = EDGE_CURVE('',#4251,#15918,#15926,.T.);
#15926 = LINE('',#15927,#15928);
#15927 = CARTESIAN_POINT('',(-1.406577002055,0.33,0.746138239791));
#15928 = VECTOR('',#15929,1.);
#15929 = DIRECTION('',(-0.725751716034,0.32312548239,0.607350285505));
#15930 = ORIENTED_EDGE('',*,*,#4250,.T.);
#15931 = PLANE('',#15932);
#15932 = AXIS2_PLACEMENT_3D('',#15933,#15934,#15935);
#15933 = CARTESIAN_POINT('',(-1.411191602831,0.33,0.75));
#15934 = DIRECTION('',(0.641777727204,0.,0.766890702033));
#15935 = DIRECTION('',(0.,-1.,0.));
#15936 = ADVANCED_FACE('',(#15937),#15971,.F.);
#15937 = FACE_BOUND('',#15938,.T.);
#15938 = EDGE_LOOP('',(#15939,#15940,#15941,#15949,#15957,#15965));
#15939 = ORIENTED_EDGE('',*,*,#4258,.F.);
#15940 = ORIENTED_EDGE('',*,*,#15925,.T.);
#15941 = ORIENTED_EDGE('',*,*,#15942,.F.);
#15942 = EDGE_CURVE('',#15943,#15918,#15945,.T.);
#15943 = VERTEX_POINT('',#15944);
#15944 = CARTESIAN_POINT('',(-1.443730534277,0.346541818306,0.75));
#15945 = LINE('',#15946,#15947);
#15946 = CARTESIAN_POINT('',(-1.443730534277,0.346541818306,0.75));
#15947 = VECTOR('',#15948,1.);
#15948 = DIRECTION('',(0.913545457643,-0.406736643076,0.));
#15949 = ORIENTED_EDGE('',*,*,#15950,.T.);
#15950 = EDGE_CURVE('',#15943,#15951,#15953,.T.);
#15951 = VERTEX_POINT('',#15952);
#15952 = CARTESIAN_POINT('',(-1.443730534277,0.346541818306,-0.75));
#15953 = LINE('',#15954,#15955);
#15954 = CARTESIAN_POINT('',(-1.443730534277,0.346541818306,0.75));
#15955 = VECTOR('',#15956,1.);
#15956 = DIRECTION('',(0.,0.,-1.));
#15957 = ORIENTED_EDGE('',*,*,#15958,.T.);
#15958 = EDGE_CURVE('',#15951,#15959,#15961,.T.);
#15959 = VERTEX_POINT('',#15960);
#15960 = CARTESIAN_POINT('',(-1.411191602831,0.332054552637,-0.75));
#15961 = LINE('',#15962,#15963);
#15962 = CARTESIAN_POINT('',(-1.443730534277,0.346541818306,-0.75));
#15963 = VECTOR('',#15964,1.);
#15964 = DIRECTION('',(0.913545457643,-0.406736643076,0.));
#15965 = ORIENTED_EDGE('',*,*,#15966,.F.);
#15966 = EDGE_CURVE('',#4259,#15959,#15967,.T.);
#15967 = LINE('',#15968,#15969);
#15968 = CARTESIAN_POINT('',(-1.406577002055,0.33,-0.746138239791));
#15969 = VECTOR('',#15970,1.);
#15970 = DIRECTION('',(-0.725751716034,0.32312548239,-0.607350285505));
#15971 = PLANE('',#15972);
#15972 = AXIS2_PLACEMENT_3D('',#15973,#15974,#15975);
#15973 = CARTESIAN_POINT('',(-1.443730534277,0.346541818306,0.75));
#15974 = DIRECTION('',(0.406736643076,0.913545457643,0.));
#15975 = DIRECTION('',(0.,0.,-1.));
#15976 = ADVANCED_FACE('',(#15977),#15996,.T.);
#15977 = FACE_BOUND('',#15978,.T.);
#15978 = EDGE_LOOP('',(#15979,#15980,#15988,#15994,#15995));
#15979 = ORIENTED_EDGE('',*,*,#15966,.T.);
#15980 = ORIENTED_EDGE('',*,*,#15981,.T.);
#15981 = EDGE_CURVE('',#15959,#15982,#15984,.T.);
#15982 = VERTEX_POINT('',#15983);
#15983 = CARTESIAN_POINT('',(-1.411191602831,0.419625454917,-0.75));
#15984 = LINE('',#15985,#15986);
#15985 = CARTESIAN_POINT('',(-1.411191602831,0.332054552637,-0.75));
#15986 = VECTOR('',#15987,1.);
#15987 = DIRECTION('',(0.,1.,0.));
#15988 = ORIENTED_EDGE('',*,*,#15989,.F.);
#15989 = EDGE_CURVE('',#10243,#15982,#15990,.T.);
#15990 = LINE('',#15991,#15992);
#15991 = CARTESIAN_POINT('',(-1.271191602831,0.357293438974,
    -0.632840042824));
#15992 = VECTOR('',#15993,1.);
#15993 = DIRECTION('',(-0.725751716034,0.32312548239,-0.607350285505));
#15994 = ORIENTED_EDGE('',*,*,#10242,.F.);
#15995 = ORIENTED_EDGE('',*,*,#4266,.T.);
#15996 = PLANE('',#15997);
#15997 = AXIS2_PLACEMENT_3D('',#15998,#15999,#16000);
#15998 = CARTESIAN_POINT('',(-1.22,0.33,-0.59));
#15999 = DIRECTION('',(0.641777727204,0.,-0.766890702033));
#16000 = DIRECTION('',(0.,-1.,0.));
#16001 = ADVANCED_FACE('',(#16002),#16013,.F.);
#16002 = FACE_BOUND('',#16003,.T.);
#16003 = EDGE_LOOP('',(#16004,#16010,#16011,#16012));
#16004 = ORIENTED_EDGE('',*,*,#16005,.F.);
#16005 = EDGE_CURVE('',#15910,#15982,#16006,.T.);
#16006 = LINE('',#16007,#16008);
#16007 = CARTESIAN_POINT('',(-1.411191602831,0.419625454917,0.75));
#16008 = VECTOR('',#16009,1.);
#16009 = DIRECTION('',(0.,0.,-1.));
#16010 = ORIENTED_EDGE('',*,*,#15909,.F.);
#16011 = ORIENTED_EDGE('',*,*,#10251,.T.);
#16012 = ORIENTED_EDGE('',*,*,#15989,.T.);
#16013 = PLANE('',#16014);
#16014 = AXIS2_PLACEMENT_3D('',#16015,#16016,#16017);
#16015 = CARTESIAN_POINT('',(-1.271191602831,0.357293438974,0.75));
#16016 = DIRECTION('',(-0.406736643076,-0.913545457643,0.));
#16017 = DIRECTION('',(-0.913545457643,0.406736643076,0.));
#16018 = ADVANCED_FACE('',(#16019),#16037,.T.);
#16019 = FACE_BOUND('',#16020,.T.);
#16020 = EDGE_LOOP('',(#16021,#16028,#16029,#16036));
#16021 = ORIENTED_EDGE('',*,*,#16022,.T.);
#16022 = EDGE_CURVE('',#15982,#4291,#16023,.T.);
#16023 = CIRCLE('',#16024,0.12);
#16024 = AXIS2_PLACEMENT_3D('',#16025,#16026,#16027);
#16025 = CARTESIAN_POINT('',(-1.46,0.31,-0.75));
#16026 = DIRECTION('',(0.,-0.,1.));
#16027 = DIRECTION('',(0.406736643076,0.913545457643,0.));
#16028 = ORIENTED_EDGE('',*,*,#4290,.T.);
#16029 = ORIENTED_EDGE('',*,*,#16030,.F.);
#16030 = EDGE_CURVE('',#15910,#4293,#16031,.T.);
#16031 = CIRCLE('',#16032,0.12);
#16032 = AXIS2_PLACEMENT_3D('',#16033,#16034,#16035);
#16033 = CARTESIAN_POINT('',(-1.46,0.31,0.75));
#16034 = DIRECTION('',(0.,-0.,1.));
#16035 = DIRECTION('',(0.406736643076,0.913545457643,0.));
#16036 = ORIENTED_EDGE('',*,*,#16005,.T.);
#16037 = CYLINDRICAL_SURFACE('',#16038,0.12);
#16038 = AXIS2_PLACEMENT_3D('',#16039,#16040,#16041);
#16039 = CARTESIAN_POINT('',(-1.46,0.31,0.75));
#16040 = DIRECTION('',(0.,0.,-1.));
#16041 = DIRECTION('',(1.,0.,0.));
#16042 = ADVANCED_FACE('',(#16043),#16056,.T.);
#16043 = FACE_BOUND('',#16044,.T.);
#16044 = EDGE_LOOP('',(#16045,#16046,#16047,#16054,#16055));
#16045 = ORIENTED_EDGE('',*,*,#16030,.T.);
#16046 = ORIENTED_EDGE('',*,*,#4316,.T.);
#16047 = ORIENTED_EDGE('',*,*,#16048,.T.);
#16048 = EDGE_CURVE('',#4309,#15943,#16049,.T.);
#16049 = CIRCLE('',#16050,4.E-02);
#16050 = AXIS2_PLACEMENT_3D('',#16051,#16052,#16053);
#16051 = CARTESIAN_POINT('',(-1.46,0.31,0.75));
#16052 = DIRECTION('',(0.,0.,-1.));
#16053 = DIRECTION('',(-0.866025403784,0.5,0.));
#16054 = ORIENTED_EDGE('',*,*,#15942,.T.);
#16055 = ORIENTED_EDGE('',*,*,#15917,.T.);
#16056 = PLANE('',#16057);
#16057 = AXIS2_PLACEMENT_3D('',#16058,#16059,#16060);
#16058 = CARTESIAN_POINT('',(0.,0.,0.75));
#16059 = DIRECTION('',(0.,0.,1.));
#16060 = DIRECTION('',(1.,0.,-0.));
#16061 = ADVANCED_FACE('',(#16062),#16074,.F.);
#16062 = FACE_BOUND('',#16063,.F.);
#16063 = EDGE_LOOP('',(#16064,#16065,#16066,#16073));
#16064 = ORIENTED_EDGE('',*,*,#16048,.T.);
#16065 = ORIENTED_EDGE('',*,*,#15950,.T.);
#16066 = ORIENTED_EDGE('',*,*,#16067,.F.);
#16067 = EDGE_CURVE('',#4301,#15951,#16068,.T.);
#16068 = CIRCLE('',#16069,4.E-02);
#16069 = AXIS2_PLACEMENT_3D('',#16070,#16071,#16072);
#16070 = CARTESIAN_POINT('',(-1.46,0.31,-0.75));
#16071 = DIRECTION('',(0.,0.,-1.));
#16072 = DIRECTION('',(-0.866025403784,0.5,0.));
#16073 = ORIENTED_EDGE('',*,*,#4308,.T.);
#16074 = CYLINDRICAL_SURFACE('',#16075,4.E-02);
#16075 = AXIS2_PLACEMENT_3D('',#16076,#16077,#16078);
#16076 = CARTESIAN_POINT('',(-1.46,0.31,0.75));
#16077 = DIRECTION('',(0.,0.,-1.));
#16078 = DIRECTION('',(1.,0.,0.));
#16079 = ADVANCED_FACE('',(#16080),#16087,.F.);
#16080 = FACE_BOUND('',#16081,.T.);
#16081 = EDGE_LOOP('',(#16082,#16083,#16084,#16085,#16086));
#16082 = ORIENTED_EDGE('',*,*,#15958,.F.);
#16083 = ORIENTED_EDGE('',*,*,#16067,.F.);
#16084 = ORIENTED_EDGE('',*,*,#4300,.F.);
#16085 = ORIENTED_EDGE('',*,*,#16022,.F.);
#16086 = ORIENTED_EDGE('',*,*,#15981,.F.);
#16087 = PLANE('',#16088);
#16088 = AXIS2_PLACEMENT_3D('',#16089,#16090,#16091);
#16089 = CARTESIAN_POINT('',(0.,0.,-0.75));
#16090 = DIRECTION('',(0.,0.,1.));
#16091 = DIRECTION('',(1.,0.,-0.));
#16092 = ADVANCED_FACE('',(#16093),#16104,.T.);
#16093 = FACE_BOUND('',#16094,.T.);
#16094 = EDGE_LOOP('',(#16095,#16096,#16102,#16103));
#16095 = ORIENTED_EDGE('',*,*,#10054,.F.);
#16096 = ORIENTED_EDGE('',*,*,#16097,.F.);
#16097 = EDGE_CURVE('',#4177,#10047,#16098,.T.);
#16098 = LINE('',#16099,#16100);
#16099 = CARTESIAN_POINT('',(-1.2203,0.33,-0.787));
#16100 = VECTOR('',#16101,1.);
#16101 = DIRECTION('',(0.,1.,0.));
#16102 = ORIENTED_EDGE('',*,*,#4176,.T.);
#16103 = ORIENTED_EDGE('',*,*,#10218,.T.);
#16104 = PLANE('',#16105);
#16105 = AXIS2_PLACEMENT_3D('',#16106,#16107,#16108);
#16106 = CARTESIAN_POINT('',(-1.2203,0.33,-0.787));
#16107 = DIRECTION('',(-1.,0.,0.));
#16108 = DIRECTION('',(0.,0.,1.));
#16109 = ADVANCED_FACE('',(#16110),#16116,.T.);
#16110 = FACE_BOUND('',#16111,.T.);
#16111 = EDGE_LOOP('',(#16112,#16113,#16114,#16115));
#16112 = ORIENTED_EDGE('',*,*,#16097,.T.);
#16113 = ORIENTED_EDGE('',*,*,#10046,.F.);
#16114 = ORIENTED_EDGE('',*,*,#8041,.F.);
#16115 = ORIENTED_EDGE('',*,*,#4186,.T.);
#16116 = PLANE('',#16117);
#16117 = AXIS2_PLACEMENT_3D('',#16118,#16119,#16120);
#16118 = CARTESIAN_POINT('',(-1.37,0.33,-0.97));
#16119 = DIRECTION('',(-0.774013830159,0.,0.633168690573));
#16120 = DIRECTION('',(0.,1.,0.));
#16121 = ADVANCED_FACE('',(#16122),#16133,.T.);
#16122 = FACE_BOUND('',#16123,.T.);
#16123 = EDGE_LOOP('',(#16124,#16125,#16131,#16132));
#16124 = ORIENTED_EDGE('',*,*,#4372,.T.);
#16125 = ORIENTED_EDGE('',*,*,#16126,.T.);
#16126 = EDGE_CURVE('',#4365,#10032,#16127,.T.);
#16127 = LINE('',#16128,#16129);
#16128 = CARTESIAN_POINT('',(-0.9303,0.33,-0.7897));
#16129 = VECTOR('',#16130,1.);
#16130 = DIRECTION('',(0.,1.,0.));
#16131 = ORIENTED_EDGE('',*,*,#10029,.F.);
#16132 = ORIENTED_EDGE('',*,*,#10210,.T.);
#16133 = PLANE('',#16134);
#16134 = AXIS2_PLACEMENT_3D('',#16135,#16136,#16137);
#16135 = CARTESIAN_POINT('',(-0.9303,0.33,-0.63));
#16136 = DIRECTION('',(1.,0.,0.));
#16137 = DIRECTION('',(-0.,1.,0.));
#16138 = ADVANCED_FACE('',(#16139),#16146,.T.);
#16139 = FACE_BOUND('',#16140,.T.);
#16140 = EDGE_LOOP('',(#16141,#16142,#16143,#16144,#16145));
#16141 = ORIENTED_EDGE('',*,*,#8120,.T.);
#16142 = ORIENTED_EDGE('',*,*,#8057,.T.);
#16143 = ORIENTED_EDGE('',*,*,#10039,.F.);
#16144 = ORIENTED_EDGE('',*,*,#16126,.F.);
#16145 = ORIENTED_EDGE('',*,*,#4364,.T.);
#16146 = PLANE('',#16147);
#16147 = AXIS2_PLACEMENT_3D('',#16148,#16149,#16150);
#16148 = CARTESIAN_POINT('',(-0.9303,0.33,-0.7897));
#16149 = DIRECTION('',(0.688920156147,0.,-0.724837235836));
#16150 = DIRECTION('',(0.,-1.,0.));
#16151 = ADVANCED_FACE('',(#16152),#16157,.F.);
#16152 = FACE_BOUND('',#16153,.T.);
#16153 = EDGE_LOOP('',(#16154,#16155,#16156));
#16154 = ORIENTED_EDGE('',*,*,#5937,.T.);
#16155 = ORIENTED_EDGE('',*,*,#4330,.T.);
#16156 = ORIENTED_EDGE('',*,*,#10203,.T.);
#16157 = PLANE('',#16158);
#16158 = AXIS2_PLACEMENT_3D('',#16159,#16160,#16161);
#16159 = CARTESIAN_POINT('',(-0.9303,0.33,-0.63));
#16160 = DIRECTION('',(1.,0.,0.));
#16161 = DIRECTION('',(-0.,1.,0.));
#16162 = ADVANCED_FACE('',(#16163),#16195,.T.);
#16163 = FACE_BOUND('',#16164,.T.);
#16164 = EDGE_LOOP('',(#16165,#16166,#16173,#16180,#16181,#16188));
#16165 = ORIENTED_EDGE('',*,*,#5252,.T.);
#16166 = ORIENTED_EDGE('',*,*,#16167,.F.);
#16167 = EDGE_CURVE('',#4644,#5245,#16168,.T.);
#16168 = CIRCLE('',#16169,0.12);
#16169 = AXIS2_PLACEMENT_3D('',#16170,#16171,#16172);
#16170 = CARTESIAN_POINT('',(0.9303,0.31,0.75));
#16171 = DIRECTION('',(-1.,0.,0.));
#16172 = DIRECTION('',(0.,0.166666666667,-0.986013297183));
#16173 = ORIENTED_EDGE('',*,*,#16174,.F.);
#16174 = EDGE_CURVE('',#10133,#4644,#16175,.T.);
#16175 = CIRCLE('',#16176,0.12);
#16176 = AXIS2_PLACEMENT_3D('',#16177,#16178,#16179);
#16177 = CARTESIAN_POINT('',(0.9303,0.31,0.75));
#16178 = DIRECTION('',(-1.,0.,0.));
#16179 = DIRECTION('',(0.,1.,0.));
#16180 = ORIENTED_EDGE('',*,*,#10174,.F.);
#16181 = ORIENTED_EDGE('',*,*,#16182,.F.);
#16182 = EDGE_CURVE('',#4572,#10167,#16183,.T.);
#16183 = CIRCLE('',#16184,0.12);
#16184 = AXIS2_PLACEMENT_3D('',#16185,#16186,#16187);
#16185 = CARTESIAN_POINT('',(1.2203,0.31,0.75));
#16186 = DIRECTION('',(1.,0.,0.));
#16187 = DIRECTION('',(0.,0.166666666667,-0.986013297183));
#16188 = ORIENTED_EDGE('',*,*,#16189,.F.);
#16189 = EDGE_CURVE('',#5253,#4572,#16190,.T.);
#16190 = CIRCLE('',#16191,0.12);
#16191 = AXIS2_PLACEMENT_3D('',#16192,#16193,#16194);
#16192 = CARTESIAN_POINT('',(1.2203,0.31,0.75));
#16193 = DIRECTION('',(1.,0.,0.));
#16194 = DIRECTION('',(0.,0.,-1.));
#16195 = CYLINDRICAL_SURFACE('',#16196,0.12);
#16196 = AXIS2_PLACEMENT_3D('',#16197,#16198,#16199);
#16197 = CARTESIAN_POINT('',(6.3126,0.31,0.75));
#16198 = DIRECTION('',(1.,-0.,0.));
#16199 = DIRECTION('',(0.,1.,0.));
#16200 = ADVANCED_FACE('',(#16201),#16206,.F.);
#16201 = FACE_BOUND('',#16202,.T.);
#16202 = EDGE_LOOP('',(#16203,#16204,#16205));
#16203 = ORIENTED_EDGE('',*,*,#4571,.T.);
#16204 = ORIENTED_EDGE('',*,*,#5260,.F.);
#16205 = ORIENTED_EDGE('',*,*,#16189,.T.);
#16206 = PLANE('',#16207);
#16207 = AXIS2_PLACEMENT_3D('',#16208,#16209,#16210);
#16208 = CARTESIAN_POINT('',(1.2203,0.33,0.787));
#16209 = DIRECTION('',(1.,0.,0.));
#16210 = DIRECTION('',(-0.,1.,0.));
#16211 = ADVANCED_FACE('',(#16212),#16223,.T.);
#16212 = FACE_BOUND('',#16213,.T.);
#16213 = EDGE_LOOP('',(#16214,#16215,#16221,#16222));
#16214 = ORIENTED_EDGE('',*,*,#10166,.F.);
#16215 = ORIENTED_EDGE('',*,*,#16216,.F.);
#16216 = EDGE_CURVE('',#4580,#10159,#16217,.T.);
#16217 = LINE('',#16218,#16219);
#16218 = CARTESIAN_POINT('',(1.2203,0.33,0.787));
#16219 = VECTOR('',#16220,1.);
#16220 = DIRECTION('',(0.,1.,0.));
#16221 = ORIENTED_EDGE('',*,*,#4579,.T.);
#16222 = ORIENTED_EDGE('',*,*,#16182,.T.);
#16223 = PLANE('',#16224);
#16224 = AXIS2_PLACEMENT_3D('',#16225,#16226,#16227);
#16225 = CARTESIAN_POINT('',(1.2203,0.33,0.787));
#16226 = DIRECTION('',(1.,0.,0.));
#16227 = DIRECTION('',(-0.,1.,0.));
#16228 = ADVANCED_FACE('',(#16229),#16240,.T.);
#16229 = FACE_BOUND('',#16230,.T.);
#16230 = EDGE_LOOP('',(#16231,#16232,#16233,#16239));
#16231 = ORIENTED_EDGE('',*,*,#16216,.T.);
#16232 = ORIENTED_EDGE('',*,*,#10158,.F.);
#16233 = ORIENTED_EDGE('',*,*,#16234,.F.);
#16234 = EDGE_CURVE('',#4588,#10151,#16235,.T.);
#16235 = LINE('',#16236,#16237);
#16236 = CARTESIAN_POINT('',(1.37,0.33,0.97));
#16237 = VECTOR('',#16238,1.);
#16238 = DIRECTION('',(0.,1.,0.));
#16239 = ORIENTED_EDGE('',*,*,#4587,.T.);
#16240 = PLANE('',#16241);
#16241 = AXIS2_PLACEMENT_3D('',#16242,#16243,#16244);
#16242 = CARTESIAN_POINT('',(1.37,0.33,0.97));
#16243 = DIRECTION('',(0.774013830159,0.,-0.633168690573));
#16244 = DIRECTION('',(0.,-1.,0.));
#16245 = ADVANCED_FACE('',(#16246),#16349,.T.);
#16246 = FACE_BOUND('',#16247,.T.);
#16247 = EDGE_LOOP('',(#16248,#16259,#16267,#16276,#16284,#16290,#16291,
    #16299,#16307,#16316,#16324,#16331,#16332,#16333,#16334,#16335,
    #16336,#16342,#16343));
#16248 = ORIENTED_EDGE('',*,*,#16249,.T.);
#16249 = EDGE_CURVE('',#16250,#16252,#16254,.T.);
#16250 = VERTEX_POINT('',#16251);
#16251 = CARTESIAN_POINT('',(0.927530277865,0.140775960621,0.97));
#16252 = VERTEX_POINT('',#16253);
#16253 = CARTESIAN_POINT('',(0.90021809153,0.13,0.97));
#16254 = CIRCLE('',#16255,4.E-02);
#16255 = AXIS2_PLACEMENT_3D('',#16256,#16257,#16258);
#16256 = CARTESIAN_POINT('',(0.90021809153,0.17,0.97));
#16257 = DIRECTION('',(0.,0.,-1.));
#16258 = DIRECTION('',(0.682804658377,-0.730600984463,0.));
#16259 = ORIENTED_EDGE('',*,*,#16260,.T.);
#16260 = EDGE_CURVE('',#16252,#16261,#16263,.T.);
#16261 = VERTEX_POINT('',#16262);
#16262 = CARTESIAN_POINT('',(0.835,0.13,0.97));
#16263 = LINE('',#16264,#16265);
#16264 = CARTESIAN_POINT('',(0.90021809153,0.13,0.97));
#16265 = VECTOR('',#16266,1.);
#16266 = DIRECTION('',(-1.,0.,0.));
#16267 = ORIENTED_EDGE('',*,*,#16268,.T.);
#16268 = EDGE_CURVE('',#16261,#16269,#16271,.T.);
#16269 = VERTEX_POINT('',#16270);
#16270 = CARTESIAN_POINT('',(0.795,0.17,0.97));
#16271 = CIRCLE('',#16272,4.E-02);
#16272 = AXIS2_PLACEMENT_3D('',#16273,#16274,#16275);
#16273 = CARTESIAN_POINT('',(0.835,0.17,0.97));
#16274 = DIRECTION('',(0.,0.,-1.));
#16275 = DIRECTION('',(0.,-1.,0.));
#16276 = ORIENTED_EDGE('',*,*,#16277,.T.);
#16277 = EDGE_CURVE('',#16269,#16278,#16280,.T.);
#16278 = VERTEX_POINT('',#16279);
#16279 = CARTESIAN_POINT('',(0.795,0.21,0.97));
#16280 = LINE('',#16281,#16282);
#16281 = CARTESIAN_POINT('',(0.795,0.17,0.97));
#16282 = VECTOR('',#16283,1.);
#16283 = DIRECTION('',(0.,1.,0.));
#16284 = ORIENTED_EDGE('',*,*,#16285,.F.);
#16285 = EDGE_CURVE('',#3819,#16278,#16286,.T.);
#16286 = LINE('',#16287,#16288);
#16287 = CARTESIAN_POINT('',(0.62,0.21,0.97));
#16288 = VECTOR('',#16289,1.);
#16289 = DIRECTION('',(1.,1.554312234475E-14,0.));
#16290 = ORIENTED_EDGE('',*,*,#3818,.T.);
#16291 = ORIENTED_EDGE('',*,*,#16292,.T.);
#16292 = EDGE_CURVE('',#3811,#16293,#16295,.T.);
#16293 = VERTEX_POINT('',#16294);
#16294 = CARTESIAN_POINT('',(0.67,-0.17,0.97));
#16295 = LINE('',#16296,#16297);
#16296 = CARTESIAN_POINT('',(0.62,-0.12,0.97));
#16297 = VECTOR('',#16298,1.);
#16298 = DIRECTION('',(0.707106781187,-0.707106781186,0.));
#16299 = ORIENTED_EDGE('',*,*,#16300,.T.);
#16300 = EDGE_CURVE('',#16293,#16301,#16303,.T.);
#16301 = VERTEX_POINT('',#16302);
#16302 = CARTESIAN_POINT('',(0.964,-0.17,0.97));
#16303 = LINE('',#16304,#16305);
#16304 = CARTESIAN_POINT('',(0.67,-0.17,0.97));
#16305 = VECTOR('',#16306,1.);
#16306 = DIRECTION('',(1.,0.,0.));
#16307 = ORIENTED_EDGE('',*,*,#16308,.T.);
#16308 = EDGE_CURVE('',#16301,#16309,#16311,.T.);
#16309 = VERTEX_POINT('',#16310);
#16310 = CARTESIAN_POINT('',(1.032280465838,-0.143060098446,0.97));
#16311 = CIRCLE('',#16312,0.1);
#16312 = AXIS2_PLACEMENT_3D('',#16313,#16314,#16315);
#16313 = CARTESIAN_POINT('',(0.964,-7.E-02,0.97));
#16314 = DIRECTION('',(0.,0.,1.));
#16315 = DIRECTION('',(0.,-1.,0.));
#16316 = ORIENTED_EDGE('',*,*,#16317,.T.);
#16317 = EDGE_CURVE('',#16309,#16318,#16320,.T.);
#16318 = VERTEX_POINT('',#16319);
#16319 = CARTESIAN_POINT('',(1.177929076513,-6.939901553669E-03,0.97));
#16320 = LINE('',#16321,#16322);
#16321 = CARTESIAN_POINT('',(1.032280465838,-0.143060098446,0.97));
#16322 = VECTOR('',#16323,1.);
#16323 = DIRECTION('',(0.730600984463,0.682804658377,0.));
#16324 = ORIENTED_EDGE('',*,*,#16325,.T.);
#16325 = EDGE_CURVE('',#16318,#3592,#16326,.T.);
#16326 = CIRCLE('',#16327,0.1);
#16327 = AXIS2_PLACEMENT_3D('',#16328,#16329,#16330);
#16328 = CARTESIAN_POINT('',(1.246209542351,-8.E-02,0.97));
#16329 = DIRECTION('',(0.,0.,-1.));
#16330 = DIRECTION('',(-0.682804658377,0.730600984463,0.));
#16331 = ORIENTED_EDGE('',*,*,#3591,.F.);
#16332 = ORIENTED_EDGE('',*,*,#9181,.F.);
#16333 = ORIENTED_EDGE('',*,*,#4595,.F.);
#16334 = ORIENTED_EDGE('',*,*,#16234,.T.);
#16335 = ORIENTED_EDGE('',*,*,#10150,.F.);
#16336 = ORIENTED_EDGE('',*,*,#16337,.F.);
#16337 = EDGE_CURVE('',#8225,#10143,#16338,.T.);
#16338 = LINE('',#16339,#16340);
#16339 = CARTESIAN_POINT('',(1.12,0.33,0.97));
#16340 = VECTOR('',#16341,1.);
#16341 = DIRECTION('',(0.,1.,0.));
#16342 = ORIENTED_EDGE('',*,*,#8224,.T.);
#16343 = ORIENTED_EDGE('',*,*,#16344,.T.);
#16344 = EDGE_CURVE('',#8217,#16250,#16345,.T.);
#16345 = LINE('',#16346,#16347);
#16346 = CARTESIAN_POINT('',(1.13,0.33,0.97));
#16347 = VECTOR('',#16348,1.);
#16348 = DIRECTION('',(-0.730600984463,-0.682804658377,0.));
#16349 = PLANE('',#16350);
#16350 = AXIS2_PLACEMENT_3D('',#16351,#16352,#16353);
#16351 = CARTESIAN_POINT('',(1.5,0.33,0.97));
#16352 = DIRECTION('',(0.,0.,1.));
#16353 = DIRECTION('',(1.,0.,-0.));
#16354 = ADVANCED_FACE('',(#16355),#16366,.T.);
#16355 = FACE_BOUND('',#16356,.T.);
#16356 = EDGE_LOOP('',(#16357,#16358,#16364,#16365));
#16357 = ORIENTED_EDGE('',*,*,#3796,.T.);
#16358 = ORIENTED_EDGE('',*,*,#16359,.T.);
#16359 = EDGE_CURVE('',#3788,#16250,#16360,.T.);
#16360 = LINE('',#16361,#16362);
#16361 = CARTESIAN_POINT('',(0.927530277865,0.140775960621,0.88));
#16362 = VECTOR('',#16363,1.);
#16363 = DIRECTION('',(0.,0.,1.));
#16364 = ORIENTED_EDGE('',*,*,#16344,.F.);
#16365 = ORIENTED_EDGE('',*,*,#8216,.F.);
#16366 = PLANE('',#16367);
#16367 = AXIS2_PLACEMENT_3D('',#16368,#16369,#16370);
#16368 = CARTESIAN_POINT('',(1.13,0.33,0.88));
#16369 = DIRECTION('',(-0.682804658377,0.730600984463,0.));
#16370 = DIRECTION('',(0.,0.,1.));
#16371 = ADVANCED_FACE('',(#16372),#16383,.F.);
#16372 = FACE_BOUND('',#16373,.F.);
#16373 = EDGE_LOOP('',(#16374,#16375,#16376,#16377));
#16374 = ORIENTED_EDGE('',*,*,#3787,.T.);
#16375 = ORIENTED_EDGE('',*,*,#16359,.T.);
#16376 = ORIENTED_EDGE('',*,*,#16249,.T.);
#16377 = ORIENTED_EDGE('',*,*,#16378,.F.);
#16378 = EDGE_CURVE('',#3780,#16252,#16379,.T.);
#16379 = LINE('',#16380,#16381);
#16380 = CARTESIAN_POINT('',(0.90021809153,0.13,0.88));
#16381 = VECTOR('',#16382,1.);
#16382 = DIRECTION('',(0.,0.,1.));
#16383 = CYLINDRICAL_SURFACE('',#16384,4.E-02);
#16384 = AXIS2_PLACEMENT_3D('',#16385,#16386,#16387);
#16385 = CARTESIAN_POINT('',(0.90021809153,0.17,0.88));
#16386 = DIRECTION('',(0.,0.,-1.));
#16387 = DIRECTION('',(1.,0.,0.));
#16388 = ADVANCED_FACE('',(#16389),#16400,.T.);
#16389 = FACE_BOUND('',#16390,.T.);
#16390 = EDGE_LOOP('',(#16391,#16397,#16398,#16399));
#16391 = ORIENTED_EDGE('',*,*,#16392,.T.);
#16392 = EDGE_CURVE('',#3771,#16261,#16393,.T.);
#16393 = LINE('',#16394,#16395);
#16394 = CARTESIAN_POINT('',(0.835,0.13,0.88));
#16395 = VECTOR('',#16396,1.);
#16396 = DIRECTION('',(0.,0.,1.));
#16397 = ORIENTED_EDGE('',*,*,#16260,.F.);
#16398 = ORIENTED_EDGE('',*,*,#16378,.F.);
#16399 = ORIENTED_EDGE('',*,*,#3779,.T.);
#16400 = PLANE('',#16401);
#16401 = AXIS2_PLACEMENT_3D('',#16402,#16403,#16404);
#16402 = CARTESIAN_POINT('',(0.90021809153,0.13,0.88));
#16403 = DIRECTION('',(-0.,1.,0.));
#16404 = DIRECTION('',(1.,0.,0.));
#16405 = ADVANCED_FACE('',(#16406),#16417,.F.);
#16406 = FACE_BOUND('',#16407,.F.);
#16407 = EDGE_LOOP('',(#16408,#16409,#16410,#16411));
#16408 = ORIENTED_EDGE('',*,*,#3770,.T.);
#16409 = ORIENTED_EDGE('',*,*,#16392,.T.);
#16410 = ORIENTED_EDGE('',*,*,#16268,.T.);
#16411 = ORIENTED_EDGE('',*,*,#16412,.F.);
#16412 = EDGE_CURVE('',#3763,#16269,#16413,.T.);
#16413 = LINE('',#16414,#16415);
#16414 = CARTESIAN_POINT('',(0.795,0.17,0.88));
#16415 = VECTOR('',#16416,1.);
#16416 = DIRECTION('',(0.,0.,1.));
#16417 = CYLINDRICAL_SURFACE('',#16418,4.E-02);
#16418 = AXIS2_PLACEMENT_3D('',#16419,#16420,#16421);
#16419 = CARTESIAN_POINT('',(0.835,0.17,0.88));
#16420 = DIRECTION('',(0.,0.,-1.));
#16421 = DIRECTION('',(1.,0.,0.));
#16422 = ADVANCED_FACE('',(#16423),#16486,.T.);
#16423 = FACE_BOUND('',#16424,.T.);
#16424 = EDGE_LOOP('',(#16425,#16426,#16427,#16428,#16429,#16437,#16445,
    #16452,#16453,#16461,#16470,#16478,#16485));
#16425 = ORIENTED_EDGE('',*,*,#16412,.F.);
#16426 = ORIENTED_EDGE('',*,*,#3762,.F.);
#16427 = ORIENTED_EDGE('',*,*,#3956,.T.);
#16428 = ORIENTED_EDGE('',*,*,#5230,.T.);
#16429 = ORIENTED_EDGE('',*,*,#16430,.T.);
#16430 = EDGE_CURVE('',#5223,#16431,#16433,.T.);
#16431 = VERTEX_POINT('',#16432);
#16432 = CARTESIAN_POINT('',(0.795,6.8E-02,0.62866826328));
#16433 = LINE('',#16434,#16435);
#16434 = CARTESIAN_POINT('',(0.795,6.8E-02,0.63));
#16435 = VECTOR('',#16436,1.);
#16436 = DIRECTION('',(1.667331099614E-13,0.,-1.));
#16437 = ORIENTED_EDGE('',*,*,#16438,.T.);
#16438 = EDGE_CURVE('',#16431,#16439,#16441,.T.);
#16439 = VERTEX_POINT('',#16440);
#16440 = CARTESIAN_POINT('',(0.795,0.147698376862,0.571756978372));
#16441 = LINE('',#16442,#16443);
#16442 = CARTESIAN_POINT('',(0.795,6.8E-02,0.62866826328));
#16443 = VECTOR('',#16444,1.);
#16444 = DIRECTION('',(0.,0.813811351416,-0.581129145978));
#16445 = ORIENTED_EDGE('',*,*,#16446,.T.);
#16446 = EDGE_CURVE('',#16439,#2384,#16447,.T.);
#16447 = CIRCLE('',#16448,9.E-02);
#16448 = AXIS2_PLACEMENT_3D('',#16449,#16450,#16451);
#16449 = CARTESIAN_POINT('',(0.795,0.2,0.645));
#16450 = DIRECTION('',(1.,0.,0.));
#16451 = DIRECTION('',(0.,-0.581129145978,-0.813811351416));
#16452 = ORIENTED_EDGE('',*,*,#2408,.T.);
#16453 = ORIENTED_EDGE('',*,*,#16454,.T.);
#16454 = EDGE_CURVE('',#2401,#16455,#16457,.T.);
#16455 = VERTEX_POINT('',#16456);
#16456 = CARTESIAN_POINT('',(0.795,0.297850884872,0.609619985366));
#16457 = LINE('',#16458,#16459);
#16458 = CARTESIAN_POINT('',(0.795,0.257850884872,0.576056000119));
#16459 = VECTOR('',#16460,1.);
#16460 = DIRECTION('',(0.,0.766044443119,0.642787609686));
#16461 = ORIENTED_EDGE('',*,*,#16462,.T.);
#16462 = EDGE_CURVE('',#16455,#16463,#16465,.T.);
#16463 = VERTEX_POINT('',#16464);
#16464 = CARTESIAN_POINT('',(0.795,0.33,0.678563985247));
#16465 = CIRCLE('',#16466,9.E-02);
#16466 = AXIS2_PLACEMENT_3D('',#16467,#16468,#16469);
#16467 = CARTESIAN_POINT('',(0.795,0.24,0.678563985247));
#16468 = DIRECTION('',(1.,0.,0.));
#16469 = DIRECTION('',(0.,0.642787609686,-0.766044443119));
#16470 = ORIENTED_EDGE('',*,*,#16471,.T.);
#16471 = EDGE_CURVE('',#16463,#16472,#16474,.T.);
#16472 = VERTEX_POINT('',#16473);
#16473 = CARTESIAN_POINT('',(0.795,0.33,0.85));
#16474 = LINE('',#16475,#16476);
#16475 = CARTESIAN_POINT('',(0.795,0.33,0.678563985247));
#16476 = VECTOR('',#16477,1.);
#16477 = DIRECTION('',(0.,0.,1.));
#16478 = ORIENTED_EDGE('',*,*,#16479,.T.);
#16479 = EDGE_CURVE('',#16472,#16278,#16480,.T.);
#16480 = CIRCLE('',#16481,0.12);
#16481 = AXIS2_PLACEMENT_3D('',#16482,#16483,#16484);
#16482 = CARTESIAN_POINT('',(0.795,0.21,0.85));
#16483 = DIRECTION('',(1.,0.,0.));
#16484 = DIRECTION('',(-0.,1.,0.));
#16485 = ORIENTED_EDGE('',*,*,#16277,.F.);
#16486 = PLANE('',#16487);
#16487 = AXIS2_PLACEMENT_3D('',#16488,#16489,#16490);
#16488 = CARTESIAN_POINT('',(0.795,0.17,0.88));
#16489 = DIRECTION('',(1.,0.,0.));
#16490 = DIRECTION('',(-0.,1.,0.));
#16491 = ADVANCED_FACE('',(#16492),#16503,.T.);
#16492 = FACE_BOUND('',#16493,.T.);
#16493 = EDGE_LOOP('',(#16494,#16495,#16501,#16502));
#16494 = ORIENTED_EDGE('',*,*,#16479,.F.);
#16495 = ORIENTED_EDGE('',*,*,#16496,.F.);
#16496 = EDGE_CURVE('',#3827,#16472,#16497,.T.);
#16497 = LINE('',#16498,#16499);
#16498 = CARTESIAN_POINT('',(0.62,0.33,0.85));
#16499 = VECTOR('',#16500,1.);
#16500 = DIRECTION('',(1.,0.,0.));
#16501 = ORIENTED_EDGE('',*,*,#3826,.T.);
#16502 = ORIENTED_EDGE('',*,*,#16285,.T.);
#16503 = CYLINDRICAL_SURFACE('',#16504,0.12);
#16504 = AXIS2_PLACEMENT_3D('',#16505,#16506,#16507);
#16505 = CARTESIAN_POINT('',(0.62,0.21,0.85));
#16506 = DIRECTION('',(-1.,0.,-0.));
#16507 = DIRECTION('',(0.,0.,-1.));
#16508 = ADVANCED_FACE('',(#16509),#16520,.T.);
#16509 = FACE_BOUND('',#16510,.T.);
#16510 = EDGE_LOOP('',(#16511,#16512,#16513,#16519));
#16511 = ORIENTED_EDGE('',*,*,#16496,.T.);
#16512 = ORIENTED_EDGE('',*,*,#16471,.F.);
#16513 = ORIENTED_EDGE('',*,*,#16514,.F.);
#16514 = EDGE_CURVE('',#3836,#16463,#16515,.T.);
#16515 = LINE('',#16516,#16517);
#16516 = CARTESIAN_POINT('',(0.62,0.33,0.678563985247));
#16517 = VECTOR('',#16518,1.);
#16518 = DIRECTION('',(1.,0.,0.));
#16519 = ORIENTED_EDGE('',*,*,#3835,.T.);
#16520 = PLANE('',#16521);
#16521 = AXIS2_PLACEMENT_3D('',#16522,#16523,#16524);
#16522 = CARTESIAN_POINT('',(0.62,0.33,0.678563985247));
#16523 = DIRECTION('',(-0.,1.,0.));
#16524 = DIRECTION('',(1.,0.,0.));
#16525 = ADVANCED_FACE('',(#16526),#16537,.T.);
#16526 = FACE_BOUND('',#16527,.T.);
#16527 = EDGE_LOOP('',(#16528,#16529,#16530,#16536));
#16528 = ORIENTED_EDGE('',*,*,#16514,.T.);
#16529 = ORIENTED_EDGE('',*,*,#16462,.F.);
#16530 = ORIENTED_EDGE('',*,*,#16531,.F.);
#16531 = EDGE_CURVE('',#3844,#16455,#16532,.T.);
#16532 = LINE('',#16533,#16534);
#16533 = CARTESIAN_POINT('',(0.62,0.297850884872,0.609619985366));
#16534 = VECTOR('',#16535,1.);
#16535 = DIRECTION('',(1.,0.,0.));
#16536 = ORIENTED_EDGE('',*,*,#3843,.T.);
#16537 = CYLINDRICAL_SURFACE('',#16538,9.E-02);
#16538 = AXIS2_PLACEMENT_3D('',#16539,#16540,#16541);
#16539 = CARTESIAN_POINT('',(0.62,0.24,0.678563985247));
#16540 = DIRECTION('',(-1.,0.,-0.));
#16541 = DIRECTION('',(0.,0.,-1.));
#16542 = ADVANCED_FACE('',(#16543),#16549,.T.);
#16543 = FACE_BOUND('',#16544,.T.);
#16544 = EDGE_LOOP('',(#16545,#16546,#16547,#16548));
#16545 = ORIENTED_EDGE('',*,*,#16531,.T.);
#16546 = ORIENTED_EDGE('',*,*,#16454,.F.);
#16547 = ORIENTED_EDGE('',*,*,#2400,.F.);
#16548 = ORIENTED_EDGE('',*,*,#3852,.T.);
#16549 = PLANE('',#16550);
#16550 = AXIS2_PLACEMENT_3D('',#16551,#16552,#16553);
#16551 = CARTESIAN_POINT('',(0.62,0.257850884872,0.576056000119));
#16552 = DIRECTION('',(0.,0.642787609686,-0.766044443119));
#16553 = DIRECTION('',(-1.,0.,0.));
#16554 = ADVANCED_FACE('',(#16555),#16566,.T.);
#16555 = FACE_BOUND('',#16556,.T.);
#16556 = EDGE_LOOP('',(#16557,#16558,#16559,#16565));
#16557 = ORIENTED_EDGE('',*,*,#2381,.T.);
#16558 = ORIENTED_EDGE('',*,*,#16446,.F.);
#16559 = ORIENTED_EDGE('',*,*,#16560,.F.);
#16560 = EDGE_CURVE('',#3860,#16439,#16561,.T.);
#16561 = LINE('',#16562,#16563);
#16562 = CARTESIAN_POINT('',(0.62,0.147698376862,0.571756978372));
#16563 = VECTOR('',#16564,1.);
#16564 = DIRECTION('',(1.,0.,0.));
#16565 = ORIENTED_EDGE('',*,*,#3859,.T.);
#16566 = CYLINDRICAL_SURFACE('',#16567,9.E-02);
#16567 = AXIS2_PLACEMENT_3D('',#16568,#16569,#16570);
#16568 = CARTESIAN_POINT('',(0.62,0.2,0.645));
#16569 = DIRECTION('',(-1.,0.,-0.));
#16570 = DIRECTION('',(0.,0.,-1.));
#16571 = ADVANCED_FACE('',(#16572),#16583,.T.);
#16572 = FACE_BOUND('',#16573,.T.);
#16573 = EDGE_LOOP('',(#16574,#16575,#16576,#16582));
#16574 = ORIENTED_EDGE('',*,*,#16560,.T.);
#16575 = ORIENTED_EDGE('',*,*,#16438,.F.);
#16576 = ORIENTED_EDGE('',*,*,#16577,.F.);
#16577 = EDGE_CURVE('',#3869,#16431,#16578,.T.);
#16578 = LINE('',#16579,#16580);
#16579 = CARTESIAN_POINT('',(0.62,6.8E-02,0.62866826328));
#16580 = VECTOR('',#16581,1.);
#16581 = DIRECTION('',(1.,0.,0.));
#16582 = ORIENTED_EDGE('',*,*,#3868,.T.);
#16583 = PLANE('',#16584);
#16584 = AXIS2_PLACEMENT_3D('',#16585,#16586,#16587);
#16585 = CARTESIAN_POINT('',(0.62,6.8E-02,0.62866826328));
#16586 = DIRECTION('',(0.,-0.581129145978,-0.813811351416));
#16587 = DIRECTION('',(0.,-0.813811351416,0.581129145978));
#16588 = ADVANCED_FACE('',(#16589),#16595,.T.);
#16589 = FACE_BOUND('',#16590,.T.);
#16590 = EDGE_LOOP('',(#16591,#16592,#16593,#16594));
#16591 = ORIENTED_EDGE('',*,*,#3876,.T.);
#16592 = ORIENTED_EDGE('',*,*,#16577,.T.);
#16593 = ORIENTED_EDGE('',*,*,#16430,.F.);
#16594 = ORIENTED_EDGE('',*,*,#5222,.F.);
#16595 = PLANE('',#16596);
#16596 = AXIS2_PLACEMENT_3D('',#16597,#16598,#16599);
#16597 = CARTESIAN_POINT('',(0.62,6.8E-02,0.97));
#16598 = DIRECTION('',(0.,-1.,0.));
#16599 = DIRECTION('',(0.,0.,-1.));
#16600 = ADVANCED_FACE('',(#16601),#16613,.T.);
#16601 = FACE_BOUND('',#16602,.T.);
#16602 = EDGE_LOOP('',(#16603,#16604,#16605,#16606,#16612));
#16603 = ORIENTED_EDGE('',*,*,#8232,.T.);
#16604 = ORIENTED_EDGE('',*,*,#16337,.T.);
#16605 = ORIENTED_EDGE('',*,*,#10142,.F.);
#16606 = ORIENTED_EDGE('',*,*,#16607,.F.);
#16607 = EDGE_CURVE('',#4667,#10135,#16608,.T.);
#16608 = LINE('',#16609,#16610);
#16609 = CARTESIAN_POINT('',(0.9303,0.33,0.7897));
#16610 = VECTOR('',#16611,1.);
#16611 = DIRECTION('',(0.,1.,0.));
#16612 = ORIENTED_EDGE('',*,*,#4666,.T.);
#16613 = PLANE('',#16614);
#16614 = AXIS2_PLACEMENT_3D('',#16615,#16616,#16617);
#16615 = CARTESIAN_POINT('',(0.9303,0.33,0.7897));
#16616 = DIRECTION('',(-0.688920156147,0.,0.724837235836));
#16617 = DIRECTION('',(0.,1.,0.));
#16618 = ADVANCED_FACE('',(#16619),#16625,.T.);
#16619 = FACE_BOUND('',#16620,.T.);
#16620 = EDGE_LOOP('',(#16621,#16622,#16623,#16624));
#16621 = ORIENTED_EDGE('',*,*,#4674,.T.);
#16622 = ORIENTED_EDGE('',*,*,#16607,.T.);
#16623 = ORIENTED_EDGE('',*,*,#10132,.F.);
#16624 = ORIENTED_EDGE('',*,*,#16174,.T.);
#16625 = PLANE('',#16626);
#16626 = AXIS2_PLACEMENT_3D('',#16627,#16628,#16629);
#16627 = CARTESIAN_POINT('',(0.9303,0.33,0.63));
#16628 = DIRECTION('',(-1.,0.,0.));
#16629 = DIRECTION('',(0.,0.,1.));
#16630 = ADVANCED_FACE('',(#16631),#16642,.F.);
#16631 = FACE_BOUND('',#16632,.F.);
#16632 = EDGE_LOOP('',(#16633,#16634,#16640,#16641));
#16633 = ORIENTED_EDGE('',*,*,#3672,.T.);
#16634 = ORIENTED_EDGE('',*,*,#16635,.T.);
#16635 = EDGE_CURVE('',#3673,#16318,#16636,.T.);
#16636 = LINE('',#16637,#16638);
#16637 = CARTESIAN_POINT('',(1.177929076513,-6.939901553669E-03,0.88));
#16638 = VECTOR('',#16639,1.);
#16639 = DIRECTION('',(0.,0.,1.));
#16640 = ORIENTED_EDGE('',*,*,#16325,.T.);
#16641 = ORIENTED_EDGE('',*,*,#3599,.F.);
#16642 = CYLINDRICAL_SURFACE('',#16643,0.1);
#16643 = AXIS2_PLACEMENT_3D('',#16644,#16645,#16646);
#16644 = CARTESIAN_POINT('',(1.246209542351,-8.E-02,0.88));
#16645 = DIRECTION('',(0.,0.,-1.));
#16646 = DIRECTION('',(1.,0.,0.));
#16647 = ADVANCED_FACE('',(#16648),#16659,.T.);
#16648 = FACE_BOUND('',#16649,.T.);
#16649 = EDGE_LOOP('',(#16650,#16651,#16652,#16658));
#16650 = ORIENTED_EDGE('',*,*,#16635,.T.);
#16651 = ORIENTED_EDGE('',*,*,#16317,.F.);
#16652 = ORIENTED_EDGE('',*,*,#16653,.F.);
#16653 = EDGE_CURVE('',#3682,#16309,#16654,.T.);
#16654 = LINE('',#16655,#16656);
#16655 = CARTESIAN_POINT('',(1.032280465838,-0.143060098446,0.88));
#16656 = VECTOR('',#16657,1.);
#16657 = DIRECTION('',(0.,0.,1.));
#16658 = ORIENTED_EDGE('',*,*,#3681,.T.);
#16659 = PLANE('',#16660);
#16660 = AXIS2_PLACEMENT_3D('',#16661,#16662,#16663);
#16661 = CARTESIAN_POINT('',(1.032280465838,-0.143060098446,0.88));
#16662 = DIRECTION('',(0.682804658377,-0.730600984463,0.));
#16663 = DIRECTION('',(0.,0.,-1.));
#16664 = ADVANCED_FACE('',(#16665),#16676,.T.);
#16665 = FACE_BOUND('',#16666,.T.);
#16666 = EDGE_LOOP('',(#16667,#16668,#16669,#16675));
#16667 = ORIENTED_EDGE('',*,*,#16653,.T.);
#16668 = ORIENTED_EDGE('',*,*,#16308,.F.);
#16669 = ORIENTED_EDGE('',*,*,#16670,.F.);
#16670 = EDGE_CURVE('',#3690,#16301,#16671,.T.);
#16671 = LINE('',#16672,#16673);
#16672 = CARTESIAN_POINT('',(0.964,-0.17,0.88));
#16673 = VECTOR('',#16674,1.);
#16674 = DIRECTION('',(0.,0.,1.));
#16675 = ORIENTED_EDGE('',*,*,#3689,.T.);
#16676 = CYLINDRICAL_SURFACE('',#16677,0.1);
#16677 = AXIS2_PLACEMENT_3D('',#16678,#16679,#16680);
#16678 = CARTESIAN_POINT('',(0.964,-7.E-02,0.88));
#16679 = DIRECTION('',(0.,0.,-1.));
#16680 = DIRECTION('',(1.,0.,0.));
#16681 = ADVANCED_FACE('',(#16682),#16693,.T.);
#16682 = FACE_BOUND('',#16683,.T.);
#16683 = EDGE_LOOP('',(#16684,#16685,#16686,#16692));
#16684 = ORIENTED_EDGE('',*,*,#16670,.T.);
#16685 = ORIENTED_EDGE('',*,*,#16300,.F.);
#16686 = ORIENTED_EDGE('',*,*,#16687,.F.);
#16687 = EDGE_CURVE('',#3699,#16293,#16688,.T.);
#16688 = LINE('',#16689,#16690);
#16689 = CARTESIAN_POINT('',(0.67,-0.17,0.88));
#16690 = VECTOR('',#16691,1.);
#16691 = DIRECTION('',(0.,0.,1.));
#16692 = ORIENTED_EDGE('',*,*,#3698,.T.);
#16693 = PLANE('',#16694);
#16694 = AXIS2_PLACEMENT_3D('',#16695,#16696,#16697);
#16695 = CARTESIAN_POINT('',(0.67,-0.17,0.88));
#16696 = DIRECTION('',(0.,-1.,0.));
#16697 = DIRECTION('',(0.,0.,-1.));
#16698 = ADVANCED_FACE('',(#16699),#16705,.T.);
#16699 = FACE_BOUND('',#16700,.T.);
#16700 = EDGE_LOOP('',(#16701,#16702,#16703,#16704));
#16701 = ORIENTED_EDGE('',*,*,#16687,.T.);
#16702 = ORIENTED_EDGE('',*,*,#16292,.F.);
#16703 = ORIENTED_EDGE('',*,*,#3810,.F.);
#16704 = ORIENTED_EDGE('',*,*,#3706,.T.);
#16705 = PLANE('',#16706);
#16706 = AXIS2_PLACEMENT_3D('',#16707,#16708,#16709);
#16707 = CARTESIAN_POINT('',(0.62,-0.12,0.88));
#16708 = DIRECTION('',(-0.707106781186,-0.707106781187,0.));
#16709 = DIRECTION('',(-0.707106781187,0.707106781186,0.));
#16710 = ADVANCED_FACE('',(#16711),#16716,.F.);
#16711 = FACE_BOUND('',#16712,.T.);
#16712 = EDGE_LOOP('',(#16713,#16714,#16715));
#16713 = ORIENTED_EDGE('',*,*,#16167,.T.);
#16714 = ORIENTED_EDGE('',*,*,#5244,.T.);
#16715 = ORIENTED_EDGE('',*,*,#4641,.T.);
#16716 = PLANE('',#16717);
#16717 = AXIS2_PLACEMENT_3D('',#16718,#16719,#16720);
#16718 = CARTESIAN_POINT('',(0.9303,0.33,0.63));
#16719 = DIRECTION('',(-1.,0.,0.));
#16720 = DIRECTION('',(0.,0.,1.));
#16721 = ADVANCED_FACE('',(#16722),#16727,.F.);
#16722 = FACE_BOUND('',#16723,.T.);
#16723 = EDGE_LOOP('',(#16724,#16725,#16726));
#16724 = ORIENTED_EDGE('',*,*,#5836,.T.);
#16725 = ORIENTED_EDGE('',*,*,#4498,.T.);
#16726 = ORIENTED_EDGE('',*,*,#9938,.T.);
#16727 = PLANE('',#16728);
#16728 = AXIS2_PLACEMENT_3D('',#16729,#16730,#16731);
#16729 = CARTESIAN_POINT('',(1.2203,0.33,-0.63));
#16730 = DIRECTION('',(1.,0.,0.));
#16731 = DIRECTION('',(-0.,1.,0.));
#16732 = ADVANCED_FACE('',(#16733),#16744,.T.);
#16733 = FACE_BOUND('',#16734,.T.);
#16734 = EDGE_LOOP('',(#16735,#16736,#16737,#16738));
#16735 = ORIENTED_EDGE('',*,*,#3560,.T.);
#16736 = ORIENTED_EDGE('',*,*,#4540,.T.);
#16737 = ORIENTED_EDGE('',*,*,#9706,.F.);
#16738 = ORIENTED_EDGE('',*,*,#16739,.F.);
#16739 = EDGE_CURVE('',#3561,#9668,#16740,.T.);
#16740 = LINE('',#16741,#16742);
#16741 = CARTESIAN_POINT('',(1.411191602831,0.419625454917,0.75));
#16742 = VECTOR('',#16743,1.);
#16743 = DIRECTION('',(0.,0.,-1.));
#16744 = CYLINDRICAL_SURFACE('',#16745,0.12);
#16745 = AXIS2_PLACEMENT_3D('',#16746,#16747,#16748);
#16746 = CARTESIAN_POINT('',(1.46,0.31,0.75));
#16747 = DIRECTION('',(0.,0.,1.));
#16748 = DIRECTION('',(-1.,0.,0.));
#16749 = ADVANCED_FACE('',(#16750),#16761,.T.);
#16750 = FACE_BOUND('',#16751,.T.);
#16751 = EDGE_LOOP('',(#16752,#16753,#16759,#16760));
#16752 = ORIENTED_EDGE('',*,*,#9637,.F.);
#16753 = ORIENTED_EDGE('',*,*,#16754,.T.);
#16754 = EDGE_CURVE('',#9629,#3561,#16755,.T.);
#16755 = LINE('',#16756,#16757);
#16756 = CARTESIAN_POINT('',(1.291191602831,0.36619801268,0.649577179564
    ));
#16757 = VECTOR('',#16758,1.);
#16758 = DIRECTION('',(0.725751716034,0.32312548239,0.607350285505));
#16759 = ORIENTED_EDGE('',*,*,#16739,.T.);
#16760 = ORIENTED_EDGE('',*,*,#9667,.F.);
#16761 = PLANE('',#16762);
#16762 = AXIS2_PLACEMENT_3D('',#16763,#16764,#16765);
#16763 = CARTESIAN_POINT('',(1.291191602831,0.36619801268,0.75));
#16764 = DIRECTION('',(-0.406736643076,0.913545457643,0.));
#16765 = DIRECTION('',(0.,0.,1.));
#16766 = ADVANCED_FACE('',(#16767),#16773,.F.);
#16767 = FACE_BOUND('',#16768,.T.);
#16768 = EDGE_LOOP('',(#16769,#16770,#16771,#16772));
#16769 = ORIENTED_EDGE('',*,*,#16754,.F.);
#16770 = ORIENTED_EDGE('',*,*,#9628,.F.);
#16771 = ORIENTED_EDGE('',*,*,#4547,.F.);
#16772 = ORIENTED_EDGE('',*,*,#3569,.T.);
#16773 = PLANE('',#16774);
#16774 = AXIS2_PLACEMENT_3D('',#16775,#16776,#16777);
#16775 = CARTESIAN_POINT('',(1.411191602831,0.33,0.75));
#16776 = DIRECTION('',(0.641777727204,0.,-0.766890702033));
#16777 = DIRECTION('',(0.,-1.,0.));
#16778 = ADVANCED_FACE('',(#16779),#16840,.T.);
#16779 = FACE_BOUND('',#16780,.T.);
#16780 = EDGE_LOOP('',(#16781,#16782,#16783,#16784,#16793,#16801,#16809,
    #16817,#16825,#16833));
#16781 = ORIENTED_EDGE('',*,*,#3480,.T.);
#16782 = ORIENTED_EDGE('',*,*,#9283,.T.);
#16783 = ORIENTED_EDGE('',*,*,#9134,.F.);
#16784 = ORIENTED_EDGE('',*,*,#16785,.T.);
#16785 = EDGE_CURVE('',#9127,#16786,#16788,.T.);
#16786 = VERTEX_POINT('',#16787);
#16787 = CARTESIAN_POINT('',(1.62,-0.27,-0.595));
#16788 = CIRCLE('',#16789,4.E-02);
#16789 = AXIS2_PLACEMENT_3D('',#16790,#16791,#16792);
#16790 = CARTESIAN_POINT('',(1.62,-0.23,-0.595));
#16791 = DIRECTION('',(0.,0.,1.));
#16792 = DIRECTION('',(-1.,0.,0.));
#16793 = ORIENTED_EDGE('',*,*,#16794,.T.);
#16794 = EDGE_CURVE('',#16786,#16795,#16797,.T.);
#16795 = VERTEX_POINT('',#16796);
#16796 = CARTESIAN_POINT('',(1.73,-0.27,-0.595));
#16797 = LINE('',#16798,#16799);
#16798 = CARTESIAN_POINT('',(1.62,-0.27,-0.595));
#16799 = VECTOR('',#16800,1.);
#16800 = DIRECTION('',(1.,0.,0.));
#16801 = ORIENTED_EDGE('',*,*,#16802,.T.);
#16802 = EDGE_CURVE('',#16795,#16803,#16805,.T.);
#16803 = VERTEX_POINT('',#16804);
#16804 = CARTESIAN_POINT('',(1.73,-0.33,-0.595));
#16805 = LINE('',#16806,#16807);
#16806 = CARTESIAN_POINT('',(1.73,-0.27,-0.595));
#16807 = VECTOR('',#16808,1.);
#16808 = DIRECTION('',(0.,-1.,0.));
#16809 = ORIENTED_EDGE('',*,*,#16810,.T.);
#16810 = EDGE_CURVE('',#16803,#16811,#16813,.T.);
#16811 = VERTEX_POINT('',#16812);
#16812 = CARTESIAN_POINT('',(1.69,-0.33,-0.595));
#16813 = LINE('',#16814,#16815);
#16814 = CARTESIAN_POINT('',(1.73,-0.33,-0.595));
#16815 = VECTOR('',#16816,1.);
#16816 = DIRECTION('',(-1.,0.,0.));
#16817 = ORIENTED_EDGE('',*,*,#16818,.T.);
#16818 = EDGE_CURVE('',#16811,#16819,#16821,.T.);
#16819 = VERTEX_POINT('',#16820);
#16820 = CARTESIAN_POINT('',(1.67,-0.35,-0.595));
#16821 = LINE('',#16822,#16823);
#16822 = CARTESIAN_POINT('',(1.69,-0.33,-0.595));
#16823 = VECTOR('',#16824,1.);
#16824 = DIRECTION('',(-0.707106781187,-0.707106781187,0.));
#16825 = ORIENTED_EDGE('',*,*,#16826,.T.);
#16826 = EDGE_CURVE('',#16819,#16827,#16829,.T.);
#16827 = VERTEX_POINT('',#16828);
#16828 = CARTESIAN_POINT('',(1.566332495807,-0.35,-0.595));
#16829 = LINE('',#16830,#16831);
#16830 = CARTESIAN_POINT('',(1.67,-0.35,-0.595));
#16831 = VECTOR('',#16832,1.);
#16832 = DIRECTION('',(-1.,0.,0.));
#16833 = ORIENTED_EDGE('',*,*,#16834,.T.);
#16834 = EDGE_CURVE('',#16827,#3186,#16835,.T.);
#16835 = CIRCLE('',#16836,0.12);
#16836 = AXIS2_PLACEMENT_3D('',#16837,#16838,#16839);
#16837 = CARTESIAN_POINT('',(1.566332495807,-0.23,-0.595));
#16838 = DIRECTION('',(-0.,0.,-1.));
#16839 = DIRECTION('',(-1.828167247216E-12,-1.,0.));
#16840 = PLANE('',#16841);
#16841 = AXIS2_PLACEMENT_3D('',#16842,#16843,#16844);
#16842 = CARTESIAN_POINT('',(1.5,-0.35,-0.595));
#16843 = DIRECTION('',(0.,0.,-1.));
#16844 = DIRECTION('',(0.,-1.,0.));
#16845 = ADVANCED_FACE('',(#16846),#16865,.T.);
#16846 = FACE_BOUND('',#16847,.T.);
#16847 = EDGE_LOOP('',(#16848,#16849,#16850,#16858));
#16848 = ORIENTED_EDGE('',*,*,#3193,.F.);
#16849 = ORIENTED_EDGE('',*,*,#16834,.F.);
#16850 = ORIENTED_EDGE('',*,*,#16851,.T.);
#16851 = EDGE_CURVE('',#16827,#16852,#16854,.T.);
#16852 = VERTEX_POINT('',#16853);
#16853 = CARTESIAN_POINT('',(1.566332495807,-0.35,-0.37));
#16854 = LINE('',#16855,#16856);
#16855 = CARTESIAN_POINT('',(1.566332495807,-0.35,-0.595));
#16856 = VECTOR('',#16857,1.);
#16857 = DIRECTION('',(0.,0.,1.));
#16858 = ORIENTED_EDGE('',*,*,#16859,.F.);
#16859 = EDGE_CURVE('',#3194,#16852,#16860,.T.);
#16860 = CIRCLE('',#16861,0.12);
#16861 = AXIS2_PLACEMENT_3D('',#16862,#16863,#16864);
#16862 = CARTESIAN_POINT('',(1.566332495807,-0.23,-0.37));
#16863 = DIRECTION('',(0.,0.,1.));
#16864 = DIRECTION('',(-0.552770798394,-0.833333333333,0.));
#16865 = CYLINDRICAL_SURFACE('',#16866,0.12);
#16866 = AXIS2_PLACEMENT_3D('',#16867,#16868,#16869);
#16867 = CARTESIAN_POINT('',(1.566332495807,-0.23,-3.6072));
#16868 = DIRECTION('',(0.,-0.,-1.));
#16869 = DIRECTION('',(-0.552770798394,-0.833333333332,0.));
#16870 = ADVANCED_FACE('',(#16871),#16923,.T.);
#16871 = FACE_BOUND('',#16872,.T.);
#16872 = EDGE_LOOP('',(#16873,#16881,#16889,#16897,#16905,#16913,#16920,
    #16921,#16922));
#16873 = ORIENTED_EDGE('',*,*,#16874,.F.);
#16874 = EDGE_CURVE('',#16875,#16852,#16877,.T.);
#16875 = VERTEX_POINT('',#16876);
#16876 = CARTESIAN_POINT('',(1.67,-0.35,-0.37));
#16877 = LINE('',#16878,#16879);
#16878 = CARTESIAN_POINT('',(1.67,-0.35,-0.37));
#16879 = VECTOR('',#16880,1.);
#16880 = DIRECTION('',(-1.,0.,0.));
#16881 = ORIENTED_EDGE('',*,*,#16882,.F.);
#16882 = EDGE_CURVE('',#16883,#16875,#16885,.T.);
#16883 = VERTEX_POINT('',#16884);
#16884 = CARTESIAN_POINT('',(1.69,-0.33,-0.37));
#16885 = LINE('',#16886,#16887);
#16886 = CARTESIAN_POINT('',(1.69,-0.33,-0.37));
#16887 = VECTOR('',#16888,1.);
#16888 = DIRECTION('',(-0.707106781187,-0.707106781187,0.));
#16889 = ORIENTED_EDGE('',*,*,#16890,.F.);
#16890 = EDGE_CURVE('',#16891,#16883,#16893,.T.);
#16891 = VERTEX_POINT('',#16892);
#16892 = CARTESIAN_POINT('',(1.73,-0.33,-0.37));
#16893 = LINE('',#16894,#16895);
#16894 = CARTESIAN_POINT('',(1.73,-0.33,-0.37));
#16895 = VECTOR('',#16896,1.);
#16896 = DIRECTION('',(-1.,0.,0.));
#16897 = ORIENTED_EDGE('',*,*,#16898,.F.);
#16898 = EDGE_CURVE('',#16899,#16891,#16901,.T.);
#16899 = VERTEX_POINT('',#16900);
#16900 = CARTESIAN_POINT('',(1.73,-0.27,-0.37));
#16901 = LINE('',#16902,#16903);
#16902 = CARTESIAN_POINT('',(1.73,-0.27,-0.37));
#16903 = VECTOR('',#16904,1.);
#16904 = DIRECTION('',(0.,-1.,0.));
#16905 = ORIENTED_EDGE('',*,*,#16906,.F.);
#16906 = EDGE_CURVE('',#16907,#16899,#16909,.T.);
#16907 = VERTEX_POINT('',#16908);
#16908 = CARTESIAN_POINT('',(1.62,-0.27,-0.37));
#16909 = LINE('',#16910,#16911);
#16910 = CARTESIAN_POINT('',(1.62,-0.27,-0.37));
#16911 = VECTOR('',#16912,1.);
#16912 = DIRECTION('',(1.,0.,0.));
#16913 = ORIENTED_EDGE('',*,*,#16914,.T.);
#16914 = EDGE_CURVE('',#16907,#9119,#16915,.T.);
#16915 = CIRCLE('',#16916,4.E-02);
#16916 = AXIS2_PLACEMENT_3D('',#16917,#16918,#16919);
#16917 = CARTESIAN_POINT('',(1.62,-0.23,-0.37));
#16918 = DIRECTION('',(0.,0.,-1.));
#16919 = DIRECTION('',(0.,-1.,0.));
#16920 = ORIENTED_EDGE('',*,*,#9118,.F.);
#16921 = ORIENTED_EDGE('',*,*,#3201,.F.);
#16922 = ORIENTED_EDGE('',*,*,#16859,.T.);
#16923 = PLANE('',#16924);
#16924 = AXIS2_PLACEMENT_3D('',#16925,#16926,#16927);
#16925 = CARTESIAN_POINT('',(1.5,-0.33,-0.37));
#16926 = DIRECTION('',(0.,0.,1.));
#16927 = DIRECTION('',(1.,0.,-0.));
#16928 = ADVANCED_FACE('',(#16929),#16940,.F.);
#16929 = FACE_BOUND('',#16930,.F.);
#16930 = EDGE_LOOP('',(#16931,#16932,#16933,#16939));
#16931 = ORIENTED_EDGE('',*,*,#9126,.F.);
#16932 = ORIENTED_EDGE('',*,*,#16785,.T.);
#16933 = ORIENTED_EDGE('',*,*,#16934,.T.);
#16934 = EDGE_CURVE('',#16786,#16907,#16935,.T.);
#16935 = LINE('',#16936,#16937);
#16936 = CARTESIAN_POINT('',(1.62,-0.27,-0.595));
#16937 = VECTOR('',#16938,1.);
#16938 = DIRECTION('',(0.,0.,1.));
#16939 = ORIENTED_EDGE('',*,*,#16914,.T.);
#16940 = CYLINDRICAL_SURFACE('',#16941,4.E-02);
#16941 = AXIS2_PLACEMENT_3D('',#16942,#16943,#16944);
#16942 = CARTESIAN_POINT('',(1.62,-0.23,-3.6072));
#16943 = DIRECTION('',(-0.,0.,-1.));
#16944 = DIRECTION('',(-1.,0.,0.));
#16945 = ADVANCED_FACE('',(#16946),#16957,.T.);
#16946 = FACE_BOUND('',#16947,.T.);
#16947 = EDGE_LOOP('',(#16948,#16949,#16955,#16956));
#16948 = ORIENTED_EDGE('',*,*,#16906,.T.);
#16949 = ORIENTED_EDGE('',*,*,#16950,.F.);
#16950 = EDGE_CURVE('',#16795,#16899,#16951,.T.);
#16951 = LINE('',#16952,#16953);
#16952 = CARTESIAN_POINT('',(1.73,-0.27,-0.595));
#16953 = VECTOR('',#16954,1.);
#16954 = DIRECTION('',(0.,0.,1.));
#16955 = ORIENTED_EDGE('',*,*,#16794,.F.);
#16956 = ORIENTED_EDGE('',*,*,#16934,.T.);
#16957 = PLANE('',#16958);
#16958 = AXIS2_PLACEMENT_3D('',#16959,#16960,#16961);
#16959 = CARTESIAN_POINT('',(1.5,-0.27,-0.595));
#16960 = DIRECTION('',(-0.,1.,0.));
#16961 = DIRECTION('',(1.,0.,0.));
#16962 = ADVANCED_FACE('',(#16963),#16974,.T.);
#16963 = FACE_BOUND('',#16964,.T.);
#16964 = EDGE_LOOP('',(#16965,#16966,#16967,#16973));
#16965 = ORIENTED_EDGE('',*,*,#16950,.T.);
#16966 = ORIENTED_EDGE('',*,*,#16898,.T.);
#16967 = ORIENTED_EDGE('',*,*,#16968,.F.);
#16968 = EDGE_CURVE('',#16803,#16891,#16969,.T.);
#16969 = LINE('',#16970,#16971);
#16970 = CARTESIAN_POINT('',(1.73,-0.33,-0.595));
#16971 = VECTOR('',#16972,1.);
#16972 = DIRECTION('',(0.,0.,1.));
#16973 = ORIENTED_EDGE('',*,*,#16802,.F.);
#16974 = PLANE('',#16975);
#16975 = AXIS2_PLACEMENT_3D('',#16976,#16977,#16978);
#16976 = CARTESIAN_POINT('',(1.73,-0.27,-0.595));
#16977 = DIRECTION('',(1.,0.,0.));
#16978 = DIRECTION('',(-0.,1.,0.));
#16979 = ADVANCED_FACE('',(#16980),#16991,.T.);
#16980 = FACE_BOUND('',#16981,.T.);
#16981 = EDGE_LOOP('',(#16982,#16983,#16984,#16990));
#16982 = ORIENTED_EDGE('',*,*,#16968,.T.);
#16983 = ORIENTED_EDGE('',*,*,#16890,.T.);
#16984 = ORIENTED_EDGE('',*,*,#16985,.F.);
#16985 = EDGE_CURVE('',#16811,#16883,#16986,.T.);
#16986 = LINE('',#16987,#16988);
#16987 = CARTESIAN_POINT('',(1.69,-0.33,-0.595));
#16988 = VECTOR('',#16989,1.);
#16989 = DIRECTION('',(0.,0.,1.));
#16990 = ORIENTED_EDGE('',*,*,#16810,.F.);
#16991 = PLANE('',#16992);
#16992 = AXIS2_PLACEMENT_3D('',#16993,#16994,#16995);
#16993 = CARTESIAN_POINT('',(1.73,-0.33,-0.595));
#16994 = DIRECTION('',(0.,-1.,0.));
#16995 = DIRECTION('',(0.,0.,-1.));
#16996 = ADVANCED_FACE('',(#16997),#17008,.T.);
#16997 = FACE_BOUND('',#16998,.T.);
#16998 = EDGE_LOOP('',(#16999,#17000,#17001,#17007));
#16999 = ORIENTED_EDGE('',*,*,#16985,.T.);
#17000 = ORIENTED_EDGE('',*,*,#16882,.T.);
#17001 = ORIENTED_EDGE('',*,*,#17002,.F.);
#17002 = EDGE_CURVE('',#16819,#16875,#17003,.T.);
#17003 = LINE('',#17004,#17005);
#17004 = CARTESIAN_POINT('',(1.67,-0.35,-0.595));
#17005 = VECTOR('',#17006,1.);
#17006 = DIRECTION('',(0.,0.,1.));
#17007 = ORIENTED_EDGE('',*,*,#16818,.F.);
#17008 = PLANE('',#17009);
#17009 = AXIS2_PLACEMENT_3D('',#17010,#17011,#17012);
#17010 = CARTESIAN_POINT('',(1.69,-0.33,-0.595));
#17011 = DIRECTION('',(0.707106781187,-0.707106781187,0.));
#17012 = DIRECTION('',(0.,0.,-1.));
#17013 = ADVANCED_FACE('',(#17014),#17020,.T.);
#17014 = FACE_BOUND('',#17015,.T.);
#17015 = EDGE_LOOP('',(#17016,#17017,#17018,#17019));
#17016 = ORIENTED_EDGE('',*,*,#16826,.F.);
#17017 = ORIENTED_EDGE('',*,*,#17002,.T.);
#17018 = ORIENTED_EDGE('',*,*,#16874,.T.);
#17019 = ORIENTED_EDGE('',*,*,#16851,.F.);
#17020 = PLANE('',#17021);
#17021 = AXIS2_PLACEMENT_3D('',#17022,#17023,#17024);
#17022 = CARTESIAN_POINT('',(1.5,-0.35,-0.37));
#17023 = DIRECTION('',(0.,-1.,0.));
#17024 = DIRECTION('',(0.,0.,-1.));
#17025 = ADVANCED_FACE('',(#17026),#17078,.T.);
#17026 = FACE_BOUND('',#17027,.T.);
#17027 = EDGE_LOOP('',(#17028,#17029,#17030,#17039,#17047,#17055,#17063,
    #17071,#17077));
#17028 = ORIENTED_EDGE('',*,*,#3249,.T.);
#17029 = ORIENTED_EDGE('',*,*,#9097,.F.);
#17030 = ORIENTED_EDGE('',*,*,#17031,.T.);
#17031 = EDGE_CURVE('',#9090,#17032,#17034,.T.);
#17032 = VERTEX_POINT('',#17033);
#17033 = CARTESIAN_POINT('',(1.62,-0.27,0.37));
#17034 = CIRCLE('',#17035,4.E-02);
#17035 = AXIS2_PLACEMENT_3D('',#17036,#17037,#17038);
#17036 = CARTESIAN_POINT('',(1.62,-0.23,0.37));
#17037 = DIRECTION('',(0.,0.,1.));
#17038 = DIRECTION('',(-1.,0.,0.));
#17039 = ORIENTED_EDGE('',*,*,#17040,.T.);
#17040 = EDGE_CURVE('',#17032,#17041,#17043,.T.);
#17041 = VERTEX_POINT('',#17042);
#17042 = CARTESIAN_POINT('',(1.73,-0.27,0.37));
#17043 = LINE('',#17044,#17045);
#17044 = CARTESIAN_POINT('',(1.62,-0.27,0.37));
#17045 = VECTOR('',#17046,1.);
#17046 = DIRECTION('',(1.,0.,-2.593884702988E-13));
#17047 = ORIENTED_EDGE('',*,*,#17048,.T.);
#17048 = EDGE_CURVE('',#17041,#17049,#17051,.T.);
#17049 = VERTEX_POINT('',#17050);
#17050 = CARTESIAN_POINT('',(1.73,-0.33,0.37));
#17051 = LINE('',#17052,#17053);
#17052 = CARTESIAN_POINT('',(1.73,-0.27,0.37));
#17053 = VECTOR('',#17054,1.);
#17054 = DIRECTION('',(0.,-1.,-1.7763568394E-13));
#17055 = ORIENTED_EDGE('',*,*,#17056,.T.);
#17056 = EDGE_CURVE('',#17049,#17057,#17059,.T.);
#17057 = VERTEX_POINT('',#17058);
#17058 = CARTESIAN_POINT('',(1.69,-0.33,0.37));
#17059 = LINE('',#17060,#17061);
#17060 = CARTESIAN_POINT('',(1.73,-0.33,0.37));
#17061 = VECTOR('',#17062,1.);
#17062 = DIRECTION('',(-1.,0.,0.));
#17063 = ORIENTED_EDGE('',*,*,#17064,.T.);
#17064 = EDGE_CURVE('',#17057,#17065,#17067,.T.);
#17065 = VERTEX_POINT('',#17066);
#17066 = CARTESIAN_POINT('',(1.67,-0.35,0.37));
#17067 = LINE('',#17068,#17069);
#17068 = CARTESIAN_POINT('',(1.69,-0.33,0.37));
#17069 = VECTOR('',#17070,1.);
#17070 = DIRECTION('',(-0.707106781187,-0.707106781187,
    -1.256073966947E-13));
#17071 = ORIENTED_EDGE('',*,*,#17072,.F.);
#17072 = EDGE_CURVE('',#3273,#17065,#17073,.T.);
#17073 = LINE('',#17074,#17075);
#17074 = CARTESIAN_POINT('',(1.566332495807,-0.35,0.37));
#17075 = VECTOR('',#17076,1.);
#17076 = DIRECTION('',(1.,0.,0.));
#17077 = ORIENTED_EDGE('',*,*,#3272,.T.);
#17078 = PLANE('',#17079);
#17079 = AXIS2_PLACEMENT_3D('',#17080,#17081,#17082);
#17080 = CARTESIAN_POINT('',(1.5,-0.35,0.37));
#17081 = DIRECTION('',(0.,5.329070518201E-13,-1.));
#17082 = DIRECTION('',(-1.,0.,0.));
#17083 = ADVANCED_FACE('',(#17084),#17095,.T.);
#17084 = FACE_BOUND('',#17085,.T.);
#17085 = EDGE_LOOP('',(#17086,#17087,#17093,#17094));
#17086 = ORIENTED_EDGE('',*,*,#17072,.T.);
#17087 = ORIENTED_EDGE('',*,*,#17088,.F.);
#17088 = EDGE_CURVE('',#3305,#17065,#17089,.T.);
#17089 = LINE('',#17090,#17091);
#17090 = CARTESIAN_POINT('',(1.67,-0.35,0.595));
#17091 = VECTOR('',#17092,1.);
#17092 = DIRECTION('',(0.,0.,-1.));
#17093 = ORIENTED_EDGE('',*,*,#3304,.F.);
#17094 = ORIENTED_EDGE('',*,*,#3281,.F.);
#17095 = PLANE('',#17096);
#17096 = AXIS2_PLACEMENT_3D('',#17097,#17098,#17099);
#17097 = CARTESIAN_POINT('',(1.5,-0.35,0.595));
#17098 = DIRECTION('',(0.,-1.,0.));
#17099 = DIRECTION('',(0.,0.,-1.));
#17100 = ADVANCED_FACE('',(#17101),#17112,.F.);
#17101 = FACE_BOUND('',#17102,.T.);
#17102 = EDGE_LOOP('',(#17103,#17104,#17105,#17111));
#17103 = ORIENTED_EDGE('',*,*,#17088,.T.);
#17104 = ORIENTED_EDGE('',*,*,#17064,.F.);
#17105 = ORIENTED_EDGE('',*,*,#17106,.F.);
#17106 = EDGE_CURVE('',#3313,#17057,#17107,.T.);
#17107 = LINE('',#17108,#17109);
#17108 = CARTESIAN_POINT('',(1.69,-0.33,0.595));
#17109 = VECTOR('',#17110,1.);
#17110 = DIRECTION('',(0.,0.,-1.));
#17111 = ORIENTED_EDGE('',*,*,#3312,.T.);
#17112 = PLANE('',#17113);
#17113 = AXIS2_PLACEMENT_3D('',#17114,#17115,#17116);
#17114 = CARTESIAN_POINT('',(1.69,-0.33,0.595));
#17115 = DIRECTION('',(-0.707106781187,0.707106781187,0.));
#17116 = DIRECTION('',(0.,0.,1.));
#17117 = ADVANCED_FACE('',(#17118),#17129,.F.);
#17118 = FACE_BOUND('',#17119,.T.);
#17119 = EDGE_LOOP('',(#17120,#17121,#17122,#17128));
#17120 = ORIENTED_EDGE('',*,*,#17106,.T.);
#17121 = ORIENTED_EDGE('',*,*,#17056,.F.);
#17122 = ORIENTED_EDGE('',*,*,#17123,.F.);
#17123 = EDGE_CURVE('',#3321,#17049,#17124,.T.);
#17124 = LINE('',#17125,#17126);
#17125 = CARTESIAN_POINT('',(1.73,-0.33,0.595));
#17126 = VECTOR('',#17127,1.);
#17127 = DIRECTION('',(0.,0.,-1.));
#17128 = ORIENTED_EDGE('',*,*,#3320,.T.);
#17129 = PLANE('',#17130);
#17130 = AXIS2_PLACEMENT_3D('',#17131,#17132,#17133);
#17131 = CARTESIAN_POINT('',(1.73,-0.33,0.595));
#17132 = DIRECTION('',(-0.,1.,0.));
#17133 = DIRECTION('',(1.,0.,0.));
#17134 = ADVANCED_FACE('',(#17135),#17146,.F.);
#17135 = FACE_BOUND('',#17136,.T.);
#17136 = EDGE_LOOP('',(#17137,#17138,#17139,#17145));
#17137 = ORIENTED_EDGE('',*,*,#17123,.T.);
#17138 = ORIENTED_EDGE('',*,*,#17048,.F.);
#17139 = ORIENTED_EDGE('',*,*,#17140,.F.);
#17140 = EDGE_CURVE('',#3329,#17041,#17141,.T.);
#17141 = LINE('',#17142,#17143);
#17142 = CARTESIAN_POINT('',(1.73,-0.27,0.595));
#17143 = VECTOR('',#17144,1.);
#17144 = DIRECTION('',(0.,0.,-1.));
#17145 = ORIENTED_EDGE('',*,*,#3328,.T.);
#17146 = PLANE('',#17147);
#17147 = AXIS2_PLACEMENT_3D('',#17148,#17149,#17150);
#17148 = CARTESIAN_POINT('',(1.73,-0.27,0.595));
#17149 = DIRECTION('',(-1.,0.,0.));
#17150 = DIRECTION('',(0.,0.,1.));
#17151 = ADVANCED_FACE('',(#17152),#17163,.F.);
#17152 = FACE_BOUND('',#17153,.T.);
#17153 = EDGE_LOOP('',(#17154,#17155,#17156,#17157));
#17154 = ORIENTED_EDGE('',*,*,#3336,.T.);
#17155 = ORIENTED_EDGE('',*,*,#17140,.T.);
#17156 = ORIENTED_EDGE('',*,*,#17040,.F.);
#17157 = ORIENTED_EDGE('',*,*,#17158,.T.);
#17158 = EDGE_CURVE('',#17032,#3337,#17159,.T.);
#17159 = LINE('',#17160,#17161);
#17160 = CARTESIAN_POINT('',(1.62,-0.27,0.37));
#17161 = VECTOR('',#17162,1.);
#17162 = DIRECTION('',(0.,0.,1.));
#17163 = PLANE('',#17164);
#17164 = AXIS2_PLACEMENT_3D('',#17165,#17166,#17167);
#17165 = CARTESIAN_POINT('',(1.5,-0.27,0.595));
#17166 = DIRECTION('',(0.,-1.,0.));
#17167 = DIRECTION('',(0.,0.,-1.));
#17168 = ADVANCED_FACE('',(#17169),#17175,.F.);
#17169 = FACE_BOUND('',#17170,.F.);
#17170 = EDGE_LOOP('',(#17171,#17172,#17173,#17174));
#17171 = ORIENTED_EDGE('',*,*,#9089,.F.);
#17172 = ORIENTED_EDGE('',*,*,#17031,.T.);
#17173 = ORIENTED_EDGE('',*,*,#17158,.T.);
#17174 = ORIENTED_EDGE('',*,*,#3344,.T.);
#17175 = CYLINDRICAL_SURFACE('',#17176,4.E-02);
#17176 = AXIS2_PLACEMENT_3D('',#17177,#17178,#17179);
#17177 = CARTESIAN_POINT('',(1.62,-0.23,-3.6072));
#17178 = DIRECTION('',(-0.,0.,-1.));
#17179 = DIRECTION('',(-1.,0.,0.));
#17180 = ( GEOMETRIC_REPRESENTATION_CONTEXT(3) 
GLOBAL_UNCERTAINTY_ASSIGNED_CONTEXT((#17184)) 
GLOBAL_UNIT_ASSIGNED_CONTEXT((#17181,#17182,#17183)) 
REPRESENTATION_CONTEXT('Context #1',
  '3D Context with UNIT and UNCERTAINTY') );
#17181 = ( LENGTH_UNIT() NAMED_UNIT(*) SI_UNIT(.MILLI.,.METRE.) );
#17182 = ( NAMED_UNIT(*) PLANE_ANGLE_UNIT() SI_UNIT($,.RADIAN.) );
#17183 = ( NAMED_UNIT(*) SI_UNIT($,.STERADIAN.) SOLID_ANGLE_UNIT() );
#17184 = UNCERTAINTY_MEASURE_WITH_UNIT(LENGTH_MEASURE(2.E-06),#17181,
  'distance_accuracy_value','confusion accuracy');
#17185 = CONTEXT_DEPENDENT_SHAPE_REPRESENTATION(#17186,#17188);
#17186 = ( REPRESENTATION_RELATIONSHIP('','',#2374,#2347) 
REPRESENTATION_RELATIONSHIP_WITH_TRANSFORMATION(#17187) 
SHAPE_REPRESENTATION_RELATIONSHIP() );
#17187 = ITEM_DEFINED_TRANSFORMATION('','',#11,#2348);
#17188 = PRODUCT_DEFINITION_SHAPE('Placement','Placement of an item',
  #17189);
#17189 = NEXT_ASSEMBLY_USAGE_OCCURRENCE('5','=>[0:1:1:2]','',#2342,#2369
  ,$);
#17190 = PRODUCT_RELATED_PRODUCT_CATEGORY('part',$,(#2371));
#17191 = SHAPE_DEFINITION_REPRESENTATION(#17192,#17198);
#17192 = PRODUCT_DEFINITION_SHAPE('','',#17193);
#17193 = PRODUCT_DEFINITION('design','',#17194,#17197);
#17194 = PRODUCT_DEFINITION_FORMATION('','',#17195);
#17195 = PRODUCT('COMPOUND','COMPOUND','',(#17196));
#17196 = PRODUCT_CONTEXT('',#2,'mechanical');
#17197 = PRODUCT_DEFINITION_CONTEXT('part definition',#2,'design');
#17198 = SHAPE_REPRESENTATION('',(#11,#17199,#17207,#17215,#17223,#17231
    ,#17239,#17247,#17255,#17263,#17271,#17279,#17287,#17295,#17303,
    #17311,#17319,#17327,#17335,#17343,#17351,#17359,#17367,#17375,
    #17383,#17391,#17399,#17407,#17415,#17423,#17431,#17439,#17447,
    #17455,#17463,#17471,#17479,#17487,#17495,#17503,#17511),#17519);
#17199 = GEOMETRIC_CURVE_SET('',(#17200));
#17200 = TRIMMED_CURVE('',#17201,(#17205,PARAMETER_VALUE(0.)),(#17206,
    PARAMETER_VALUE(0.34)),.T.,.PARAMETER.);
#17201 = LINE('',#17202,#17203);
#17202 = CARTESIAN_POINT('',(1.45,-0.35,0.65));
#17203 = VECTOR('',#17204,1.);
#17204 = DIRECTION('',(0.,0.,-1.));
#17205 = CARTESIAN_POINT('',(1.45,-0.35,0.65));
#17206 = CARTESIAN_POINT('',(1.45,-0.35,0.31));
#17207 = GEOMETRIC_CURVE_SET('',(#17208));
#17208 = TRIMMED_CURVE('',#17209,(#17213,PARAMETER_VALUE(0.)),(#17214,
    PARAMETER_VALUE(0.36)),.T.,.PARAMETER.);
#17209 = LINE('',#17210,#17211);
#17210 = CARTESIAN_POINT('',(1.45,-0.35,0.31));
#17211 = VECTOR('',#17212,1.);
#17212 = DIRECTION('',(1.,0.,0.));
#17213 = CARTESIAN_POINT('',(1.45,-0.35,0.31));
#17214 = CARTESIAN_POINT('',(1.81,-0.35,0.31));
#17215 = GEOMETRIC_CURVE_SET('',(#17216));
#17216 = TRIMMED_CURVE('',#17217,(#17221,PARAMETER_VALUE(0.)),(#17222,
    PARAMETER_VALUE(0.34)),.T.,.PARAMETER.);
#17217 = LINE('',#17218,#17219);
#17218 = CARTESIAN_POINT('',(1.81,-0.35,0.31));
#17219 = VECTOR('',#17220,1.);
#17220 = DIRECTION('',(0.,0.,1.));
#17221 = CARTESIAN_POINT('',(1.81,-0.35,0.31));
#17222 = CARTESIAN_POINT('',(1.81,-0.35,0.65));
#17223 = GEOMETRIC_CURVE_SET('',(#17224));
#17224 = TRIMMED_CURVE('',#17225,(#17229,PARAMETER_VALUE(0.)),(#17230,
    PARAMETER_VALUE(0.36)),.T.,.PARAMETER.);
#17225 = LINE('',#17226,#17227);
#17226 = CARTESIAN_POINT('',(1.81,-0.35,0.65));
#17227 = VECTOR('',#17228,1.);
#17228 = DIRECTION('',(-1.,0.,0.));
#17229 = CARTESIAN_POINT('',(1.81,-0.35,0.65));
#17230 = CARTESIAN_POINT('',(1.45,-0.35,0.65));
#17231 = GEOMETRIC_CURVE_SET('',(#17232));
#17232 = TRIMMED_CURVE('',#17233,(#17237,PARAMETER_VALUE(0.)),(#17238,
    PARAMETER_VALUE(0.36)),.T.,.PARAMETER.);
#17233 = LINE('',#17234,#17235);
#17234 = CARTESIAN_POINT('',(1.45,-0.35,-0.65));
#17235 = VECTOR('',#17236,1.);
#17236 = DIRECTION('',(1.,0.,0.));
#17237 = CARTESIAN_POINT('',(1.45,-0.35,-0.65));
#17238 = CARTESIAN_POINT('',(1.81,-0.35,-0.65));
#17239 = GEOMETRIC_CURVE_SET('',(#17240));
#17240 = TRIMMED_CURVE('',#17241,(#17245,PARAMETER_VALUE(0.)),(#17246,
    PARAMETER_VALUE(0.34)),.T.,.PARAMETER.);
#17241 = LINE('',#17242,#17243);
#17242 = CARTESIAN_POINT('',(1.81,-0.35,-0.65));
#17243 = VECTOR('',#17244,1.);
#17244 = DIRECTION('',(0.,0.,1.));
#17245 = CARTESIAN_POINT('',(1.81,-0.35,-0.65));
#17246 = CARTESIAN_POINT('',(1.81,-0.35,-0.31));
#17247 = GEOMETRIC_CURVE_SET('',(#17248));
#17248 = TRIMMED_CURVE('',#17249,(#17253,PARAMETER_VALUE(0.)),(#17254,
    PARAMETER_VALUE(0.36)),.T.,.PARAMETER.);
#17249 = LINE('',#17250,#17251);
#17250 = CARTESIAN_POINT('',(1.81,-0.35,-0.31));
#17251 = VECTOR('',#17252,1.);
#17252 = DIRECTION('',(-1.,0.,0.));
#17253 = CARTESIAN_POINT('',(1.81,-0.35,-0.31));
#17254 = CARTESIAN_POINT('',(1.45,-0.35,-0.31));
#17255 = GEOMETRIC_CURVE_SET('',(#17256));
#17256 = TRIMMED_CURVE('',#17257,(#17261,PARAMETER_VALUE(0.)),(#17262,
    PARAMETER_VALUE(0.34)),.T.,.PARAMETER.);
#17257 = LINE('',#17258,#17259);
#17258 = CARTESIAN_POINT('',(1.45,-0.35,-0.31));
#17259 = VECTOR('',#17260,1.);
#17260 = DIRECTION('',(0.,0.,-1.));
#17261 = CARTESIAN_POINT('',(1.45,-0.35,-0.31));
#17262 = CARTESIAN_POINT('',(1.45,-0.35,-0.65));
#17263 = GEOMETRIC_CURVE_SET('',(#17264));
#17264 = TRIMMED_CURVE('',#17265,(#17269,PARAMETER_VALUE(0.)),(#17270,
    PARAMETER_VALUE(0.36)),.T.,.PARAMETER.);
#17265 = LINE('',#17266,#17267);
#17266 = CARTESIAN_POINT('',(-1.45,-0.35,0.65));
#17267 = VECTOR('',#17268,1.);
#17268 = DIRECTION('',(-1.,0.,0.));
#17269 = CARTESIAN_POINT('',(-1.45,-0.35,0.65));
#17270 = CARTESIAN_POINT('',(-1.81,-0.35,0.65));
#17271 = GEOMETRIC_CURVE_SET('',(#17272));
#17272 = TRIMMED_CURVE('',#17273,(#17277,PARAMETER_VALUE(0.)),(#17278,
    PARAMETER_VALUE(0.34)),.T.,.PARAMETER.);
#17273 = LINE('',#17274,#17275);
#17274 = CARTESIAN_POINT('',(-1.81,-0.35,0.65));
#17275 = VECTOR('',#17276,1.);
#17276 = DIRECTION('',(0.,0.,-1.));
#17277 = CARTESIAN_POINT('',(-1.81,-0.35,0.65));
#17278 = CARTESIAN_POINT('',(-1.81,-0.35,0.31));
#17279 = GEOMETRIC_CURVE_SET('',(#17280));
#17280 = TRIMMED_CURVE('',#17281,(#17285,PARAMETER_VALUE(0.)),(#17286,
    PARAMETER_VALUE(0.36)),.T.,.PARAMETER.);
#17281 = LINE('',#17282,#17283);
#17282 = CARTESIAN_POINT('',(-1.81,-0.35,0.31));
#17283 = VECTOR('',#17284,1.);
#17284 = DIRECTION('',(1.,0.,0.));
#17285 = CARTESIAN_POINT('',(-1.81,-0.35,0.31));
#17286 = CARTESIAN_POINT('',(-1.45,-0.35,0.31));
#17287 = GEOMETRIC_CURVE_SET('',(#17288));
#17288 = TRIMMED_CURVE('',#17289,(#17293,PARAMETER_VALUE(0.)),(#17294,
    PARAMETER_VALUE(0.34)),.T.,.PARAMETER.);
#17289 = LINE('',#17290,#17291);
#17290 = CARTESIAN_POINT('',(-1.45,-0.35,0.31));
#17291 = VECTOR('',#17292,1.);
#17292 = DIRECTION('',(0.,0.,1.));
#17293 = CARTESIAN_POINT('',(-1.45,-0.35,0.31));
#17294 = CARTESIAN_POINT('',(-1.45,-0.35,0.65));
#17295 = GEOMETRIC_CURVE_SET('',(#17296));
#17296 = TRIMMED_CURVE('',#17297,(#17301,PARAMETER_VALUE(0.)),(#17302,
    PARAMETER_VALUE(0.34)),.T.,.PARAMETER.);
#17297 = LINE('',#17298,#17299);
#17298 = CARTESIAN_POINT('',(-1.45,-0.35,-0.65));
#17299 = VECTOR('',#17300,1.);
#17300 = DIRECTION('',(0.,0.,1.));
#17301 = CARTESIAN_POINT('',(-1.45,-0.35,-0.65));
#17302 = CARTESIAN_POINT('',(-1.45,-0.35,-0.31));
#17303 = GEOMETRIC_CURVE_SET('',(#17304));
#17304 = TRIMMED_CURVE('',#17305,(#17309,PARAMETER_VALUE(0.)),(#17310,
    PARAMETER_VALUE(0.36)),.T.,.PARAMETER.);
#17305 = LINE('',#17306,#17307);
#17306 = CARTESIAN_POINT('',(-1.45,-0.35,-0.31));
#17307 = VECTOR('',#17308,1.);
#17308 = DIRECTION('',(-1.,0.,0.));
#17309 = CARTESIAN_POINT('',(-1.45,-0.35,-0.31));
#17310 = CARTESIAN_POINT('',(-1.81,-0.35,-0.31));
#17311 = GEOMETRIC_CURVE_SET('',(#17312));
#17312 = TRIMMED_CURVE('',#17313,(#17317,PARAMETER_VALUE(0.)),(#17318,
    PARAMETER_VALUE(0.34)),.T.,.PARAMETER.);
#17313 = LINE('',#17314,#17315);
#17314 = CARTESIAN_POINT('',(-1.81,-0.35,-0.31));
#17315 = VECTOR('',#17316,1.);
#17316 = DIRECTION('',(0.,0.,-1.));
#17317 = CARTESIAN_POINT('',(-1.81,-0.35,-0.31));
#17318 = CARTESIAN_POINT('',(-1.81,-0.35,-0.65));
#17319 = GEOMETRIC_CURVE_SET('',(#17320));
#17320 = TRIMMED_CURVE('',#17321,(#17325,PARAMETER_VALUE(0.)),(#17326,
    PARAMETER_VALUE(0.36)),.T.,.PARAMETER.);
#17321 = LINE('',#17322,#17323);
#17322 = CARTESIAN_POINT('',(-1.81,-0.35,-0.65));
#17323 = VECTOR('',#17324,1.);
#17324 = DIRECTION('',(1.,0.,0.));
#17325 = CARTESIAN_POINT('',(-1.81,-0.35,-0.65));
#17326 = CARTESIAN_POINT('',(-1.45,-0.35,-0.65));
#17327 = GEOMETRIC_CURVE_SET('',(#17328));
#17328 = TRIMMED_CURVE('',#17329,(#17333,PARAMETER_VALUE(0.)),(#17334,
    PARAMETER_VALUE(0.36)),.T.,.PARAMETER.);
#17329 = LINE('',#17330,#17331);
#17330 = CARTESIAN_POINT('',(0.27,-0.35,1.13));
#17331 = VECTOR('',#17332,1.);
#17332 = DIRECTION('',(0.,0.,-1.));
#17333 = CARTESIAN_POINT('',(0.27,-0.35,1.13));
#17334 = CARTESIAN_POINT('',(0.27,-0.35,0.77));
#17335 = GEOMETRIC_CURVE_SET('',(#17336));
#17336 = TRIMMED_CURVE('',#17337,(#17341,PARAMETER_VALUE(0.)),(#17342,
    PARAMETER_VALUE(0.16)),.T.,.PARAMETER.);
#17337 = LINE('',#17338,#17339);
#17338 = CARTESIAN_POINT('',(0.27,-0.35,0.77));
#17339 = VECTOR('',#17340,1.);
#17340 = DIRECTION('',(1.,0.,0.));
#17341 = CARTESIAN_POINT('',(0.27,-0.35,0.77));
#17342 = CARTESIAN_POINT('',(0.43,-0.35,0.77));
#17343 = GEOMETRIC_CURVE_SET('',(#17344));
#17344 = TRIMMED_CURVE('',#17345,(#17349,PARAMETER_VALUE(0.)),(#17350,
    PARAMETER_VALUE(0.36)),.T.,.PARAMETER.);
#17345 = LINE('',#17346,#17347);
#17346 = CARTESIAN_POINT('',(0.43,-0.35,0.77));
#17347 = VECTOR('',#17348,1.);
#17348 = DIRECTION('',(0.,0.,1.));
#17349 = CARTESIAN_POINT('',(0.43,-0.35,0.77));
#17350 = CARTESIAN_POINT('',(0.43,-0.35,1.13));
#17351 = GEOMETRIC_CURVE_SET('',(#17352));
#17352 = TRIMMED_CURVE('',#17353,(#17357,PARAMETER_VALUE(0.)),(#17358,
    PARAMETER_VALUE(0.16)),.T.,.PARAMETER.);
#17353 = LINE('',#17354,#17355);
#17354 = CARTESIAN_POINT('',(0.43,-0.35,1.13));
#17355 = VECTOR('',#17356,1.);
#17356 = DIRECTION('',(-1.,0.,0.));
#17357 = CARTESIAN_POINT('',(0.43,-0.35,1.13));
#17358 = CARTESIAN_POINT('',(0.27,-0.35,1.13));
#17359 = GEOMETRIC_CURVE_SET('',(#17360));
#17360 = TRIMMED_CURVE('',#17361,(#17365,PARAMETER_VALUE(0.)),(#17366,
    PARAMETER_VALUE(0.16)),.T.,.PARAMETER.);
#17361 = LINE('',#17362,#17363);
#17362 = CARTESIAN_POINT('',(0.27,-0.35,-1.13));
#17363 = VECTOR('',#17364,1.);
#17364 = DIRECTION('',(1.,0.,0.));
#17365 = CARTESIAN_POINT('',(0.27,-0.35,-1.13));
#17366 = CARTESIAN_POINT('',(0.43,-0.35,-1.13));
#17367 = GEOMETRIC_CURVE_SET('',(#17368));
#17368 = TRIMMED_CURVE('',#17369,(#17373,PARAMETER_VALUE(0.)),(#17374,
    PARAMETER_VALUE(0.36)),.T.,.PARAMETER.);
#17369 = LINE('',#17370,#17371);
#17370 = CARTESIAN_POINT('',(0.43,-0.35,-1.13));
#17371 = VECTOR('',#17372,1.);
#17372 = DIRECTION('',(0.,0.,1.));
#17373 = CARTESIAN_POINT('',(0.43,-0.35,-1.13));
#17374 = CARTESIAN_POINT('',(0.43,-0.35,-0.77));
#17375 = GEOMETRIC_CURVE_SET('',(#17376));
#17376 = TRIMMED_CURVE('',#17377,(#17381,PARAMETER_VALUE(0.)),(#17382,
    PARAMETER_VALUE(0.16)),.T.,.PARAMETER.);
#17377 = LINE('',#17378,#17379);
#17378 = CARTESIAN_POINT('',(0.43,-0.35,-0.77));
#17379 = VECTOR('',#17380,1.);
#17380 = DIRECTION('',(-1.,0.,0.));
#17381 = CARTESIAN_POINT('',(0.43,-0.35,-0.77));
#17382 = CARTESIAN_POINT('',(0.27,-0.35,-0.77));
#17383 = GEOMETRIC_CURVE_SET('',(#17384));
#17384 = TRIMMED_CURVE('',#17385,(#17389,PARAMETER_VALUE(0.)),(#17390,
    PARAMETER_VALUE(0.36)),.T.,.PARAMETER.);
#17385 = LINE('',#17386,#17387);
#17386 = CARTESIAN_POINT('',(0.27,-0.35,-0.77));
#17387 = VECTOR('',#17388,1.);
#17388 = DIRECTION('',(0.,0.,-1.));
#17389 = CARTESIAN_POINT('',(0.27,-0.35,-0.77));
#17390 = CARTESIAN_POINT('',(0.27,-0.35,-1.13));
#17391 = GEOMETRIC_CURVE_SET('',(#17392));
#17392 = TRIMMED_CURVE('',#17393,(#17397,PARAMETER_VALUE(0.)),(#17398,
    PARAMETER_VALUE(0.36)),.T.,.PARAMETER.);
#17393 = LINE('',#17394,#17395);
#17394 = CARTESIAN_POINT('',(-8.E-02,-0.35,1.13));
#17395 = VECTOR('',#17396,1.);
#17396 = DIRECTION('',(0.,0.,-1.));
#17397 = CARTESIAN_POINT('',(-8.E-02,-0.35,1.13));
#17398 = CARTESIAN_POINT('',(-8.E-02,-0.35,0.77));
#17399 = GEOMETRIC_CURVE_SET('',(#17400));
#17400 = TRIMMED_CURVE('',#17401,(#17405,PARAMETER_VALUE(0.)),(#17406,
    PARAMETER_VALUE(0.16)),.T.,.PARAMETER.);
#17401 = LINE('',#17402,#17403);
#17402 = CARTESIAN_POINT('',(-8.E-02,-0.35,0.77));
#17403 = VECTOR('',#17404,1.);
#17404 = DIRECTION('',(1.,0.,0.));
#17405 = CARTESIAN_POINT('',(-8.E-02,-0.35,0.77));
#17406 = CARTESIAN_POINT('',(8.E-02,-0.35,0.77));
#17407 = GEOMETRIC_CURVE_SET('',(#17408));
#17408 = TRIMMED_CURVE('',#17409,(#17413,PARAMETER_VALUE(0.)),(#17414,
    PARAMETER_VALUE(0.36)),.T.,.PARAMETER.);
#17409 = LINE('',#17410,#17411);
#17410 = CARTESIAN_POINT('',(8.E-02,-0.35,0.77));
#17411 = VECTOR('',#17412,1.);
#17412 = DIRECTION('',(0.,0.,1.));
#17413 = CARTESIAN_POINT('',(8.E-02,-0.35,0.77));
#17414 = CARTESIAN_POINT('',(8.E-02,-0.35,1.13));
#17415 = GEOMETRIC_CURVE_SET('',(#17416));
#17416 = TRIMMED_CURVE('',#17417,(#17421,PARAMETER_VALUE(0.)),(#17422,
    PARAMETER_VALUE(0.16)),.T.,.PARAMETER.);
#17417 = LINE('',#17418,#17419);
#17418 = CARTESIAN_POINT('',(8.E-02,-0.35,1.13));
#17419 = VECTOR('',#17420,1.);
#17420 = DIRECTION('',(-1.,0.,0.));
#17421 = CARTESIAN_POINT('',(8.E-02,-0.35,1.13));
#17422 = CARTESIAN_POINT('',(-8.E-02,-0.35,1.13));
#17423 = GEOMETRIC_CURVE_SET('',(#17424));
#17424 = TRIMMED_CURVE('',#17425,(#17429,PARAMETER_VALUE(0.)),(#17430,
    PARAMETER_VALUE(0.16)),.T.,.PARAMETER.);
#17425 = LINE('',#17426,#17427);
#17426 = CARTESIAN_POINT('',(-8.E-02,-0.35,-1.13));
#17427 = VECTOR('',#17428,1.);
#17428 = DIRECTION('',(1.,0.,0.));
#17429 = CARTESIAN_POINT('',(-8.E-02,-0.35,-1.13));
#17430 = CARTESIAN_POINT('',(8.E-02,-0.35,-1.13));
#17431 = GEOMETRIC_CURVE_SET('',(#17432));
#17432 = TRIMMED_CURVE('',#17433,(#17437,PARAMETER_VALUE(0.)),(#17438,
    PARAMETER_VALUE(0.36)),.T.,.PARAMETER.);
#17433 = LINE('',#17434,#17435);
#17434 = CARTESIAN_POINT('',(8.E-02,-0.35,-1.13));
#17435 = VECTOR('',#17436,1.);
#17436 = DIRECTION('',(0.,0.,1.));
#17437 = CARTESIAN_POINT('',(8.E-02,-0.35,-1.13));
#17438 = CARTESIAN_POINT('',(8.E-02,-0.35,-0.77));
#17439 = GEOMETRIC_CURVE_SET('',(#17440));
#17440 = TRIMMED_CURVE('',#17441,(#17445,PARAMETER_VALUE(0.)),(#17446,
    PARAMETER_VALUE(0.16)),.T.,.PARAMETER.);
#17441 = LINE('',#17442,#17443);
#17442 = CARTESIAN_POINT('',(8.E-02,-0.35,-0.77));
#17443 = VECTOR('',#17444,1.);
#17444 = DIRECTION('',(-1.,0.,0.));
#17445 = CARTESIAN_POINT('',(8.E-02,-0.35,-0.77));
#17446 = CARTESIAN_POINT('',(-8.E-02,-0.35,-0.77));
#17447 = GEOMETRIC_CURVE_SET('',(#17448));
#17448 = TRIMMED_CURVE('',#17449,(#17453,PARAMETER_VALUE(0.)),(#17454,
    PARAMETER_VALUE(0.36)),.T.,.PARAMETER.);
#17449 = LINE('',#17450,#17451);
#17450 = CARTESIAN_POINT('',(-8.E-02,-0.35,-0.77));
#17451 = VECTOR('',#17452,1.);
#17452 = DIRECTION('',(0.,0.,-1.));
#17453 = CARTESIAN_POINT('',(-8.E-02,-0.35,-0.77));
#17454 = CARTESIAN_POINT('',(-8.E-02,-0.35,-1.13));
#17455 = GEOMETRIC_CURVE_SET('',(#17456));
#17456 = TRIMMED_CURVE('',#17457,(#17461,PARAMETER_VALUE(0.)),(#17462,
    PARAMETER_VALUE(0.36)),.T.,.PARAMETER.);
#17457 = LINE('',#17458,#17459);
#17458 = CARTESIAN_POINT('',(-0.43,-0.35,1.13));
#17459 = VECTOR('',#17460,1.);
#17460 = DIRECTION('',(0.,0.,-1.));
#17461 = CARTESIAN_POINT('',(-0.43,-0.35,1.13));
#17462 = CARTESIAN_POINT('',(-0.43,-0.35,0.77));
#17463 = GEOMETRIC_CURVE_SET('',(#17464));
#17464 = TRIMMED_CURVE('',#17465,(#17469,PARAMETER_VALUE(0.)),(#17470,
    PARAMETER_VALUE(0.16)),.T.,.PARAMETER.);
#17465 = LINE('',#17466,#17467);
#17466 = CARTESIAN_POINT('',(-0.43,-0.35,0.77));
#17467 = VECTOR('',#17468,1.);
#17468 = DIRECTION('',(1.,0.,0.));
#17469 = CARTESIAN_POINT('',(-0.43,-0.35,0.77));
#17470 = CARTESIAN_POINT('',(-0.27,-0.35,0.77));
#17471 = GEOMETRIC_CURVE_SET('',(#17472));
#17472 = TRIMMED_CURVE('',#17473,(#17477,PARAMETER_VALUE(0.)),(#17478,
    PARAMETER_VALUE(0.36)),.T.,.PARAMETER.);
#17473 = LINE('',#17474,#17475);
#17474 = CARTESIAN_POINT('',(-0.27,-0.35,0.77));
#17475 = VECTOR('',#17476,1.);
#17476 = DIRECTION('',(0.,0.,1.));
#17477 = CARTESIAN_POINT('',(-0.27,-0.35,0.77));
#17478 = CARTESIAN_POINT('',(-0.27,-0.35,1.13));
#17479 = GEOMETRIC_CURVE_SET('',(#17480));
#17480 = TRIMMED_CURVE('',#17481,(#17485,PARAMETER_VALUE(0.)),(#17486,
    PARAMETER_VALUE(0.16)),.T.,.PARAMETER.);
#17481 = LINE('',#17482,#17483);
#17482 = CARTESIAN_POINT('',(-0.27,-0.35,1.13));
#17483 = VECTOR('',#17484,1.);
#17484 = DIRECTION('',(-1.,0.,0.));
#17485 = CARTESIAN_POINT('',(-0.27,-0.35,1.13));
#17486 = CARTESIAN_POINT('',(-0.43,-0.35,1.13));
#17487 = GEOMETRIC_CURVE_SET('',(#17488));
#17488 = TRIMMED_CURVE('',#17489,(#17493,PARAMETER_VALUE(0.)),(#17494,
    PARAMETER_VALUE(0.16)),.T.,.PARAMETER.);
#17489 = LINE('',#17490,#17491);
#17490 = CARTESIAN_POINT('',(-0.43,-0.35,-1.13));
#17491 = VECTOR('',#17492,1.);
#17492 = DIRECTION('',(1.,0.,0.));
#17493 = CARTESIAN_POINT('',(-0.43,-0.35,-1.13));
#17494 = CARTESIAN_POINT('',(-0.27,-0.35,-1.13));
#17495 = GEOMETRIC_CURVE_SET('',(#17496));
#17496 = TRIMMED_CURVE('',#17497,(#17501,PARAMETER_VALUE(0.)),(#17502,
    PARAMETER_VALUE(0.36)),.T.,.PARAMETER.);
#17497 = LINE('',#17498,#17499);
#17498 = CARTESIAN_POINT('',(-0.27,-0.35,-1.13));
#17499 = VECTOR('',#17500,1.);
#17500 = DIRECTION('',(0.,0.,1.));
#17501 = CARTESIAN_POINT('',(-0.27,-0.35,-1.13));
#17502 = CARTESIAN_POINT('',(-0.27,-0.35,-0.77));
#17503 = GEOMETRIC_CURVE_SET('',(#17504));
#17504 = TRIMMED_CURVE('',#17505,(#17509,PARAMETER_VALUE(0.)),(#17510,
    PARAMETER_VALUE(0.16)),.T.,.PARAMETER.);
#17505 = LINE('',#17506,#17507);
#17506 = CARTESIAN_POINT('',(-0.27,-0.35,-0.77));
#17507 = VECTOR('',#17508,1.);
#17508 = DIRECTION('',(-1.,0.,0.));
#17509 = CARTESIAN_POINT('',(-0.27,-0.35,-0.77));
#17510 = CARTESIAN_POINT('',(-0.43,-0.35,-0.77));
#17511 = GEOMETRIC_CURVE_SET('',(#17512));
#17512 = TRIMMED_CURVE('',#17513,(#17517,PARAMETER_VALUE(0.)),(#17518,
    PARAMETER_VALUE(0.36)),.T.,.PARAMETER.);
#17513 = LINE('',#17514,#17515);
#17514 = CARTESIAN_POINT('',(-0.43,-0.35,-0.77));
#17515 = VECTOR('',#17516,1.);
#17516 = DIRECTION('',(0.,0.,-1.));
#17517 = CARTESIAN_POINT('',(-0.43,-0.35,-0.77));
#17518 = CARTESIAN_POINT('',(-0.43,-0.35,-1.13));
#17519 = ( GEOMETRIC_REPRESENTATION_CONTEXT(3) 
GLOBAL_UNCERTAINTY_ASSIGNED_CONTEXT((#17523)) 
GLOBAL_UNIT_ASSIGNED_CONTEXT((#17520,#17521,#17522)) 
REPRESENTATION_CONTEXT('Context #1',
  '3D Context with UNIT and UNCERTAINTY') );
#17520 = ( LENGTH_UNIT() NAMED_UNIT(*) SI_UNIT(.MILLI.,.METRE.) );
#17521 = ( NAMED_UNIT(*) PLANE_ANGLE_UNIT() SI_UNIT($,.RADIAN.) );
#17522 = ( NAMED_UNIT(*) SI_UNIT($,.STERADIAN.) SOLID_ANGLE_UNIT() );
#17523 = UNCERTAINTY_MEASURE_WITH_UNIT(LENGTH_MEASURE(1.E-07),#17520,
  'distance_accuracy_value','confusion accuracy');
#17524 = CONTEXT_DEPENDENT_SHAPE_REPRESENTATION(#17525,#17527);
#17525 = ( REPRESENTATION_RELATIONSHIP('','',#17198,#2347) 
REPRESENTATION_RELATIONSHIP_WITH_TRANSFORMATION(#17526) 
SHAPE_REPRESENTATION_RELATIONSHIP() );
#17526 = ITEM_DEFINED_TRANSFORMATION('','',#11,#2352);
#17527 = PRODUCT_DEFINITION_SHAPE('Placement','Placement of an item',
  #17528);
#17528 = NEXT_ASSEMBLY_USAGE_OCCURRENCE('6','=>[0:1:1:3]','',#2342,
  #17193,$);
#17529 = PRODUCT_RELATED_PRODUCT_CATEGORY('part',$,(#17195));
#17530 = SHAPE_DEFINITION_REPRESENTATION(#17531,#17537);
#17531 = PRODUCT_DEFINITION_SHAPE('','',#17532);
#17532 = PRODUCT_DEFINITION('design','',#17533,#17536);
#17533 = PRODUCT_DEFINITION_FORMATION('','',#17534);
#17534 = PRODUCT('HIROSE_X.FL-PR-SMT1-2','HIROSE_X.FL-PR-SMT1-2','',(
    #17535));
#17535 = PRODUCT_CONTEXT('',#2,'mechanical');
#17536 = PRODUCT_DEFINITION_CONTEXT('part definition',#2,'design');
#17537 = ADVANCED_BREP_SHAPE_REPRESENTATION('',(#11,#17538),#19484);
#17538 = MANIFOLD_SOLID_BREP('',#17539);
#17539 = CLOSED_SHELL('',(#17540,#17608,#17648,#17689,#17730,#17754,
    #17771,#17789,#17822,#17839,#17856,#17972,#18003,#18028,#18107,
    #18139,#18179,#18215,#18256,#18287,#18328,#18387,#18423,#18455,
    #18486,#18544,#18607,#18765,#18810,#18845,#18869,#18893,#18910,
    #18922,#18939,#18974,#18998,#19022,#19039,#19051,#19075,#19099,
    #19116,#19128,#19152,#19176,#19193,#19205,#19227,#19239,#19256,
    #19273,#19290,#19302,#19326,#19351,#19370,#19397,#19415,#19428,
    #19440,#19459,#19472));
#17540 = ADVANCED_FACE('',(#17541),#17603,.T.);
#17541 = FACE_BOUND('',#17542,.T.);
#17542 = EDGE_LOOP('',(#17543,#17567,#17575,#17597));
#17543 = ORIENTED_EDGE('',*,*,#17544,.T.);
#17544 = EDGE_CURVE('',#17545,#17547,#17549,.T.);
#17545 = VERTEX_POINT('',#17546);
#17546 = CARTESIAN_POINT('',(0.125,-0.2,0.59));
#17547 = VERTEX_POINT('',#17548);
#17548 = CARTESIAN_POINT('',(0.2025,-7.999999999999E-02,0.69));
#17549 = B_SPLINE_CURVE_WITH_KNOTS('',3,(#17550,#17551,#17552,#17553,
    #17554,#17555,#17556,#17557,#17558,#17559,#17560,#17561,#17562,
    #17563,#17564,#17565,#17566),.UNSPECIFIED.,.F.,.F.,(4,1,1,1,1,1,1,1,
    1,1,1,1,1,1,4),(0.,7.142857142857E-02,0.142857142857,0.214285714286,
    0.285714285714,0.357142857143,0.428571428571,0.5,0.571428571429,
    0.642857142857,0.714285714286,0.785714285714,0.857142857143,
    0.928571428571,1.),.UNSPECIFIED.);
#17550 = CARTESIAN_POINT('',(0.125,-0.2,0.59));
#17551 = CARTESIAN_POINT('',(0.127913134803,-0.200159450988,
    0.593758883616));
#17552 = CARTESIAN_POINT('',(0.133724790088,-0.199835901065,
    0.601257793662));
#17553 = CARTESIAN_POINT('',(0.142480315682,-0.197890906996,
    0.612555246041));
#17554 = CARTESIAN_POINT('',(0.151006490452,-0.19426280705,
    0.623556761873));
#17555 = CARTESIAN_POINT('',(0.159138127603,-0.189121968311,
    0.634049196908));
#17556 = CARTESIAN_POINT('',(0.16670698949,-0.182628168512,
    0.643815470309));
#17557 = CARTESIAN_POINT('',(0.173660170325,-0.17492666444,
    0.652787316549));
#17558 = CARTESIAN_POINT('',(0.179964221175,-0.166128076615,
    0.660921575709));
#17559 = CARTESIAN_POINT('',(0.185631413045,-0.156249698229,
    0.668234081348));
#17560 = CARTESIAN_POINT('',(0.190653803766,-0.145235601374,
    0.674714585504));
#17561 = CARTESIAN_POINT('',(0.194904929126,-0.133240665636,
    0.680199908549));
#17562 = CARTESIAN_POINT('',(0.198271660193,-0.120527432304,
    0.684544077668));
#17563 = CARTESIAN_POINT('',(0.200703388277,-0.107306245211,
    0.687681791325));
#17564 = CARTESIAN_POINT('',(0.202173901021,-9.370929873175E-02,
    0.689579227124));
#17565 = CARTESIAN_POINT('',(0.2025,-8.458978173918E-02,0.69));
#17566 = CARTESIAN_POINT('',(0.2025,-8.E-02,0.69));
#17567 = ORIENTED_EDGE('',*,*,#17568,.F.);
#17568 = EDGE_CURVE('',#17569,#17547,#17571,.T.);
#17569 = VERTEX_POINT('',#17570);
#17570 = CARTESIAN_POINT('',(0.2025,8.E-02,0.69));
#17571 = LINE('',#17572,#17573);
#17572 = CARTESIAN_POINT('',(0.2025,1.1,0.69));
#17573 = VECTOR('',#17574,1.);
#17574 = DIRECTION('',(0.,-1.,0.));
#17575 = ORIENTED_EDGE('',*,*,#17576,.T.);
#17576 = EDGE_CURVE('',#17569,#17577,#17579,.T.);
#17577 = VERTEX_POINT('',#17578);
#17578 = CARTESIAN_POINT('',(0.125001145232,0.2,0.590002324719));
#17579 = B_SPLINE_CURVE_WITH_KNOTS('',3,(#17580,#17581,#17582,#17583,
    #17584,#17585,#17586,#17587,#17588,#17589,#17590,#17591,#17592,
    #17593,#17594,#17595,#17596),.UNSPECIFIED.,.F.,.F.,(4,1,1,1,1,1,1,1,
    1,1,1,1,1,1,4),(0.,7.142857142857E-02,0.142857142857,0.214285714286,
    0.285714285714,0.357142857143,0.428571428571,0.5,0.571428571429,
    0.642857142857,0.714285714286,0.785714285714,0.857142857143,
    0.928571428571,1.),.UNSPECIFIED.);
#17580 = CARTESIAN_POINT('',(0.2025,8.E-02,0.69));
#17581 = CARTESIAN_POINT('',(0.2025,8.459058367168E-02,0.69));
#17582 = CARTESIAN_POINT('',(0.202173755546,9.371089879037E-02,
    0.689579039415));
#17583 = CARTESIAN_POINT('',(0.200703508342,0.107304867826,
    0.687681946365));
#17584 = CARTESIAN_POINT('',(0.198272371016,0.120524175604,
    0.684544996153));
#17585 = CARTESIAN_POINT('',(0.194905589123,0.133238931214,
    0.680200766542));
#17586 = CARTESIAN_POINT('',(0.190652630996,0.14523893927,0.674713092929
    ));
#17587 = CARTESIAN_POINT('',(0.185628921977,0.156254733965,
    0.668230918422));
#17588 = CARTESIAN_POINT('',(0.179961618107,0.166132320638,
    0.660918322787));
#17589 = CARTESIAN_POINT('',(0.173658073053,0.174929457494,
    0.652784799955));
#17590 = CARTESIAN_POINT('',(0.166707038159,0.182628337546,
    0.643815836147));
#17591 = CARTESIAN_POINT('',(0.159139816035,0.189121142514,
    0.634051815625));
#17592 = CARTESIAN_POINT('',(0.15100761748,0.194262719281,0.623558802886
    ));
#17593 = CARTESIAN_POINT('',(0.142480403069,0.197891274716,
    0.612556080991));
#17594 = CARTESIAN_POINT('',(0.133724205694,0.199836113365,0.60125786094
    ));
#17595 = CARTESIAN_POINT('',(0.127913536681,0.2001594103,0.593760249168)
  );
#17596 = CARTESIAN_POINT('',(0.125001145232,0.2,0.590002324719));
#17597 = ORIENTED_EDGE('',*,*,#17598,.T.);
#17598 = EDGE_CURVE('',#17577,#17545,#17599,.T.);
#17599 = LINE('',#17600,#17601);
#17600 = CARTESIAN_POINT('',(0.125,1.1,0.59));
#17601 = VECTOR('',#17602,1.);
#17602 = DIRECTION('',(0.,-1.,0.));
#17603 = PLANE('',#17604);
#17604 = AXIS2_PLACEMENT_3D('',#17605,#17606,#17607);
#17605 = CARTESIAN_POINT('',(0.114572256717,-0.22402742252,
    0.576544847377));
#17606 = DIRECTION('',(-0.790415052175,-0.,0.612571665436));
#17607 = DIRECTION('',(0.612571665436,0.,0.790415052175));
#17608 = ADVANCED_FACE('',(#17609),#17643,.T.);
#17609 = FACE_BOUND('',#17610,.T.);
#17610 = EDGE_LOOP('',(#17611,#17619,#17628,#17636,#17642));
#17611 = ORIENTED_EDGE('',*,*,#17612,.T.);
#17612 = EDGE_CURVE('',#17545,#17613,#17615,.T.);
#17613 = VERTEX_POINT('',#17614);
#17614 = CARTESIAN_POINT('',(0.218790606058,-0.2,0.547690618321));
#17615 = LINE('',#17616,#17617);
#17616 = CARTESIAN_POINT('',(0.125,-0.2,0.59));
#17617 = VECTOR('',#17618,1.);
#17618 = DIRECTION('',(0.91154429271,0.,-0.411201899834));
#17619 = ORIENTED_EDGE('',*,*,#17620,.T.);
#17620 = EDGE_CURVE('',#17613,#17621,#17623,.T.);
#17621 = VERTEX_POINT('',#17622);
#17622 = CARTESIAN_POINT('',(0.206115205991,-0.195606366211,
    0.589999975453));
#17623 = B_SPLINE_CURVE_WITH_KNOTS('',3,(#17624,#17625,#17626,#17627),
  .UNSPECIFIED.,.F.,.F.,(4,4),(0.,4.45331574041E-02),
  .PIECEWISE_BEZIER_KNOTS.);
#17624 = CARTESIAN_POINT('',(0.218790606058,-0.2,0.547690618321));
#17625 = CARTESIAN_POINT('',(0.214544618834,-0.2,0.561863345723));
#17626 = CARTESIAN_POINT('',(0.210276535981,-0.198546043159,
    0.576109826366));
#17627 = CARTESIAN_POINT('',(0.206115205991,-0.195606366211,
    0.589999975453));
#17628 = ORIENTED_EDGE('',*,*,#17629,.F.);
#17629 = EDGE_CURVE('',#17630,#17621,#17632,.T.);
#17630 = VERTEX_POINT('',#17631);
#17631 = CARTESIAN_POINT('',(0.233889231167,-8.000445475102E-02,
    0.674305384324));
#17632 = ( BOUNDED_CURVE() B_SPLINE_CURVE(2,(#17633,#17634,#17635),
.UNSPECIFIED.,.F.,.F.) B_SPLINE_CURVE_WITH_KNOTS((3,3),(0.,1.),
.PIECEWISE_BEZIER_KNOTS.) CURVE() GEOMETRIC_REPRESENTATION_ITEM() 
RATIONAL_B_SPLINE_CURVE((1.,0.796289095623,1.)) REPRESENTATION_ITEM('') 
  );
#17633 = CARTESIAN_POINT('',(0.233889231167,-8.000445475095E-02,
    0.674305384324));
#17634 = CARTESIAN_POINT('',(0.233888160969,-0.171164751949,
    0.674302135843));
#17635 = CARTESIAN_POINT('',(0.206115192062,-0.195606366802,
    0.589999980042));
#17636 = ORIENTED_EDGE('',*,*,#17637,.T.);
#17637 = EDGE_CURVE('',#17630,#17547,#17638,.T.);
#17638 = LINE('',#17639,#17640);
#17639 = CARTESIAN_POINT('',(0.233889231167,-8.000445475102E-02,
    0.674305384324));
#17640 = VECTOR('',#17641,1.);
#17641 = DIRECTION('',(-0.89442718274,1.2693685906E-04,0.447213594004));
#17642 = ORIENTED_EDGE('',*,*,#17544,.F.);
#17643 = CYLINDRICAL_SURFACE('',#17644,0.12);
#17644 = AXIS2_PLACEMENT_3D('',#17645,#17646,#17647);
#17645 = CARTESIAN_POINT('',(0.33857451378,-7.999999999998E-02,
    0.48779866446));
#17646 = DIRECTION('',(-0.894427191,-0.,0.4472135955));
#17647 = DIRECTION('',(0.4472135955,0.,0.894427191));
#17648 = ADVANCED_FACE('',(#17649),#17684,.T.);
#17649 = FACE_BOUND('',#17650,.T.);
#17650 = EDGE_LOOP('',(#17651,#17659,#17660,#17668,#17678));
#17651 = ORIENTED_EDGE('',*,*,#17652,.T.);
#17652 = EDGE_CURVE('',#17653,#17613,#17655,.T.);
#17653 = VERTEX_POINT('',#17654);
#17654 = CARTESIAN_POINT('',(0.29,-0.2,0.31));
#17655 = LINE('',#17656,#17657);
#17656 = CARTESIAN_POINT('',(-6.212786051881,-0.2,22.015721));
#17657 = VECTOR('',#17658,1.);
#17658 = DIRECTION('',(-0.286986289829,-0.,0.957934689554));
#17659 = ORIENTED_EDGE('',*,*,#17612,.F.);
#17660 = ORIENTED_EDGE('',*,*,#17661,.T.);
#17661 = EDGE_CURVE('',#17545,#17662,#17664,.T.);
#17662 = VERTEX_POINT('',#17663);
#17663 = CARTESIAN_POINT('',(0.197317809654,-0.2,0.348609588695));
#17664 = LINE('',#17665,#17666);
#17665 = CARTESIAN_POINT('',(-6.293901250519,-0.2,22.015721));
#17666 = VECTOR('',#17667,1.);
#17667 = DIRECTION('',(0.286986289829,0.,-0.957934689554));
#17668 = ORIENTED_EDGE('',*,*,#17669,.T.);
#17669 = EDGE_CURVE('',#17662,#17670,#17672,.T.);
#17670 = VERTEX_POINT('',#17671);
#17671 = CARTESIAN_POINT('',(0.167561165369,-0.2,0.31));
#17672 = B_SPLINE_CURVE_WITH_KNOTS('',3,(#17673,#17674,#17675,#17676,
    #17677),.UNSPECIFIED.,.F.,.F.,(4,1,4),(0.,0.498906949824,1.),
  .UNSPECIFIED.);
#17673 = CARTESIAN_POINT('',(0.197317809654,-0.2,0.348609588695));
#17674 = CARTESIAN_POINT('',(0.199932089798,-0.2,0.339883354283));
#17675 = CARTESIAN_POINT('',(0.196381172446,-0.2,0.318591847023));
#17676 = CARTESIAN_POINT('',(0.176706483495,-0.2,0.309728722053));
#17677 = CARTESIAN_POINT('',(0.167561165369,-0.2,0.31));
#17678 = ORIENTED_EDGE('',*,*,#17679,.F.);
#17679 = EDGE_CURVE('',#17653,#17670,#17680,.T.);
#17680 = LINE('',#17681,#17682);
#17681 = CARTESIAN_POINT('',(55.238908,-0.2,0.31));
#17682 = VECTOR('',#17683,1.);
#17683 = DIRECTION('',(-1.,0.,0.));
#17684 = PLANE('',#17685);
#17685 = AXIS2_PLACEMENT_3D('',#17686,#17687,#17688);
#17686 = CARTESIAN_POINT('',(0.307985,-0.2,0.610862450861));
#17687 = DIRECTION('',(0.,-1.,-0.));
#17688 = DIRECTION('',(-1.,0.,-0.));
#17689 = ADVANCED_FACE('',(#17690),#17725,.T.);
#17690 = FACE_BOUND('',#17691,.T.);
#17691 = EDGE_LOOP('',(#17692,#17693,#17701,#17709,#17718,#17724));
#17692 = ORIENTED_EDGE('',*,*,#17652,.F.);
#17693 = ORIENTED_EDGE('',*,*,#17694,.T.);
#17694 = EDGE_CURVE('',#17653,#17695,#17697,.T.);
#17695 = VERTEX_POINT('',#17696);
#17696 = CARTESIAN_POINT('',(0.29,0.2,0.31));
#17697 = LINE('',#17698,#17699);
#17698 = CARTESIAN_POINT('',(0.29,1.1,0.31));
#17699 = VECTOR('',#17700,1.);
#17700 = DIRECTION('',(0.,1.,0.));
#17701 = ORIENTED_EDGE('',*,*,#17702,.F.);
#17702 = EDGE_CURVE('',#17703,#17695,#17705,.T.);
#17703 = VERTEX_POINT('',#17704);
#17704 = CARTESIAN_POINT('',(0.218790606058,0.2,0.547690618321));
#17705 = LINE('',#17706,#17707);
#17706 = CARTESIAN_POINT('',(-6.212786051881,0.2,22.015721));
#17707 = VECTOR('',#17708,1.);
#17708 = DIRECTION('',(0.286986289829,0.,-0.957934689554));
#17709 = ORIENTED_EDGE('',*,*,#17710,.F.);
#17710 = EDGE_CURVE('',#17711,#17703,#17713,.T.);
#17711 = VERTEX_POINT('',#17712);
#17712 = CARTESIAN_POINT('',(0.206115198632,0.195606361012,
    0.590000000018));
#17713 = B_SPLINE_CURVE_WITH_KNOTS('',3,(#17714,#17715,#17716,#17717),
  .UNSPECIFIED.,.F.,.F.,(4,4),(0.,4.453318370299E-02),
  .PIECEWISE_BEZIER_KNOTS.);
#17714 = CARTESIAN_POINT('',(0.206115198632,0.195606361012,
    0.590000000018));
#17715 = CARTESIAN_POINT('',(0.210276530959,0.198546041451,
    0.576109843127));
#17716 = CARTESIAN_POINT('',(0.214544616343,0.2,0.561863354035));
#17717 = CARTESIAN_POINT('',(0.218790606058,0.2,0.547690618321));
#17718 = ORIENTED_EDGE('',*,*,#17719,.F.);
#17719 = EDGE_CURVE('',#17621,#17711,#17720,.T.);
#17720 = LINE('',#17721,#17722);
#17721 = CARTESIAN_POINT('',(0.206115198637,1.1,0.59));
#17722 = VECTOR('',#17723,1.);
#17723 = DIRECTION('',(0.,1.,-0.));
#17724 = ORIENTED_EDGE('',*,*,#17620,.F.);
#17725 = PLANE('',#17726);
#17726 = AXIS2_PLACEMENT_3D('',#17727,#17728,#17729);
#17727 = CARTESIAN_POINT('',(0.20004044862,-0.22386,0.610276974816));
#17728 = DIRECTION('',(0.957934689554,-0.,0.286986289829));
#17729 = DIRECTION('',(0.286986289829,0.,-0.957934689554));
#17730 = ADVANCED_FACE('',(#17731),#17749,.T.);
#17731 = FACE_BOUND('',#17732,.T.);
#17732 = EDGE_LOOP('',(#17733,#17734,#17735,#17743));
#17733 = ORIENTED_EDGE('',*,*,#17629,.T.);
#17734 = ORIENTED_EDGE('',*,*,#17719,.T.);
#17735 = ORIENTED_EDGE('',*,*,#17736,.T.);
#17736 = EDGE_CURVE('',#17711,#17737,#17739,.T.);
#17737 = VERTEX_POINT('',#17738);
#17738 = CARTESIAN_POINT('',(0.233889231193,7.999999999999E-02,
    0.674305384403));
#17739 = ( BOUNDED_CURVE() B_SPLINE_CURVE(2,(#17740,#17741,#17742),
.UNSPECIFIED.,.F.,.F.) B_SPLINE_CURVE_WITH_KNOTS((3,3),(0.,1.),
.PIECEWISE_BEZIER_KNOTS.) CURVE() GEOMETRIC_REPRESENTATION_ITEM() 
RATIONAL_B_SPLINE_CURVE((1.,0.796277932099,1.)) REPRESENTATION_ITEM('') 
  );
#17740 = CARTESIAN_POINT('',(0.206115199887,0.195606359915,
    0.590000003796));
#17741 = CARTESIAN_POINT('',(0.233889231193,0.171163789843,
    0.674305384403));
#17742 = CARTESIAN_POINT('',(0.233889231193,8.000000000003E-02,
    0.674305384403));
#17743 = ORIENTED_EDGE('',*,*,#17744,.T.);
#17744 = EDGE_CURVE('',#17737,#17630,#17745,.T.);
#17745 = LINE('',#17746,#17747);
#17746 = CARTESIAN_POINT('',(0.233889231193,1.1,0.674305384403));
#17747 = VECTOR('',#17748,1.);
#17748 = DIRECTION('',(0.,-1.,0.));
#17749 = PLANE('',#17750);
#17750 = AXIS2_PLACEMENT_3D('',#17751,#17752,#17753);
#17751 = CARTESIAN_POINT('',(0.238920410966,-0.219246684998,
    0.689577043062));
#17752 = DIRECTION('',(0.949785248865,-0.,-0.312902510437));
#17753 = DIRECTION('',(-0.312902510437,0.,-0.949785248865));
#17754 = ADVANCED_FACE('',(#17755),#17766,.T.);
#17755 = FACE_BOUND('',#17756,.T.);
#17756 = EDGE_LOOP('',(#17757,#17758,#17759,#17765));
#17757 = ORIENTED_EDGE('',*,*,#17637,.F.);
#17758 = ORIENTED_EDGE('',*,*,#17744,.F.);
#17759 = ORIENTED_EDGE('',*,*,#17760,.F.);
#17760 = EDGE_CURVE('',#17569,#17737,#17761,.T.);
#17761 = LINE('',#17762,#17763);
#17762 = CARTESIAN_POINT('',(0.2025,8.E-02,0.69));
#17763 = VECTOR('',#17764,1.);
#17764 = DIRECTION('',(0.894427191,0.,-0.4472135955));
#17765 = ORIENTED_EDGE('',*,*,#17568,.T.);
#17766 = PLANE('',#17767);
#17767 = AXIS2_PLACEMENT_3D('',#17768,#17769,#17770);
#17768 = CARTESIAN_POINT('',(0.189318508353,-9.786456611979E-02,
    0.696590745824));
#17769 = DIRECTION('',(0.4472135955,-0.,0.894427191));
#17770 = DIRECTION('',(0.894427191,0.,-0.4472135955));
#17771 = ADVANCED_FACE('',(#17772),#17784,.T.);
#17772 = FACE_BOUND('',#17773,.T.);
#17773 = EDGE_LOOP('',(#17774,#17780,#17781,#17782,#17783));
#17774 = ORIENTED_EDGE('',*,*,#17775,.T.);
#17775 = EDGE_CURVE('',#17703,#17577,#17776,.T.);
#17776 = LINE('',#17777,#17778);
#17777 = CARTESIAN_POINT('',(0.218790606058,0.2,0.547690618321));
#17778 = VECTOR('',#17779,1.);
#17779 = DIRECTION('',(-0.911544292623,-0.,0.411201900028));
#17780 = ORIENTED_EDGE('',*,*,#17576,.F.);
#17781 = ORIENTED_EDGE('',*,*,#17760,.T.);
#17782 = ORIENTED_EDGE('',*,*,#17736,.F.);
#17783 = ORIENTED_EDGE('',*,*,#17710,.T.);
#17784 = CYLINDRICAL_SURFACE('',#17785,0.12);
#17785 = AXIS2_PLACEMENT_3D('',#17786,#17787,#17788);
#17786 = CARTESIAN_POINT('',(7.047329875874E-03,8.000000000002E-02,
    0.653562256412));
#17787 = DIRECTION('',(0.894427191,0.,-0.4472135955));
#17788 = DIRECTION('',(-0.4472135955,0.,-0.894427191));
#17789 = ADVANCED_FACE('',(#17790),#17817,.T.);
#17790 = FACE_BOUND('',#17791,.T.);
#17791 = EDGE_LOOP('',(#17792,#17793,#17794,#17802,#17811));
#17792 = ORIENTED_EDGE('',*,*,#17775,.F.);
#17793 = ORIENTED_EDGE('',*,*,#17702,.T.);
#17794 = ORIENTED_EDGE('',*,*,#17795,.F.);
#17795 = EDGE_CURVE('',#17796,#17695,#17798,.T.);
#17796 = VERTEX_POINT('',#17797);
#17797 = CARTESIAN_POINT('',(0.167534413227,0.2,0.31));
#17798 = LINE('',#17799,#17800);
#17799 = CARTESIAN_POINT('',(55.238908,0.2,0.31));
#17800 = VECTOR('',#17801,1.);
#17801 = DIRECTION('',(1.,0.,0.));
#17802 = ORIENTED_EDGE('',*,*,#17803,.T.);
#17803 = EDGE_CURVE('',#17796,#17804,#17806,.T.);
#17804 = VERTEX_POINT('',#17805);
#17805 = CARTESIAN_POINT('',(0.197317809654,0.2,0.348609588695));
#17806 = CIRCLE('',#17807,3.000000000003E-02);
#17807 = AXIS2_PLACEMENT_3D('',#17808,#17809,#17810);
#17808 = CARTESIAN_POINT('',(0.168579768968,0.2,0.34));
#17809 = DIRECTION('',(0.,-1.,0.));
#17810 = DIRECTION('',(1.,0.,0.));
#17811 = ORIENTED_EDGE('',*,*,#17812,.T.);
#17812 = EDGE_CURVE('',#17804,#17577,#17813,.T.);
#17813 = LINE('',#17814,#17815);
#17814 = CARTESIAN_POINT('',(-6.293901250519,0.2,22.015721));
#17815 = VECTOR('',#17816,1.);
#17816 = DIRECTION('',(-0.286986289829,-0.,0.957934689554));
#17817 = PLANE('',#17818);
#17818 = AXIS2_PLACEMENT_3D('',#17819,#17820,#17821);
#17819 = CARTESIAN_POINT('',(0.107014441605,0.2,0.610861863872));
#17820 = DIRECTION('',(-0.,1.,0.));
#17821 = DIRECTION('',(1.,0.,0.));
#17822 = ADVANCED_FACE('',(#17823),#17834,.T.);
#17823 = FACE_BOUND('',#17824,.T.);
#17824 = EDGE_LOOP('',(#17825,#17826,#17827,#17833));
#17825 = ORIENTED_EDGE('',*,*,#17598,.F.);
#17826 = ORIENTED_EDGE('',*,*,#17812,.F.);
#17827 = ORIENTED_EDGE('',*,*,#17828,.F.);
#17828 = EDGE_CURVE('',#17662,#17804,#17829,.T.);
#17829 = LINE('',#17830,#17831);
#17830 = CARTESIAN_POINT('',(0.197317809655,-0.2,0.348609588695));
#17831 = VECTOR('',#17832,1.);
#17832 = DIRECTION('',(0.,1.,-0.));
#17833 = ORIENTED_EDGE('',*,*,#17661,.F.);
#17834 = PLANE('',#17835);
#17835 = AXIS2_PLACEMENT_3D('',#17836,#17837,#17838);
#17836 = CARTESIAN_POINT('',(0.203103398492,-0.22386,0.329297808155));
#17837 = DIRECTION('',(-0.957934689554,0.,-0.286986289829));
#17838 = DIRECTION('',(-0.286986289829,-0.,0.957934689554));
#17839 = ADVANCED_FACE('',(#17840),#17851,.F.);
#17840 = FACE_BOUND('',#17841,.F.);
#17841 = EDGE_LOOP('',(#17842,#17843,#17844,#17845));
#17842 = ORIENTED_EDGE('',*,*,#17803,.T.);
#17843 = ORIENTED_EDGE('',*,*,#17828,.F.);
#17844 = ORIENTED_EDGE('',*,*,#17669,.T.);
#17845 = ORIENTED_EDGE('',*,*,#17846,.F.);
#17846 = EDGE_CURVE('',#17796,#17670,#17847,.T.);
#17847 = LINE('',#17848,#17849);
#17848 = CARTESIAN_POINT('',(0.167534413227,0.2,0.31));
#17849 = VECTOR('',#17850,1.);
#17850 = DIRECTION('',(6.6880355131E-05,-0.999999997764,0.));
#17851 = CYLINDRICAL_SURFACE('',#17852,3.000000000003E-02);
#17852 = AXIS2_PLACEMENT_3D('',#17853,#17854,#17855);
#17853 = CARTESIAN_POINT('',(0.168579768968,-0.7,0.34));
#17854 = DIRECTION('',(0.,1.,-0.));
#17855 = DIRECTION('',(1.,0.,0.));
#17856 = ADVANCED_FACE('',(#17857,#17927,#17961),#17967,.T.);
#17857 = FACE_BOUND('',#17858,.T.);
#17858 = EDGE_LOOP('',(#17859,#17869,#17878,#17886,#17895,#17903,#17912,
    #17920));
#17859 = ORIENTED_EDGE('',*,*,#17860,.T.);
#17860 = EDGE_CURVE('',#17861,#17863,#17865,.T.);
#17861 = VERTEX_POINT('',#17862);
#17862 = CARTESIAN_POINT('',(-0.3,-0.22,0.31));
#17863 = VERTEX_POINT('',#17864);
#17864 = CARTESIAN_POINT('',(0.3,-0.22,0.31));
#17865 = LINE('',#17866,#17867);
#17866 = CARTESIAN_POINT('',(55.238908,-0.22,0.31));
#17867 = VECTOR('',#17868,1.);
#17868 = DIRECTION('',(1.,0.,0.));
#17869 = ORIENTED_EDGE('',*,*,#17870,.T.);
#17870 = EDGE_CURVE('',#17863,#17871,#17873,.T.);
#17871 = VERTEX_POINT('',#17872);
#17872 = CARTESIAN_POINT('',(0.33,-0.19,0.31));
#17873 = CIRCLE('',#17874,2.999999999994E-02);
#17874 = AXIS2_PLACEMENT_3D('',#17875,#17876,#17877);
#17875 = CARTESIAN_POINT('',(0.3,-0.19,0.31));
#17876 = DIRECTION('',(0.,-0.,1.));
#17877 = DIRECTION('',(1.,0.,0.));
#17878 = ORIENTED_EDGE('',*,*,#17879,.T.);
#17879 = EDGE_CURVE('',#17871,#17880,#17882,.T.);
#17880 = VERTEX_POINT('',#17881);
#17881 = CARTESIAN_POINT('',(0.33,0.19,0.31));
#17882 = LINE('',#17883,#17884);
#17883 = CARTESIAN_POINT('',(0.33,1.1,0.31));
#17884 = VECTOR('',#17885,1.);
#17885 = DIRECTION('',(-0.,1.,0.));
#17886 = ORIENTED_EDGE('',*,*,#17887,.T.);
#17887 = EDGE_CURVE('',#17880,#17888,#17890,.T.);
#17888 = VERTEX_POINT('',#17889);
#17889 = CARTESIAN_POINT('',(0.3,0.22,0.31));
#17890 = CIRCLE('',#17891,2.999999999998E-02);
#17891 = AXIS2_PLACEMENT_3D('',#17892,#17893,#17894);
#17892 = CARTESIAN_POINT('',(0.3,0.19,0.31));
#17893 = DIRECTION('',(0.,-0.,1.));
#17894 = DIRECTION('',(1.,0.,0.));
#17895 = ORIENTED_EDGE('',*,*,#17896,.T.);
#17896 = EDGE_CURVE('',#17888,#17897,#17899,.T.);
#17897 = VERTEX_POINT('',#17898);
#17898 = CARTESIAN_POINT('',(-0.3,0.22,0.31));
#17899 = LINE('',#17900,#17901);
#17900 = CARTESIAN_POINT('',(55.238908,0.22,0.31));
#17901 = VECTOR('',#17902,1.);
#17902 = DIRECTION('',(-1.,0.,0.));
#17903 = ORIENTED_EDGE('',*,*,#17904,.T.);
#17904 = EDGE_CURVE('',#17897,#17905,#17907,.T.);
#17905 = VERTEX_POINT('',#17906);
#17906 = CARTESIAN_POINT('',(-0.33,0.19,0.31));
#17907 = CIRCLE('',#17908,3.000000000006E-02);
#17908 = AXIS2_PLACEMENT_3D('',#17909,#17910,#17911);
#17909 = CARTESIAN_POINT('',(-0.3,0.19,0.31));
#17910 = DIRECTION('',(0.,0.,1.));
#17911 = DIRECTION('',(-1.,0.,0.));
#17912 = ORIENTED_EDGE('',*,*,#17913,.T.);
#17913 = EDGE_CURVE('',#17905,#17914,#17916,.T.);
#17914 = VERTEX_POINT('',#17915);
#17915 = CARTESIAN_POINT('',(-0.33,-0.19,0.31));
#17916 = LINE('',#17917,#17918);
#17917 = CARTESIAN_POINT('',(-0.33,1.1,0.31));
#17918 = VECTOR('',#17919,1.);
#17919 = DIRECTION('',(0.,-1.,0.));
#17920 = ORIENTED_EDGE('',*,*,#17921,.T.);
#17921 = EDGE_CURVE('',#17914,#17861,#17922,.T.);
#17922 = CIRCLE('',#17923,3.000000000005E-02);
#17923 = AXIS2_PLACEMENT_3D('',#17924,#17925,#17926);
#17924 = CARTESIAN_POINT('',(-0.3,-0.19,0.31));
#17925 = DIRECTION('',(0.,0.,1.));
#17926 = DIRECTION('',(-1.,0.,0.));
#17927 = FACE_BOUND('',#17928,.T.);
#17928 = EDGE_LOOP('',(#17929,#17939,#17947,#17955));
#17929 = ORIENTED_EDGE('',*,*,#17930,.T.);
#17930 = EDGE_CURVE('',#17931,#17933,#17935,.T.);
#17931 = VERTEX_POINT('',#17932);
#17932 = CARTESIAN_POINT('',(-0.168667745208,-0.2,0.31));
#17933 = VERTEX_POINT('',#17934);
#17934 = CARTESIAN_POINT('',(-0.29,-0.2,0.31));
#17935 = LINE('',#17936,#17937);
#17936 = CARTESIAN_POINT('',(55.238908,-0.2,0.31));
#17937 = VECTOR('',#17938,1.);
#17938 = DIRECTION('',(-1.,0.,0.));
#17939 = ORIENTED_EDGE('',*,*,#17940,.T.);
#17940 = EDGE_CURVE('',#17933,#17941,#17943,.T.);
#17941 = VERTEX_POINT('',#17942);
#17942 = CARTESIAN_POINT('',(-0.29,0.2,0.31));
#17943 = LINE('',#17944,#17945);
#17944 = CARTESIAN_POINT('',(-0.29,1.1,0.31));
#17945 = VECTOR('',#17946,1.);
#17946 = DIRECTION('',(-0.,1.,0.));
#17947 = ORIENTED_EDGE('',*,*,#17948,.T.);
#17948 = EDGE_CURVE('',#17941,#17949,#17951,.T.);
#17949 = VERTEX_POINT('',#17950);
#17950 = CARTESIAN_POINT('',(-0.168663167089,0.2,0.31));
#17951 = LINE('',#17952,#17953);
#17952 = CARTESIAN_POINT('',(55.238908,0.2,0.31));
#17953 = VECTOR('',#17954,1.);
#17954 = DIRECTION('',(1.,0.,0.));
#17955 = ORIENTED_EDGE('',*,*,#17956,.F.);
#17956 = EDGE_CURVE('',#17931,#17949,#17957,.T.);
#17957 = LINE('',#17958,#17959);
#17958 = CARTESIAN_POINT('',(-0.168667745208,-0.2,0.31));
#17959 = VECTOR('',#17960,1.);
#17960 = DIRECTION('',(1.144529829059E-05,0.999999999935,0.));
#17961 = FACE_BOUND('',#17962,.T.);
#17962 = EDGE_LOOP('',(#17963,#17964,#17965,#17966));
#17963 = ORIENTED_EDGE('',*,*,#17846,.F.);
#17964 = ORIENTED_EDGE('',*,*,#17795,.T.);
#17965 = ORIENTED_EDGE('',*,*,#17694,.F.);
#17966 = ORIENTED_EDGE('',*,*,#17679,.T.);
#17967 = PLANE('',#17968);
#17968 = AXIS2_PLACEMENT_3D('',#17969,#17970,#17971);
#17969 = CARTESIAN_POINT('',(-0.36036,-0.24486,0.31));
#17970 = DIRECTION('',(0.,-0.,1.));
#17971 = DIRECTION('',(1.,0.,0.));
#17972 = ADVANCED_FACE('',(#17973),#17998,.T.);
#17973 = FACE_BOUND('',#17974,.T.);
#17974 = EDGE_LOOP('',(#17975,#17983,#17984,#17992));
#17975 = ORIENTED_EDGE('',*,*,#17976,.F.);
#17976 = EDGE_CURVE('',#17863,#17977,#17979,.T.);
#17977 = VERTEX_POINT('',#17978);
#17978 = CARTESIAN_POINT('',(0.3,-0.22,0.69));
#17979 = LINE('',#17980,#17981);
#17980 = CARTESIAN_POINT('',(0.3,-0.22,0.31));
#17981 = VECTOR('',#17982,1.);
#17982 = DIRECTION('',(0.,-0.,1.));
#17983 = ORIENTED_EDGE('',*,*,#17860,.F.);
#17984 = ORIENTED_EDGE('',*,*,#17985,.F.);
#17985 = EDGE_CURVE('',#17986,#17861,#17988,.T.);
#17986 = VERTEX_POINT('',#17987);
#17987 = CARTESIAN_POINT('',(-0.3,-0.22,0.69));
#17988 = LINE('',#17989,#17990);
#17989 = CARTESIAN_POINT('',(-0.3,-0.22,0.69));
#17990 = VECTOR('',#17991,1.);
#17991 = DIRECTION('',(0.,0.,-1.));
#17992 = ORIENTED_EDGE('',*,*,#17993,.F.);
#17993 = EDGE_CURVE('',#17977,#17986,#17994,.T.);
#17994 = LINE('',#17995,#17996);
#17995 = CARTESIAN_POINT('',(55.238908,-0.22,0.69));
#17996 = VECTOR('',#17997,1.);
#17997 = DIRECTION('',(-1.,0.,-0.));
#17998 = PLANE('',#17999);
#17999 = AXIS2_PLACEMENT_3D('',#18000,#18001,#18002);
#18000 = CARTESIAN_POINT('',(-0.32886,-0.22,0.71336));
#18001 = DIRECTION('',(-0.,1.,0.));
#18002 = DIRECTION('',(1.,0.,0.));
#18003 = ADVANCED_FACE('',(#18004),#18023,.F.);
#18004 = FACE_BOUND('',#18005,.F.);
#18005 = EDGE_LOOP('',(#18006,#18014,#18021,#18022));
#18006 = ORIENTED_EDGE('',*,*,#18007,.F.);
#18007 = EDGE_CURVE('',#18008,#17871,#18010,.T.);
#18008 = VERTEX_POINT('',#18009);
#18009 = CARTESIAN_POINT('',(0.33,-0.19,0.69));
#18010 = LINE('',#18011,#18012);
#18011 = CARTESIAN_POINT('',(0.33,-0.19,0.69));
#18012 = VECTOR('',#18013,1.);
#18013 = DIRECTION('',(0.,0.,-1.));
#18014 = ORIENTED_EDGE('',*,*,#18015,.T.);
#18015 = EDGE_CURVE('',#18008,#17977,#18016,.T.);
#18016 = CIRCLE('',#18017,2.999999999994E-02);
#18017 = AXIS2_PLACEMENT_3D('',#18018,#18019,#18020);
#18018 = CARTESIAN_POINT('',(0.3,-0.19,0.69));
#18019 = DIRECTION('',(0.,0.,-1.));
#18020 = DIRECTION('',(1.,0.,0.));
#18021 = ORIENTED_EDGE('',*,*,#17976,.F.);
#18022 = ORIENTED_EDGE('',*,*,#17870,.T.);
#18023 = CYLINDRICAL_SURFACE('',#18024,2.999999999994E-02);
#18024 = AXIS2_PLACEMENT_3D('',#18025,#18026,#18027);
#18025 = CARTESIAN_POINT('',(0.3,-0.19,-0.161500000001));
#18026 = DIRECTION('',(0.,-0.,1.));
#18027 = DIRECTION('',(1.,0.,0.));
#18028 = ADVANCED_FACE('',(#18029,#18049),#18102,.T.);
#18029 = FACE_BOUND('',#18030,.T.);
#18030 = EDGE_LOOP('',(#18031,#18042));
#18031 = ORIENTED_EDGE('',*,*,#18032,.T.);
#18032 = EDGE_CURVE('',#18033,#18035,#18037,.T.);
#18033 = VERTEX_POINT('',#18034);
#18034 = CARTESIAN_POINT('',(-4.172807019972E-15,0.45,0.69));
#18035 = VERTEX_POINT('',#18036);
#18036 = CARTESIAN_POINT('',(-4.11769791401E-15,-0.45,0.69));
#18037 = CIRCLE('',#18038,0.45);
#18038 = AXIS2_PLACEMENT_3D('',#18039,#18040,#18041);
#18039 = CARTESIAN_POINT('',(-7.105427357601E-15,3.996802888651E-15,0.69
    ));
#18040 = DIRECTION('',(6.112864161287E-15,7.163512689008E-15,1.));
#18041 = DIRECTION('',(0.,1.,-7.163512689008E-15));
#18042 = ORIENTED_EDGE('',*,*,#18043,.T.);
#18043 = EDGE_CURVE('',#18035,#18033,#18044,.T.);
#18044 = CIRCLE('',#18045,0.45);
#18045 = AXIS2_PLACEMENT_3D('',#18046,#18047,#18048);
#18046 = CARTESIAN_POINT('',(-7.105427357601E-15,3.996802888651E-15,0.69
    ));
#18047 = DIRECTION('',(6.112864161287E-15,7.163512689008E-15,1.));
#18048 = DIRECTION('',(0.,1.,-7.163512689008E-15));
#18049 = FACE_BOUND('',#18050,.T.);
#18050 = EDGE_LOOP('',(#18051,#18062,#18068,#18069,#18070,#18079,#18087,
    #18096));
#18051 = ORIENTED_EDGE('',*,*,#18052,.T.);
#18052 = EDGE_CURVE('',#18053,#18055,#18057,.T.);
#18053 = VERTEX_POINT('',#18054);
#18054 = CARTESIAN_POINT('',(0.3,0.22,0.69));
#18055 = VERTEX_POINT('',#18056);
#18056 = CARTESIAN_POINT('',(0.33,0.19,0.69));
#18057 = CIRCLE('',#18058,2.999999999998E-02);
#18058 = AXIS2_PLACEMENT_3D('',#18059,#18060,#18061);
#18059 = CARTESIAN_POINT('',(0.3,0.19,0.69));
#18060 = DIRECTION('',(0.,0.,-1.));
#18061 = DIRECTION('',(1.,0.,0.));
#18062 = ORIENTED_EDGE('',*,*,#18063,.T.);
#18063 = EDGE_CURVE('',#18055,#18008,#18064,.T.);
#18064 = LINE('',#18065,#18066);
#18065 = CARTESIAN_POINT('',(0.33,1.1,0.69));
#18066 = VECTOR('',#18067,1.);
#18067 = DIRECTION('',(0.,-1.,0.));
#18068 = ORIENTED_EDGE('',*,*,#18015,.T.);
#18069 = ORIENTED_EDGE('',*,*,#17993,.T.);
#18070 = ORIENTED_EDGE('',*,*,#18071,.T.);
#18071 = EDGE_CURVE('',#17986,#18072,#18074,.T.);
#18072 = VERTEX_POINT('',#18073);
#18073 = CARTESIAN_POINT('',(-0.33,-0.19,0.69));
#18074 = CIRCLE('',#18075,3.000000000005E-02);
#18075 = AXIS2_PLACEMENT_3D('',#18076,#18077,#18078);
#18076 = CARTESIAN_POINT('',(-0.3,-0.19,0.69));
#18077 = DIRECTION('',(0.,0.,-1.));
#18078 = DIRECTION('',(-1.,0.,0.));
#18079 = ORIENTED_EDGE('',*,*,#18080,.T.);
#18080 = EDGE_CURVE('',#18072,#18081,#18083,.T.);
#18081 = VERTEX_POINT('',#18082);
#18082 = CARTESIAN_POINT('',(-0.33,0.19,0.69));
#18083 = LINE('',#18084,#18085);
#18084 = CARTESIAN_POINT('',(-0.33,1.1,0.69));
#18085 = VECTOR('',#18086,1.);
#18086 = DIRECTION('',(0.,1.,0.));
#18087 = ORIENTED_EDGE('',*,*,#18088,.T.);
#18088 = EDGE_CURVE('',#18081,#18089,#18091,.T.);
#18089 = VERTEX_POINT('',#18090);
#18090 = CARTESIAN_POINT('',(-0.3,0.22,0.69));
#18091 = CIRCLE('',#18092,3.000000000006E-02);
#18092 = AXIS2_PLACEMENT_3D('',#18093,#18094,#18095);
#18093 = CARTESIAN_POINT('',(-0.3,0.19,0.69));
#18094 = DIRECTION('',(0.,0.,-1.));
#18095 = DIRECTION('',(-1.,0.,0.));
#18096 = ORIENTED_EDGE('',*,*,#18097,.T.);
#18097 = EDGE_CURVE('',#18089,#18053,#18098,.T.);
#18098 = LINE('',#18099,#18100);
#18099 = CARTESIAN_POINT('',(55.238908,0.22,0.69));
#18100 = VECTOR('',#18101,1.);
#18101 = DIRECTION('',(1.,0.,0.));
#18102 = PLANE('',#18103);
#18103 = AXIS2_PLACEMENT_3D('',#18104,#18105,#18106);
#18104 = CARTESIAN_POINT('',(-0.48636,-0.48636,0.69));
#18105 = DIRECTION('',(0.,-0.,1.));
#18106 = DIRECTION('',(1.,0.,0.));
#18107 = ADVANCED_FACE('',(#18108),#18134,.T.);
#18108 = FACE_BOUND('',#18109,.T.);
#18109 = EDGE_LOOP('',(#18110,#18121,#18127,#18128));
#18110 = ORIENTED_EDGE('',*,*,#18111,.T.);
#18111 = EDGE_CURVE('',#18112,#18114,#18116,.T.);
#18112 = VERTEX_POINT('',#18113);
#18113 = CARTESIAN_POINT('',(-6.550895804875E-15,-0.54756097561,0.29));
#18114 = VERTEX_POINT('',#18115);
#18115 = CARTESIAN_POINT('',(-6.617952684487E-15,0.54756097561,0.29));
#18116 = CIRCLE('',#18117,0.54756097561);
#18117 = AXIS2_PLACEMENT_3D('',#18118,#18119,#18120);
#18118 = CARTESIAN_POINT('',(-7.105427357601E-15,8.881784197001E-16,0.29
    ));
#18119 = DIRECTION('',(6.112864161287E-15,7.163512689008E-15,1.));
#18120 = DIRECTION('',(0.,1.,-7.163512689008E-15));
#18121 = ORIENTED_EDGE('',*,*,#18122,.F.);
#18122 = EDGE_CURVE('',#18033,#18114,#18123,.T.);
#18123 = LINE('',#18124,#18125);
#18124 = CARTESIAN_POINT('',(-7.105427357601E-15,0.567011148,
    0.2102542932));
#18125 = VECTOR('',#18126,1.);
#18126 = DIRECTION('',(-5.938771860909E-15,0.236956180191,
    -0.971520338783));
#18127 = ORIENTED_EDGE('',*,*,#18043,.F.);
#18128 = ORIENTED_EDGE('',*,*,#18129,.T.);
#18129 = EDGE_CURVE('',#18035,#18112,#18130,.T.);
#18130 = LINE('',#18131,#18132);
#18131 = CARTESIAN_POINT('',(-7.035988518853E-15,-0.567011148,
    0.2102542932));
#18132 = VECTOR('',#18133,1.);
#18133 = DIRECTION('',(-5.909753098148E-15,-0.236956180191,
    -0.971520338783));
#18134 = CONICAL_SURFACE('',#18135,0.567011148,0.239231599964);
#18135 = AXIS2_PLACEMENT_3D('',#18136,#18137,#18138);
#18136 = CARTESIAN_POINT('',(-7.105427357601E-15,4.440892098501E-16,
    0.2102542932));
#18137 = DIRECTION('',(-6.112864161287E-15,-7.163512689008E-15,-1.));
#18138 = DIRECTION('',(0.,1.,-7.163512689008E-15));
#18139 = ADVANCED_FACE('',(#18140),#18174,.T.);
#18140 = FACE_BOUND('',#18141,.T.);
#18141 = EDGE_LOOP('',(#18142,#18152,#18160,#18168));
#18142 = ORIENTED_EDGE('',*,*,#18143,.F.);
#18143 = EDGE_CURVE('',#18144,#18146,#18148,.T.);
#18144 = VERTEX_POINT('',#18145);
#18145 = CARTESIAN_POINT('',(-0.2025,-8.E-02,0.69));
#18146 = VERTEX_POINT('',#18147);
#18147 = CARTESIAN_POINT('',(-0.233889294966,-8.000000000001E-02,
    0.674305352517));
#18148 = LINE('',#18149,#18150);
#18149 = CARTESIAN_POINT('',(-0.2025,-8.E-02,0.69));
#18150 = VECTOR('',#18151,1.);
#18151 = DIRECTION('',(-0.894427191,0.,-0.4472135955));
#18152 = ORIENTED_EDGE('',*,*,#18153,.F.);
#18153 = EDGE_CURVE('',#18154,#18144,#18156,.T.);
#18154 = VERTEX_POINT('',#18155);
#18155 = CARTESIAN_POINT('',(-0.2025,8.E-02,0.69));
#18156 = LINE('',#18157,#18158);
#18157 = CARTESIAN_POINT('',(-0.2025,1.1,0.69));
#18158 = VECTOR('',#18159,1.);
#18159 = DIRECTION('',(0.,-1.,0.));
#18160 = ORIENTED_EDGE('',*,*,#18161,.F.);
#18161 = EDGE_CURVE('',#18162,#18154,#18164,.T.);
#18162 = VERTEX_POINT('',#18163);
#18163 = CARTESIAN_POINT('',(-0.233889231193,8.000000000002E-02,
    0.674305384403));
#18164 = LINE('',#18165,#18166);
#18165 = CARTESIAN_POINT('',(-0.233889231193,8.000000000001E-02,
    0.674305384403));
#18166 = VECTOR('',#18167,1.);
#18167 = DIRECTION('',(0.894427191,0.,0.4472135955));
#18168 = ORIENTED_EDGE('',*,*,#18169,.T.);
#18169 = EDGE_CURVE('',#18162,#18146,#18170,.T.);
#18170 = LINE('',#18171,#18172);
#18171 = CARTESIAN_POINT('',(-0.233889231193,1.1,0.674305384404));
#18172 = VECTOR('',#18173,1.);
#18173 = DIRECTION('',(0.,-1.,0.));
#18174 = PLANE('',#18175);
#18175 = AXIS2_PLACEMENT_3D('',#18176,#18177,#18178);
#18176 = CARTESIAN_POINT('',(-0.247070788207,-9.786000000001E-02,
    0.667714605896));
#18177 = DIRECTION('',(-0.4472135955,-0.,0.894427191));
#18178 = DIRECTION('',(0.894427191,0.,0.4472135955));
#18179 = ADVANCED_FACE('',(#18180,#18200),#18210,.T.);
#18180 = FACE_BOUND('',#18181,.T.);
#18181 = EDGE_LOOP('',(#18182,#18193));
#18182 = ORIENTED_EDGE('',*,*,#18183,.F.);
#18183 = EDGE_CURVE('',#18184,#18186,#18188,.T.);
#18184 = VERTEX_POINT('',#18185);
#18185 = CARTESIAN_POINT('',(-0.72,-2.708944180085E-14,0.29));
#18186 = VERTEX_POINT('',#18187);
#18187 = CARTESIAN_POINT('',(0.72,-2.717761637039E-14,0.29));
#18188 = CIRCLE('',#18189,0.72);
#18189 = AXIS2_PLACEMENT_3D('',#18190,#18191,#18192);
#18190 = CARTESIAN_POINT('',(0.,-2.708944180085E-14,0.29));
#18191 = DIRECTION('',(0.,0.,-1.));
#18192 = DIRECTION('',(-1.,0.,0.));
#18193 = ORIENTED_EDGE('',*,*,#18194,.F.);
#18194 = EDGE_CURVE('',#18186,#18184,#18195,.T.);
#18195 = CIRCLE('',#18196,0.72);
#18196 = AXIS2_PLACEMENT_3D('',#18197,#18198,#18199);
#18197 = CARTESIAN_POINT('',(0.,-2.708944180085E-14,0.29));
#18198 = DIRECTION('',(0.,0.,-1.));
#18199 = DIRECTION('',(-1.,0.,0.));
#18200 = FACE_BOUND('',#18201,.T.);
#18201 = EDGE_LOOP('',(#18202,#18203));
#18202 = ORIENTED_EDGE('',*,*,#18111,.F.);
#18203 = ORIENTED_EDGE('',*,*,#18204,.F.);
#18204 = EDGE_CURVE('',#18114,#18112,#18205,.T.);
#18205 = CIRCLE('',#18206,0.54756097561);
#18206 = AXIS2_PLACEMENT_3D('',#18207,#18208,#18209);
#18207 = CARTESIAN_POINT('',(-7.105427357601E-15,8.881784197001E-16,0.29
    ));
#18208 = DIRECTION('',(6.112864161287E-15,7.163512689008E-15,1.));
#18209 = DIRECTION('',(0.,1.,-7.163512689008E-15));
#18210 = PLANE('',#18211);
#18211 = AXIS2_PLACEMENT_3D('',#18212,#18213,#18214);
#18212 = CARTESIAN_POINT('',(-0.76986,-0.76986,0.29));
#18213 = DIRECTION('',(0.,-0.,1.));
#18214 = DIRECTION('',(1.,0.,0.));
#18215 = ADVANCED_FACE('',(#18216),#18251,.F.);
#18216 = FACE_BOUND('',#18217,.F.);
#18217 = EDGE_LOOP('',(#18218,#18226,#18227,#18235,#18244));
#18218 = ORIENTED_EDGE('',*,*,#18219,.T.);
#18219 = EDGE_CURVE('',#18220,#18184,#18222,.T.);
#18220 = VERTEX_POINT('',#18221);
#18221 = CARTESIAN_POINT('',(-0.72,-2.708944180085E-14,0.62644746463));
#18222 = LINE('',#18223,#18224);
#18223 = CARTESIAN_POINT('',(-0.72,-2.708944180085E-14,0.654108651245));
#18224 = VECTOR('',#18225,1.);
#18225 = DIRECTION('',(0.,0.,-1.));
#18226 = ORIENTED_EDGE('',*,*,#18194,.F.);
#18227 = ORIENTED_EDGE('',*,*,#18228,.F.);
#18228 = EDGE_CURVE('',#18229,#18186,#18231,.T.);
#18229 = VERTEX_POINT('',#18230);
#18230 = CARTESIAN_POINT('',(0.72,-2.717761637039E-14,0.62644746463));
#18231 = LINE('',#18232,#18233);
#18232 = CARTESIAN_POINT('',(0.72,-2.717761637039E-14,0.654108651245));
#18233 = VECTOR('',#18234,1.);
#18234 = DIRECTION('',(0.,0.,-1.));
#18235 = ORIENTED_EDGE('',*,*,#18236,.T.);
#18236 = EDGE_CURVE('',#18229,#18237,#18239,.T.);
#18237 = VERTEX_POINT('',#18238);
#18238 = CARTESIAN_POINT('',(-7.105427357601E-15,-0.72,0.62644746463));
#18239 = CIRCLE('',#18240,0.72);
#18240 = AXIS2_PLACEMENT_3D('',#18241,#18242,#18243);
#18241 = CARTESIAN_POINT('',(-7.105427357601E-15,-2.264854970235E-14,
    0.62644746463));
#18242 = DIRECTION('',(0.,6.838386641552E-15,-1.));
#18243 = DIRECTION('',(-1.,0.,0.));
#18244 = ORIENTED_EDGE('',*,*,#18245,.T.);
#18245 = EDGE_CURVE('',#18237,#18220,#18246,.T.);
#18246 = CIRCLE('',#18247,0.72);
#18247 = AXIS2_PLACEMENT_3D('',#18248,#18249,#18250);
#18248 = CARTESIAN_POINT('',(-7.105427357601E-15,-2.264854970235E-14,
    0.62644746463));
#18249 = DIRECTION('',(0.,6.838386641552E-15,-1.));
#18250 = DIRECTION('',(-1.,0.,0.));
#18251 = CYLINDRICAL_SURFACE('',#18252,0.72);
#18252 = AXIS2_PLACEMENT_3D('',#18253,#18254,#18255);
#18253 = CARTESIAN_POINT('',(0.,-2.708944180085E-14,0.654108651245));
#18254 = DIRECTION('',(0.,0.,-1.));
#18255 = DIRECTION('',(-1.,-0.,-0.));
#18256 = ADVANCED_FACE('',(#18257),#18282,.T.);
#18257 = FACE_BOUND('',#18258,.T.);
#18258 = EDGE_LOOP('',(#18259,#18267,#18268,#18276));
#18259 = ORIENTED_EDGE('',*,*,#18260,.T.);
#18260 = EDGE_CURVE('',#18261,#18146,#18263,.T.);
#18261 = VERTEX_POINT('',#18262);
#18262 = CARTESIAN_POINT('',(-0.206115198637,-0.195606045108,0.59));
#18263 = ( BOUNDED_CURVE() B_SPLINE_CURVE(2,(#18264,#18265,#18266),
.UNSPECIFIED.,.F.,.F.) B_SPLINE_CURVE_WITH_KNOTS((3,3),(0.,1.),
.PIECEWISE_BEZIER_KNOTS.) CURVE() GEOMETRIC_REPRESENTATION_ITEM() 
RATIONAL_B_SPLINE_CURVE((1.,0.796278340014,1.)) REPRESENTATION_ITEM('') 
  );
#18264 = CARTESIAN_POINT('',(-0.206115249192,-0.195606316524,
    0.590000153456));
#18265 = CARTESIAN_POINT('',(-0.233889231193,-0.171163662224,
    0.674305384403));
#18266 = CARTESIAN_POINT('',(-0.233889231193,-8.000000000075E-02,
    0.674305384404));
#18267 = ORIENTED_EDGE('',*,*,#18169,.F.);
#18268 = ORIENTED_EDGE('',*,*,#18269,.T.);
#18269 = EDGE_CURVE('',#18162,#18270,#18272,.T.);
#18270 = VERTEX_POINT('',#18271);
#18271 = CARTESIAN_POINT('',(-0.206115198637,0.19560636126,0.59));
#18272 = ( BOUNDED_CURVE() B_SPLINE_CURVE(2,(#18273,#18274,#18275),
.UNSPECIFIED.,.F.,.F.) B_SPLINE_CURVE_WITH_KNOTS((3,3),(0.,1.),
.PIECEWISE_BEZIER_KNOTS.) CURVE() GEOMETRIC_REPRESENTATION_ITEM() 
RATIONAL_B_SPLINE_CURVE((1.,0.796277931734,1.)) REPRESENTATION_ITEM('') 
  );
#18273 = CARTESIAN_POINT('',(-0.233889231193,7.999999999997E-02,
    0.674305384403));
#18274 = CARTESIAN_POINT('',(-0.233889231193,0.171163789956,
    0.674305384404));
#18275 = CARTESIAN_POINT('',(-0.206115199843,0.195606359954,
    0.590000003662));
#18276 = ORIENTED_EDGE('',*,*,#18277,.F.);
#18277 = EDGE_CURVE('',#18261,#18270,#18278,.T.);
#18278 = LINE('',#18279,#18280);
#18279 = CARTESIAN_POINT('',(-0.206115198637,1.1,0.59));
#18280 = VECTOR('',#18281,1.);
#18281 = DIRECTION('',(0.,1.,-0.));
#18282 = PLANE('',#18283);
#18283 = AXIS2_PLACEMENT_3D('',#18284,#18285,#18286);
#18284 = CARTESIAN_POINT('',(-0.201084019028,-0.219246633469,
    0.574728341841));
#18285 = DIRECTION('',(-0.949785248865,0.,-0.312902510437));
#18286 = DIRECTION('',(-0.312902510437,-0.,0.949785248865));
#18287 = ADVANCED_FACE('',(#18288),#18323,.F.);
#18288 = FACE_BOUND('',#18289,.F.);
#18289 = EDGE_LOOP('',(#18290,#18298,#18299,#18308,#18316));
#18290 = ORIENTED_EDGE('',*,*,#18291,.F.);
#18291 = EDGE_CURVE('',#18237,#18292,#18294,.T.);
#18292 = VERTEX_POINT('',#18293);
#18293 = CARTESIAN_POINT('',(-7.105427357601E-15,-0.8,0.69));
#18294 = LINE('',#18295,#18296);
#18295 = CARTESIAN_POINT('',(-7.105427357601E-15,-0.817473484836,
    0.703881053288));
#18296 = VECTOR('',#18297,1.);
#18297 = DIRECTION('',(0.,-0.783000615557,0.622020928938));
#18298 = ORIENTED_EDGE('',*,*,#18236,.F.);
#18299 = ORIENTED_EDGE('',*,*,#18300,.F.);
#18300 = EDGE_CURVE('',#18301,#18229,#18303,.T.);
#18301 = VERTEX_POINT('',#18302);
#18302 = CARTESIAN_POINT('',(-7.19360192714E-15,0.72,0.62644746463));
#18303 = CIRCLE('',#18304,0.72);
#18304 = AXIS2_PLACEMENT_3D('',#18305,#18306,#18307);
#18305 = CARTESIAN_POINT('',(-7.105427357601E-15,-2.264854970235E-14,
    0.62644746463));
#18306 = DIRECTION('',(0.,6.838386641552E-15,-1.));
#18307 = DIRECTION('',(-1.,0.,0.));
#18308 = ORIENTED_EDGE('',*,*,#18309,.T.);
#18309 = EDGE_CURVE('',#18301,#18310,#18312,.T.);
#18310 = VERTEX_POINT('',#18311);
#18311 = CARTESIAN_POINT('',(-7.203399101533E-15,0.8,0.69));
#18312 = LINE('',#18313,#18314);
#18313 = CARTESIAN_POINT('',(-7.20553898626E-15,0.817473484836,
    0.703881053288));
#18314 = VECTOR('',#18315,1.);
#18315 = DIRECTION('',(-9.588991975722E-17,0.783000615557,0.622020928938
    ));
#18316 = ORIENTED_EDGE('',*,*,#18317,.F.);
#18317 = EDGE_CURVE('',#18292,#18310,#18318,.T.);
#18318 = CIRCLE('',#18319,0.8);
#18319 = AXIS2_PLACEMENT_3D('',#18320,#18321,#18322);
#18320 = CARTESIAN_POINT('',(-7.105427357601E-15,-1.909583602355E-14,
    0.69));
#18321 = DIRECTION('',(0.,-1.36767732831E-14,1.));
#18322 = DIRECTION('',(0.,-1.,-1.36767732831E-14));
#18323 = CONICAL_SURFACE('',#18324,0.817473484836,0.899475255779);
#18324 = AXIS2_PLACEMENT_3D('',#18325,#18326,#18327);
#18325 = CARTESIAN_POINT('',(-7.105427357601E-15,-1.931788062848E-14,
    0.703881053288));
#18326 = DIRECTION('',(0.,-1.36767732831E-14,1.));
#18327 = DIRECTION('',(0.,-1.,-1.36767732831E-14));
#18328 = ADVANCED_FACE('',(#18329),#18382,.T.);
#18329 = FACE_BOUND('',#18330,.T.);
#18330 = EDGE_LOOP('',(#18331,#18341,#18361,#18362));
#18331 = ORIENTED_EDGE('',*,*,#18332,.F.);
#18332 = EDGE_CURVE('',#18333,#18335,#18337,.T.);
#18333 = VERTEX_POINT('',#18334);
#18334 = CARTESIAN_POINT('',(-0.125001070673,0.2,0.590002141346));
#18335 = VERTEX_POINT('',#18336);
#18336 = CARTESIAN_POINT('',(-0.125,-0.2,0.59));
#18337 = LINE('',#18338,#18339);
#18338 = CARTESIAN_POINT('',(-0.125,1.1,0.59));
#18339 = VECTOR('',#18340,1.);
#18340 = DIRECTION('',(0.,-1.,0.));
#18341 = ORIENTED_EDGE('',*,*,#18342,.T.);
#18342 = EDGE_CURVE('',#18333,#18154,#18343,.T.);
#18343 = B_SPLINE_CURVE_WITH_KNOTS('',3,(#18344,#18345,#18346,#18347,
    #18348,#18349,#18350,#18351,#18352,#18353,#18354,#18355,#18356,
    #18357,#18358,#18359,#18360),.UNSPECIFIED.,.F.,.F.,(4,1,1,1,1,1,1,1,
    1,1,1,1,1,1,4),(0.,7.142857142857E-02,0.142857142857,0.214285714286,
    0.285714285714,0.357142857143,0.428571428571,0.5,0.571428571429,
    0.642857142857,0.714285714286,0.785714285714,0.857142857143,
    0.928571428571,1.),.UNSPECIFIED.);
#18344 = CARTESIAN_POINT('',(-0.125001070673,0.2,0.590002141346));
#18345 = CARTESIAN_POINT('',(-0.127914205476,0.200159450988,
    0.593761024963));
#18346 = CARTESIAN_POINT('',(-0.13372582832,0.199835901065,
    0.601259870125));
#18347 = CARTESIAN_POINT('',(-0.142481228592,0.197890906995,
    0.612557071859));
#18348 = CARTESIAN_POINT('',(-0.151007232195,0.194262807048,
    0.623558245356));
#18349 = CARTESIAN_POINT('',(-0.159138683925,0.189121968307,
    0.634050309546));
#18350 = CARTESIAN_POINT('',(-0.166707372559,0.182628168506,
    0.643816236444));
#18351 = CARTESIAN_POINT('',(-0.173660409952,0.174926664436,0.6527877958
    ));
#18352 = CARTESIAN_POINT('',(-0.179964355009,0.166128076615,
    0.660921843378));
#18353 = CARTESIAN_POINT('',(-0.18563147796,0.156249698233,0.66823421118
    ));
#18354 = CARTESIAN_POINT('',(-0.190653829899,0.145235601382,
    0.674714637773));
#18355 = CARTESIAN_POINT('',(-0.194904937193,0.133240665644,
    0.680199924685));
#18356 = CARTESIAN_POINT('',(-0.198271661826,0.120527432311,
    0.684544080936));
#18357 = CARTESIAN_POINT('',(-0.200703388425,0.107306245216,
    0.687681791621));
#18358 = CARTESIAN_POINT('',(-0.202173901022,9.370929873351E-02,
    0.689579227126));
#18359 = CARTESIAN_POINT('',(-0.2025,8.45897817397E-02,0.69));
#18360 = CARTESIAN_POINT('',(-0.2025,8.E-02,0.69));
#18361 = ORIENTED_EDGE('',*,*,#18153,.T.);
#18362 = ORIENTED_EDGE('',*,*,#18363,.T.);
#18363 = EDGE_CURVE('',#18144,#18335,#18364,.T.);
#18364 = B_SPLINE_CURVE_WITH_KNOTS('',3,(#18365,#18366,#18367,#18368,
    #18369,#18370,#18371,#18372,#18373,#18374,#18375,#18376,#18377,
    #18378,#18379,#18380,#18381),.UNSPECIFIED.,.F.,.F.,(4,1,1,1,1,1,1,1,
    1,1,1,1,1,1,4),(0.,7.142857142857E-02,0.142857142857,0.214285714286,
    0.285714285714,0.357142857143,0.428571428571,0.5,0.571428571429,
    0.642857142857,0.714285714286,0.785714285714,0.857142857143,
    0.928571428571,1.),.UNSPECIFIED.);
#18365 = CARTESIAN_POINT('',(-0.2025,-8.E-02,0.69));
#18366 = CARTESIAN_POINT('',(-0.2025,-8.459058367255E-02,0.69));
#18367 = CARTESIAN_POINT('',(-0.202173755545,-9.371089879316E-02,
    0.689579039413));
#18368 = CARTESIAN_POINT('',(-0.200703508182,-0.107304867833,
    0.687681946041));
#18369 = CARTESIAN_POINT('',(-0.198272369265,-0.120524175614,
    0.684544992599));
#18370 = CARTESIAN_POINT('',(-0.194905580487,-0.133238931226,
    0.680200749016));
#18371 = CARTESIAN_POINT('',(-0.190652603035,-0.145238939282,
    0.674713036174));
#18372 = CARTESIAN_POINT('',(-0.185628852535,-0.156254733973,
    0.668230777464));
#18373 = CARTESIAN_POINT('',(-0.179961474952,-0.16613232064,
    0.660918032196));
#18374 = CARTESIAN_POINT('',(-0.173657816746,-0.17492945749,
    0.652784279672));
#18375 = CARTESIAN_POINT('',(-0.166706628426,-0.182628337539,
    0.643815004421));
#18376 = CARTESIAN_POINT('',(-0.159139220987,-0.189121142508,
    0.634050607725));
#18377 = CARTESIAN_POINT('',(-0.151006824096,-0.194262719278,
    0.623557192382));
#18378 = CARTESIAN_POINT('',(-0.142479426594,-0.197891274715,
    0.612554098831));
#18379 = CARTESIAN_POINT('',(-0.133723095164,-0.199836113365,
    0.601255606663));
#18380 = CARTESIAN_POINT('',(-0.127912391449,-0.2001594103,0.59375792445
    ));
#18381 = CARTESIAN_POINT('',(-0.125,-0.2,0.59));
#18382 = PLANE('',#18383);
#18383 = AXIS2_PLACEMENT_3D('',#18384,#18385,#18386);
#18384 = CARTESIAN_POINT('',(-0.212927743283,-0.224027381832,
    0.703455152623));
#18385 = DIRECTION('',(0.790415052175,-0.,0.612571665436));
#18386 = DIRECTION('',(0.612571665436,0.,-0.790415052175));
#18387 = ADVANCED_FACE('',(#18388,#18408),#18418,.T.);
#18388 = FACE_BOUND('',#18389,.T.);
#18389 = EDGE_LOOP('',(#18390,#18401));
#18390 = ORIENTED_EDGE('',*,*,#18391,.T.);
#18391 = EDGE_CURVE('',#18392,#18394,#18396,.T.);
#18392 = VERTEX_POINT('',#18393);
#18393 = CARTESIAN_POINT('',(-0.84,-3.730349362741E-14,0.69));
#18394 = VERTEX_POINT('',#18395);
#18395 = CARTESIAN_POINT('',(0.84,-3.720062329628E-14,0.69));
#18396 = CIRCLE('',#18397,0.84);
#18397 = AXIS2_PLACEMENT_3D('',#18398,#18399,#18400);
#18398 = CARTESIAN_POINT('',(1.42108547152E-14,-3.730349362741E-14,0.69)
  );
#18399 = DIRECTION('',(0.,0.,1.));
#18400 = DIRECTION('',(-1.,-0.,0.));
#18401 = ORIENTED_EDGE('',*,*,#18402,.T.);
#18402 = EDGE_CURVE('',#18394,#18392,#18403,.T.);
#18403 = CIRCLE('',#18404,0.84);
#18404 = AXIS2_PLACEMENT_3D('',#18405,#18406,#18407);
#18405 = CARTESIAN_POINT('',(1.42108547152E-14,-3.730349362741E-14,0.69)
  );
#18406 = DIRECTION('',(0.,0.,1.));
#18407 = DIRECTION('',(-1.,-0.,0.));
#18408 = FACE_BOUND('',#18409,.T.);
#18409 = EDGE_LOOP('',(#18410,#18411));
#18410 = ORIENTED_EDGE('',*,*,#18317,.F.);
#18411 = ORIENTED_EDGE('',*,*,#18412,.F.);
#18412 = EDGE_CURVE('',#18310,#18292,#18413,.T.);
#18413 = CIRCLE('',#18414,0.8);
#18414 = AXIS2_PLACEMENT_3D('',#18415,#18416,#18417);
#18415 = CARTESIAN_POINT('',(-7.105427357601E-15,-1.909583602355E-14,
    0.69));
#18416 = DIRECTION('',(0.,-1.36767732831E-14,1.));
#18417 = DIRECTION('',(0.,-1.,-1.36767732831E-14));
#18418 = PLANE('',#18419);
#18419 = AXIS2_PLACEMENT_3D('',#18420,#18421,#18422);
#18420 = CARTESIAN_POINT('',(-0.89586,-0.89586,0.69));
#18421 = DIRECTION('',(0.,-0.,1.));
#18422 = DIRECTION('',(1.,0.,0.));
#18423 = ADVANCED_FACE('',(#18424),#18450,.T.);
#18424 = FACE_BOUND('',#18425,.T.);
#18425 = EDGE_LOOP('',(#18426,#18437,#18443,#18444));
#18426 = ORIENTED_EDGE('',*,*,#18427,.T.);
#18427 = EDGE_CURVE('',#18428,#18430,#18432,.T.);
#18428 = VERTEX_POINT('',#18429);
#18429 = CARTESIAN_POINT('',(-0.84,-3.730349362741E-14,0.33));
#18430 = VERTEX_POINT('',#18431);
#18431 = CARTESIAN_POINT('',(0.84,-3.720062329628E-14,0.33));
#18432 = CIRCLE('',#18433,0.84);
#18433 = AXIS2_PLACEMENT_3D('',#18434,#18435,#18436);
#18434 = CARTESIAN_POINT('',(1.42108547152E-14,-3.730349362741E-14,0.33)
  );
#18435 = DIRECTION('',(0.,0.,1.));
#18436 = DIRECTION('',(-1.,-0.,0.));
#18437 = ORIENTED_EDGE('',*,*,#18438,.F.);
#18438 = EDGE_CURVE('',#18394,#18430,#18439,.T.);
#18439 = LINE('',#18440,#18441);
#18440 = CARTESIAN_POINT('',(0.84,-3.720062329628E-14,0.7155));
#18441 = VECTOR('',#18442,1.);
#18442 = DIRECTION('',(0.,0.,-1.));
#18443 = ORIENTED_EDGE('',*,*,#18391,.F.);
#18444 = ORIENTED_EDGE('',*,*,#18445,.T.);
#18445 = EDGE_CURVE('',#18392,#18428,#18446,.T.);
#18446 = LINE('',#18447,#18448);
#18447 = CARTESIAN_POINT('',(-0.84,-3.730349362741E-14,0.7155));
#18448 = VECTOR('',#18449,1.);
#18449 = DIRECTION('',(0.,0.,-1.));
#18450 = CYLINDRICAL_SURFACE('',#18451,0.84);
#18451 = AXIS2_PLACEMENT_3D('',#18452,#18453,#18454);
#18452 = CARTESIAN_POINT('',(1.42108547152E-14,-3.730349362741E-14,
    0.7155));
#18453 = DIRECTION('',(0.,0.,-1.));
#18454 = DIRECTION('',(-1.,-0.,-0.));
#18455 = ADVANCED_FACE('',(#18456),#18481,.T.);
#18456 = FACE_BOUND('',#18457,.T.);
#18457 = EDGE_LOOP('',(#18458,#18466,#18467,#18475));
#18458 = ORIENTED_EDGE('',*,*,#18459,.F.);
#18459 = EDGE_CURVE('',#18333,#18460,#18462,.T.);
#18460 = VERTEX_POINT('',#18461);
#18461 = CARTESIAN_POINT('',(-0.197421690951,0.2,0.348262842173));
#18462 = LINE('',#18463,#18464);
#18463 = CARTESIAN_POINT('',(6.293901250518,0.2,22.015721));
#18464 = VECTOR('',#18465,1.);
#18465 = DIRECTION('',(-0.286986289829,0.,-0.957934689554));
#18466 = ORIENTED_EDGE('',*,*,#18332,.T.);
#18467 = ORIENTED_EDGE('',*,*,#18468,.F.);
#18468 = EDGE_CURVE('',#18469,#18335,#18471,.T.);
#18469 = VERTEX_POINT('',#18470);
#18470 = CARTESIAN_POINT('',(-0.197421674076,-0.2,0.348262898502));
#18471 = LINE('',#18472,#18473);
#18472 = CARTESIAN_POINT('',(6.293901250518,-0.2,22.015721));
#18473 = VECTOR('',#18474,1.);
#18474 = DIRECTION('',(0.286986289829,0.,0.957934689554));
#18475 = ORIENTED_EDGE('',*,*,#18476,.T.);
#18476 = EDGE_CURVE('',#18469,#18460,#18477,.T.);
#18477 = LINE('',#18478,#18479);
#18478 = CARTESIAN_POINT('',(-0.197421674076,-0.2,0.348262898502));
#18479 = VECTOR('',#18480,1.);
#18480 = DIRECTION('',(0.,1.,-1.408248273549E-07));
#18481 = PLANE('',#18482);
#18482 = AXIS2_PLACEMENT_3D('',#18483,#18484,#18485);
#18483 = CARTESIAN_POINT('',(-0.119152140916,-0.22386,0.609519633077));
#18484 = DIRECTION('',(0.957934689554,-0.,-0.286986289829));
#18485 = DIRECTION('',(-0.286986289829,0.,-0.957934689554));
#18486 = ADVANCED_FACE('',(#18487,#18529),#18539,.T.);
#18487 = FACE_BOUND('',#18488,.T.);
#18488 = EDGE_LOOP('',(#18489,#18499,#18507,#18515,#18523));
#18489 = ORIENTED_EDGE('',*,*,#18490,.F.);
#18490 = EDGE_CURVE('',#18491,#18493,#18495,.T.);
#18491 = VERTEX_POINT('',#18492);
#18492 = CARTESIAN_POINT('',(-0.97,0.97,0.33));
#18493 = VERTEX_POINT('',#18494);
#18494 = CARTESIAN_POINT('',(0.97,0.97,0.33));
#18495 = LINE('',#18496,#18497);
#18496 = CARTESIAN_POINT('',(55.238908,0.97,0.33));
#18497 = VECTOR('',#18498,1.);
#18498 = DIRECTION('',(1.,0.,0.));
#18499 = ORIENTED_EDGE('',*,*,#18500,.T.);
#18500 = EDGE_CURVE('',#18491,#18501,#18503,.T.);
#18501 = VERTEX_POINT('',#18502);
#18502 = CARTESIAN_POINT('',(-0.97,-0.97,0.33));
#18503 = LINE('',#18504,#18505);
#18504 = CARTESIAN_POINT('',(-0.97,1.1,0.33));
#18505 = VECTOR('',#18506,1.);
#18506 = DIRECTION('',(0.,-1.,0.));
#18507 = ORIENTED_EDGE('',*,*,#18508,.T.);
#18508 = EDGE_CURVE('',#18501,#18509,#18511,.T.);
#18509 = VERTEX_POINT('',#18510);
#18510 = CARTESIAN_POINT('',(0.67,-0.97,0.33));
#18511 = LINE('',#18512,#18513);
#18512 = CARTESIAN_POINT('',(55.238908,-0.97,0.33));
#18513 = VECTOR('',#18514,1.);
#18514 = DIRECTION('',(1.,0.,0.));
#18515 = ORIENTED_EDGE('',*,*,#18516,.T.);
#18516 = EDGE_CURVE('',#18509,#18517,#18519,.T.);
#18517 = VERTEX_POINT('',#18518);
#18518 = CARTESIAN_POINT('',(0.97,-0.67,0.33));
#18519 = LINE('',#18520,#18521);
#18520 = CARTESIAN_POINT('',(2.74,1.1,0.33));
#18521 = VECTOR('',#18522,1.);
#18522 = DIRECTION('',(0.707106781187,0.707106781187,0.));
#18523 = ORIENTED_EDGE('',*,*,#18524,.T.);
#18524 = EDGE_CURVE('',#18517,#18493,#18525,.T.);
#18525 = LINE('',#18526,#18527);
#18526 = CARTESIAN_POINT('',(0.97,1.1,0.33));
#18527 = VECTOR('',#18528,1.);
#18528 = DIRECTION('',(0.,1.,0.));
#18529 = FACE_BOUND('',#18530,.T.);
#18530 = EDGE_LOOP('',(#18531,#18532));
#18531 = ORIENTED_EDGE('',*,*,#18427,.F.);
#18532 = ORIENTED_EDGE('',*,*,#18533,.F.);
#18533 = EDGE_CURVE('',#18430,#18428,#18534,.T.);
#18534 = CIRCLE('',#18535,0.84);
#18535 = AXIS2_PLACEMENT_3D('',#18536,#18537,#18538);
#18536 = CARTESIAN_POINT('',(1.42108547152E-14,-3.730349362741E-14,0.33)
  );
#18537 = DIRECTION('',(0.,0.,1.));
#18538 = DIRECTION('',(-1.,-0.,0.));
#18539 = PLANE('',#18540);
#18540 = AXIS2_PLACEMENT_3D('',#18541,#18542,#18543);
#18541 = CARTESIAN_POINT('',(-1.03236,-1.03236,0.33));
#18542 = DIRECTION('',(0.,-0.,1.));
#18543 = DIRECTION('',(1.,0.,0.));
#18544 = ADVANCED_FACE('',(#18545),#18602,.T.);
#18545 = FACE_BOUND('',#18546,.T.);
#18546 = EDGE_LOOP('',(#18547,#18557,#18565,#18573,#18581,#18589,#18595,
    #18596));
#18547 = ORIENTED_EDGE('',*,*,#18548,.T.);
#18548 = EDGE_CURVE('',#18549,#18551,#18553,.T.);
#18549 = VERTEX_POINT('',#18550);
#18550 = CARTESIAN_POINT('',(0.97,0.97,0.));
#18551 = VERTEX_POINT('',#18552);
#18552 = CARTESIAN_POINT('',(0.15,0.97,0.));
#18553 = LINE('',#18554,#18555);
#18554 = CARTESIAN_POINT('',(55.238908,0.97,0.));
#18555 = VECTOR('',#18556,1.);
#18556 = DIRECTION('',(-1.,-0.,0.));
#18557 = ORIENTED_EDGE('',*,*,#18558,.T.);
#18558 = EDGE_CURVE('',#18551,#18559,#18561,.T.);
#18559 = VERTEX_POINT('',#18560);
#18560 = CARTESIAN_POINT('',(0.15,0.97,0.12));
#18561 = LINE('',#18562,#18563);
#18562 = CARTESIAN_POINT('',(0.15,0.97,22.015721));
#18563 = VECTOR('',#18564,1.);
#18564 = DIRECTION('',(0.,0.,1.));
#18565 = ORIENTED_EDGE('',*,*,#18566,.F.);
#18566 = EDGE_CURVE('',#18567,#18559,#18569,.T.);
#18567 = VERTEX_POINT('',#18568);
#18568 = CARTESIAN_POINT('',(-0.15,0.97,0.12));
#18569 = LINE('',#18570,#18571);
#18570 = CARTESIAN_POINT('',(55.238908,0.97,0.12));
#18571 = VECTOR('',#18572,1.);
#18572 = DIRECTION('',(1.,0.,0.));
#18573 = ORIENTED_EDGE('',*,*,#18574,.T.);
#18574 = EDGE_CURVE('',#18567,#18575,#18577,.T.);
#18575 = VERTEX_POINT('',#18576);
#18576 = CARTESIAN_POINT('',(-0.15,0.97,0.));
#18577 = LINE('',#18578,#18579);
#18578 = CARTESIAN_POINT('',(-0.15,0.97,22.015721));
#18579 = VECTOR('',#18580,1.);
#18580 = DIRECTION('',(0.,0.,-1.));
#18581 = ORIENTED_EDGE('',*,*,#18582,.T.);
#18582 = EDGE_CURVE('',#18575,#18583,#18585,.T.);
#18583 = VERTEX_POINT('',#18584);
#18584 = CARTESIAN_POINT('',(-0.97,0.97,0.));
#18585 = LINE('',#18586,#18587);
#18586 = CARTESIAN_POINT('',(55.238908,0.97,0.));
#18587 = VECTOR('',#18588,1.);
#18588 = DIRECTION('',(-1.,-0.,0.));
#18589 = ORIENTED_EDGE('',*,*,#18590,.T.);
#18590 = EDGE_CURVE('',#18583,#18491,#18591,.T.);
#18591 = LINE('',#18592,#18593);
#18592 = CARTESIAN_POINT('',(-0.97,0.97,22.015721));
#18593 = VECTOR('',#18594,1.);
#18594 = DIRECTION('',(0.,-0.,1.));
#18595 = ORIENTED_EDGE('',*,*,#18490,.T.);
#18596 = ORIENTED_EDGE('',*,*,#18597,.T.);
#18597 = EDGE_CURVE('',#18493,#18549,#18598,.T.);
#18598 = LINE('',#18599,#18600);
#18599 = CARTESIAN_POINT('',(0.97,0.97,22.015721));
#18600 = VECTOR('',#18601,1.);
#18601 = DIRECTION('',(0.,0.,-1.));
#18602 = PLANE('',#18603);
#18603 = AXIS2_PLACEMENT_3D('',#18604,#18605,#18606);
#18604 = CARTESIAN_POINT('',(-1.03236,0.97,0.35211));
#18605 = DIRECTION('',(-0.,1.,0.));
#18606 = DIRECTION('',(1.,0.,0.));
#18607 = ADVANCED_FACE('',(#18608),#18760,.T.);
#18608 = FACE_BOUND('',#18609,.T.);
#18609 = EDGE_LOOP('',(#18610,#18620,#18628,#18636,#18644,#18652,#18660,
    #18668,#18676,#18684,#18690,#18691,#18699,#18707,#18713,#18714,
    #18722,#18730,#18738,#18746,#18754));
#18610 = ORIENTED_EDGE('',*,*,#18611,.F.);
#18611 = EDGE_CURVE('',#18612,#18614,#18616,.T.);
#18612 = VERTEX_POINT('',#18613);
#18613 = CARTESIAN_POINT('',(0.13,-0.97,0.));
#18614 = VERTEX_POINT('',#18615);
#18615 = CARTESIAN_POINT('',(0.67,-0.97,0.));
#18616 = LINE('',#18617,#18618);
#18617 = CARTESIAN_POINT('',(55.238908,-0.97,0.));
#18618 = VECTOR('',#18619,1.);
#18619 = DIRECTION('',(1.,0.,0.));
#18620 = ORIENTED_EDGE('',*,*,#18621,.F.);
#18621 = EDGE_CURVE('',#18622,#18612,#18624,.T.);
#18622 = VERTEX_POINT('',#18623);
#18623 = CARTESIAN_POINT('',(0.13,-1.12,0.));
#18624 = LINE('',#18625,#18626);
#18625 = CARTESIAN_POINT('',(0.13,1.1,0.));
#18626 = VECTOR('',#18627,1.);
#18627 = DIRECTION('',(0.,1.,0.));
#18628 = ORIENTED_EDGE('',*,*,#18629,.F.);
#18629 = EDGE_CURVE('',#18630,#18622,#18632,.T.);
#18630 = VERTEX_POINT('',#18631);
#18631 = CARTESIAN_POINT('',(-0.13,-1.12,0.));
#18632 = LINE('',#18633,#18634);
#18633 = CARTESIAN_POINT('',(55.238908,-1.12,0.));
#18634 = VECTOR('',#18635,1.);
#18635 = DIRECTION('',(1.,0.,0.));
#18636 = ORIENTED_EDGE('',*,*,#18637,.T.);
#18637 = EDGE_CURVE('',#18630,#18638,#18640,.T.);
#18638 = VERTEX_POINT('',#18639);
#18639 = CARTESIAN_POINT('',(-0.13,-0.97,0.));
#18640 = LINE('',#18641,#18642);
#18641 = CARTESIAN_POINT('',(-0.13,1.1,0.));
#18642 = VECTOR('',#18643,1.);
#18643 = DIRECTION('',(0.,1.,-0.));
#18644 = ORIENTED_EDGE('',*,*,#18645,.F.);
#18645 = EDGE_CURVE('',#18646,#18638,#18648,.T.);
#18646 = VERTEX_POINT('',#18647);
#18647 = CARTESIAN_POINT('',(-0.97,-0.97,0.));
#18648 = LINE('',#18649,#18650);
#18649 = CARTESIAN_POINT('',(55.238908,-0.97,0.));
#18650 = VECTOR('',#18651,1.);
#18651 = DIRECTION('',(1.,0.,0.));
#18652 = ORIENTED_EDGE('',*,*,#18653,.F.);
#18653 = EDGE_CURVE('',#18654,#18646,#18656,.T.);
#18654 = VERTEX_POINT('',#18655);
#18655 = CARTESIAN_POINT('',(-0.97,-0.65,0.));
#18656 = LINE('',#18657,#18658);
#18657 = CARTESIAN_POINT('',(-0.97,1.1,0.));
#18658 = VECTOR('',#18659,1.);
#18659 = DIRECTION('',(0.,-1.,0.));
#18660 = ORIENTED_EDGE('',*,*,#18661,.F.);
#18661 = EDGE_CURVE('',#18662,#18654,#18664,.T.);
#18662 = VERTEX_POINT('',#18663);
#18663 = CARTESIAN_POINT('',(-1.14,-0.65,0.));
#18664 = LINE('',#18665,#18666);
#18665 = CARTESIAN_POINT('',(55.238908,-0.65,0.));
#18666 = VECTOR('',#18667,1.);
#18667 = DIRECTION('',(1.,0.,0.));
#18668 = ORIENTED_EDGE('',*,*,#18669,.F.);
#18669 = EDGE_CURVE('',#18670,#18662,#18672,.T.);
#18670 = VERTEX_POINT('',#18671);
#18671 = CARTESIAN_POINT('',(-1.14,0.65,0.));
#18672 = LINE('',#18673,#18674);
#18673 = CARTESIAN_POINT('',(-1.14,1.1,0.));
#18674 = VECTOR('',#18675,1.);
#18675 = DIRECTION('',(0.,-1.,0.));
#18676 = ORIENTED_EDGE('',*,*,#18677,.F.);
#18677 = EDGE_CURVE('',#18678,#18670,#18680,.T.);
#18678 = VERTEX_POINT('',#18679);
#18679 = CARTESIAN_POINT('',(-0.97,0.65,0.));
#18680 = LINE('',#18681,#18682);
#18681 = CARTESIAN_POINT('',(55.238908,0.65,0.));
#18682 = VECTOR('',#18683,1.);
#18683 = DIRECTION('',(-1.,-0.,0.));
#18684 = ORIENTED_EDGE('',*,*,#18685,.F.);
#18685 = EDGE_CURVE('',#18583,#18678,#18686,.T.);
#18686 = LINE('',#18687,#18688);
#18687 = CARTESIAN_POINT('',(-0.97,1.1,0.));
#18688 = VECTOR('',#18689,1.);
#18689 = DIRECTION('',(0.,-1.,0.));
#18690 = ORIENTED_EDGE('',*,*,#18582,.F.);
#18691 = ORIENTED_EDGE('',*,*,#18692,.F.);
#18692 = EDGE_CURVE('',#18693,#18575,#18695,.T.);
#18693 = VERTEX_POINT('',#18694);
#18694 = CARTESIAN_POINT('',(-0.15,1.1,0.));
#18695 = LINE('',#18696,#18697);
#18696 = CARTESIAN_POINT('',(-0.15,1.1,0.));
#18697 = VECTOR('',#18698,1.);
#18698 = DIRECTION('',(0.,-1.,0.));
#18699 = ORIENTED_EDGE('',*,*,#18700,.F.);
#18700 = EDGE_CURVE('',#18701,#18693,#18703,.T.);
#18701 = VERTEX_POINT('',#18702);
#18702 = CARTESIAN_POINT('',(0.15,1.1,0.));
#18703 = LINE('',#18704,#18705);
#18704 = CARTESIAN_POINT('',(55.238908,1.1,0.));
#18705 = VECTOR('',#18706,1.);
#18706 = DIRECTION('',(-1.,-0.,0.));
#18707 = ORIENTED_EDGE('',*,*,#18708,.F.);
#18708 = EDGE_CURVE('',#18551,#18701,#18709,.T.);
#18709 = LINE('',#18710,#18711);
#18710 = CARTESIAN_POINT('',(0.15,1.1,0.));
#18711 = VECTOR('',#18712,1.);
#18712 = DIRECTION('',(0.,1.,0.));
#18713 = ORIENTED_EDGE('',*,*,#18548,.F.);
#18714 = ORIENTED_EDGE('',*,*,#18715,.F.);
#18715 = EDGE_CURVE('',#18716,#18549,#18718,.T.);
#18716 = VERTEX_POINT('',#18717);
#18717 = CARTESIAN_POINT('',(0.97,0.65,0.));
#18718 = LINE('',#18719,#18720);
#18719 = CARTESIAN_POINT('',(0.97,1.1,0.));
#18720 = VECTOR('',#18721,1.);
#18721 = DIRECTION('',(0.,1.,0.));
#18722 = ORIENTED_EDGE('',*,*,#18723,.F.);
#18723 = EDGE_CURVE('',#18724,#18716,#18726,.T.);
#18724 = VERTEX_POINT('',#18725);
#18725 = CARTESIAN_POINT('',(1.14,0.65,0.));
#18726 = LINE('',#18727,#18728);
#18727 = CARTESIAN_POINT('',(55.238908,0.65,0.));
#18728 = VECTOR('',#18729,1.);
#18729 = DIRECTION('',(-1.,-0.,0.));
#18730 = ORIENTED_EDGE('',*,*,#18731,.F.);
#18731 = EDGE_CURVE('',#18732,#18724,#18734,.T.);
#18732 = VERTEX_POINT('',#18733);
#18733 = CARTESIAN_POINT('',(1.14,-0.65,0.));
#18734 = LINE('',#18735,#18736);
#18735 = CARTESIAN_POINT('',(1.14,1.1,0.));
#18736 = VECTOR('',#18737,1.);
#18737 = DIRECTION('',(0.,1.,0.));
#18738 = ORIENTED_EDGE('',*,*,#18739,.F.);
#18739 = EDGE_CURVE('',#18740,#18732,#18742,.T.);
#18740 = VERTEX_POINT('',#18741);
#18741 = CARTESIAN_POINT('',(0.97,-0.65,0.));
#18742 = LINE('',#18743,#18744);
#18743 = CARTESIAN_POINT('',(55.238908,-0.65,0.));
#18744 = VECTOR('',#18745,1.);
#18745 = DIRECTION('',(1.,0.,0.));
#18746 = ORIENTED_EDGE('',*,*,#18747,.F.);
#18747 = EDGE_CURVE('',#18748,#18740,#18750,.T.);
#18748 = VERTEX_POINT('',#18749);
#18749 = CARTESIAN_POINT('',(0.97,-0.67,0.));
#18750 = LINE('',#18751,#18752);
#18751 = CARTESIAN_POINT('',(0.97,1.1,0.));
#18752 = VECTOR('',#18753,1.);
#18753 = DIRECTION('',(0.,1.,0.));
#18754 = ORIENTED_EDGE('',*,*,#18755,.T.);
#18755 = EDGE_CURVE('',#18748,#18614,#18756,.T.);
#18756 = LINE('',#18757,#18758);
#18757 = CARTESIAN_POINT('',(2.74,1.1,0.));
#18758 = VECTOR('',#18759,1.);
#18759 = DIRECTION('',(-0.707106781187,-0.707106781187,0.));
#18760 = PLANE('',#18761);
#18761 = AXIS2_PLACEMENT_3D('',#18762,#18763,#18764);
#18762 = CARTESIAN_POINT('',(1.21086,-1.18936,0.));
#18763 = DIRECTION('',(0.,0.,-1.));
#18764 = DIRECTION('',(-1.,-0.,-0.));
#18765 = ADVANCED_FACE('',(#18766),#18805,.T.);
#18766 = FACE_BOUND('',#18767,.T.);
#18767 = EDGE_LOOP('',(#18768,#18769,#18777,#18785,#18791,#18792,#18798,
    #18799));
#18768 = ORIENTED_EDGE('',*,*,#18645,.T.);
#18769 = ORIENTED_EDGE('',*,*,#18770,.F.);
#18770 = EDGE_CURVE('',#18771,#18638,#18773,.T.);
#18771 = VERTEX_POINT('',#18772);
#18772 = CARTESIAN_POINT('',(-0.13,-0.97,8.E-02));
#18773 = LINE('',#18774,#18775);
#18774 = CARTESIAN_POINT('',(-0.13,-0.97,22.015721));
#18775 = VECTOR('',#18776,1.);
#18776 = DIRECTION('',(0.,0.,-1.));
#18777 = ORIENTED_EDGE('',*,*,#18778,.T.);
#18778 = EDGE_CURVE('',#18771,#18779,#18781,.T.);
#18779 = VERTEX_POINT('',#18780);
#18780 = CARTESIAN_POINT('',(0.13,-0.97,8.E-02));
#18781 = LINE('',#18782,#18783);
#18782 = CARTESIAN_POINT('',(55.238908,-0.97,8.E-02));
#18783 = VECTOR('',#18784,1.);
#18784 = DIRECTION('',(1.,0.,0.));
#18785 = ORIENTED_EDGE('',*,*,#18786,.T.);
#18786 = EDGE_CURVE('',#18779,#18612,#18787,.T.);
#18787 = LINE('',#18788,#18789);
#18788 = CARTESIAN_POINT('',(0.13,-0.97,22.015721));
#18789 = VECTOR('',#18790,1.);
#18790 = DIRECTION('',(0.,0.,-1.));
#18791 = ORIENTED_EDGE('',*,*,#18611,.T.);
#18792 = ORIENTED_EDGE('',*,*,#18793,.T.);
#18793 = EDGE_CURVE('',#18614,#18509,#18794,.T.);
#18794 = LINE('',#18795,#18796);
#18795 = CARTESIAN_POINT('',(0.67,-0.97,22.015721));
#18796 = VECTOR('',#18797,1.);
#18797 = DIRECTION('',(0.,0.,1.));
#18798 = ORIENTED_EDGE('',*,*,#18508,.F.);
#18799 = ORIENTED_EDGE('',*,*,#18800,.T.);
#18800 = EDGE_CURVE('',#18501,#18646,#18801,.T.);
#18801 = LINE('',#18802,#18803);
#18802 = CARTESIAN_POINT('',(-0.97,-0.97,22.015721));
#18803 = VECTOR('',#18804,1.);
#18804 = DIRECTION('',(0.,0.,-1.));
#18805 = PLANE('',#18806);
#18806 = AXIS2_PLACEMENT_3D('',#18807,#18808,#18809);
#18807 = CARTESIAN_POINT('',(0.72486,-0.97,0.35211));
#18808 = DIRECTION('',(0.,-1.,-0.));
#18809 = DIRECTION('',(-1.,0.,-0.));
#18810 = ADVANCED_FACE('',(#18811),#18840,.T.);
#18811 = FACE_BOUND('',#18812,.T.);
#18812 = EDGE_LOOP('',(#18813,#18814,#18815,#18816,#18817,#18825,#18833,
    #18839));
#18813 = ORIENTED_EDGE('',*,*,#18800,.F.);
#18814 = ORIENTED_EDGE('',*,*,#18500,.F.);
#18815 = ORIENTED_EDGE('',*,*,#18590,.F.);
#18816 = ORIENTED_EDGE('',*,*,#18685,.T.);
#18817 = ORIENTED_EDGE('',*,*,#18818,.T.);
#18818 = EDGE_CURVE('',#18678,#18819,#18821,.T.);
#18819 = VERTEX_POINT('',#18820);
#18820 = CARTESIAN_POINT('',(-0.97,0.65,0.12));
#18821 = LINE('',#18822,#18823);
#18822 = CARTESIAN_POINT('',(-0.97,0.65,22.015721));
#18823 = VECTOR('',#18824,1.);
#18824 = DIRECTION('',(0.,0.,1.));
#18825 = ORIENTED_EDGE('',*,*,#18826,.F.);
#18826 = EDGE_CURVE('',#18827,#18819,#18829,.T.);
#18827 = VERTEX_POINT('',#18828);
#18828 = CARTESIAN_POINT('',(-0.97,-0.65,0.12));
#18829 = LINE('',#18830,#18831);
#18830 = CARTESIAN_POINT('',(-0.97,1.1,0.12));
#18831 = VECTOR('',#18832,1.);
#18832 = DIRECTION('',(-0.,1.,0.));
#18833 = ORIENTED_EDGE('',*,*,#18834,.T.);
#18834 = EDGE_CURVE('',#18827,#18654,#18835,.T.);
#18835 = LINE('',#18836,#18837);
#18836 = CARTESIAN_POINT('',(-0.97,-0.65,22.015721));
#18837 = VECTOR('',#18838,1.);
#18838 = DIRECTION('',(0.,0.,-1.));
#18839 = ORIENTED_EDGE('',*,*,#18653,.T.);
#18840 = PLANE('',#18841);
#18841 = AXIS2_PLACEMENT_3D('',#18842,#18843,#18844);
#18842 = CARTESIAN_POINT('',(-0.97,-1.03236,-2.211E-02));
#18843 = DIRECTION('',(-1.,0.,0.));
#18844 = DIRECTION('',(0.,0.,1.));
#18845 = ADVANCED_FACE('',(#18846),#18864,.T.);
#18846 = FACE_BOUND('',#18847,.T.);
#18847 = EDGE_LOOP('',(#18848,#18849,#18857,#18863));
#18848 = ORIENTED_EDGE('',*,*,#18834,.F.);
#18849 = ORIENTED_EDGE('',*,*,#18850,.T.);
#18850 = EDGE_CURVE('',#18827,#18851,#18853,.T.);
#18851 = VERTEX_POINT('',#18852);
#18852 = CARTESIAN_POINT('',(-1.14,-0.65,0.12));
#18853 = LINE('',#18854,#18855);
#18854 = CARTESIAN_POINT('',(55.238908,-0.65,0.12));
#18855 = VECTOR('',#18856,1.);
#18856 = DIRECTION('',(-1.,0.,0.));
#18857 = ORIENTED_EDGE('',*,*,#18858,.T.);
#18858 = EDGE_CURVE('',#18851,#18662,#18859,.T.);
#18859 = LINE('',#18860,#18861);
#18860 = CARTESIAN_POINT('',(-1.14,-0.65,22.015721));
#18861 = VECTOR('',#18862,1.);
#18862 = DIRECTION('',(0.,0.,-1.));
#18863 = ORIENTED_EDGE('',*,*,#18661,.T.);
#18864 = PLANE('',#18865);
#18865 = AXIS2_PLACEMENT_3D('',#18866,#18867,#18868);
#18866 = CARTESIAN_POINT('',(-0.95189,-0.65,0.13686));
#18867 = DIRECTION('',(0.,-1.,-0.));
#18868 = DIRECTION('',(-1.,0.,-0.));
#18869 = ADVANCED_FACE('',(#18870),#18888,.T.);
#18870 = FACE_BOUND('',#18871,.T.);
#18871 = EDGE_LOOP('',(#18872,#18873,#18874,#18882));
#18872 = ORIENTED_EDGE('',*,*,#18669,.T.);
#18873 = ORIENTED_EDGE('',*,*,#18858,.F.);
#18874 = ORIENTED_EDGE('',*,*,#18875,.T.);
#18875 = EDGE_CURVE('',#18851,#18876,#18878,.T.);
#18876 = VERTEX_POINT('',#18877);
#18877 = CARTESIAN_POINT('',(-1.14,0.65,0.12));
#18878 = LINE('',#18879,#18880);
#18879 = CARTESIAN_POINT('',(-1.14,1.1,0.12));
#18880 = VECTOR('',#18881,1.);
#18881 = DIRECTION('',(-0.,1.,0.));
#18882 = ORIENTED_EDGE('',*,*,#18883,.T.);
#18883 = EDGE_CURVE('',#18876,#18670,#18884,.T.);
#18884 = LINE('',#18885,#18886);
#18885 = CARTESIAN_POINT('',(-1.14,0.65,22.015721));
#18886 = VECTOR('',#18887,1.);
#18887 = DIRECTION('',(0.,0.,-1.));
#18888 = PLANE('',#18889);
#18889 = AXIS2_PLACEMENT_3D('',#18890,#18891,#18892);
#18890 = CARTESIAN_POINT('',(-1.14,-0.69636,-1.686E-02));
#18891 = DIRECTION('',(-1.,0.,0.));
#18892 = DIRECTION('',(0.,0.,1.));
#18893 = ADVANCED_FACE('',(#18894),#18905,.T.);
#18894 = FACE_BOUND('',#18895,.T.);
#18895 = EDGE_LOOP('',(#18896,#18897,#18898,#18899));
#18896 = ORIENTED_EDGE('',*,*,#18818,.F.);
#18897 = ORIENTED_EDGE('',*,*,#18677,.T.);
#18898 = ORIENTED_EDGE('',*,*,#18883,.F.);
#18899 = ORIENTED_EDGE('',*,*,#18900,.F.);
#18900 = EDGE_CURVE('',#18819,#18876,#18901,.T.);
#18901 = LINE('',#18902,#18903);
#18902 = CARTESIAN_POINT('',(55.238908,0.65,0.12));
#18903 = VECTOR('',#18904,1.);
#18904 = DIRECTION('',(-1.,0.,-0.));
#18905 = PLANE('',#18906);
#18906 = AXIS2_PLACEMENT_3D('',#18907,#18908,#18909);
#18907 = CARTESIAN_POINT('',(-1.15811,0.65,0.13686));
#18908 = DIRECTION('',(-0.,1.,0.));
#18909 = DIRECTION('',(1.,0.,0.));
#18910 = ADVANCED_FACE('',(#18911),#18917,.T.);
#18911 = FACE_BOUND('',#18912,.T.);
#18912 = EDGE_LOOP('',(#18913,#18914,#18915,#18916));
#18913 = ORIENTED_EDGE('',*,*,#18900,.T.);
#18914 = ORIENTED_EDGE('',*,*,#18875,.F.);
#18915 = ORIENTED_EDGE('',*,*,#18850,.F.);
#18916 = ORIENTED_EDGE('',*,*,#18826,.T.);
#18917 = PLANE('',#18918);
#18918 = AXIS2_PLACEMENT_3D('',#18919,#18920,#18921);
#18919 = CARTESIAN_POINT('',(-1.15811,-0.69636,0.12));
#18920 = DIRECTION('',(0.,-0.,1.));
#18921 = DIRECTION('',(1.,0.,0.));
#18922 = ADVANCED_FACE('',(#18923),#18934,.T.);
#18923 = FACE_BOUND('',#18924,.T.);
#18924 = EDGE_LOOP('',(#18925,#18931,#18932,#18933));
#18925 = ORIENTED_EDGE('',*,*,#18926,.T.);
#18926 = EDGE_CURVE('',#18748,#18517,#18927,.T.);
#18927 = LINE('',#18928,#18929);
#18928 = CARTESIAN_POINT('',(0.97,-0.67,22.015721));
#18929 = VECTOR('',#18930,1.);
#18930 = DIRECTION('',(0.,0.,1.));
#18931 = ORIENTED_EDGE('',*,*,#18516,.F.);
#18932 = ORIENTED_EDGE('',*,*,#18793,.F.);
#18933 = ORIENTED_EDGE('',*,*,#18755,.F.);
#18934 = PLANE('',#18935);
#18935 = AXIS2_PLACEMENT_3D('',#18936,#18937,#18938);
#18936 = CARTESIAN_POINT('',(0.987300499987,-0.652699500013,0.35211));
#18937 = DIRECTION('',(0.707106781187,-0.707106781187,0.));
#18938 = DIRECTION('',(-0.707106781187,-0.707106781187,0.));
#18939 = ADVANCED_FACE('',(#18940),#18969,.T.);
#18940 = FACE_BOUND('',#18941,.T.);
#18941 = EDGE_LOOP('',(#18942,#18943,#18944,#18952,#18960,#18966,#18967,
    #18968));
#18942 = ORIENTED_EDGE('',*,*,#18926,.F.);
#18943 = ORIENTED_EDGE('',*,*,#18747,.T.);
#18944 = ORIENTED_EDGE('',*,*,#18945,.T.);
#18945 = EDGE_CURVE('',#18740,#18946,#18948,.T.);
#18946 = VERTEX_POINT('',#18947);
#18947 = CARTESIAN_POINT('',(0.97,-0.65,0.12));
#18948 = LINE('',#18949,#18950);
#18949 = CARTESIAN_POINT('',(0.97,-0.65,22.015721));
#18950 = VECTOR('',#18951,1.);
#18951 = DIRECTION('',(0.,0.,1.));
#18952 = ORIENTED_EDGE('',*,*,#18953,.F.);
#18953 = EDGE_CURVE('',#18954,#18946,#18956,.T.);
#18954 = VERTEX_POINT('',#18955);
#18955 = CARTESIAN_POINT('',(0.97,0.65,0.12));
#18956 = LINE('',#18957,#18958);
#18957 = CARTESIAN_POINT('',(0.97,1.1,0.12));
#18958 = VECTOR('',#18959,1.);
#18959 = DIRECTION('',(0.,-1.,0.));
#18960 = ORIENTED_EDGE('',*,*,#18961,.T.);
#18961 = EDGE_CURVE('',#18954,#18716,#18962,.T.);
#18962 = LINE('',#18963,#18964);
#18963 = CARTESIAN_POINT('',(0.97,0.65,22.015721));
#18964 = VECTOR('',#18965,1.);
#18965 = DIRECTION('',(0.,0.,-1.));
#18966 = ORIENTED_EDGE('',*,*,#18715,.T.);
#18967 = ORIENTED_EDGE('',*,*,#18597,.F.);
#18968 = ORIENTED_EDGE('',*,*,#18524,.F.);
#18969 = PLANE('',#18970);
#18970 = AXIS2_PLACEMENT_3D('',#18971,#18972,#18973);
#18971 = CARTESIAN_POINT('',(0.97,-0.72486,0.35211));
#18972 = DIRECTION('',(1.,0.,0.));
#18973 = DIRECTION('',(0.,0.,-1.));
#18974 = ADVANCED_FACE('',(#18975),#18993,.T.);
#18975 = FACE_BOUND('',#18976,.T.);
#18976 = EDGE_LOOP('',(#18977,#18978,#18979,#18987));
#18977 = ORIENTED_EDGE('',*,*,#18723,.T.);
#18978 = ORIENTED_EDGE('',*,*,#18961,.F.);
#18979 = ORIENTED_EDGE('',*,*,#18980,.F.);
#18980 = EDGE_CURVE('',#18981,#18954,#18983,.T.);
#18981 = VERTEX_POINT('',#18982);
#18982 = CARTESIAN_POINT('',(1.14,0.65,0.12));
#18983 = LINE('',#18984,#18985);
#18984 = CARTESIAN_POINT('',(55.238908,0.65,0.12));
#18985 = VECTOR('',#18986,1.);
#18986 = DIRECTION('',(-1.,0.,-0.));
#18987 = ORIENTED_EDGE('',*,*,#18988,.T.);
#18988 = EDGE_CURVE('',#18981,#18724,#18989,.T.);
#18989 = LINE('',#18990,#18991);
#18990 = CARTESIAN_POINT('',(1.14,0.65,22.015721));
#18991 = VECTOR('',#18992,1.);
#18992 = DIRECTION('',(0.,0.,-1.));
#18993 = PLANE('',#18994);
#18994 = AXIS2_PLACEMENT_3D('',#18995,#18996,#18997);
#18995 = CARTESIAN_POINT('',(0.95189,0.65,0.13686));
#18996 = DIRECTION('',(-0.,1.,0.));
#18997 = DIRECTION('',(1.,0.,0.));
#18998 = ADVANCED_FACE('',(#18999),#19017,.T.);
#18999 = FACE_BOUND('',#19000,.T.);
#19000 = EDGE_LOOP('',(#19001,#19002,#19003,#19011));
#19001 = ORIENTED_EDGE('',*,*,#18731,.T.);
#19002 = ORIENTED_EDGE('',*,*,#18988,.F.);
#19003 = ORIENTED_EDGE('',*,*,#19004,.F.);
#19004 = EDGE_CURVE('',#19005,#18981,#19007,.T.);
#19005 = VERTEX_POINT('',#19006);
#19006 = CARTESIAN_POINT('',(1.14,-0.65,0.12));
#19007 = LINE('',#19008,#19009);
#19008 = CARTESIAN_POINT('',(1.14,1.1,0.12));
#19009 = VECTOR('',#19010,1.);
#19010 = DIRECTION('',(0.,1.,0.));
#19011 = ORIENTED_EDGE('',*,*,#19012,.T.);
#19012 = EDGE_CURVE('',#19005,#18732,#19013,.T.);
#19013 = LINE('',#19014,#19015);
#19014 = CARTESIAN_POINT('',(1.14,-0.65,22.015721));
#19015 = VECTOR('',#19016,1.);
#19016 = DIRECTION('',(0.,0.,-1.));
#19017 = PLANE('',#19018);
#19018 = AXIS2_PLACEMENT_3D('',#19019,#19020,#19021);
#19019 = CARTESIAN_POINT('',(1.14,-0.69636,0.13686));
#19020 = DIRECTION('',(1.,0.,0.));
#19021 = DIRECTION('',(0.,0.,-1.));
#19022 = ADVANCED_FACE('',(#19023),#19034,.T.);
#19023 = FACE_BOUND('',#19024,.T.);
#19024 = EDGE_LOOP('',(#19025,#19026,#19027,#19033));
#19025 = ORIENTED_EDGE('',*,*,#18739,.T.);
#19026 = ORIENTED_EDGE('',*,*,#19012,.F.);
#19027 = ORIENTED_EDGE('',*,*,#19028,.T.);
#19028 = EDGE_CURVE('',#19005,#18946,#19029,.T.);
#19029 = LINE('',#19030,#19031);
#19030 = CARTESIAN_POINT('',(55.238908,-0.65,0.12));
#19031 = VECTOR('',#19032,1.);
#19032 = DIRECTION('',(-1.,0.,0.));
#19033 = ORIENTED_EDGE('',*,*,#18945,.F.);
#19034 = PLANE('',#19035);
#19035 = AXIS2_PLACEMENT_3D('',#19036,#19037,#19038);
#19036 = CARTESIAN_POINT('',(1.15811,-0.65,0.13686));
#19037 = DIRECTION('',(0.,-1.,-0.));
#19038 = DIRECTION('',(-1.,0.,-0.));
#19039 = ADVANCED_FACE('',(#19040),#19046,.T.);
#19040 = FACE_BOUND('',#19041,.T.);
#19041 = EDGE_LOOP('',(#19042,#19043,#19044,#19045));
#19042 = ORIENTED_EDGE('',*,*,#18980,.T.);
#19043 = ORIENTED_EDGE('',*,*,#18953,.T.);
#19044 = ORIENTED_EDGE('',*,*,#19028,.F.);
#19045 = ORIENTED_EDGE('',*,*,#19004,.T.);
#19046 = PLANE('',#19047);
#19047 = AXIS2_PLACEMENT_3D('',#19048,#19049,#19050);
#19048 = CARTESIAN_POINT('',(0.95189,-0.69636,0.12));
#19049 = DIRECTION('',(0.,-0.,1.));
#19050 = DIRECTION('',(1.,0.,0.));
#19051 = ADVANCED_FACE('',(#19052),#19070,.T.);
#19052 = FACE_BOUND('',#19053,.T.);
#19053 = EDGE_LOOP('',(#19054,#19055,#19056,#19064));
#19054 = ORIENTED_EDGE('',*,*,#18621,.T.);
#19055 = ORIENTED_EDGE('',*,*,#18786,.F.);
#19056 = ORIENTED_EDGE('',*,*,#19057,.F.);
#19057 = EDGE_CURVE('',#19058,#18779,#19060,.T.);
#19058 = VERTEX_POINT('',#19059);
#19059 = CARTESIAN_POINT('',(0.13,-1.12,8.E-02));
#19060 = LINE('',#19061,#19062);
#19061 = CARTESIAN_POINT('',(0.13,1.1,8.E-02));
#19062 = VECTOR('',#19063,1.);
#19063 = DIRECTION('',(0.,1.,0.));
#19064 = ORIENTED_EDGE('',*,*,#19065,.F.);
#19065 = EDGE_CURVE('',#18622,#19058,#19066,.T.);
#19066 = LINE('',#19067,#19068);
#19067 = CARTESIAN_POINT('',(0.13,-1.12,22.015721));
#19068 = VECTOR('',#19069,1.);
#19069 = DIRECTION('',(0.,0.,1.));
#19070 = PLANE('',#19071);
#19071 = AXIS2_PLACEMENT_3D('',#19072,#19073,#19074);
#19072 = CARTESIAN_POINT('',(0.13,-1.13761,9.586E-02));
#19073 = DIRECTION('',(1.,0.,0.));
#19074 = DIRECTION('',(0.,0.,-1.));
#19075 = ADVANCED_FACE('',(#19076),#19094,.T.);
#19076 = FACE_BOUND('',#19077,.T.);
#19077 = EDGE_LOOP('',(#19078,#19079,#19080,#19088));
#19078 = ORIENTED_EDGE('',*,*,#18629,.T.);
#19079 = ORIENTED_EDGE('',*,*,#19065,.T.);
#19080 = ORIENTED_EDGE('',*,*,#19081,.F.);
#19081 = EDGE_CURVE('',#19082,#19058,#19084,.T.);
#19082 = VERTEX_POINT('',#19083);
#19083 = CARTESIAN_POINT('',(-0.13,-1.12,8.E-02));
#19084 = LINE('',#19085,#19086);
#19085 = CARTESIAN_POINT('',(55.238908,-1.12,8.E-02));
#19086 = VECTOR('',#19087,1.);
#19087 = DIRECTION('',(1.,0.,0.));
#19088 = ORIENTED_EDGE('',*,*,#19089,.F.);
#19089 = EDGE_CURVE('',#18630,#19082,#19090,.T.);
#19090 = LINE('',#19091,#19092);
#19091 = CARTESIAN_POINT('',(-0.13,-1.12,22.015721));
#19092 = VECTOR('',#19093,1.);
#19093 = DIRECTION('',(-0.,0.,1.));
#19094 = PLANE('',#19095);
#19095 = AXIS2_PLACEMENT_3D('',#19096,#19097,#19098);
#19096 = CARTESIAN_POINT('',(0.15036,-1.12,9.586E-02));
#19097 = DIRECTION('',(0.,-1.,-0.));
#19098 = DIRECTION('',(-1.,0.,-0.));
#19099 = ADVANCED_FACE('',(#19100),#19111,.T.);
#19100 = FACE_BOUND('',#19101,.T.);
#19101 = EDGE_LOOP('',(#19102,#19103,#19104,#19105));
#19102 = ORIENTED_EDGE('',*,*,#18770,.T.);
#19103 = ORIENTED_EDGE('',*,*,#18637,.F.);
#19104 = ORIENTED_EDGE('',*,*,#19089,.T.);
#19105 = ORIENTED_EDGE('',*,*,#19106,.T.);
#19106 = EDGE_CURVE('',#19082,#18771,#19107,.T.);
#19107 = LINE('',#19108,#19109);
#19108 = CARTESIAN_POINT('',(-0.13,1.1,8.E-02));
#19109 = VECTOR('',#19110,1.);
#19110 = DIRECTION('',(-0.,1.,0.));
#19111 = PLANE('',#19112);
#19112 = AXIS2_PLACEMENT_3D('',#19113,#19114,#19115);
#19113 = CARTESIAN_POINT('',(-0.13,-1.13761,-1.586E-02));
#19114 = DIRECTION('',(-1.,0.,0.));
#19115 = DIRECTION('',(0.,0.,1.));
#19116 = ADVANCED_FACE('',(#19117),#19123,.T.);
#19117 = FACE_BOUND('',#19118,.T.);
#19118 = EDGE_LOOP('',(#19119,#19120,#19121,#19122));
#19119 = ORIENTED_EDGE('',*,*,#19057,.T.);
#19120 = ORIENTED_EDGE('',*,*,#18778,.F.);
#19121 = ORIENTED_EDGE('',*,*,#19106,.F.);
#19122 = ORIENTED_EDGE('',*,*,#19081,.T.);
#19123 = PLANE('',#19124);
#19124 = AXIS2_PLACEMENT_3D('',#19125,#19126,#19127);
#19125 = CARTESIAN_POINT('',(-0.15036,-1.13761,8.E-02));
#19126 = DIRECTION('',(0.,-0.,1.));
#19127 = DIRECTION('',(1.,0.,0.));
#19128 = ADVANCED_FACE('',(#19129),#19147,.T.);
#19129 = FACE_BOUND('',#19130,.T.);
#19130 = EDGE_LOOP('',(#19131,#19132,#19133,#19141));
#19131 = ORIENTED_EDGE('',*,*,#18558,.F.);
#19132 = ORIENTED_EDGE('',*,*,#18708,.T.);
#19133 = ORIENTED_EDGE('',*,*,#19134,.F.);
#19134 = EDGE_CURVE('',#19135,#18701,#19137,.T.);
#19135 = VERTEX_POINT('',#19136);
#19136 = CARTESIAN_POINT('',(0.15,1.1,0.12));
#19137 = LINE('',#19138,#19139);
#19138 = CARTESIAN_POINT('',(0.15,1.1,22.015721));
#19139 = VECTOR('',#19140,1.);
#19140 = DIRECTION('',(0.,0.,-1.));
#19141 = ORIENTED_EDGE('',*,*,#19142,.F.);
#19142 = EDGE_CURVE('',#18559,#19135,#19143,.T.);
#19143 = LINE('',#19144,#19145);
#19144 = CARTESIAN_POINT('',(0.15,1.1,0.12));
#19145 = VECTOR('',#19146,1.);
#19146 = DIRECTION('',(0.,1.,0.));
#19147 = PLANE('',#19148);
#19148 = AXIS2_PLACEMENT_3D('',#19149,#19150,#19151);
#19149 = CARTESIAN_POINT('',(0.15,0.95289,0.13686));
#19150 = DIRECTION('',(1.,0.,0.));
#19151 = DIRECTION('',(0.,0.,-1.));
#19152 = ADVANCED_FACE('',(#19153),#19171,.T.);
#19153 = FACE_BOUND('',#19154,.T.);
#19154 = EDGE_LOOP('',(#19155,#19163,#19164,#19165));
#19155 = ORIENTED_EDGE('',*,*,#19156,.F.);
#19156 = EDGE_CURVE('',#18567,#19157,#19159,.T.);
#19157 = VERTEX_POINT('',#19158);
#19158 = CARTESIAN_POINT('',(-0.15,1.1,0.12));
#19159 = LINE('',#19160,#19161);
#19160 = CARTESIAN_POINT('',(-0.15,1.1,0.12));
#19161 = VECTOR('',#19162,1.);
#19162 = DIRECTION('',(-0.,1.,0.));
#19163 = ORIENTED_EDGE('',*,*,#18566,.T.);
#19164 = ORIENTED_EDGE('',*,*,#19142,.T.);
#19165 = ORIENTED_EDGE('',*,*,#19166,.T.);
#19166 = EDGE_CURVE('',#19135,#19157,#19167,.T.);
#19167 = LINE('',#19168,#19169);
#19168 = CARTESIAN_POINT('',(55.238908,1.1,0.12));
#19169 = VECTOR('',#19170,1.);
#19170 = DIRECTION('',(-1.,0.,0.));
#19171 = PLANE('',#19172);
#19172 = AXIS2_PLACEMENT_3D('',#19173,#19174,#19175);
#19173 = CARTESIAN_POINT('',(-0.17136,0.95289,0.12));
#19174 = DIRECTION('',(0.,-0.,1.));
#19175 = DIRECTION('',(1.,0.,0.));
#19176 = ADVANCED_FACE('',(#19177),#19188,.T.);
#19177 = FACE_BOUND('',#19178,.T.);
#19178 = EDGE_LOOP('',(#19179,#19180,#19181,#19187));
#19179 = ORIENTED_EDGE('',*,*,#18574,.F.);
#19180 = ORIENTED_EDGE('',*,*,#19156,.T.);
#19181 = ORIENTED_EDGE('',*,*,#19182,.F.);
#19182 = EDGE_CURVE('',#18693,#19157,#19183,.T.);
#19183 = LINE('',#19184,#19185);
#19184 = CARTESIAN_POINT('',(-0.15,1.1,22.015721));
#19185 = VECTOR('',#19186,1.);
#19186 = DIRECTION('',(0.,0.,1.));
#19187 = ORIENTED_EDGE('',*,*,#18692,.T.);
#19188 = PLANE('',#19189);
#19189 = AXIS2_PLACEMENT_3D('',#19190,#19191,#19192);
#19190 = CARTESIAN_POINT('',(-0.15,0.95289,-1.686E-02));
#19191 = DIRECTION('',(-1.,0.,0.));
#19192 = DIRECTION('',(0.,0.,1.));
#19193 = ADVANCED_FACE('',(#19194),#19200,.T.);
#19194 = FACE_BOUND('',#19195,.T.);
#19195 = EDGE_LOOP('',(#19196,#19197,#19198,#19199));
#19196 = ORIENTED_EDGE('',*,*,#18700,.T.);
#19197 = ORIENTED_EDGE('',*,*,#19182,.T.);
#19198 = ORIENTED_EDGE('',*,*,#19166,.F.);
#19199 = ORIENTED_EDGE('',*,*,#19134,.T.);
#19200 = PLANE('',#19201);
#19201 = AXIS2_PLACEMENT_3D('',#19202,#19203,#19204);
#19202 = CARTESIAN_POINT('',(-0.17136,1.1,0.13686));
#19203 = DIRECTION('',(-0.,1.,0.));
#19204 = DIRECTION('',(1.,0.,0.));
#19205 = ADVANCED_FACE('',(#19206),#19222,.F.);
#19206 = FACE_BOUND('',#19207,.F.);
#19207 = EDGE_LOOP('',(#19208,#19209,#19215,#19216));
#19208 = ORIENTED_EDGE('',*,*,#18052,.T.);
#19209 = ORIENTED_EDGE('',*,*,#19210,.F.);
#19210 = EDGE_CURVE('',#17880,#18055,#19211,.T.);
#19211 = LINE('',#19212,#19213);
#19212 = CARTESIAN_POINT('',(0.33,0.19,0.31));
#19213 = VECTOR('',#19214,1.);
#19214 = DIRECTION('',(0.,-0.,1.));
#19215 = ORIENTED_EDGE('',*,*,#17887,.T.);
#19216 = ORIENTED_EDGE('',*,*,#19217,.F.);
#19217 = EDGE_CURVE('',#18053,#17888,#19218,.T.);
#19218 = LINE('',#19219,#19220);
#19219 = CARTESIAN_POINT('',(0.3,0.22,0.69));
#19220 = VECTOR('',#19221,1.);
#19221 = DIRECTION('',(0.,0.,-1.));
#19222 = CYLINDRICAL_SURFACE('',#19223,2.999999999998E-02);
#19223 = AXIS2_PLACEMENT_3D('',#19224,#19225,#19226);
#19224 = CARTESIAN_POINT('',(0.3,0.19,-0.1615));
#19225 = DIRECTION('',(0.,-0.,1.));
#19226 = DIRECTION('',(1.,0.,0.));
#19227 = ADVANCED_FACE('',(#19228),#19234,.T.);
#19228 = FACE_BOUND('',#19229,.T.);
#19229 = EDGE_LOOP('',(#19230,#19231,#19232,#19233));
#19230 = ORIENTED_EDGE('',*,*,#19210,.F.);
#19231 = ORIENTED_EDGE('',*,*,#17879,.F.);
#19232 = ORIENTED_EDGE('',*,*,#18007,.F.);
#19233 = ORIENTED_EDGE('',*,*,#18063,.F.);
#19234 = PLANE('',#19235);
#19235 = AXIS2_PLACEMENT_3D('',#19236,#19237,#19238);
#19236 = CARTESIAN_POINT('',(0.33,-0.21336,0.28664));
#19237 = DIRECTION('',(-1.,0.,0.));
#19238 = DIRECTION('',(0.,0.,1.));
#19239 = ADVANCED_FACE('',(#19240),#19251,.T.);
#19240 = FACE_BOUND('',#19241,.T.);
#19241 = EDGE_LOOP('',(#19242,#19243,#19244,#19245));
#19242 = ORIENTED_EDGE('',*,*,#17896,.F.);
#19243 = ORIENTED_EDGE('',*,*,#19217,.F.);
#19244 = ORIENTED_EDGE('',*,*,#18097,.F.);
#19245 = ORIENTED_EDGE('',*,*,#19246,.F.);
#19246 = EDGE_CURVE('',#17897,#18089,#19247,.T.);
#19247 = LINE('',#19248,#19249);
#19248 = CARTESIAN_POINT('',(-0.3,0.22,0.31));
#19249 = VECTOR('',#19250,1.);
#19250 = DIRECTION('',(0.,-0.,1.));
#19251 = PLANE('',#19252);
#19252 = AXIS2_PLACEMENT_3D('',#19253,#19254,#19255);
#19253 = CARTESIAN_POINT('',(0.32886,0.22,0.71336));
#19254 = DIRECTION('',(0.,-1.,-0.));
#19255 = DIRECTION('',(-1.,0.,-0.));
#19256 = ADVANCED_FACE('',(#19257),#19268,.F.);
#19257 = FACE_BOUND('',#19258,.F.);
#19258 = EDGE_LOOP('',(#19259,#19260,#19266,#19267));
#19259 = ORIENTED_EDGE('',*,*,#17904,.T.);
#19260 = ORIENTED_EDGE('',*,*,#19261,.F.);
#19261 = EDGE_CURVE('',#18081,#17905,#19262,.T.);
#19262 = LINE('',#19263,#19264);
#19263 = CARTESIAN_POINT('',(-0.33,0.19,0.69));
#19264 = VECTOR('',#19265,1.);
#19265 = DIRECTION('',(0.,0.,-1.));
#19266 = ORIENTED_EDGE('',*,*,#18088,.T.);
#19267 = ORIENTED_EDGE('',*,*,#19246,.F.);
#19268 = CYLINDRICAL_SURFACE('',#19269,3.000000000006E-02);
#19269 = AXIS2_PLACEMENT_3D('',#19270,#19271,#19272);
#19270 = CARTESIAN_POINT('',(-0.3,0.19,1.161499999999));
#19271 = DIRECTION('',(0.,0.,-1.));
#19272 = DIRECTION('',(-1.,-0.,-0.));
#19273 = ADVANCED_FACE('',(#19274),#19285,.T.);
#19274 = FACE_BOUND('',#19275,.T.);
#19275 = EDGE_LOOP('',(#19276,#19277,#19278,#19279));
#19276 = ORIENTED_EDGE('',*,*,#17913,.F.);
#19277 = ORIENTED_EDGE('',*,*,#19261,.F.);
#19278 = ORIENTED_EDGE('',*,*,#18080,.F.);
#19279 = ORIENTED_EDGE('',*,*,#19280,.F.);
#19280 = EDGE_CURVE('',#17914,#18072,#19281,.T.);
#19281 = LINE('',#19282,#19283);
#19282 = CARTESIAN_POINT('',(-0.33,-0.19,0.31));
#19283 = VECTOR('',#19284,1.);
#19284 = DIRECTION('',(0.,-0.,1.));
#19285 = PLANE('',#19286);
#19286 = AXIS2_PLACEMENT_3D('',#19287,#19288,#19289);
#19287 = CARTESIAN_POINT('',(-0.33,-0.21336,0.71336));
#19288 = DIRECTION('',(1.,0.,0.));
#19289 = DIRECTION('',(0.,0.,-1.));
#19290 = ADVANCED_FACE('',(#19291),#19297,.F.);
#19291 = FACE_BOUND('',#19292,.F.);
#19292 = EDGE_LOOP('',(#19293,#19294,#19295,#19296));
#19293 = ORIENTED_EDGE('',*,*,#18071,.T.);
#19294 = ORIENTED_EDGE('',*,*,#19280,.F.);
#19295 = ORIENTED_EDGE('',*,*,#17921,.T.);
#19296 = ORIENTED_EDGE('',*,*,#17985,.F.);
#19297 = CYLINDRICAL_SURFACE('',#19298,3.000000000005E-02);
#19298 = AXIS2_PLACEMENT_3D('',#19299,#19300,#19301);
#19299 = CARTESIAN_POINT('',(-0.3,-0.19,1.161499999999));
#19300 = DIRECTION('',(0.,0.,-1.));
#19301 = DIRECTION('',(-1.,-0.,-0.));
#19302 = ADVANCED_FACE('',(#19303),#19321,.F.);
#19303 = FACE_BOUND('',#19304,.F.);
#19304 = EDGE_LOOP('',(#19305,#19306,#19313,#19314));
#19305 = ORIENTED_EDGE('',*,*,#18476,.T.);
#19306 = ORIENTED_EDGE('',*,*,#19307,.T.);
#19307 = EDGE_CURVE('',#18460,#17949,#19308,.T.);
#19308 = CIRCLE('',#19309,3.000000000002E-02);
#19309 = AXIS2_PLACEMENT_3D('',#19310,#19311,#19312);
#19310 = CARTESIAN_POINT('',(-0.168579768968,0.2,0.34));
#19311 = DIRECTION('',(0.,-1.,0.));
#19312 = DIRECTION('',(1.,0.,0.));
#19313 = ORIENTED_EDGE('',*,*,#17956,.F.);
#19314 = ORIENTED_EDGE('',*,*,#19315,.T.);
#19315 = EDGE_CURVE('',#17931,#18469,#19316,.T.);
#19316 = CIRCLE('',#19317,3.000000000002E-02);
#19317 = AXIS2_PLACEMENT_3D('',#19318,#19319,#19320);
#19318 = CARTESIAN_POINT('',(-0.168579768968,-0.2,0.34));
#19319 = DIRECTION('',(0.,1.,-0.));
#19320 = DIRECTION('',(1.,0.,0.));
#19321 = CYLINDRICAL_SURFACE('',#19322,3.000000000002E-02);
#19322 = AXIS2_PLACEMENT_3D('',#19323,#19324,#19325);
#19323 = CARTESIAN_POINT('',(-0.168579768968,-0.7,0.34));
#19324 = DIRECTION('',(0.,1.,-0.));
#19325 = DIRECTION('',(1.,0.,0.));
#19326 = ADVANCED_FACE('',(#19327),#19346,.T.);
#19327 = FACE_BOUND('',#19328,.T.);
#19328 = EDGE_LOOP('',(#19329,#19337,#19343,#19344,#19345));
#19329 = ORIENTED_EDGE('',*,*,#19330,.F.);
#19330 = EDGE_CURVE('',#19331,#18335,#19333,.T.);
#19331 = VERTEX_POINT('',#19332);
#19332 = CARTESIAN_POINT('',(-0.218790606058,-0.2,0.547690618321));
#19333 = LINE('',#19334,#19335);
#19334 = CARTESIAN_POINT('',(-0.218790606058,-0.2,0.547690618321));
#19335 = VECTOR('',#19336,1.);
#19336 = DIRECTION('',(0.911544292711,0.,0.411201899834));
#19337 = ORIENTED_EDGE('',*,*,#19338,.T.);
#19338 = EDGE_CURVE('',#19331,#17933,#19339,.T.);
#19339 = LINE('',#19340,#19341);
#19340 = CARTESIAN_POINT('',(6.212786051882,-0.2,22.015721));
#19341 = VECTOR('',#19342,1.);
#19342 = DIRECTION('',(-0.286986289829,0.,-0.957934689554));
#19343 = ORIENTED_EDGE('',*,*,#17930,.F.);
#19344 = ORIENTED_EDGE('',*,*,#19315,.T.);
#19345 = ORIENTED_EDGE('',*,*,#18468,.T.);
#19346 = PLANE('',#19347);
#19347 = AXIS2_PLACEMENT_3D('',#19348,#19349,#19350);
#19348 = CARTESIAN_POINT('',(-0.107015,-0.2,0.61086));
#19349 = DIRECTION('',(0.,-1.,-0.));
#19350 = DIRECTION('',(-1.,0.,-0.));
#19351 = ADVANCED_FACE('',(#19352),#19365,.T.);
#19352 = FACE_BOUND('',#19353,.T.);
#19353 = EDGE_LOOP('',(#19354,#19355,#19356,#19357,#19358));
#19354 = ORIENTED_EDGE('',*,*,#19330,.T.);
#19355 = ORIENTED_EDGE('',*,*,#18363,.F.);
#19356 = ORIENTED_EDGE('',*,*,#18143,.T.);
#19357 = ORIENTED_EDGE('',*,*,#18260,.F.);
#19358 = ORIENTED_EDGE('',*,*,#19359,.F.);
#19359 = EDGE_CURVE('',#19331,#18261,#19360,.T.);
#19360 = B_SPLINE_CURVE_WITH_KNOTS('',3,(#19361,#19362,#19363,#19364),
  .UNSPECIFIED.,.F.,.F.,(4,4),(0.,4.453324677342E-02),
  .PIECEWISE_BEZIER_KNOTS.);
#19361 = CARTESIAN_POINT('',(-0.218790606058,-0.2,0.547690618321));
#19362 = CARTESIAN_POINT('',(-0.214544610371,-0.2,0.56186337397));
#19363 = CARTESIAN_POINT('',(-0.210276518917,-0.198546037354,
    0.576109883324));
#19364 = CARTESIAN_POINT('',(-0.206115180982,-0.195606348544,
    0.59000005893));
#19365 = CYLINDRICAL_SURFACE('',#19366,0.12);
#19366 = AXIS2_PLACEMENT_3D('',#19367,#19368,#19369);
#19367 = CARTESIAN_POINT('',(-0.33857451378,-8.000000000002E-02,
    0.48779866446));
#19368 = DIRECTION('',(0.894427191,0.,0.4472135955));
#19369 = DIRECTION('',(0.4472135955,0.,-0.894427191));
#19370 = ADVANCED_FACE('',(#19371),#19392,.T.);
#19371 = FACE_BOUND('',#19372,.T.);
#19372 = EDGE_LOOP('',(#19373,#19382,#19388,#19389,#19390,#19391));
#19373 = ORIENTED_EDGE('',*,*,#19374,.T.);
#19374 = EDGE_CURVE('',#18270,#19375,#19377,.T.);
#19375 = VERTEX_POINT('',#19376);
#19376 = CARTESIAN_POINT('',(-0.218790606058,0.2,0.547690618321));
#19377 = B_SPLINE_CURVE_WITH_KNOTS('',3,(#19378,#19379,#19380,#19381),
  .UNSPECIFIED.,.F.,.F.,(4,4),(0.,4.453318363481E-02),
  .PIECEWISE_BEZIER_KNOTS.);
#19378 = CARTESIAN_POINT('',(-0.206115198651,0.195606361025,
    0.589999999954));
#19379 = CARTESIAN_POINT('',(-0.210276530972,0.198546041455,
    0.576109843083));
#19380 = CARTESIAN_POINT('',(-0.21454461635,0.2,0.561863354014));
#19381 = CARTESIAN_POINT('',(-0.218790606058,0.2,0.547690618321));
#19382 = ORIENTED_EDGE('',*,*,#19383,.F.);
#19383 = EDGE_CURVE('',#17941,#19375,#19384,.T.);
#19384 = LINE('',#19385,#19386);
#19385 = CARTESIAN_POINT('',(6.212786051882,0.2,22.015721));
#19386 = VECTOR('',#19387,1.);
#19387 = DIRECTION('',(0.286986289829,0.,0.957934689554));
#19388 = ORIENTED_EDGE('',*,*,#17940,.F.);
#19389 = ORIENTED_EDGE('',*,*,#19338,.F.);
#19390 = ORIENTED_EDGE('',*,*,#19359,.T.);
#19391 = ORIENTED_EDGE('',*,*,#18277,.T.);
#19392 = PLANE('',#19393);
#19393 = AXIS2_PLACEMENT_3D('',#19394,#19395,#19396);
#19394 = CARTESIAN_POINT('',(-0.296074750452,-0.22386,0.28972302373));
#19395 = DIRECTION('',(-0.957934689554,-0.,0.286986289829));
#19396 = DIRECTION('',(0.286986289829,0.,0.957934689554));
#19397 = ADVANCED_FACE('',(#19398),#19410,.T.);
#19398 = FACE_BOUND('',#19399,.T.);
#19399 = EDGE_LOOP('',(#19400,#19406,#19407,#19408,#19409));
#19400 = ORIENTED_EDGE('',*,*,#19401,.T.);
#19401 = EDGE_CURVE('',#18333,#19375,#19402,.T.);
#19402 = LINE('',#19403,#19404);
#19403 = CARTESIAN_POINT('',(-0.125000087007,0.2,0.589999960775));
#19404 = VECTOR('',#19405,1.);
#19405 = DIRECTION('',(-0.911544292623,0.,-0.411201900028));
#19406 = ORIENTED_EDGE('',*,*,#19374,.F.);
#19407 = ORIENTED_EDGE('',*,*,#18269,.F.);
#19408 = ORIENTED_EDGE('',*,*,#18161,.T.);
#19409 = ORIENTED_EDGE('',*,*,#18342,.F.);
#19410 = CYLINDRICAL_SURFACE('',#19411,0.12);
#19411 = AXIS2_PLACEMENT_3D('',#19412,#19413,#19414);
#19412 = CARTESIAN_POINT('',(-7.047339752674E-03,8.E-02,0.653562251474)
  );
#19413 = DIRECTION('',(-0.894427191,0.,-0.4472135955));
#19414 = DIRECTION('',(-0.4472135955,-0.,0.894427191));
#19415 = ADVANCED_FACE('',(#19416),#19423,.T.);
#19416 = FACE_BOUND('',#19417,.T.);
#19417 = EDGE_LOOP('',(#19418,#19419,#19420,#19421,#19422));
#19418 = ORIENTED_EDGE('',*,*,#19401,.F.);
#19419 = ORIENTED_EDGE('',*,*,#18459,.T.);
#19420 = ORIENTED_EDGE('',*,*,#19307,.T.);
#19421 = ORIENTED_EDGE('',*,*,#17948,.F.);
#19422 = ORIENTED_EDGE('',*,*,#19383,.T.);
#19423 = PLANE('',#19424);
#19424 = AXIS2_PLACEMENT_3D('',#19425,#19426,#19427);
#19425 = CARTESIAN_POINT('',(-0.307984997825,0.2,0.61086219488));
#19426 = DIRECTION('',(-0.,1.,0.));
#19427 = DIRECTION('',(1.,0.,0.));
#19428 = ADVANCED_FACE('',(#19429),#19435,.T.);
#19429 = FACE_BOUND('',#19430,.T.);
#19430 = EDGE_LOOP('',(#19431,#19432,#19433,#19434));
#19431 = ORIENTED_EDGE('',*,*,#18032,.F.);
#19432 = ORIENTED_EDGE('',*,*,#18122,.T.);
#19433 = ORIENTED_EDGE('',*,*,#18204,.T.);
#19434 = ORIENTED_EDGE('',*,*,#18129,.F.);
#19435 = CONICAL_SURFACE('',#19436,0.567011148,0.239231599964);
#19436 = AXIS2_PLACEMENT_3D('',#19437,#19438,#19439);
#19437 = CARTESIAN_POINT('',(-7.105427357601E-15,4.440892098501E-16,
    0.2102542932));
#19438 = DIRECTION('',(-6.112864161287E-15,-7.163512689008E-15,-1.));
#19439 = DIRECTION('',(0.,1.,-7.163512689008E-15));
#19440 = ADVANCED_FACE('',(#19441),#19454,.F.);
#19441 = FACE_BOUND('',#19442,.F.);
#19442 = EDGE_LOOP('',(#19443,#19444,#19445,#19446,#19453));
#19443 = ORIENTED_EDGE('',*,*,#18291,.T.);
#19444 = ORIENTED_EDGE('',*,*,#18412,.F.);
#19445 = ORIENTED_EDGE('',*,*,#18309,.F.);
#19446 = ORIENTED_EDGE('',*,*,#19447,.F.);
#19447 = EDGE_CURVE('',#18220,#18301,#19448,.T.);
#19448 = CIRCLE('',#19449,0.72);
#19449 = AXIS2_PLACEMENT_3D('',#19450,#19451,#19452);
#19450 = CARTESIAN_POINT('',(-7.105427357601E-15,-2.264854970235E-14,
    0.62644746463));
#19451 = DIRECTION('',(0.,6.838386641552E-15,-1.));
#19452 = DIRECTION('',(-1.,0.,0.));
#19453 = ORIENTED_EDGE('',*,*,#18245,.F.);
#19454 = CONICAL_SURFACE('',#19455,0.817473484836,0.899475255779);
#19455 = AXIS2_PLACEMENT_3D('',#19456,#19457,#19458);
#19456 = CARTESIAN_POINT('',(-7.105427357601E-15,-1.931788062848E-14,
    0.703881053288));
#19457 = DIRECTION('',(0.,-1.36767732831E-14,1.));
#19458 = DIRECTION('',(0.,-1.,-1.36767732831E-14));
#19459 = ADVANCED_FACE('',(#19460),#19467,.F.);
#19460 = FACE_BOUND('',#19461,.F.);
#19461 = EDGE_LOOP('',(#19462,#19463,#19464,#19465,#19466));
#19462 = ORIENTED_EDGE('',*,*,#18219,.F.);
#19463 = ORIENTED_EDGE('',*,*,#19447,.T.);
#19464 = ORIENTED_EDGE('',*,*,#18300,.T.);
#19465 = ORIENTED_EDGE('',*,*,#18228,.T.);
#19466 = ORIENTED_EDGE('',*,*,#18183,.F.);
#19467 = CYLINDRICAL_SURFACE('',#19468,0.72);
#19468 = AXIS2_PLACEMENT_3D('',#19469,#19470,#19471);
#19469 = CARTESIAN_POINT('',(0.,-2.708944180085E-14,0.654108651245));
#19470 = DIRECTION('',(0.,0.,-1.));
#19471 = DIRECTION('',(-1.,-0.,-0.));
#19472 = ADVANCED_FACE('',(#19473),#19479,.T.);
#19473 = FACE_BOUND('',#19474,.T.);
#19474 = EDGE_LOOP('',(#19475,#19476,#19477,#19478));
#19475 = ORIENTED_EDGE('',*,*,#18445,.F.);
#19476 = ORIENTED_EDGE('',*,*,#18402,.F.);
#19477 = ORIENTED_EDGE('',*,*,#18438,.T.);
#19478 = ORIENTED_EDGE('',*,*,#18533,.T.);
#19479 = CYLINDRICAL_SURFACE('',#19480,0.84);
#19480 = AXIS2_PLACEMENT_3D('',#19481,#19482,#19483);
#19481 = CARTESIAN_POINT('',(1.42108547152E-14,-3.730349362741E-14,
    0.7155));
#19482 = DIRECTION('',(0.,0.,-1.));
#19483 = DIRECTION('',(-1.,-0.,-0.));
#19484 = ( GEOMETRIC_REPRESENTATION_CONTEXT(3) 
GLOBAL_UNCERTAINTY_ASSIGNED_CONTEXT((#19488)) 
GLOBAL_UNIT_ASSIGNED_CONTEXT((#19485,#19486,#19487)) 
REPRESENTATION_CONTEXT('Context #1',
  '3D Context with UNIT and UNCERTAINTY') );
#19485 = ( LENGTH_UNIT() NAMED_UNIT(*) SI_UNIT(.MILLI.,.METRE.) );
#19486 = ( NAMED_UNIT(*) PLANE_ANGLE_UNIT() SI_UNIT($,.RADIAN.) );
#19487 = ( NAMED_UNIT(*) SI_UNIT($,.STERADIAN.) SOLID_ANGLE_UNIT() );
#19488 = UNCERTAINTY_MEASURE_WITH_UNIT(LENGTH_MEASURE(1.E-05),#19485,
  'distance_accuracy_value','confusion accuracy');
#19489 = CONTEXT_DEPENDENT_SHAPE_REPRESENTATION(#19490,#19492);
#19490 = ( REPRESENTATION_RELATIONSHIP('','',#17537,#10) 
REPRESENTATION_RELATIONSHIP_WITH_TRANSFORMATION(#19491) 
SHAPE_REPRESENTATION_RELATIONSHIP() );
#19491 = ITEM_DEFINED_TRANSFORMATION('','',#11,#31);
#19492 = PRODUCT_DEFINITION_SHAPE('Placement','Placement of an item',
  #19493);
#19493 = NEXT_ASSEMBLY_USAGE_OCCURRENCE('8','J3','',#5,#17532,$);
#19494 = PRODUCT_RELATED_PRODUCT_CATEGORY('part',$,(#17534));
#19495 = CONTEXT_DEPENDENT_SHAPE_REPRESENTATION(#19496,#19498);
#19496 = ( REPRESENTATION_RELATIONSHIP('','',#1689,#10) 
REPRESENTATION_RELATIONSHIP_WITH_TRANSFORMATION(#19497) 
SHAPE_REPRESENTATION_RELATIONSHIP() );
#19497 = ITEM_DEFINED_TRANSFORMATION('','',#11,#35);
#19498 = PRODUCT_DEFINITION_SHAPE('Placement','Placement of an item',
  #19499);
#19499 = NEXT_ASSEMBLY_USAGE_OCCURRENCE('9','D3','',#5,#1684,$);
#19500 = SHAPE_DEFINITION_REPRESENTATION(#19501,#19507);
#19501 = PRODUCT_DEFINITION_SHAPE('','',#19502);
#19502 = PRODUCT_DEFINITION('design','',#19503,#19506);
#19503 = PRODUCT_DEFINITION_FORMATION('','',#19504);
#19504 = PRODUCT('R_0201_0603Metric','R_0201_0603Metric','',(#19505));
#19505 = PRODUCT_CONTEXT('',#2,'mechanical');
#19506 = PRODUCT_DEFINITION_CONTEXT('part definition',#2,'design');
#19507 = ADVANCED_BREP_SHAPE_REPRESENTATION('',(#11,#19508),#20298);
#19508 = MANIFOLD_SOLID_BREP('',#19509);
#19509 = CLOSED_SHELL('',(#19510,#19550,#19633,#19658,#19683,#19750,
    #19767,#19784,#19833,#19850,#19867,#19916,#19933,#20002,#20033,
    #20057,#20126,#20150,#20167,#20184,#20201,#20218,#20235,#20252,
    #20269,#20286));
#19510 = ADVANCED_FACE('',(#19511),#19545,.F.);
#19511 = FACE_BOUND('',#19512,.F.);
#19512 = EDGE_LOOP('',(#19513,#19523,#19531,#19539));
#19513 = ORIENTED_EDGE('',*,*,#19514,.F.);
#19514 = EDGE_CURVE('',#19515,#19517,#19519,.T.);
#19515 = VERTEX_POINT('',#19516);
#19516 = CARTESIAN_POINT('',(-0.3,-0.15,2.3E-02));
#19517 = VERTEX_POINT('',#19518);
#19518 = CARTESIAN_POINT('',(-0.3,-0.15,0.207));
#19519 = LINE('',#19520,#19521);
#19520 = CARTESIAN_POINT('',(-0.3,-0.15,0.));
#19521 = VECTOR('',#19522,1.);
#19522 = DIRECTION('',(0.,0.,1.));
#19523 = ORIENTED_EDGE('',*,*,#19524,.T.);
#19524 = EDGE_CURVE('',#19515,#19525,#19527,.T.);
#19525 = VERTEX_POINT('',#19526);
#19526 = CARTESIAN_POINT('',(-0.3,0.15,2.3E-02));
#19527 = LINE('',#19528,#19529);
#19528 = CARTESIAN_POINT('',(-0.3,-0.15,2.3E-02));
#19529 = VECTOR('',#19530,1.);
#19530 = DIRECTION('',(0.,1.,0.));
#19531 = ORIENTED_EDGE('',*,*,#19532,.T.);
#19532 = EDGE_CURVE('',#19525,#19533,#19535,.T.);
#19533 = VERTEX_POINT('',#19534);
#19534 = CARTESIAN_POINT('',(-0.3,0.15,0.207));
#19535 = LINE('',#19536,#19537);
#19536 = CARTESIAN_POINT('',(-0.3,0.15,0.));
#19537 = VECTOR('',#19538,1.);
#19538 = DIRECTION('',(0.,0.,1.));
#19539 = ORIENTED_EDGE('',*,*,#19540,.F.);
#19540 = EDGE_CURVE('',#19517,#19533,#19541,.T.);
#19541 = LINE('',#19542,#19543);
#19542 = CARTESIAN_POINT('',(-0.3,-0.15,0.207));
#19543 = VECTOR('',#19544,1.);
#19544 = DIRECTION('',(0.,1.,0.));
#19545 = PLANE('',#19546);
#19546 = AXIS2_PLACEMENT_3D('',#19547,#19548,#19549);
#19547 = CARTESIAN_POINT('',(-0.3,-0.15,0.));
#19548 = DIRECTION('',(1.,0.,0.));
#19549 = DIRECTION('',(0.,0.,1.));
#19550 = ADVANCED_FACE('',(#19551),#19628,.F.);
#19551 = FACE_BOUND('',#19552,.F.);
#19552 = EDGE_LOOP('',(#19553,#19563,#19570,#19571,#19580,#19588,#19597,
    #19605,#19613,#19621));
#19553 = ORIENTED_EDGE('',*,*,#19554,.F.);
#19554 = EDGE_CURVE('',#19555,#19557,#19559,.T.);
#19555 = VERTEX_POINT('',#19556);
#19556 = CARTESIAN_POINT('',(-0.277,-0.15,-1.387778780781E-17));
#19557 = VERTEX_POINT('',#19558);
#19558 = CARTESIAN_POINT('',(-0.223,-0.15,-1.387778780781E-17));
#19559 = LINE('',#19560,#19561);
#19560 = CARTESIAN_POINT('',(-0.3,-0.15,0.));
#19561 = VECTOR('',#19562,1.);
#19562 = DIRECTION('',(1.,0.,0.));
#19563 = ORIENTED_EDGE('',*,*,#19564,.F.);
#19564 = EDGE_CURVE('',#19515,#19555,#19565,.T.);
#19565 = CIRCLE('',#19566,2.3E-02);
#19566 = AXIS2_PLACEMENT_3D('',#19567,#19568,#19569);
#19567 = CARTESIAN_POINT('',(-0.277,-0.15,2.3E-02));
#19568 = DIRECTION('',(0.,-1.,0.));
#19569 = DIRECTION('',(0.,0.,1.));
#19570 = ORIENTED_EDGE('',*,*,#19514,.T.);
#19571 = ORIENTED_EDGE('',*,*,#19572,.T.);
#19572 = EDGE_CURVE('',#19517,#19573,#19575,.T.);
#19573 = VERTEX_POINT('',#19574);
#19574 = CARTESIAN_POINT('',(-0.277,-0.15,0.23));
#19575 = CIRCLE('',#19576,2.3E-02);
#19576 = AXIS2_PLACEMENT_3D('',#19577,#19578,#19579);
#19577 = CARTESIAN_POINT('',(-0.277,-0.15,0.207));
#19578 = DIRECTION('',(0.,1.,0.));
#19579 = DIRECTION('',(0.,-0.,1.));
#19580 = ORIENTED_EDGE('',*,*,#19581,.T.);
#19581 = EDGE_CURVE('',#19573,#19582,#19584,.T.);
#19582 = VERTEX_POINT('',#19583);
#19583 = CARTESIAN_POINT('',(-0.223,-0.15,0.23));
#19584 = LINE('',#19585,#19586);
#19585 = CARTESIAN_POINT('',(-0.3,-0.15,0.23));
#19586 = VECTOR('',#19587,1.);
#19587 = DIRECTION('',(1.,0.,0.));
#19588 = ORIENTED_EDGE('',*,*,#19589,.F.);
#19589 = EDGE_CURVE('',#19590,#19582,#19592,.T.);
#19590 = VERTEX_POINT('',#19591);
#19591 = CARTESIAN_POINT('',(-0.2,-0.15,0.207));
#19592 = CIRCLE('',#19593,2.3E-02);
#19593 = AXIS2_PLACEMENT_3D('',#19594,#19595,#19596);
#19594 = CARTESIAN_POINT('',(-0.223,-0.15,0.207));
#19595 = DIRECTION('',(0.,-1.,0.));
#19596 = DIRECTION('',(0.,0.,1.));
#19597 = ORIENTED_EDGE('',*,*,#19598,.F.);
#19598 = EDGE_CURVE('',#19599,#19590,#19601,.T.);
#19599 = VERTEX_POINT('',#19600);
#19600 = CARTESIAN_POINT('',(-0.277,-0.15,0.207));
#19601 = LINE('',#19602,#19603);
#19602 = CARTESIAN_POINT('',(-0.277,-0.15,0.207));
#19603 = VECTOR('',#19604,1.);
#19604 = DIRECTION('',(1.,0.,0.));
#19605 = ORIENTED_EDGE('',*,*,#19606,.F.);
#19606 = EDGE_CURVE('',#19607,#19599,#19609,.T.);
#19607 = VERTEX_POINT('',#19608);
#19608 = CARTESIAN_POINT('',(-0.277,-0.15,2.3E-02));
#19609 = LINE('',#19610,#19611);
#19610 = CARTESIAN_POINT('',(-0.277,-0.15,2.3E-02));
#19611 = VECTOR('',#19612,1.);
#19612 = DIRECTION('',(0.,0.,1.));
#19613 = ORIENTED_EDGE('',*,*,#19614,.T.);
#19614 = EDGE_CURVE('',#19607,#19615,#19617,.T.);
#19615 = VERTEX_POINT('',#19616);
#19616 = CARTESIAN_POINT('',(-0.2,-0.15,2.3E-02));
#19617 = LINE('',#19618,#19619);
#19618 = CARTESIAN_POINT('',(-0.277,-0.15,2.3E-02));
#19619 = VECTOR('',#19620,1.);
#19620 = DIRECTION('',(1.,0.,0.));
#19621 = ORIENTED_EDGE('',*,*,#19622,.T.);
#19622 = EDGE_CURVE('',#19615,#19557,#19623,.T.);
#19623 = CIRCLE('',#19624,2.3E-02);
#19624 = AXIS2_PLACEMENT_3D('',#19625,#19626,#19627);
#19625 = CARTESIAN_POINT('',(-0.223,-0.15,2.3E-02));
#19626 = DIRECTION('',(0.,1.,0.));
#19627 = DIRECTION('',(0.,-0.,1.));
#19628 = PLANE('',#19629);
#19629 = AXIS2_PLACEMENT_3D('',#19630,#19631,#19632);
#19630 = CARTESIAN_POINT('',(-0.3,-0.15,0.));
#19631 = DIRECTION('',(0.,1.,0.));
#19632 = DIRECTION('',(0.,-0.,1.));
#19633 = ADVANCED_FACE('',(#19634),#19653,.T.);
#19634 = FACE_BOUND('',#19635,.T.);
#19635 = EDGE_LOOP('',(#19636,#19637,#19646,#19652));
#19636 = ORIENTED_EDGE('',*,*,#19524,.T.);
#19637 = ORIENTED_EDGE('',*,*,#19638,.T.);
#19638 = EDGE_CURVE('',#19525,#19639,#19641,.T.);
#19639 = VERTEX_POINT('',#19640);
#19640 = CARTESIAN_POINT('',(-0.277,0.15,-1.387778780781E-17));
#19641 = CIRCLE('',#19642,2.3E-02);
#19642 = AXIS2_PLACEMENT_3D('',#19643,#19644,#19645);
#19643 = CARTESIAN_POINT('',(-0.277,0.15,2.3E-02));
#19644 = DIRECTION('',(0.,-1.,0.));
#19645 = DIRECTION('',(0.,0.,1.));
#19646 = ORIENTED_EDGE('',*,*,#19647,.F.);
#19647 = EDGE_CURVE('',#19555,#19639,#19648,.T.);
#19648 = LINE('',#19649,#19650);
#19649 = CARTESIAN_POINT('',(-0.277,-0.15,-1.387778780781E-17));
#19650 = VECTOR('',#19651,1.);
#19651 = DIRECTION('',(0.,1.,0.));
#19652 = ORIENTED_EDGE('',*,*,#19564,.F.);
#19653 = CYLINDRICAL_SURFACE('',#19654,2.3E-02);
#19654 = AXIS2_PLACEMENT_3D('',#19655,#19656,#19657);
#19655 = CARTESIAN_POINT('',(-0.277,-0.15,2.3E-02));
#19656 = DIRECTION('',(0.,1.,0.));
#19657 = DIRECTION('',(-1.,0.,0.));
#19658 = ADVANCED_FACE('',(#19659),#19678,.T.);
#19659 = FACE_BOUND('',#19660,.T.);
#19660 = EDGE_LOOP('',(#19661,#19662,#19670,#19677));
#19661 = ORIENTED_EDGE('',*,*,#19572,.T.);
#19662 = ORIENTED_EDGE('',*,*,#19663,.T.);
#19663 = EDGE_CURVE('',#19573,#19664,#19666,.T.);
#19664 = VERTEX_POINT('',#19665);
#19665 = CARTESIAN_POINT('',(-0.277,0.15,0.23));
#19666 = LINE('',#19667,#19668);
#19667 = CARTESIAN_POINT('',(-0.277,-0.15,0.23));
#19668 = VECTOR('',#19669,1.);
#19669 = DIRECTION('',(0.,1.,0.));
#19670 = ORIENTED_EDGE('',*,*,#19671,.F.);
#19671 = EDGE_CURVE('',#19533,#19664,#19672,.T.);
#19672 = CIRCLE('',#19673,2.3E-02);
#19673 = AXIS2_PLACEMENT_3D('',#19674,#19675,#19676);
#19674 = CARTESIAN_POINT('',(-0.277,0.15,0.207));
#19675 = DIRECTION('',(0.,1.,0.));
#19676 = DIRECTION('',(0.,-0.,1.));
#19677 = ORIENTED_EDGE('',*,*,#19540,.F.);
#19678 = CYLINDRICAL_SURFACE('',#19679,2.3E-02);
#19679 = AXIS2_PLACEMENT_3D('',#19680,#19681,#19682);
#19680 = CARTESIAN_POINT('',(-0.277,-0.15,0.207));
#19681 = DIRECTION('',(0.,1.,0.));
#19682 = DIRECTION('',(-1.,0.,0.));
#19683 = ADVANCED_FACE('',(#19684),#19745,.T.);
#19684 = FACE_BOUND('',#19685,.T.);
#19685 = EDGE_LOOP('',(#19686,#19694,#19695,#19696,#19697,#19705,#19714,
    #19722,#19730,#19738));
#19686 = ORIENTED_EDGE('',*,*,#19687,.F.);
#19687 = EDGE_CURVE('',#19639,#19688,#19690,.T.);
#19688 = VERTEX_POINT('',#19689);
#19689 = CARTESIAN_POINT('',(-0.223,0.15,-1.387778780781E-17));
#19690 = LINE('',#19691,#19692);
#19691 = CARTESIAN_POINT('',(-0.3,0.15,0.));
#19692 = VECTOR('',#19693,1.);
#19693 = DIRECTION('',(1.,0.,0.));
#19694 = ORIENTED_EDGE('',*,*,#19638,.F.);
#19695 = ORIENTED_EDGE('',*,*,#19532,.T.);
#19696 = ORIENTED_EDGE('',*,*,#19671,.T.);
#19697 = ORIENTED_EDGE('',*,*,#19698,.T.);
#19698 = EDGE_CURVE('',#19664,#19699,#19701,.T.);
#19699 = VERTEX_POINT('',#19700);
#19700 = CARTESIAN_POINT('',(-0.223,0.15,0.23));
#19701 = LINE('',#19702,#19703);
#19702 = CARTESIAN_POINT('',(-0.3,0.15,0.23));
#19703 = VECTOR('',#19704,1.);
#19704 = DIRECTION('',(1.,0.,0.));
#19705 = ORIENTED_EDGE('',*,*,#19706,.F.);
#19706 = EDGE_CURVE('',#19707,#19699,#19709,.T.);
#19707 = VERTEX_POINT('',#19708);
#19708 = CARTESIAN_POINT('',(-0.2,0.15,0.207));
#19709 = CIRCLE('',#19710,2.3E-02);
#19710 = AXIS2_PLACEMENT_3D('',#19711,#19712,#19713);
#19711 = CARTESIAN_POINT('',(-0.223,0.15,0.207));
#19712 = DIRECTION('',(0.,-1.,0.));
#19713 = DIRECTION('',(0.,0.,1.));
#19714 = ORIENTED_EDGE('',*,*,#19715,.F.);
#19715 = EDGE_CURVE('',#19716,#19707,#19718,.T.);
#19716 = VERTEX_POINT('',#19717);
#19717 = CARTESIAN_POINT('',(-0.277,0.15,0.207));
#19718 = LINE('',#19719,#19720);
#19719 = CARTESIAN_POINT('',(-0.277,0.15,0.207));
#19720 = VECTOR('',#19721,1.);
#19721 = DIRECTION('',(1.,0.,0.));
#19722 = ORIENTED_EDGE('',*,*,#19723,.F.);
#19723 = EDGE_CURVE('',#19724,#19716,#19726,.T.);
#19724 = VERTEX_POINT('',#19725);
#19725 = CARTESIAN_POINT('',(-0.277,0.15,2.3E-02));
#19726 = LINE('',#19727,#19728);
#19727 = CARTESIAN_POINT('',(-0.277,0.15,2.3E-02));
#19728 = VECTOR('',#19729,1.);
#19729 = DIRECTION('',(0.,0.,1.));
#19730 = ORIENTED_EDGE('',*,*,#19731,.T.);
#19731 = EDGE_CURVE('',#19724,#19732,#19734,.T.);
#19732 = VERTEX_POINT('',#19733);
#19733 = CARTESIAN_POINT('',(-0.2,0.15,2.3E-02));
#19734 = LINE('',#19735,#19736);
#19735 = CARTESIAN_POINT('',(-0.277,0.15,2.3E-02));
#19736 = VECTOR('',#19737,1.);
#19737 = DIRECTION('',(1.,0.,0.));
#19738 = ORIENTED_EDGE('',*,*,#19739,.T.);
#19739 = EDGE_CURVE('',#19732,#19688,#19740,.T.);
#19740 = CIRCLE('',#19741,2.3E-02);
#19741 = AXIS2_PLACEMENT_3D('',#19742,#19743,#19744);
#19742 = CARTESIAN_POINT('',(-0.223,0.15,2.3E-02));
#19743 = DIRECTION('',(0.,1.,0.));
#19744 = DIRECTION('',(0.,-0.,1.));
#19745 = PLANE('',#19746);
#19746 = AXIS2_PLACEMENT_3D('',#19747,#19748,#19749);
#19747 = CARTESIAN_POINT('',(-0.3,0.15,0.));
#19748 = DIRECTION('',(0.,1.,0.));
#19749 = DIRECTION('',(0.,-0.,1.));
#19750 = ADVANCED_FACE('',(#19751),#19762,.F.);
#19751 = FACE_BOUND('',#19752,.F.);
#19752 = EDGE_LOOP('',(#19753,#19754,#19755,#19756));
#19753 = ORIENTED_EDGE('',*,*,#19687,.F.);
#19754 = ORIENTED_EDGE('',*,*,#19647,.F.);
#19755 = ORIENTED_EDGE('',*,*,#19554,.T.);
#19756 = ORIENTED_EDGE('',*,*,#19757,.T.);
#19757 = EDGE_CURVE('',#19557,#19688,#19758,.T.);
#19758 = LINE('',#19759,#19760);
#19759 = CARTESIAN_POINT('',(-0.223,-0.15,-1.387778780781E-17));
#19760 = VECTOR('',#19761,1.);
#19761 = DIRECTION('',(0.,1.,0.));
#19762 = PLANE('',#19763);
#19763 = AXIS2_PLACEMENT_3D('',#19764,#19765,#19766);
#19764 = CARTESIAN_POINT('',(-0.3,-0.15,0.));
#19765 = DIRECTION('',(0.,0.,1.));
#19766 = DIRECTION('',(1.,0.,-0.));
#19767 = ADVANCED_FACE('',(#19768),#19779,.T.);
#19768 = FACE_BOUND('',#19769,.T.);
#19769 = EDGE_LOOP('',(#19770,#19771,#19772,#19773));
#19770 = ORIENTED_EDGE('',*,*,#19622,.T.);
#19771 = ORIENTED_EDGE('',*,*,#19757,.T.);
#19772 = ORIENTED_EDGE('',*,*,#19739,.F.);
#19773 = ORIENTED_EDGE('',*,*,#19774,.F.);
#19774 = EDGE_CURVE('',#19615,#19732,#19775,.T.);
#19775 = LINE('',#19776,#19777);
#19776 = CARTESIAN_POINT('',(-0.2,-0.15,2.3E-02));
#19777 = VECTOR('',#19778,1.);
#19778 = DIRECTION('',(0.,1.,0.));
#19779 = CYLINDRICAL_SURFACE('',#19780,2.3E-02);
#19780 = AXIS2_PLACEMENT_3D('',#19781,#19782,#19783);
#19781 = CARTESIAN_POINT('',(-0.223,-0.15,2.3E-02));
#19782 = DIRECTION('',(0.,1.,0.));
#19783 = DIRECTION('',(1.,0.,0.));
#19784 = ADVANCED_FACE('',(#19785),#19828,.F.);
#19785 = FACE_BOUND('',#19786,.F.);
#19786 = EDGE_LOOP('',(#19787,#19788,#19789,#19790,#19798,#19806,#19814,
    #19822));
#19787 = ORIENTED_EDGE('',*,*,#19614,.F.);
#19788 = ORIENTED_EDGE('',*,*,#19606,.T.);
#19789 = ORIENTED_EDGE('',*,*,#19598,.T.);
#19790 = ORIENTED_EDGE('',*,*,#19791,.T.);
#19791 = EDGE_CURVE('',#19590,#19792,#19794,.T.);
#19792 = VERTEX_POINT('',#19793);
#19793 = CARTESIAN_POINT('',(0.2,-0.15,0.207));
#19794 = LINE('',#19795,#19796);
#19795 = CARTESIAN_POINT('',(-0.2,-0.15,0.207));
#19796 = VECTOR('',#19797,1.);
#19797 = DIRECTION('',(1.,0.,0.));
#19798 = ORIENTED_EDGE('',*,*,#19799,.T.);
#19799 = EDGE_CURVE('',#19792,#19800,#19802,.T.);
#19800 = VERTEX_POINT('',#19801);
#19801 = CARTESIAN_POINT('',(0.277,-0.15,0.207));
#19802 = LINE('',#19803,#19804);
#19803 = CARTESIAN_POINT('',(-0.277,-0.15,0.207));
#19804 = VECTOR('',#19805,1.);
#19805 = DIRECTION('',(1.,0.,0.));
#19806 = ORIENTED_EDGE('',*,*,#19807,.F.);
#19807 = EDGE_CURVE('',#19808,#19800,#19810,.T.);
#19808 = VERTEX_POINT('',#19809);
#19809 = CARTESIAN_POINT('',(0.277,-0.15,2.3E-02));
#19810 = LINE('',#19811,#19812);
#19811 = CARTESIAN_POINT('',(0.277,-0.15,2.3E-02));
#19812 = VECTOR('',#19813,1.);
#19813 = DIRECTION('',(0.,0.,1.));
#19814 = ORIENTED_EDGE('',*,*,#19815,.F.);
#19815 = EDGE_CURVE('',#19816,#19808,#19818,.T.);
#19816 = VERTEX_POINT('',#19817);
#19817 = CARTESIAN_POINT('',(0.2,-0.15,2.3E-02));
#19818 = LINE('',#19819,#19820);
#19819 = CARTESIAN_POINT('',(-0.277,-0.15,2.3E-02));
#19820 = VECTOR('',#19821,1.);
#19821 = DIRECTION('',(1.,0.,0.));
#19822 = ORIENTED_EDGE('',*,*,#19823,.F.);
#19823 = EDGE_CURVE('',#19615,#19816,#19824,.T.);
#19824 = LINE('',#19825,#19826);
#19825 = CARTESIAN_POINT('',(-0.277,-0.15,2.3E-02));
#19826 = VECTOR('',#19827,1.);
#19827 = DIRECTION('',(1.,0.,0.));
#19828 = PLANE('',#19829);
#19829 = AXIS2_PLACEMENT_3D('',#19830,#19831,#19832);
#19830 = CARTESIAN_POINT('',(-0.277,-0.15,2.3E-02));
#19831 = DIRECTION('',(0.,1.,0.));
#19832 = DIRECTION('',(0.,-0.,1.));
#19833 = ADVANCED_FACE('',(#19834),#19845,.T.);
#19834 = FACE_BOUND('',#19835,.T.);
#19835 = EDGE_LOOP('',(#19836,#19837,#19838,#19839));
#19836 = ORIENTED_EDGE('',*,*,#19698,.F.);
#19837 = ORIENTED_EDGE('',*,*,#19663,.F.);
#19838 = ORIENTED_EDGE('',*,*,#19581,.T.);
#19839 = ORIENTED_EDGE('',*,*,#19840,.T.);
#19840 = EDGE_CURVE('',#19582,#19699,#19841,.T.);
#19841 = LINE('',#19842,#19843);
#19842 = CARTESIAN_POINT('',(-0.223,-0.15,0.23));
#19843 = VECTOR('',#19844,1.);
#19844 = DIRECTION('',(0.,1.,0.));
#19845 = PLANE('',#19846);
#19846 = AXIS2_PLACEMENT_3D('',#19847,#19848,#19849);
#19847 = CARTESIAN_POINT('',(-0.3,-0.15,0.23));
#19848 = DIRECTION('',(0.,0.,1.));
#19849 = DIRECTION('',(1.,0.,-0.));
#19850 = ADVANCED_FACE('',(#19851),#19862,.T.);
#19851 = FACE_BOUND('',#19852,.T.);
#19852 = EDGE_LOOP('',(#19853,#19859,#19860,#19861));
#19853 = ORIENTED_EDGE('',*,*,#19854,.T.);
#19854 = EDGE_CURVE('',#19590,#19707,#19855,.T.);
#19855 = LINE('',#19856,#19857);
#19856 = CARTESIAN_POINT('',(-0.2,-0.15,0.207));
#19857 = VECTOR('',#19858,1.);
#19858 = DIRECTION('',(0.,1.,0.));
#19859 = ORIENTED_EDGE('',*,*,#19706,.T.);
#19860 = ORIENTED_EDGE('',*,*,#19840,.F.);
#19861 = ORIENTED_EDGE('',*,*,#19589,.F.);
#19862 = CYLINDRICAL_SURFACE('',#19863,2.3E-02);
#19863 = AXIS2_PLACEMENT_3D('',#19864,#19865,#19866);
#19864 = CARTESIAN_POINT('',(-0.223,-0.15,0.207));
#19865 = DIRECTION('',(0.,1.,0.));
#19866 = DIRECTION('',(1.,0.,0.));
#19867 = ADVANCED_FACE('',(#19868),#19911,.T.);
#19868 = FACE_BOUND('',#19869,.T.);
#19869 = EDGE_LOOP('',(#19870,#19871,#19872,#19873,#19881,#19889,#19897,
    #19905));
#19870 = ORIENTED_EDGE('',*,*,#19731,.F.);
#19871 = ORIENTED_EDGE('',*,*,#19723,.T.);
#19872 = ORIENTED_EDGE('',*,*,#19715,.T.);
#19873 = ORIENTED_EDGE('',*,*,#19874,.T.);
#19874 = EDGE_CURVE('',#19707,#19875,#19877,.T.);
#19875 = VERTEX_POINT('',#19876);
#19876 = CARTESIAN_POINT('',(0.2,0.15,0.207));
#19877 = LINE('',#19878,#19879);
#19878 = CARTESIAN_POINT('',(-0.2,0.15,0.207));
#19879 = VECTOR('',#19880,1.);
#19880 = DIRECTION('',(1.,0.,0.));
#19881 = ORIENTED_EDGE('',*,*,#19882,.T.);
#19882 = EDGE_CURVE('',#19875,#19883,#19885,.T.);
#19883 = VERTEX_POINT('',#19884);
#19884 = CARTESIAN_POINT('',(0.277,0.15,0.207));
#19885 = LINE('',#19886,#19887);
#19886 = CARTESIAN_POINT('',(-0.277,0.15,0.207));
#19887 = VECTOR('',#19888,1.);
#19888 = DIRECTION('',(1.,0.,0.));
#19889 = ORIENTED_EDGE('',*,*,#19890,.F.);
#19890 = EDGE_CURVE('',#19891,#19883,#19893,.T.);
#19891 = VERTEX_POINT('',#19892);
#19892 = CARTESIAN_POINT('',(0.277,0.15,2.3E-02));
#19893 = LINE('',#19894,#19895);
#19894 = CARTESIAN_POINT('',(0.277,0.15,2.3E-02));
#19895 = VECTOR('',#19896,1.);
#19896 = DIRECTION('',(0.,0.,1.));
#19897 = ORIENTED_EDGE('',*,*,#19898,.F.);
#19898 = EDGE_CURVE('',#19899,#19891,#19901,.T.);
#19899 = VERTEX_POINT('',#19900);
#19900 = CARTESIAN_POINT('',(0.2,0.15,2.3E-02));
#19901 = LINE('',#19902,#19903);
#19902 = CARTESIAN_POINT('',(-0.277,0.15,2.3E-02));
#19903 = VECTOR('',#19904,1.);
#19904 = DIRECTION('',(1.,0.,0.));
#19905 = ORIENTED_EDGE('',*,*,#19906,.F.);
#19906 = EDGE_CURVE('',#19732,#19899,#19907,.T.);
#19907 = LINE('',#19908,#19909);
#19908 = CARTESIAN_POINT('',(-0.277,0.15,2.3E-02));
#19909 = VECTOR('',#19910,1.);
#19910 = DIRECTION('',(1.,0.,0.));
#19911 = PLANE('',#19912);
#19912 = AXIS2_PLACEMENT_3D('',#19913,#19914,#19915);
#19913 = CARTESIAN_POINT('',(-0.277,0.15,2.3E-02));
#19914 = DIRECTION('',(0.,1.,0.));
#19915 = DIRECTION('',(0.,-0.,1.));
#19916 = ADVANCED_FACE('',(#19917),#19928,.F.);
#19917 = FACE_BOUND('',#19918,.F.);
#19918 = EDGE_LOOP('',(#19919,#19920,#19921,#19927));
#19919 = ORIENTED_EDGE('',*,*,#19774,.F.);
#19920 = ORIENTED_EDGE('',*,*,#19823,.T.);
#19921 = ORIENTED_EDGE('',*,*,#19922,.T.);
#19922 = EDGE_CURVE('',#19816,#19899,#19923,.T.);
#19923 = LINE('',#19924,#19925);
#19924 = CARTESIAN_POINT('',(0.2,-0.15,2.3E-02));
#19925 = VECTOR('',#19926,1.);
#19926 = DIRECTION('',(0.,1.,0.));
#19927 = ORIENTED_EDGE('',*,*,#19906,.F.);
#19928 = PLANE('',#19929);
#19929 = AXIS2_PLACEMENT_3D('',#19930,#19931,#19932);
#19930 = CARTESIAN_POINT('',(-0.277,-0.15,2.3E-02));
#19931 = DIRECTION('',(0.,0.,1.));
#19932 = DIRECTION('',(1.,0.,-0.));
#19933 = ADVANCED_FACE('',(#19934),#19997,.F.);
#19934 = FACE_BOUND('',#19935,.F.);
#19935 = EDGE_LOOP('',(#19936,#19946,#19953,#19954,#19955,#19956,#19965,
    #19973,#19982,#19990));
#19936 = ORIENTED_EDGE('',*,*,#19937,.F.);
#19937 = EDGE_CURVE('',#19938,#19940,#19942,.T.);
#19938 = VERTEX_POINT('',#19939);
#19939 = CARTESIAN_POINT('',(0.223,-0.15,-1.387778780781E-17));
#19940 = VERTEX_POINT('',#19941);
#19941 = CARTESIAN_POINT('',(0.277,-0.15,-1.387778780781E-17));
#19942 = LINE('',#19943,#19944);
#19943 = CARTESIAN_POINT('',(0.2,-0.15,0.));
#19944 = VECTOR('',#19945,1.);
#19945 = DIRECTION('',(1.,0.,0.));
#19946 = ORIENTED_EDGE('',*,*,#19947,.F.);
#19947 = EDGE_CURVE('',#19816,#19938,#19948,.T.);
#19948 = CIRCLE('',#19949,2.3E-02);
#19949 = AXIS2_PLACEMENT_3D('',#19950,#19951,#19952);
#19950 = CARTESIAN_POINT('',(0.223,-0.15,2.3E-02));
#19951 = DIRECTION('',(0.,-1.,0.));
#19952 = DIRECTION('',(0.,0.,1.));
#19953 = ORIENTED_EDGE('',*,*,#19815,.T.);
#19954 = ORIENTED_EDGE('',*,*,#19807,.T.);
#19955 = ORIENTED_EDGE('',*,*,#19799,.F.);
#19956 = ORIENTED_EDGE('',*,*,#19957,.T.);
#19957 = EDGE_CURVE('',#19792,#19958,#19960,.T.);
#19958 = VERTEX_POINT('',#19959);
#19959 = CARTESIAN_POINT('',(0.223,-0.15,0.23));
#19960 = CIRCLE('',#19961,2.3E-02);
#19961 = AXIS2_PLACEMENT_3D('',#19962,#19963,#19964);
#19962 = CARTESIAN_POINT('',(0.223,-0.15,0.207));
#19963 = DIRECTION('',(0.,1.,0.));
#19964 = DIRECTION('',(0.,-0.,1.));
#19965 = ORIENTED_EDGE('',*,*,#19966,.T.);
#19966 = EDGE_CURVE('',#19958,#19967,#19969,.T.);
#19967 = VERTEX_POINT('',#19968);
#19968 = CARTESIAN_POINT('',(0.277,-0.15,0.23));
#19969 = LINE('',#19970,#19971);
#19970 = CARTESIAN_POINT('',(0.2,-0.15,0.23));
#19971 = VECTOR('',#19972,1.);
#19972 = DIRECTION('',(1.,0.,0.));
#19973 = ORIENTED_EDGE('',*,*,#19974,.F.);
#19974 = EDGE_CURVE('',#19975,#19967,#19977,.T.);
#19975 = VERTEX_POINT('',#19976);
#19976 = CARTESIAN_POINT('',(0.3,-0.15,0.207));
#19977 = CIRCLE('',#19978,2.3E-02);
#19978 = AXIS2_PLACEMENT_3D('',#19979,#19980,#19981);
#19979 = CARTESIAN_POINT('',(0.277,-0.15,0.207));
#19980 = DIRECTION('',(0.,-1.,0.));
#19981 = DIRECTION('',(0.,0.,1.));
#19982 = ORIENTED_EDGE('',*,*,#19983,.F.);
#19983 = EDGE_CURVE('',#19984,#19975,#19986,.T.);
#19984 = VERTEX_POINT('',#19985);
#19985 = CARTESIAN_POINT('',(0.3,-0.15,2.3E-02));
#19986 = LINE('',#19987,#19988);
#19987 = CARTESIAN_POINT('',(0.3,-0.15,0.));
#19988 = VECTOR('',#19989,1.);
#19989 = DIRECTION('',(0.,0.,1.));
#19990 = ORIENTED_EDGE('',*,*,#19991,.T.);
#19991 = EDGE_CURVE('',#19984,#19940,#19992,.T.);
#19992 = CIRCLE('',#19993,2.3E-02);
#19993 = AXIS2_PLACEMENT_3D('',#19994,#19995,#19996);
#19994 = CARTESIAN_POINT('',(0.277,-0.15,2.3E-02));
#19995 = DIRECTION('',(0.,1.,0.));
#19996 = DIRECTION('',(0.,-0.,1.));
#19997 = PLANE('',#19998);
#19998 = AXIS2_PLACEMENT_3D('',#19999,#20000,#20001);
#19999 = CARTESIAN_POINT('',(0.2,-0.15,0.));
#20000 = DIRECTION('',(0.,1.,0.));
#20001 = DIRECTION('',(0.,-0.,1.));
#20002 = ADVANCED_FACE('',(#20003),#20028,.F.);
#20003 = FACE_BOUND('',#20004,.F.);
#20004 = EDGE_LOOP('',(#20005,#20006,#20014,#20022));
#20005 = ORIENTED_EDGE('',*,*,#19791,.F.);
#20006 = ORIENTED_EDGE('',*,*,#20007,.T.);
#20007 = EDGE_CURVE('',#19590,#20008,#20010,.T.);
#20008 = VERTEX_POINT('',#20009);
#20009 = CARTESIAN_POINT('',(-0.2,-0.15,0.23));
#20010 = LINE('',#20011,#20012);
#20011 = CARTESIAN_POINT('',(-0.2,-0.15,0.207));
#20012 = VECTOR('',#20013,1.);
#20013 = DIRECTION('',(0.,0.,1.));
#20014 = ORIENTED_EDGE('',*,*,#20015,.T.);
#20015 = EDGE_CURVE('',#20008,#20016,#20018,.T.);
#20016 = VERTEX_POINT('',#20017);
#20017 = CARTESIAN_POINT('',(0.2,-0.15,0.23));
#20018 = LINE('',#20019,#20020);
#20019 = CARTESIAN_POINT('',(-0.2,-0.15,0.23));
#20020 = VECTOR('',#20021,1.);
#20021 = DIRECTION('',(1.,0.,0.));
#20022 = ORIENTED_EDGE('',*,*,#20023,.F.);
#20023 = EDGE_CURVE('',#19792,#20016,#20024,.T.);
#20024 = LINE('',#20025,#20026);
#20025 = CARTESIAN_POINT('',(0.2,-0.15,0.207));
#20026 = VECTOR('',#20027,1.);
#20027 = DIRECTION('',(0.,0.,1.));
#20028 = PLANE('',#20029);
#20029 = AXIS2_PLACEMENT_3D('',#20030,#20031,#20032);
#20030 = CARTESIAN_POINT('',(-0.2,-0.15,0.207));
#20031 = DIRECTION('',(0.,1.,0.));
#20032 = DIRECTION('',(0.,-0.,1.));
#20033 = ADVANCED_FACE('',(#20034),#20052,.F.);
#20034 = FACE_BOUND('',#20035,.F.);
#20035 = EDGE_LOOP('',(#20036,#20037,#20038,#20046));
#20036 = ORIENTED_EDGE('',*,*,#20007,.F.);
#20037 = ORIENTED_EDGE('',*,*,#19854,.T.);
#20038 = ORIENTED_EDGE('',*,*,#20039,.T.);
#20039 = EDGE_CURVE('',#19707,#20040,#20042,.T.);
#20040 = VERTEX_POINT('',#20041);
#20041 = CARTESIAN_POINT('',(-0.2,0.15,0.23));
#20042 = LINE('',#20043,#20044);
#20043 = CARTESIAN_POINT('',(-0.2,0.15,0.207));
#20044 = VECTOR('',#20045,1.);
#20045 = DIRECTION('',(0.,0.,1.));
#20046 = ORIENTED_EDGE('',*,*,#20047,.F.);
#20047 = EDGE_CURVE('',#20008,#20040,#20048,.T.);
#20048 = LINE('',#20049,#20050);
#20049 = CARTESIAN_POINT('',(-0.2,-0.15,0.23));
#20050 = VECTOR('',#20051,1.);
#20051 = DIRECTION('',(0.,1.,0.));
#20052 = PLANE('',#20053);
#20053 = AXIS2_PLACEMENT_3D('',#20054,#20055,#20056);
#20054 = CARTESIAN_POINT('',(-0.2,-0.15,0.207));
#20055 = DIRECTION('',(1.,0.,0.));
#20056 = DIRECTION('',(0.,0.,1.));
#20057 = ADVANCED_FACE('',(#20058),#20121,.T.);
#20058 = FACE_BOUND('',#20059,.T.);
#20059 = EDGE_LOOP('',(#20060,#20070,#20077,#20078,#20079,#20080,#20089,
    #20097,#20106,#20114));
#20060 = ORIENTED_EDGE('',*,*,#20061,.F.);
#20061 = EDGE_CURVE('',#20062,#20064,#20066,.T.);
#20062 = VERTEX_POINT('',#20063);
#20063 = CARTESIAN_POINT('',(0.223,0.15,-1.387778780781E-17));
#20064 = VERTEX_POINT('',#20065);
#20065 = CARTESIAN_POINT('',(0.277,0.15,-1.387778780781E-17));
#20066 = LINE('',#20067,#20068);
#20067 = CARTESIAN_POINT('',(0.2,0.15,0.));
#20068 = VECTOR('',#20069,1.);
#20069 = DIRECTION('',(1.,0.,0.));
#20070 = ORIENTED_EDGE('',*,*,#20071,.F.);
#20071 = EDGE_CURVE('',#19899,#20062,#20072,.T.);
#20072 = CIRCLE('',#20073,2.3E-02);
#20073 = AXIS2_PLACEMENT_3D('',#20074,#20075,#20076);
#20074 = CARTESIAN_POINT('',(0.223,0.15,2.3E-02));
#20075 = DIRECTION('',(0.,-1.,0.));
#20076 = DIRECTION('',(0.,0.,1.));
#20077 = ORIENTED_EDGE('',*,*,#19898,.T.);
#20078 = ORIENTED_EDGE('',*,*,#19890,.T.);
#20079 = ORIENTED_EDGE('',*,*,#19882,.F.);
#20080 = ORIENTED_EDGE('',*,*,#20081,.T.);
#20081 = EDGE_CURVE('',#19875,#20082,#20084,.T.);
#20082 = VERTEX_POINT('',#20083);
#20083 = CARTESIAN_POINT('',(0.223,0.15,0.23));
#20084 = CIRCLE('',#20085,2.3E-02);
#20085 = AXIS2_PLACEMENT_3D('',#20086,#20087,#20088);
#20086 = CARTESIAN_POINT('',(0.223,0.15,0.207));
#20087 = DIRECTION('',(0.,1.,0.));
#20088 = DIRECTION('',(0.,-0.,1.));
#20089 = ORIENTED_EDGE('',*,*,#20090,.T.);
#20090 = EDGE_CURVE('',#20082,#20091,#20093,.T.);
#20091 = VERTEX_POINT('',#20092);
#20092 = CARTESIAN_POINT('',(0.277,0.15,0.23));
#20093 = LINE('',#20094,#20095);
#20094 = CARTESIAN_POINT('',(0.2,0.15,0.23));
#20095 = VECTOR('',#20096,1.);
#20096 = DIRECTION('',(1.,0.,0.));
#20097 = ORIENTED_EDGE('',*,*,#20098,.F.);
#20098 = EDGE_CURVE('',#20099,#20091,#20101,.T.);
#20099 = VERTEX_POINT('',#20100);
#20100 = CARTESIAN_POINT('',(0.3,0.15,0.207));
#20101 = CIRCLE('',#20102,2.3E-02);
#20102 = AXIS2_PLACEMENT_3D('',#20103,#20104,#20105);
#20103 = CARTESIAN_POINT('',(0.277,0.15,0.207));
#20104 = DIRECTION('',(0.,-1.,0.));
#20105 = DIRECTION('',(0.,0.,1.));
#20106 = ORIENTED_EDGE('',*,*,#20107,.F.);
#20107 = EDGE_CURVE('',#20108,#20099,#20110,.T.);
#20108 = VERTEX_POINT('',#20109);
#20109 = CARTESIAN_POINT('',(0.3,0.15,2.3E-02));
#20110 = LINE('',#20111,#20112);
#20111 = CARTESIAN_POINT('',(0.3,0.15,0.));
#20112 = VECTOR('',#20113,1.);
#20113 = DIRECTION('',(0.,0.,1.));
#20114 = ORIENTED_EDGE('',*,*,#20115,.T.);
#20115 = EDGE_CURVE('',#20108,#20064,#20116,.T.);
#20116 = CIRCLE('',#20117,2.3E-02);
#20117 = AXIS2_PLACEMENT_3D('',#20118,#20119,#20120);
#20118 = CARTESIAN_POINT('',(0.277,0.15,2.3E-02));
#20119 = DIRECTION('',(0.,1.,0.));
#20120 = DIRECTION('',(0.,-0.,1.));
#20121 = PLANE('',#20122);
#20122 = AXIS2_PLACEMENT_3D('',#20123,#20124,#20125);
#20123 = CARTESIAN_POINT('',(0.2,0.15,0.));
#20124 = DIRECTION('',(0.,1.,0.));
#20125 = DIRECTION('',(0.,-0.,1.));
#20126 = ADVANCED_FACE('',(#20127),#20145,.T.);
#20127 = FACE_BOUND('',#20128,.T.);
#20128 = EDGE_LOOP('',(#20129,#20130,#20131,#20139));
#20129 = ORIENTED_EDGE('',*,*,#19874,.F.);
#20130 = ORIENTED_EDGE('',*,*,#20039,.T.);
#20131 = ORIENTED_EDGE('',*,*,#20132,.T.);
#20132 = EDGE_CURVE('',#20040,#20133,#20135,.T.);
#20133 = VERTEX_POINT('',#20134);
#20134 = CARTESIAN_POINT('',(0.2,0.15,0.23));
#20135 = LINE('',#20136,#20137);
#20136 = CARTESIAN_POINT('',(-0.2,0.15,0.23));
#20137 = VECTOR('',#20138,1.);
#20138 = DIRECTION('',(1.,0.,0.));
#20139 = ORIENTED_EDGE('',*,*,#20140,.F.);
#20140 = EDGE_CURVE('',#19875,#20133,#20141,.T.);
#20141 = LINE('',#20142,#20143);
#20142 = CARTESIAN_POINT('',(0.2,0.15,0.207));
#20143 = VECTOR('',#20144,1.);
#20144 = DIRECTION('',(0.,0.,1.));
#20145 = PLANE('',#20146);
#20146 = AXIS2_PLACEMENT_3D('',#20147,#20148,#20149);
#20147 = CARTESIAN_POINT('',(-0.2,0.15,0.207));
#20148 = DIRECTION('',(0.,1.,0.));
#20149 = DIRECTION('',(0.,-0.,1.));
#20150 = ADVANCED_FACE('',(#20151),#20162,.T.);
#20151 = FACE_BOUND('',#20152,.T.);
#20152 = EDGE_LOOP('',(#20153,#20154,#20155,#20161));
#20153 = ORIENTED_EDGE('',*,*,#19922,.T.);
#20154 = ORIENTED_EDGE('',*,*,#20071,.T.);
#20155 = ORIENTED_EDGE('',*,*,#20156,.F.);
#20156 = EDGE_CURVE('',#19938,#20062,#20157,.T.);
#20157 = LINE('',#20158,#20159);
#20158 = CARTESIAN_POINT('',(0.223,-0.15,-1.387778780781E-17));
#20159 = VECTOR('',#20160,1.);
#20160 = DIRECTION('',(0.,1.,0.));
#20161 = ORIENTED_EDGE('',*,*,#19947,.F.);
#20162 = CYLINDRICAL_SURFACE('',#20163,2.3E-02);
#20163 = AXIS2_PLACEMENT_3D('',#20164,#20165,#20166);
#20164 = CARTESIAN_POINT('',(0.223,-0.15,2.3E-02));
#20165 = DIRECTION('',(0.,1.,0.));
#20166 = DIRECTION('',(-1.,0.,0.));
#20167 = ADVANCED_FACE('',(#20168),#20179,.F.);
#20168 = FACE_BOUND('',#20169,.F.);
#20169 = EDGE_LOOP('',(#20170,#20171,#20172,#20173));
#20170 = ORIENTED_EDGE('',*,*,#20061,.F.);
#20171 = ORIENTED_EDGE('',*,*,#20156,.F.);
#20172 = ORIENTED_EDGE('',*,*,#19937,.T.);
#20173 = ORIENTED_EDGE('',*,*,#20174,.T.);
#20174 = EDGE_CURVE('',#19940,#20064,#20175,.T.);
#20175 = LINE('',#20176,#20177);
#20176 = CARTESIAN_POINT('',(0.277,-0.15,-1.387778780781E-17));
#20177 = VECTOR('',#20178,1.);
#20178 = DIRECTION('',(0.,1.,0.));
#20179 = PLANE('',#20180);
#20180 = AXIS2_PLACEMENT_3D('',#20181,#20182,#20183);
#20181 = CARTESIAN_POINT('',(0.2,-0.15,0.));
#20182 = DIRECTION('',(0.,0.,1.));
#20183 = DIRECTION('',(1.,0.,-0.));
#20184 = ADVANCED_FACE('',(#20185),#20196,.T.);
#20185 = FACE_BOUND('',#20186,.T.);
#20186 = EDGE_LOOP('',(#20187,#20188,#20189,#20190));
#20187 = ORIENTED_EDGE('',*,*,#19991,.T.);
#20188 = ORIENTED_EDGE('',*,*,#20174,.T.);
#20189 = ORIENTED_EDGE('',*,*,#20115,.F.);
#20190 = ORIENTED_EDGE('',*,*,#20191,.F.);
#20191 = EDGE_CURVE('',#19984,#20108,#20192,.T.);
#20192 = LINE('',#20193,#20194);
#20193 = CARTESIAN_POINT('',(0.3,-0.15,2.3E-02));
#20194 = VECTOR('',#20195,1.);
#20195 = DIRECTION('',(0.,1.,0.));
#20196 = CYLINDRICAL_SURFACE('',#20197,2.3E-02);
#20197 = AXIS2_PLACEMENT_3D('',#20198,#20199,#20200);
#20198 = CARTESIAN_POINT('',(0.277,-0.15,2.3E-02));
#20199 = DIRECTION('',(0.,1.,0.));
#20200 = DIRECTION('',(1.,0.,0.));
#20201 = ADVANCED_FACE('',(#20202),#20213,.T.);
#20202 = FACE_BOUND('',#20203,.T.);
#20203 = EDGE_LOOP('',(#20204,#20205,#20206,#20207));
#20204 = ORIENTED_EDGE('',*,*,#19983,.F.);
#20205 = ORIENTED_EDGE('',*,*,#20191,.T.);
#20206 = ORIENTED_EDGE('',*,*,#20107,.T.);
#20207 = ORIENTED_EDGE('',*,*,#20208,.F.);
#20208 = EDGE_CURVE('',#19975,#20099,#20209,.T.);
#20209 = LINE('',#20210,#20211);
#20210 = CARTESIAN_POINT('',(0.3,-0.15,0.207));
#20211 = VECTOR('',#20212,1.);
#20212 = DIRECTION('',(0.,1.,0.));
#20213 = PLANE('',#20214);
#20214 = AXIS2_PLACEMENT_3D('',#20215,#20216,#20217);
#20215 = CARTESIAN_POINT('',(0.3,-0.15,0.));
#20216 = DIRECTION('',(1.,0.,0.));
#20217 = DIRECTION('',(0.,0.,1.));
#20218 = ADVANCED_FACE('',(#20219),#20230,.T.);
#20219 = FACE_BOUND('',#20220,.T.);
#20220 = EDGE_LOOP('',(#20221,#20222,#20223,#20229));
#20221 = ORIENTED_EDGE('',*,*,#20208,.T.);
#20222 = ORIENTED_EDGE('',*,*,#20098,.T.);
#20223 = ORIENTED_EDGE('',*,*,#20224,.F.);
#20224 = EDGE_CURVE('',#19967,#20091,#20225,.T.);
#20225 = LINE('',#20226,#20227);
#20226 = CARTESIAN_POINT('',(0.277,-0.15,0.23));
#20227 = VECTOR('',#20228,1.);
#20228 = DIRECTION('',(0.,1.,0.));
#20229 = ORIENTED_EDGE('',*,*,#19974,.F.);
#20230 = CYLINDRICAL_SURFACE('',#20231,2.3E-02);
#20231 = AXIS2_PLACEMENT_3D('',#20232,#20233,#20234);
#20232 = CARTESIAN_POINT('',(0.277,-0.15,0.207));
#20233 = DIRECTION('',(0.,1.,0.));
#20234 = DIRECTION('',(1.,0.,0.));
#20235 = ADVANCED_FACE('',(#20236),#20247,.T.);
#20236 = FACE_BOUND('',#20237,.T.);
#20237 = EDGE_LOOP('',(#20238,#20239,#20245,#20246));
#20238 = ORIENTED_EDGE('',*,*,#20090,.F.);
#20239 = ORIENTED_EDGE('',*,*,#20240,.F.);
#20240 = EDGE_CURVE('',#19958,#20082,#20241,.T.);
#20241 = LINE('',#20242,#20243);
#20242 = CARTESIAN_POINT('',(0.223,-0.15,0.23));
#20243 = VECTOR('',#20244,1.);
#20244 = DIRECTION('',(0.,1.,0.));
#20245 = ORIENTED_EDGE('',*,*,#19966,.T.);
#20246 = ORIENTED_EDGE('',*,*,#20224,.T.);
#20247 = PLANE('',#20248);
#20248 = AXIS2_PLACEMENT_3D('',#20249,#20250,#20251);
#20249 = CARTESIAN_POINT('',(0.2,-0.15,0.23));
#20250 = DIRECTION('',(0.,0.,1.));
#20251 = DIRECTION('',(1.,0.,-0.));
#20252 = ADVANCED_FACE('',(#20253),#20264,.T.);
#20253 = FACE_BOUND('',#20254,.T.);
#20254 = EDGE_LOOP('',(#20255,#20256,#20257,#20258));
#20255 = ORIENTED_EDGE('',*,*,#19957,.T.);
#20256 = ORIENTED_EDGE('',*,*,#20240,.T.);
#20257 = ORIENTED_EDGE('',*,*,#20081,.F.);
#20258 = ORIENTED_EDGE('',*,*,#20259,.F.);
#20259 = EDGE_CURVE('',#19792,#19875,#20260,.T.);
#20260 = LINE('',#20261,#20262);
#20261 = CARTESIAN_POINT('',(0.2,-0.15,0.207));
#20262 = VECTOR('',#20263,1.);
#20263 = DIRECTION('',(0.,1.,0.));
#20264 = CYLINDRICAL_SURFACE('',#20265,2.3E-02);
#20265 = AXIS2_PLACEMENT_3D('',#20266,#20267,#20268);
#20266 = CARTESIAN_POINT('',(0.223,-0.15,0.207));
#20267 = DIRECTION('',(0.,1.,0.));
#20268 = DIRECTION('',(-1.,0.,0.));
#20269 = ADVANCED_FACE('',(#20270),#20281,.T.);
#20270 = FACE_BOUND('',#20271,.T.);
#20271 = EDGE_LOOP('',(#20272,#20273,#20274,#20275));
#20272 = ORIENTED_EDGE('',*,*,#20023,.F.);
#20273 = ORIENTED_EDGE('',*,*,#20259,.T.);
#20274 = ORIENTED_EDGE('',*,*,#20140,.T.);
#20275 = ORIENTED_EDGE('',*,*,#20276,.F.);
#20276 = EDGE_CURVE('',#20016,#20133,#20277,.T.);
#20277 = LINE('',#20278,#20279);
#20278 = CARTESIAN_POINT('',(0.2,-0.15,0.23));
#20279 = VECTOR('',#20280,1.);
#20280 = DIRECTION('',(0.,1.,0.));
#20281 = PLANE('',#20282);
#20282 = AXIS2_PLACEMENT_3D('',#20283,#20284,#20285);
#20283 = CARTESIAN_POINT('',(0.2,-0.15,0.207));
#20284 = DIRECTION('',(1.,0.,0.));
#20285 = DIRECTION('',(0.,0.,1.));
#20286 = ADVANCED_FACE('',(#20287),#20293,.T.);
#20287 = FACE_BOUND('',#20288,.T.);
#20288 = EDGE_LOOP('',(#20289,#20290,#20291,#20292));
#20289 = ORIENTED_EDGE('',*,*,#20047,.F.);
#20290 = ORIENTED_EDGE('',*,*,#20015,.T.);
#20291 = ORIENTED_EDGE('',*,*,#20276,.T.);
#20292 = ORIENTED_EDGE('',*,*,#20132,.F.);
#20293 = PLANE('',#20294);
#20294 = AXIS2_PLACEMENT_3D('',#20295,#20296,#20297);
#20295 = CARTESIAN_POINT('',(-0.2,-0.15,0.23));
#20296 = DIRECTION('',(0.,0.,1.));
#20297 = DIRECTION('',(1.,0.,-0.));
#20298 = ( GEOMETRIC_REPRESENTATION_CONTEXT(3) 
GLOBAL_UNCERTAINTY_ASSIGNED_CONTEXT((#20302)) 
GLOBAL_UNIT_ASSIGNED_CONTEXT((#20299,#20300,#20301)) 
REPRESENTATION_CONTEXT('Context #1',
  '3D Context with UNIT and UNCERTAINTY') );
#20299 = ( LENGTH_UNIT() NAMED_UNIT(*) SI_UNIT(.MILLI.,.METRE.) );
#20300 = ( NAMED_UNIT(*) PLANE_ANGLE_UNIT() SI_UNIT($,.RADIAN.) );
#20301 = ( NAMED_UNIT(*) SI_UNIT($,.STERADIAN.) SOLID_ANGLE_UNIT() );
#20302 = UNCERTAINTY_MEASURE_WITH_UNIT(LENGTH_MEASURE(1.E-07),#20299,
  'distance_accuracy_value','confusion accuracy');
#20303 = CONTEXT_DEPENDENT_SHAPE_REPRESENTATION(#20304,#20306);
#20304 = ( REPRESENTATION_RELATIONSHIP('','',#19507,#10) 
REPRESENTATION_RELATIONSHIP_WITH_TRANSFORMATION(#20305) 
SHAPE_REPRESENTATION_RELATIONSHIP() );
#20305 = ITEM_DEFINED_TRANSFORMATION('','',#11,#39);
#20306 = PRODUCT_DEFINITION_SHAPE('Placement','Placement of an item',
  #20307);
#20307 = NEXT_ASSEMBLY_USAGE_OCCURRENCE('10','R2','',#5,#19502,$);
#20308 = PRODUCT_RELATED_PRODUCT_CATEGORY('part',$,(#19504));
#20309 = CONTEXT_DEPENDENT_SHAPE_REPRESENTATION(#20310,#20312);
#20310 = ( REPRESENTATION_RELATIONSHIP('','',#19507,#10) 
REPRESENTATION_RELATIONSHIP_WITH_TRANSFORMATION(#20311) 
SHAPE_REPRESENTATION_RELATIONSHIP() );
#20311 = ITEM_DEFINED_TRANSFORMATION('','',#11,#43);
#20312 = PRODUCT_DEFINITION_SHAPE('Placement','Placement of an item',
  #20313);
#20313 = NEXT_ASSEMBLY_USAGE_OCCURRENCE('11','R3','',#5,#19502,$);
#20314 = CONTEXT_DEPENDENT_SHAPE_REPRESENTATION(#20315,#20317);
#20315 = ( REPRESENTATION_RELATIONSHIP('','',#1689,#10) 
REPRESENTATION_RELATIONSHIP_WITH_TRANSFORMATION(#20316) 
SHAPE_REPRESENTATION_RELATIONSHIP() );
#20316 = ITEM_DEFINED_TRANSFORMATION('','',#11,#47);
#20317 = PRODUCT_DEFINITION_SHAPE('Placement','Placement of an item',
  #20318);
#20318 = NEXT_ASSEMBLY_USAGE_OCCURRENCE('12','D2','',#5,#1684,$);
#20319 = CONTEXT_DEPENDENT_SHAPE_REPRESENTATION(#20320,#20322);
#20320 = ( REPRESENTATION_RELATIONSHIP('','',#19507,#10) 
REPRESENTATION_RELATIONSHIP_WITH_TRANSFORMATION(#20321) 
SHAPE_REPRESENTATION_RELATIONSHIP() );
#20321 = ITEM_DEFINED_TRANSFORMATION('','',#11,#51);
#20322 = PRODUCT_DEFINITION_SHAPE('Placement','Placement of an item',
  #20323);
#20323 = NEXT_ASSEMBLY_USAGE_OCCURRENCE('13','R1','',#5,#19502,$);
#20324 = SHAPE_DEFINITION_REPRESENTATION(#20325,#20331);
#20325 = PRODUCT_DEFINITION_SHAPE('','',#20326);
#20326 = PRODUCT_DEFINITION('design','',#20327,#20330);
#20327 = PRODUCT_DEFINITION_FORMATION('','',#20328);
#20328 = PRODUCT('eye-tracker_PCB','eye-tracker_PCB','',(#20329));
#20329 = PRODUCT_CONTEXT('',#2,'mechanical');
#20330 = PRODUCT_DEFINITION_CONTEXT('part definition',#2,'design');
#20331 = ADVANCED_BREP_SHAPE_REPRESENTATION('',(#11,#20332),#21376);
#20332 = MANIFOLD_SOLID_BREP('',#20333);
#20333 = CLOSED_SHELL('',(#20334,#20376,#20407,#20438,#20680,#20922,
    #20939,#20956,#20973,#20990,#21007,#21024,#21041,#21058,#21075,
    #21092,#21109,#21126,#21143,#21160,#21177,#21194,#21211,#21228,
    #21245,#21257,#21279,#21296,#21313,#21325,#21342,#21359));
#20334 = ADVANCED_FACE('',(#20335),#20371,.T.);
#20335 = FACE_BOUND('',#20336,.T.);
#20336 = EDGE_LOOP('',(#20337,#20347,#20356,#20364));
#20337 = ORIENTED_EDGE('',*,*,#20338,.T.);
#20338 = EDGE_CURVE('',#20339,#20341,#20343,.T.);
#20339 = VERTEX_POINT('',#20340);
#20340 = CARTESIAN_POINT('',(123.9,-55.755,0.));
#20341 = VERTEX_POINT('',#20342);
#20342 = CARTESIAN_POINT('',(123.9,-55.755,0.53));
#20343 = LINE('',#20344,#20345);
#20344 = CARTESIAN_POINT('',(123.9,-55.755,0.));
#20345 = VECTOR('',#20346,1.);
#20346 = DIRECTION('',(0.,0.,1.));
#20347 = ORIENTED_EDGE('',*,*,#20348,.T.);
#20348 = EDGE_CURVE('',#20341,#20349,#20351,.T.);
#20349 = VERTEX_POINT('',#20350);
#20350 = CARTESIAN_POINT('',(124.9,-56.755,0.53));
#20351 = CIRCLE('',#20352,0.999999252925);
#20352 = AXIS2_PLACEMENT_3D('',#20353,#20354,#20355);
#20353 = CARTESIAN_POINT('',(123.90000074707,-56.75499925292,0.53));
#20354 = DIRECTION('',(0.,0.,-1.));
#20355 = DIRECTION('',(-7.470757349539E-07,1.,0.));
#20356 = ORIENTED_EDGE('',*,*,#20357,.F.);
#20357 = EDGE_CURVE('',#20358,#20349,#20360,.T.);
#20358 = VERTEX_POINT('',#20359);
#20359 = CARTESIAN_POINT('',(124.9,-56.755,0.));
#20360 = LINE('',#20361,#20362);
#20361 = CARTESIAN_POINT('',(124.9,-56.755,0.));
#20362 = VECTOR('',#20363,1.);
#20363 = DIRECTION('',(0.,0.,1.));
#20364 = ORIENTED_EDGE('',*,*,#20365,.F.);
#20365 = EDGE_CURVE('',#20339,#20358,#20366,.T.);
#20366 = CIRCLE('',#20367,0.999999252925);
#20367 = AXIS2_PLACEMENT_3D('',#20368,#20369,#20370);
#20368 = CARTESIAN_POINT('',(123.90000074707,-56.75499925292,0.));
#20369 = DIRECTION('',(0.,0.,-1.));
#20370 = DIRECTION('',(-7.470757349539E-07,1.,0.));
#20371 = CYLINDRICAL_SURFACE('',#20372,0.999999252925);
#20372 = AXIS2_PLACEMENT_3D('',#20373,#20374,#20375);
#20373 = CARTESIAN_POINT('',(123.90000074707,-56.75499925292,0.));
#20374 = DIRECTION('',(0.,0.,-1.));
#20375 = DIRECTION('',(-7.470757349539E-07,1.,0.));
#20376 = ADVANCED_FACE('',(#20377),#20402,.T.);
#20377 = FACE_BOUND('',#20378,.T.);
#20378 = EDGE_LOOP('',(#20379,#20389,#20395,#20396));
#20379 = ORIENTED_EDGE('',*,*,#20380,.T.);
#20380 = EDGE_CURVE('',#20381,#20383,#20385,.T.);
#20381 = VERTEX_POINT('',#20382);
#20382 = CARTESIAN_POINT('',(119.9,-55.755,0.));
#20383 = VERTEX_POINT('',#20384);
#20384 = CARTESIAN_POINT('',(119.9,-55.755,0.53));
#20385 = LINE('',#20386,#20387);
#20386 = CARTESIAN_POINT('',(119.9,-55.755,0.));
#20387 = VECTOR('',#20388,1.);
#20388 = DIRECTION('',(0.,0.,1.));
#20389 = ORIENTED_EDGE('',*,*,#20390,.T.);
#20390 = EDGE_CURVE('',#20383,#20341,#20391,.T.);
#20391 = LINE('',#20392,#20393);
#20392 = CARTESIAN_POINT('',(119.9,-55.755,0.53));
#20393 = VECTOR('',#20394,1.);
#20394 = DIRECTION('',(1.,0.,0.));
#20395 = ORIENTED_EDGE('',*,*,#20338,.F.);
#20396 = ORIENTED_EDGE('',*,*,#20397,.F.);
#20397 = EDGE_CURVE('',#20381,#20339,#20398,.T.);
#20398 = LINE('',#20399,#20400);
#20399 = CARTESIAN_POINT('',(119.9,-55.755,0.));
#20400 = VECTOR('',#20401,1.);
#20401 = DIRECTION('',(1.,0.,0.));
#20402 = PLANE('',#20403);
#20403 = AXIS2_PLACEMENT_3D('',#20404,#20405,#20406);
#20404 = CARTESIAN_POINT('',(119.9,-55.755,0.));
#20405 = DIRECTION('',(0.,1.,0.));
#20406 = DIRECTION('',(1.,0.,0.));
#20407 = ADVANCED_FACE('',(#20408),#20433,.T.);
#20408 = FACE_BOUND('',#20409,.T.);
#20409 = EDGE_LOOP('',(#20410,#20411,#20419,#20427));
#20410 = ORIENTED_EDGE('',*,*,#20357,.T.);
#20411 = ORIENTED_EDGE('',*,*,#20412,.T.);
#20412 = EDGE_CURVE('',#20349,#20413,#20415,.T.);
#20413 = VERTEX_POINT('',#20414);
#20414 = CARTESIAN_POINT('',(124.9,-66.695,0.53));
#20415 = LINE('',#20416,#20417);
#20416 = CARTESIAN_POINT('',(124.9,-56.755,0.53));
#20417 = VECTOR('',#20418,1.);
#20418 = DIRECTION('',(0.,-1.,0.));
#20419 = ORIENTED_EDGE('',*,*,#20420,.F.);
#20420 = EDGE_CURVE('',#20421,#20413,#20423,.T.);
#20421 = VERTEX_POINT('',#20422);
#20422 = CARTESIAN_POINT('',(124.9,-66.695,0.));
#20423 = LINE('',#20424,#20425);
#20424 = CARTESIAN_POINT('',(124.9,-66.695,0.));
#20425 = VECTOR('',#20426,1.);
#20426 = DIRECTION('',(0.,0.,1.));
#20427 = ORIENTED_EDGE('',*,*,#20428,.F.);
#20428 = EDGE_CURVE('',#20358,#20421,#20429,.T.);
#20429 = LINE('',#20430,#20431);
#20430 = CARTESIAN_POINT('',(124.9,-56.755,0.));
#20431 = VECTOR('',#20432,1.);
#20432 = DIRECTION('',(0.,-1.,0.));
#20433 = PLANE('',#20434);
#20434 = AXIS2_PLACEMENT_3D('',#20435,#20436,#20437);
#20435 = CARTESIAN_POINT('',(124.9,-56.755,0.));
#20436 = DIRECTION('',(1.,0.,-0.));
#20437 = DIRECTION('',(0.,-1.,0.));
#20438 = ADVANCED_FACE('',(#20439,#20608,#20642,#20653,#20664),#20675,
  .F.);
#20439 = FACE_BOUND('',#20440,.F.);
#20440 = EDGE_LOOP('',(#20441,#20442,#20443,#20452,#20460,#20468,#20476,
    #20485,#20493,#20501,#20509,#20517,#20525,#20534,#20542,#20551,
    #20559,#20568,#20576,#20584,#20593,#20601,#20607));
#20441 = ORIENTED_EDGE('',*,*,#20365,.F.);
#20442 = ORIENTED_EDGE('',*,*,#20397,.F.);
#20443 = ORIENTED_EDGE('',*,*,#20444,.F.);
#20444 = EDGE_CURVE('',#20445,#20381,#20447,.T.);
#20445 = VERTEX_POINT('',#20446);
#20446 = CARTESIAN_POINT('',(118.9,-56.755,0.));
#20447 = CIRCLE('',#20448,0.999999252925);
#20448 = AXIS2_PLACEMENT_3D('',#20449,#20450,#20451);
#20449 = CARTESIAN_POINT('',(119.89999925292,-56.75499925292,0.));
#20450 = DIRECTION('',(0.,0.,-1.));
#20451 = DIRECTION('',(-1.,-7.470757491648E-07,-0.));
#20452 = ORIENTED_EDGE('',*,*,#20453,.F.);
#20453 = EDGE_CURVE('',#20454,#20445,#20456,.T.);
#20454 = VERTEX_POINT('',#20455);
#20455 = CARTESIAN_POINT('',(118.9,-66.695,0.));
#20456 = LINE('',#20457,#20458);
#20457 = CARTESIAN_POINT('',(118.9,-66.695,0.));
#20458 = VECTOR('',#20459,1.);
#20459 = DIRECTION('',(0.,1.,0.));
#20460 = ORIENTED_EDGE('',*,*,#20461,.F.);
#20461 = EDGE_CURVE('',#20462,#20454,#20464,.T.);
#20462 = VERTEX_POINT('',#20463);
#20463 = CARTESIAN_POINT('',(122.,-66.695,0.));
#20464 = LINE('',#20465,#20466);
#20465 = CARTESIAN_POINT('',(122.,-66.695,0.));
#20466 = VECTOR('',#20467,1.);
#20467 = DIRECTION('',(-1.,0.,0.));
#20468 = ORIENTED_EDGE('',*,*,#20469,.F.);
#20469 = EDGE_CURVE('',#20470,#20462,#20472,.T.);
#20470 = VERTEX_POINT('',#20471);
#20471 = CARTESIAN_POINT('',(122.,-70.,0.));
#20472 = LINE('',#20473,#20474);
#20473 = CARTESIAN_POINT('',(122.,-70.,0.));
#20474 = VECTOR('',#20475,1.);
#20475 = DIRECTION('',(0.,1.,0.));
#20476 = ORIENTED_EDGE('',*,*,#20477,.F.);
#20477 = EDGE_CURVE('',#20478,#20470,#20480,.T.);
#20478 = VERTEX_POINT('',#20479);
#20479 = CARTESIAN_POINT('',(121.7,-70.3,0.));
#20480 = CIRCLE('',#20481,0.300000117299);
#20481 = AXIS2_PLACEMENT_3D('',#20482,#20483,#20484);
#20482 = CARTESIAN_POINT('',(121.6999998827,-69.9999998827,0.));
#20483 = DIRECTION('',(0.,0.,1.));
#20484 = DIRECTION('',(3.909953616065E-07,-1.,0.));
#20485 = ORIENTED_EDGE('',*,*,#20486,.F.);
#20486 = EDGE_CURVE('',#20487,#20478,#20489,.T.);
#20487 = VERTEX_POINT('',#20488);
#20488 = CARTESIAN_POINT('',(104.,-70.3,0.));
#20489 = LINE('',#20490,#20491);
#20490 = CARTESIAN_POINT('',(104.,-70.3,0.));
#20491 = VECTOR('',#20492,1.);
#20492 = DIRECTION('',(1.,0.,0.));
#20493 = ORIENTED_EDGE('',*,*,#20494,.F.);
#20494 = EDGE_CURVE('',#20495,#20487,#20497,.T.);
#20495 = VERTEX_POINT('',#20496);
#20496 = CARTESIAN_POINT('',(104.,-69.85,0.));
#20497 = LINE('',#20498,#20499);
#20498 = CARTESIAN_POINT('',(104.,-69.85,0.));
#20499 = VECTOR('',#20500,1.);
#20500 = DIRECTION('',(0.,-1.,0.));
#20501 = ORIENTED_EDGE('',*,*,#20502,.F.);
#20502 = EDGE_CURVE('',#20503,#20495,#20505,.T.);
#20503 = VERTEX_POINT('',#20504);
#20504 = CARTESIAN_POINT('',(109.5,-69.85,0.));
#20505 = LINE('',#20506,#20507);
#20506 = CARTESIAN_POINT('',(109.5,-69.85,0.));
#20507 = VECTOR('',#20508,1.);
#20508 = DIRECTION('',(-1.,0.,0.));
#20509 = ORIENTED_EDGE('',*,*,#20510,.F.);
#20510 = EDGE_CURVE('',#20511,#20503,#20513,.T.);
#20511 = VERTEX_POINT('',#20512);
#20512 = CARTESIAN_POINT('',(109.5,-66.2,0.));
#20513 = LINE('',#20514,#20515);
#20514 = CARTESIAN_POINT('',(109.5,-66.2,0.));
#20515 = VECTOR('',#20516,1.);
#20516 = DIRECTION('',(0.,-1.,0.));
#20517 = ORIENTED_EDGE('',*,*,#20518,.F.);
#20518 = EDGE_CURVE('',#20519,#20511,#20521,.T.);
#20519 = VERTEX_POINT('',#20520);
#20520 = CARTESIAN_POINT('',(97.4,-66.2,0.));
#20521 = LINE('',#20522,#20523);
#20522 = CARTESIAN_POINT('',(97.4,-66.2,0.));
#20523 = VECTOR('',#20524,1.);
#20524 = DIRECTION('',(1.,0.,0.));
#20525 = ORIENTED_EDGE('',*,*,#20526,.F.);
#20526 = EDGE_CURVE('',#20527,#20519,#20529,.T.);
#20527 = VERTEX_POINT('',#20528);
#20528 = CARTESIAN_POINT('',(96.2,-67.4,0.));
#20529 = CIRCLE('',#20530,1.200000469195);
#20530 = AXIS2_PLACEMENT_3D('',#20531,#20532,#20533);
#20531 = CARTESIAN_POINT('',(97.400000469195,-67.40000046919,0.));
#20532 = DIRECTION('',(0.,0.,-1.));
#20533 = DIRECTION('',(-1.,3.909953734488E-07,0.));
#20534 = ORIENTED_EDGE('',*,*,#20535,.F.);
#20535 = EDGE_CURVE('',#20536,#20527,#20538,.T.);
#20536 = VERTEX_POINT('',#20537);
#20537 = CARTESIAN_POINT('',(96.2,-72.6,0.));
#20538 = LINE('',#20539,#20540);
#20539 = CARTESIAN_POINT('',(96.2,-72.6,0.));
#20540 = VECTOR('',#20541,1.);
#20541 = DIRECTION('',(0.,1.,0.));
#20542 = ORIENTED_EDGE('',*,*,#20543,.F.);
#20543 = EDGE_CURVE('',#20544,#20536,#20546,.T.);
#20544 = VERTEX_POINT('',#20545);
#20545 = CARTESIAN_POINT('',(97.4,-73.8,0.));
#20546 = CIRCLE('',#20547,1.200000469195);
#20547 = AXIS2_PLACEMENT_3D('',#20548,#20549,#20550);
#20548 = CARTESIAN_POINT('',(97.400000469195,-72.5999995308,0.));
#20549 = DIRECTION('',(0.,0.,-1.));
#20550 = DIRECTION('',(-3.909953734488E-07,-1.,-0.));
#20551 = ORIENTED_EDGE('',*,*,#20552,.F.);
#20552 = EDGE_CURVE('',#20553,#20544,#20555,.T.);
#20553 = VERTEX_POINT('',#20554);
#20554 = CARTESIAN_POINT('',(102.8,-73.8,0.));
#20555 = LINE('',#20556,#20557);
#20556 = CARTESIAN_POINT('',(102.8,-73.8,0.));
#20557 = VECTOR('',#20558,1.);
#20558 = DIRECTION('',(-1.,0.,0.));
#20559 = ORIENTED_EDGE('',*,*,#20560,.F.);
#20560 = EDGE_CURVE('',#20561,#20553,#20563,.T.);
#20561 = VERTEX_POINT('',#20562);
#20562 = CARTESIAN_POINT('',(104.,-72.6,0.));
#20563 = CIRCLE('',#20564,1.200000469195);
#20564 = AXIS2_PLACEMENT_3D('',#20565,#20566,#20567);
#20565 = CARTESIAN_POINT('',(102.7999995308,-72.5999995308,0.));
#20566 = DIRECTION('',(0.,0.,-1.));
#20567 = DIRECTION('',(1.,-3.909953616065E-07,0.));
#20568 = ORIENTED_EDGE('',*,*,#20569,.F.);
#20569 = EDGE_CURVE('',#20570,#20561,#20572,.T.);
#20570 = VERTEX_POINT('',#20571);
#20571 = CARTESIAN_POINT('',(104.,-72.3,0.));
#20572 = LINE('',#20573,#20574);
#20573 = CARTESIAN_POINT('',(104.,-72.3,0.));
#20574 = VECTOR('',#20575,1.);
#20575 = DIRECTION('',(0.,-1.,0.));
#20576 = ORIENTED_EDGE('',*,*,#20577,.F.);
#20577 = EDGE_CURVE('',#20578,#20570,#20580,.T.);
#20578 = VERTEX_POINT('',#20579);
#20579 = CARTESIAN_POINT('',(123.,-72.3,0.));
#20580 = LINE('',#20581,#20582);
#20581 = CARTESIAN_POINT('',(123.,-72.3,0.));
#20582 = VECTOR('',#20583,1.);
#20583 = DIRECTION('',(-1.,0.,0.));
#20584 = ORIENTED_EDGE('',*,*,#20585,.F.);
#20585 = EDGE_CURVE('',#20586,#20578,#20588,.T.);
#20586 = VERTEX_POINT('',#20587);
#20587 = CARTESIAN_POINT('',(124.,-71.3,0.));
#20588 = CIRCLE('',#20589,0.999999252925);
#20589 = AXIS2_PLACEMENT_3D('',#20590,#20591,#20592);
#20590 = CARTESIAN_POINT('',(123.00000074707,-71.30000074707,0.));
#20591 = DIRECTION('',(0.,0.,-1.));
#20592 = DIRECTION('',(1.,7.470757491648E-07,0.));
#20593 = ORIENTED_EDGE('',*,*,#20594,.F.);
#20594 = EDGE_CURVE('',#20595,#20586,#20597,.T.);
#20595 = VERTEX_POINT('',#20596);
#20596 = CARTESIAN_POINT('',(124.,-66.695,0.));
#20597 = LINE('',#20598,#20599);
#20598 = CARTESIAN_POINT('',(124.,-66.695,0.));
#20599 = VECTOR('',#20600,1.);
#20600 = DIRECTION('',(0.,-1.,0.));
#20601 = ORIENTED_EDGE('',*,*,#20602,.F.);
#20602 = EDGE_CURVE('',#20421,#20595,#20603,.T.);
#20603 = LINE('',#20604,#20605);
#20604 = CARTESIAN_POINT('',(124.9,-66.695,0.));
#20605 = VECTOR('',#20606,1.);
#20606 = DIRECTION('',(-1.,0.,0.));
#20607 = ORIENTED_EDGE('',*,*,#20428,.F.);
#20608 = FACE_BOUND('',#20609,.F.);
#20609 = EDGE_LOOP('',(#20610,#20620,#20628,#20636));
#20610 = ORIENTED_EDGE('',*,*,#20611,.F.);
#20611 = EDGE_CURVE('',#20612,#20614,#20616,.T.);
#20612 = VERTEX_POINT('',#20613);
#20613 = CARTESIAN_POINT('',(97.4,-72.6,0.));
#20614 = VERTEX_POINT('',#20615);
#20615 = CARTESIAN_POINT('',(102.6,-72.6,0.));
#20616 = LINE('',#20617,#20618);
#20617 = CARTESIAN_POINT('',(97.4,-72.6,0.));
#20618 = VECTOR('',#20619,1.);
#20619 = DIRECTION('',(1.,0.,0.));
#20620 = ORIENTED_EDGE('',*,*,#20621,.F.);
#20621 = EDGE_CURVE('',#20622,#20612,#20624,.T.);
#20622 = VERTEX_POINT('',#20623);
#20623 = CARTESIAN_POINT('',(97.4,-67.4,0.));
#20624 = LINE('',#20625,#20626);
#20625 = CARTESIAN_POINT('',(97.4,-67.4,0.));
#20626 = VECTOR('',#20627,1.);
#20627 = DIRECTION('',(0.,-1.,0.));
#20628 = ORIENTED_EDGE('',*,*,#20629,.F.);
#20629 = EDGE_CURVE('',#20630,#20622,#20632,.T.);
#20630 = VERTEX_POINT('',#20631);
#20631 = CARTESIAN_POINT('',(102.6,-67.4,0.));
#20632 = LINE('',#20633,#20634);
#20633 = CARTESIAN_POINT('',(102.6,-67.4,0.));
#20634 = VECTOR('',#20635,1.);
#20635 = DIRECTION('',(-1.,0.,0.));
#20636 = ORIENTED_EDGE('',*,*,#20637,.F.);
#20637 = EDGE_CURVE('',#20614,#20630,#20638,.T.);
#20638 = LINE('',#20639,#20640);
#20639 = CARTESIAN_POINT('',(102.6,-72.6,0.));
#20640 = VECTOR('',#20641,1.);
#20641 = DIRECTION('',(0.,1.,0.));
#20642 = FACE_BOUND('',#20643,.F.);
#20643 = EDGE_LOOP('',(#20644));
#20644 = ORIENTED_EDGE('',*,*,#20645,.T.);
#20645 = EDGE_CURVE('',#20646,#20646,#20648,.T.);
#20646 = VERTEX_POINT('',#20647);
#20647 = CARTESIAN_POINT('',(105.2,-69.2,0.));
#20648 = CIRCLE('',#20649,0.7);
#20649 = AXIS2_PLACEMENT_3D('',#20650,#20651,#20652);
#20650 = CARTESIAN_POINT('',(105.2,-68.5,0.));
#20651 = DIRECTION('',(-0.,0.,-1.));
#20652 = DIRECTION('',(-0.,-1.,0.));
#20653 = FACE_BOUND('',#20654,.F.);
#20654 = EDGE_LOOP('',(#20655));
#20655 = ORIENTED_EDGE('',*,*,#20656,.T.);
#20656 = EDGE_CURVE('',#20657,#20657,#20659,.T.);
#20657 = VERTEX_POINT('',#20658);
#20658 = CARTESIAN_POINT('',(107.9,-69.2,0.));
#20659 = CIRCLE('',#20660,0.7);
#20660 = AXIS2_PLACEMENT_3D('',#20661,#20662,#20663);
#20661 = CARTESIAN_POINT('',(107.9,-68.5,0.));
#20662 = DIRECTION('',(-0.,0.,-1.));
#20663 = DIRECTION('',(-0.,-1.,0.));
#20664 = FACE_BOUND('',#20665,.F.);
#20665 = EDGE_LOOP('',(#20666));
#20666 = ORIENTED_EDGE('',*,*,#20667,.F.);
#20667 = EDGE_CURVE('',#20668,#20668,#20670,.T.);
#20668 = VERTEX_POINT('',#20669);
#20669 = CARTESIAN_POINT('',(123.52,-64.125,0.));
#20670 = CIRCLE('',#20671,0.5);
#20671 = AXIS2_PLACEMENT_3D('',#20672,#20673,#20674);
#20672 = CARTESIAN_POINT('',(123.02,-64.125,0.));
#20673 = DIRECTION('',(0.,0.,1.));
#20674 = DIRECTION('',(1.,0.,-0.));
#20675 = PLANE('',#20676);
#20676 = AXIS2_PLACEMENT_3D('',#20677,#20678,#20679);
#20677 = CARTESIAN_POINT('',(0.,0.,0.));
#20678 = DIRECTION('',(0.,0.,1.));
#20679 = DIRECTION('',(1.,0.,-0.));
#20680 = ADVANCED_FACE('',(#20681,#20850,#20884,#20895,#20906),#20917,
  .T.);
#20681 = FACE_BOUND('',#20682,.T.);
#20682 = EDGE_LOOP('',(#20683,#20684,#20685,#20694,#20702,#20710,#20718,
    #20727,#20735,#20743,#20751,#20759,#20767,#20776,#20784,#20793,
    #20801,#20810,#20818,#20826,#20835,#20843,#20849));
#20683 = ORIENTED_EDGE('',*,*,#20348,.F.);
#20684 = ORIENTED_EDGE('',*,*,#20390,.F.);
#20685 = ORIENTED_EDGE('',*,*,#20686,.F.);
#20686 = EDGE_CURVE('',#20687,#20383,#20689,.T.);
#20687 = VERTEX_POINT('',#20688);
#20688 = CARTESIAN_POINT('',(118.9,-56.755,0.53));
#20689 = CIRCLE('',#20690,0.999999252925);
#20690 = AXIS2_PLACEMENT_3D('',#20691,#20692,#20693);
#20691 = CARTESIAN_POINT('',(119.89999925292,-56.75499925292,0.53));
#20692 = DIRECTION('',(0.,0.,-1.));
#20693 = DIRECTION('',(-1.,-7.470757491648E-07,-0.));
#20694 = ORIENTED_EDGE('',*,*,#20695,.F.);
#20695 = EDGE_CURVE('',#20696,#20687,#20698,.T.);
#20696 = VERTEX_POINT('',#20697);
#20697 = CARTESIAN_POINT('',(118.9,-66.695,0.53));
#20698 = LINE('',#20699,#20700);
#20699 = CARTESIAN_POINT('',(118.9,-66.695,0.53));
#20700 = VECTOR('',#20701,1.);
#20701 = DIRECTION('',(0.,1.,0.));
#20702 = ORIENTED_EDGE('',*,*,#20703,.F.);
#20703 = EDGE_CURVE('',#20704,#20696,#20706,.T.);
#20704 = VERTEX_POINT('',#20705);
#20705 = CARTESIAN_POINT('',(122.,-66.695,0.53));
#20706 = LINE('',#20707,#20708);
#20707 = CARTESIAN_POINT('',(122.,-66.695,0.53));
#20708 = VECTOR('',#20709,1.);
#20709 = DIRECTION('',(-1.,0.,0.));
#20710 = ORIENTED_EDGE('',*,*,#20711,.F.);
#20711 = EDGE_CURVE('',#20712,#20704,#20714,.T.);
#20712 = VERTEX_POINT('',#20713);
#20713 = CARTESIAN_POINT('',(122.,-70.,0.53));
#20714 = LINE('',#20715,#20716);
#20715 = CARTESIAN_POINT('',(122.,-70.,0.53));
#20716 = VECTOR('',#20717,1.);
#20717 = DIRECTION('',(0.,1.,0.));
#20718 = ORIENTED_EDGE('',*,*,#20719,.F.);
#20719 = EDGE_CURVE('',#20720,#20712,#20722,.T.);
#20720 = VERTEX_POINT('',#20721);
#20721 = CARTESIAN_POINT('',(121.7,-70.3,0.53));
#20722 = CIRCLE('',#20723,0.300000117299);
#20723 = AXIS2_PLACEMENT_3D('',#20724,#20725,#20726);
#20724 = CARTESIAN_POINT('',(121.6999998827,-69.9999998827,0.53));
#20725 = DIRECTION('',(0.,0.,1.));
#20726 = DIRECTION('',(3.909953616065E-07,-1.,0.));
#20727 = ORIENTED_EDGE('',*,*,#20728,.F.);
#20728 = EDGE_CURVE('',#20729,#20720,#20731,.T.);
#20729 = VERTEX_POINT('',#20730);
#20730 = CARTESIAN_POINT('',(104.,-70.3,0.53));
#20731 = LINE('',#20732,#20733);
#20732 = CARTESIAN_POINT('',(104.,-70.3,0.53));
#20733 = VECTOR('',#20734,1.);
#20734 = DIRECTION('',(1.,0.,0.));
#20735 = ORIENTED_EDGE('',*,*,#20736,.F.);
#20736 = EDGE_CURVE('',#20737,#20729,#20739,.T.);
#20737 = VERTEX_POINT('',#20738);
#20738 = CARTESIAN_POINT('',(104.,-69.85,0.53));
#20739 = LINE('',#20740,#20741);
#20740 = CARTESIAN_POINT('',(104.,-69.85,0.53));
#20741 = VECTOR('',#20742,1.);
#20742 = DIRECTION('',(0.,-1.,0.));
#20743 = ORIENTED_EDGE('',*,*,#20744,.F.);
#20744 = EDGE_CURVE('',#20745,#20737,#20747,.T.);
#20745 = VERTEX_POINT('',#20746);
#20746 = CARTESIAN_POINT('',(109.5,-69.85,0.53));
#20747 = LINE('',#20748,#20749);
#20748 = CARTESIAN_POINT('',(109.5,-69.85,0.53));
#20749 = VECTOR('',#20750,1.);
#20750 = DIRECTION('',(-1.,0.,0.));
#20751 = ORIENTED_EDGE('',*,*,#20752,.F.);
#20752 = EDGE_CURVE('',#20753,#20745,#20755,.T.);
#20753 = VERTEX_POINT('',#20754);
#20754 = CARTESIAN_POINT('',(109.5,-66.2,0.53));
#20755 = LINE('',#20756,#20757);
#20756 = CARTESIAN_POINT('',(109.5,-66.2,0.53));
#20757 = VECTOR('',#20758,1.);
#20758 = DIRECTION('',(0.,-1.,0.));
#20759 = ORIENTED_EDGE('',*,*,#20760,.F.);
#20760 = EDGE_CURVE('',#20761,#20753,#20763,.T.);
#20761 = VERTEX_POINT('',#20762);
#20762 = CARTESIAN_POINT('',(97.4,-66.2,0.53));
#20763 = LINE('',#20764,#20765);
#20764 = CARTESIAN_POINT('',(97.4,-66.2,0.53));
#20765 = VECTOR('',#20766,1.);
#20766 = DIRECTION('',(1.,0.,0.));
#20767 = ORIENTED_EDGE('',*,*,#20768,.F.);
#20768 = EDGE_CURVE('',#20769,#20761,#20771,.T.);
#20769 = VERTEX_POINT('',#20770);
#20770 = CARTESIAN_POINT('',(96.2,-67.4,0.53));
#20771 = CIRCLE('',#20772,1.200000469195);
#20772 = AXIS2_PLACEMENT_3D('',#20773,#20774,#20775);
#20773 = CARTESIAN_POINT('',(97.400000469195,-67.40000046919,0.53));
#20774 = DIRECTION('',(0.,0.,-1.));
#20775 = DIRECTION('',(-1.,3.909953734488E-07,0.));
#20776 = ORIENTED_EDGE('',*,*,#20777,.F.);
#20777 = EDGE_CURVE('',#20778,#20769,#20780,.T.);
#20778 = VERTEX_POINT('',#20779);
#20779 = CARTESIAN_POINT('',(96.2,-72.6,0.53));
#20780 = LINE('',#20781,#20782);
#20781 = CARTESIAN_POINT('',(96.2,-72.6,0.53));
#20782 = VECTOR('',#20783,1.);
#20783 = DIRECTION('',(0.,1.,0.));
#20784 = ORIENTED_EDGE('',*,*,#20785,.F.);
#20785 = EDGE_CURVE('',#20786,#20778,#20788,.T.);
#20786 = VERTEX_POINT('',#20787);
#20787 = CARTESIAN_POINT('',(97.4,-73.8,0.53));
#20788 = CIRCLE('',#20789,1.200000469195);
#20789 = AXIS2_PLACEMENT_3D('',#20790,#20791,#20792);
#20790 = CARTESIAN_POINT('',(97.400000469195,-72.5999995308,0.53));
#20791 = DIRECTION('',(0.,0.,-1.));
#20792 = DIRECTION('',(-3.909953734488E-07,-1.,-0.));
#20793 = ORIENTED_EDGE('',*,*,#20794,.F.);
#20794 = EDGE_CURVE('',#20795,#20786,#20797,.T.);
#20795 = VERTEX_POINT('',#20796);
#20796 = CARTESIAN_POINT('',(102.8,-73.8,0.53));
#20797 = LINE('',#20798,#20799);
#20798 = CARTESIAN_POINT('',(102.8,-73.8,0.53));
#20799 = VECTOR('',#20800,1.);
#20800 = DIRECTION('',(-1.,0.,0.));
#20801 = ORIENTED_EDGE('',*,*,#20802,.F.);
#20802 = EDGE_CURVE('',#20803,#20795,#20805,.T.);
#20803 = VERTEX_POINT('',#20804);
#20804 = CARTESIAN_POINT('',(104.,-72.6,0.53));
#20805 = CIRCLE('',#20806,1.200000469195);
#20806 = AXIS2_PLACEMENT_3D('',#20807,#20808,#20809);
#20807 = CARTESIAN_POINT('',(102.7999995308,-72.5999995308,0.53));
#20808 = DIRECTION('',(0.,0.,-1.));
#20809 = DIRECTION('',(1.,-3.909953616065E-07,0.));
#20810 = ORIENTED_EDGE('',*,*,#20811,.F.);
#20811 = EDGE_CURVE('',#20812,#20803,#20814,.T.);
#20812 = VERTEX_POINT('',#20813);
#20813 = CARTESIAN_POINT('',(104.,-72.3,0.53));
#20814 = LINE('',#20815,#20816);
#20815 = CARTESIAN_POINT('',(104.,-72.3,0.53));
#20816 = VECTOR('',#20817,1.);
#20817 = DIRECTION('',(0.,-1.,0.));
#20818 = ORIENTED_EDGE('',*,*,#20819,.F.);
#20819 = EDGE_CURVE('',#20820,#20812,#20822,.T.);
#20820 = VERTEX_POINT('',#20821);
#20821 = CARTESIAN_POINT('',(123.,-72.3,0.53));
#20822 = LINE('',#20823,#20824);
#20823 = CARTESIAN_POINT('',(123.,-72.3,0.53));
#20824 = VECTOR('',#20825,1.);
#20825 = DIRECTION('',(-1.,0.,0.));
#20826 = ORIENTED_EDGE('',*,*,#20827,.F.);
#20827 = EDGE_CURVE('',#20828,#20820,#20830,.T.);
#20828 = VERTEX_POINT('',#20829);
#20829 = CARTESIAN_POINT('',(124.,-71.3,0.53));
#20830 = CIRCLE('',#20831,0.999999252925);
#20831 = AXIS2_PLACEMENT_3D('',#20832,#20833,#20834);
#20832 = CARTESIAN_POINT('',(123.00000074707,-71.30000074707,0.53));
#20833 = DIRECTION('',(0.,0.,-1.));
#20834 = DIRECTION('',(1.,7.470757491648E-07,0.));
#20835 = ORIENTED_EDGE('',*,*,#20836,.F.);
#20836 = EDGE_CURVE('',#20837,#20828,#20839,.T.);
#20837 = VERTEX_POINT('',#20838);
#20838 = CARTESIAN_POINT('',(124.,-66.695,0.53));
#20839 = LINE('',#20840,#20841);
#20840 = CARTESIAN_POINT('',(124.,-66.695,0.53));
#20841 = VECTOR('',#20842,1.);
#20842 = DIRECTION('',(0.,-1.,0.));
#20843 = ORIENTED_EDGE('',*,*,#20844,.F.);
#20844 = EDGE_CURVE('',#20413,#20837,#20845,.T.);
#20845 = LINE('',#20846,#20847);
#20846 = CARTESIAN_POINT('',(124.9,-66.695,0.53));
#20847 = VECTOR('',#20848,1.);
#20848 = DIRECTION('',(-1.,0.,0.));
#20849 = ORIENTED_EDGE('',*,*,#20412,.F.);
#20850 = FACE_BOUND('',#20851,.T.);
#20851 = EDGE_LOOP('',(#20852,#20862,#20870,#20878));
#20852 = ORIENTED_EDGE('',*,*,#20853,.F.);
#20853 = EDGE_CURVE('',#20854,#20856,#20858,.T.);
#20854 = VERTEX_POINT('',#20855);
#20855 = CARTESIAN_POINT('',(97.4,-72.6,0.53));
#20856 = VERTEX_POINT('',#20857);
#20857 = CARTESIAN_POINT('',(102.6,-72.6,0.53));
#20858 = LINE('',#20859,#20860);
#20859 = CARTESIAN_POINT('',(97.4,-72.6,0.53));
#20860 = VECTOR('',#20861,1.);
#20861 = DIRECTION('',(1.,0.,0.));
#20862 = ORIENTED_EDGE('',*,*,#20863,.F.);
#20863 = EDGE_CURVE('',#20864,#20854,#20866,.T.);
#20864 = VERTEX_POINT('',#20865);
#20865 = CARTESIAN_POINT('',(97.4,-67.4,0.53));
#20866 = LINE('',#20867,#20868);
#20867 = CARTESIAN_POINT('',(97.4,-67.4,0.53));
#20868 = VECTOR('',#20869,1.);
#20869 = DIRECTION('',(0.,-1.,0.));
#20870 = ORIENTED_EDGE('',*,*,#20871,.F.);
#20871 = EDGE_CURVE('',#20872,#20864,#20874,.T.);
#20872 = VERTEX_POINT('',#20873);
#20873 = CARTESIAN_POINT('',(102.6,-67.4,0.53));
#20874 = LINE('',#20875,#20876);
#20875 = CARTESIAN_POINT('',(102.6,-67.4,0.53));
#20876 = VECTOR('',#20877,1.);
#20877 = DIRECTION('',(-1.,0.,0.));
#20878 = ORIENTED_EDGE('',*,*,#20879,.F.);
#20879 = EDGE_CURVE('',#20856,#20872,#20880,.T.);
#20880 = LINE('',#20881,#20882);
#20881 = CARTESIAN_POINT('',(102.6,-72.6,0.53));
#20882 = VECTOR('',#20883,1.);
#20883 = DIRECTION('',(0.,1.,0.));
#20884 = FACE_BOUND('',#20885,.T.);
#20885 = EDGE_LOOP('',(#20886));
#20886 = ORIENTED_EDGE('',*,*,#20887,.T.);
#20887 = EDGE_CURVE('',#20888,#20888,#20890,.T.);
#20888 = VERTEX_POINT('',#20889);
#20889 = CARTESIAN_POINT('',(105.2,-69.2,0.53));
#20890 = CIRCLE('',#20891,0.7);
#20891 = AXIS2_PLACEMENT_3D('',#20892,#20893,#20894);
#20892 = CARTESIAN_POINT('',(105.2,-68.5,0.53));
#20893 = DIRECTION('',(-0.,0.,-1.));
#20894 = DIRECTION('',(-0.,-1.,0.));
#20895 = FACE_BOUND('',#20896,.T.);
#20896 = EDGE_LOOP('',(#20897));
#20897 = ORIENTED_EDGE('',*,*,#20898,.T.);
#20898 = EDGE_CURVE('',#20899,#20899,#20901,.T.);
#20899 = VERTEX_POINT('',#20900);
#20900 = CARTESIAN_POINT('',(107.9,-69.2,0.53));
#20901 = CIRCLE('',#20902,0.7);
#20902 = AXIS2_PLACEMENT_3D('',#20903,#20904,#20905);
#20903 = CARTESIAN_POINT('',(107.9,-68.5,0.53));
#20904 = DIRECTION('',(-0.,0.,-1.));
#20905 = DIRECTION('',(-0.,-1.,0.));
#20906 = FACE_BOUND('',#20907,.T.);
#20907 = EDGE_LOOP('',(#20908));
#20908 = ORIENTED_EDGE('',*,*,#20909,.F.);
#20909 = EDGE_CURVE('',#20910,#20910,#20912,.T.);
#20910 = VERTEX_POINT('',#20911);
#20911 = CARTESIAN_POINT('',(123.52,-64.125,0.53));
#20912 = CIRCLE('',#20913,0.5);
#20913 = AXIS2_PLACEMENT_3D('',#20914,#20915,#20916);
#20914 = CARTESIAN_POINT('',(123.02,-64.125,0.53));
#20915 = DIRECTION('',(0.,0.,1.));
#20916 = DIRECTION('',(1.,0.,-0.));
#20917 = PLANE('',#20918);
#20918 = AXIS2_PLACEMENT_3D('',#20919,#20920,#20921);
#20919 = CARTESIAN_POINT('',(0.,0.,0.53));
#20920 = DIRECTION('',(0.,0.,1.));
#20921 = DIRECTION('',(1.,0.,-0.));
#20922 = ADVANCED_FACE('',(#20923),#20934,.T.);
#20923 = FACE_BOUND('',#20924,.T.);
#20924 = EDGE_LOOP('',(#20925,#20931,#20932,#20933));
#20925 = ORIENTED_EDGE('',*,*,#20926,.T.);
#20926 = EDGE_CURVE('',#20445,#20687,#20927,.T.);
#20927 = LINE('',#20928,#20929);
#20928 = CARTESIAN_POINT('',(118.9,-56.755,0.));
#20929 = VECTOR('',#20930,1.);
#20930 = DIRECTION('',(0.,0.,1.));
#20931 = ORIENTED_EDGE('',*,*,#20686,.T.);
#20932 = ORIENTED_EDGE('',*,*,#20380,.F.);
#20933 = ORIENTED_EDGE('',*,*,#20444,.F.);
#20934 = CYLINDRICAL_SURFACE('',#20935,0.999999252925);
#20935 = AXIS2_PLACEMENT_3D('',#20936,#20937,#20938);
#20936 = CARTESIAN_POINT('',(119.89999925292,-56.75499925292,0.));
#20937 = DIRECTION('',(0.,0.,-1.));
#20938 = DIRECTION('',(-1.,-7.470757491648E-07,-0.));
#20939 = ADVANCED_FACE('',(#20940),#20951,.T.);
#20940 = FACE_BOUND('',#20941,.T.);
#20941 = EDGE_LOOP('',(#20942,#20943,#20944,#20950));
#20942 = ORIENTED_EDGE('',*,*,#20420,.T.);
#20943 = ORIENTED_EDGE('',*,*,#20844,.T.);
#20944 = ORIENTED_EDGE('',*,*,#20945,.F.);
#20945 = EDGE_CURVE('',#20595,#20837,#20946,.T.);
#20946 = LINE('',#20947,#20948);
#20947 = CARTESIAN_POINT('',(124.,-66.695,0.));
#20948 = VECTOR('',#20949,1.);
#20949 = DIRECTION('',(0.,0.,1.));
#20950 = ORIENTED_EDGE('',*,*,#20602,.F.);
#20951 = PLANE('',#20952);
#20952 = AXIS2_PLACEMENT_3D('',#20953,#20954,#20955);
#20953 = CARTESIAN_POINT('',(124.9,-66.695,0.));
#20954 = DIRECTION('',(0.,-1.,0.));
#20955 = DIRECTION('',(-1.,0.,0.));
#20956 = ADVANCED_FACE('',(#20957),#20968,.T.);
#20957 = FACE_BOUND('',#20958,.T.);
#20958 = EDGE_LOOP('',(#20959,#20965,#20966,#20967));
#20959 = ORIENTED_EDGE('',*,*,#20960,.T.);
#20960 = EDGE_CURVE('',#20454,#20696,#20961,.T.);
#20961 = LINE('',#20962,#20963);
#20962 = CARTESIAN_POINT('',(118.9,-66.695,0.));
#20963 = VECTOR('',#20964,1.);
#20964 = DIRECTION('',(0.,0.,1.));
#20965 = ORIENTED_EDGE('',*,*,#20695,.T.);
#20966 = ORIENTED_EDGE('',*,*,#20926,.F.);
#20967 = ORIENTED_EDGE('',*,*,#20453,.F.);
#20968 = PLANE('',#20969);
#20969 = AXIS2_PLACEMENT_3D('',#20970,#20971,#20972);
#20970 = CARTESIAN_POINT('',(118.9,-66.695,0.));
#20971 = DIRECTION('',(-1.,0.,0.));
#20972 = DIRECTION('',(0.,1.,0.));
#20973 = ADVANCED_FACE('',(#20974),#20985,.T.);
#20974 = FACE_BOUND('',#20975,.T.);
#20975 = EDGE_LOOP('',(#20976,#20977,#20978,#20984));
#20976 = ORIENTED_EDGE('',*,*,#20945,.T.);
#20977 = ORIENTED_EDGE('',*,*,#20836,.T.);
#20978 = ORIENTED_EDGE('',*,*,#20979,.F.);
#20979 = EDGE_CURVE('',#20586,#20828,#20980,.T.);
#20980 = LINE('',#20981,#20982);
#20981 = CARTESIAN_POINT('',(124.,-71.3,0.));
#20982 = VECTOR('',#20983,1.);
#20983 = DIRECTION('',(0.,0.,1.));
#20984 = ORIENTED_EDGE('',*,*,#20594,.F.);
#20985 = PLANE('',#20986);
#20986 = AXIS2_PLACEMENT_3D('',#20987,#20988,#20989);
#20987 = CARTESIAN_POINT('',(124.,-66.695,0.));
#20988 = DIRECTION('',(1.,0.,-0.));
#20989 = DIRECTION('',(0.,-1.,0.));
#20990 = ADVANCED_FACE('',(#20991),#21002,.T.);
#20991 = FACE_BOUND('',#20992,.T.);
#20992 = EDGE_LOOP('',(#20993,#20999,#21000,#21001));
#20993 = ORIENTED_EDGE('',*,*,#20994,.T.);
#20994 = EDGE_CURVE('',#20462,#20704,#20995,.T.);
#20995 = LINE('',#20996,#20997);
#20996 = CARTESIAN_POINT('',(122.,-66.695,0.));
#20997 = VECTOR('',#20998,1.);
#20998 = DIRECTION('',(0.,0.,1.));
#20999 = ORIENTED_EDGE('',*,*,#20703,.T.);
#21000 = ORIENTED_EDGE('',*,*,#20960,.F.);
#21001 = ORIENTED_EDGE('',*,*,#20461,.F.);
#21002 = PLANE('',#21003);
#21003 = AXIS2_PLACEMENT_3D('',#21004,#21005,#21006);
#21004 = CARTESIAN_POINT('',(122.,-66.695,0.));
#21005 = DIRECTION('',(0.,-1.,0.));
#21006 = DIRECTION('',(-1.,0.,0.));
#21007 = ADVANCED_FACE('',(#21008),#21019,.T.);
#21008 = FACE_BOUND('',#21009,.T.);
#21009 = EDGE_LOOP('',(#21010,#21011,#21012,#21018));
#21010 = ORIENTED_EDGE('',*,*,#20979,.T.);
#21011 = ORIENTED_EDGE('',*,*,#20827,.T.);
#21012 = ORIENTED_EDGE('',*,*,#21013,.F.);
#21013 = EDGE_CURVE('',#20578,#20820,#21014,.T.);
#21014 = LINE('',#21015,#21016);
#21015 = CARTESIAN_POINT('',(123.,-72.3,0.));
#21016 = VECTOR('',#21017,1.);
#21017 = DIRECTION('',(0.,0.,1.));
#21018 = ORIENTED_EDGE('',*,*,#20585,.F.);
#21019 = CYLINDRICAL_SURFACE('',#21020,0.999999252925);
#21020 = AXIS2_PLACEMENT_3D('',#21021,#21022,#21023);
#21021 = CARTESIAN_POINT('',(123.00000074707,-71.30000074707,0.));
#21022 = DIRECTION('',(0.,0.,-1.));
#21023 = DIRECTION('',(1.,7.470757491648E-07,0.));
#21024 = ADVANCED_FACE('',(#21025),#21036,.T.);
#21025 = FACE_BOUND('',#21026,.T.);
#21026 = EDGE_LOOP('',(#21027,#21033,#21034,#21035));
#21027 = ORIENTED_EDGE('',*,*,#21028,.T.);
#21028 = EDGE_CURVE('',#20470,#20712,#21029,.T.);
#21029 = LINE('',#21030,#21031);
#21030 = CARTESIAN_POINT('',(122.,-70.,0.));
#21031 = VECTOR('',#21032,1.);
#21032 = DIRECTION('',(0.,0.,1.));
#21033 = ORIENTED_EDGE('',*,*,#20711,.T.);
#21034 = ORIENTED_EDGE('',*,*,#20994,.F.);
#21035 = ORIENTED_EDGE('',*,*,#20469,.F.);
#21036 = PLANE('',#21037);
#21037 = AXIS2_PLACEMENT_3D('',#21038,#21039,#21040);
#21038 = CARTESIAN_POINT('',(122.,-70.,0.));
#21039 = DIRECTION('',(-1.,0.,0.));
#21040 = DIRECTION('',(0.,1.,0.));
#21041 = ADVANCED_FACE('',(#21042),#21053,.T.);
#21042 = FACE_BOUND('',#21043,.T.);
#21043 = EDGE_LOOP('',(#21044,#21045,#21046,#21052));
#21044 = ORIENTED_EDGE('',*,*,#21013,.T.);
#21045 = ORIENTED_EDGE('',*,*,#20819,.T.);
#21046 = ORIENTED_EDGE('',*,*,#21047,.F.);
#21047 = EDGE_CURVE('',#20570,#20812,#21048,.T.);
#21048 = LINE('',#21049,#21050);
#21049 = CARTESIAN_POINT('',(104.,-72.3,0.));
#21050 = VECTOR('',#21051,1.);
#21051 = DIRECTION('',(0.,0.,1.));
#21052 = ORIENTED_EDGE('',*,*,#20577,.F.);
#21053 = PLANE('',#21054);
#21054 = AXIS2_PLACEMENT_3D('',#21055,#21056,#21057);
#21055 = CARTESIAN_POINT('',(123.,-72.3,0.));
#21056 = DIRECTION('',(0.,-1.,0.));
#21057 = DIRECTION('',(-1.,0.,0.));
#21058 = ADVANCED_FACE('',(#21059),#21070,.F.);
#21059 = FACE_BOUND('',#21060,.T.);
#21060 = EDGE_LOOP('',(#21061,#21067,#21068,#21069));
#21061 = ORIENTED_EDGE('',*,*,#21062,.T.);
#21062 = EDGE_CURVE('',#20478,#20720,#21063,.T.);
#21063 = LINE('',#21064,#21065);
#21064 = CARTESIAN_POINT('',(121.7,-70.3,0.));
#21065 = VECTOR('',#21066,1.);
#21066 = DIRECTION('',(0.,0.,1.));
#21067 = ORIENTED_EDGE('',*,*,#20719,.T.);
#21068 = ORIENTED_EDGE('',*,*,#21028,.F.);
#21069 = ORIENTED_EDGE('',*,*,#20477,.F.);
#21070 = CYLINDRICAL_SURFACE('',#21071,0.300000117299);
#21071 = AXIS2_PLACEMENT_3D('',#21072,#21073,#21074);
#21072 = CARTESIAN_POINT('',(121.6999998827,-69.9999998827,0.));
#21073 = DIRECTION('',(-0.,-0.,-1.));
#21074 = DIRECTION('',(3.909953616065E-07,-1.,0.));
#21075 = ADVANCED_FACE('',(#21076),#21087,.T.);
#21076 = FACE_BOUND('',#21077,.T.);
#21077 = EDGE_LOOP('',(#21078,#21079,#21080,#21086));
#21078 = ORIENTED_EDGE('',*,*,#21047,.T.);
#21079 = ORIENTED_EDGE('',*,*,#20811,.T.);
#21080 = ORIENTED_EDGE('',*,*,#21081,.F.);
#21081 = EDGE_CURVE('',#20561,#20803,#21082,.T.);
#21082 = LINE('',#21083,#21084);
#21083 = CARTESIAN_POINT('',(104.,-72.6,0.));
#21084 = VECTOR('',#21085,1.);
#21085 = DIRECTION('',(0.,0.,1.));
#21086 = ORIENTED_EDGE('',*,*,#20569,.F.);
#21087 = PLANE('',#21088);
#21088 = AXIS2_PLACEMENT_3D('',#21089,#21090,#21091);
#21089 = CARTESIAN_POINT('',(104.,-72.3,0.));
#21090 = DIRECTION('',(1.,0.,-0.));
#21091 = DIRECTION('',(0.,-1.,0.));
#21092 = ADVANCED_FACE('',(#21093),#21104,.T.);
#21093 = FACE_BOUND('',#21094,.T.);
#21094 = EDGE_LOOP('',(#21095,#21101,#21102,#21103));
#21095 = ORIENTED_EDGE('',*,*,#21096,.T.);
#21096 = EDGE_CURVE('',#20487,#20729,#21097,.T.);
#21097 = LINE('',#21098,#21099);
#21098 = CARTESIAN_POINT('',(104.,-70.3,0.));
#21099 = VECTOR('',#21100,1.);
#21100 = DIRECTION('',(0.,0.,1.));
#21101 = ORIENTED_EDGE('',*,*,#20728,.T.);
#21102 = ORIENTED_EDGE('',*,*,#21062,.F.);
#21103 = ORIENTED_EDGE('',*,*,#20486,.F.);
#21104 = PLANE('',#21105);
#21105 = AXIS2_PLACEMENT_3D('',#21106,#21107,#21108);
#21106 = CARTESIAN_POINT('',(104.,-70.3,0.));
#21107 = DIRECTION('',(0.,1.,0.));
#21108 = DIRECTION('',(1.,0.,0.));
#21109 = ADVANCED_FACE('',(#21110),#21121,.T.);
#21110 = FACE_BOUND('',#21111,.T.);
#21111 = EDGE_LOOP('',(#21112,#21113,#21114,#21120));
#21112 = ORIENTED_EDGE('',*,*,#21081,.T.);
#21113 = ORIENTED_EDGE('',*,*,#20802,.T.);
#21114 = ORIENTED_EDGE('',*,*,#21115,.F.);
#21115 = EDGE_CURVE('',#20553,#20795,#21116,.T.);
#21116 = LINE('',#21117,#21118);
#21117 = CARTESIAN_POINT('',(102.8,-73.8,0.));
#21118 = VECTOR('',#21119,1.);
#21119 = DIRECTION('',(0.,0.,1.));
#21120 = ORIENTED_EDGE('',*,*,#20560,.F.);
#21121 = CYLINDRICAL_SURFACE('',#21122,1.200000469195);
#21122 = AXIS2_PLACEMENT_3D('',#21123,#21124,#21125);
#21123 = CARTESIAN_POINT('',(102.7999995308,-72.5999995308,0.));
#21124 = DIRECTION('',(0.,0.,-1.));
#21125 = DIRECTION('',(1.,-3.909953616065E-07,0.));
#21126 = ADVANCED_FACE('',(#21127),#21138,.T.);
#21127 = FACE_BOUND('',#21128,.T.);
#21128 = EDGE_LOOP('',(#21129,#21135,#21136,#21137));
#21129 = ORIENTED_EDGE('',*,*,#21130,.T.);
#21130 = EDGE_CURVE('',#20495,#20737,#21131,.T.);
#21131 = LINE('',#21132,#21133);
#21132 = CARTESIAN_POINT('',(104.,-69.85,0.));
#21133 = VECTOR('',#21134,1.);
#21134 = DIRECTION('',(0.,0.,1.));
#21135 = ORIENTED_EDGE('',*,*,#20736,.T.);
#21136 = ORIENTED_EDGE('',*,*,#21096,.F.);
#21137 = ORIENTED_EDGE('',*,*,#20494,.F.);
#21138 = PLANE('',#21139);
#21139 = AXIS2_PLACEMENT_3D('',#21140,#21141,#21142);
#21140 = CARTESIAN_POINT('',(104.,-69.85,0.));
#21141 = DIRECTION('',(1.,0.,-0.));
#21142 = DIRECTION('',(0.,-1.,0.));
#21143 = ADVANCED_FACE('',(#21144),#21155,.T.);
#21144 = FACE_BOUND('',#21145,.T.);
#21145 = EDGE_LOOP('',(#21146,#21147,#21148,#21154));
#21146 = ORIENTED_EDGE('',*,*,#21115,.T.);
#21147 = ORIENTED_EDGE('',*,*,#20794,.T.);
#21148 = ORIENTED_EDGE('',*,*,#21149,.F.);
#21149 = EDGE_CURVE('',#20544,#20786,#21150,.T.);
#21150 = LINE('',#21151,#21152);
#21151 = CARTESIAN_POINT('',(97.4,-73.8,0.));
#21152 = VECTOR('',#21153,1.);
#21153 = DIRECTION('',(0.,0.,1.));
#21154 = ORIENTED_EDGE('',*,*,#20552,.F.);
#21155 = PLANE('',#21156);
#21156 = AXIS2_PLACEMENT_3D('',#21157,#21158,#21159);
#21157 = CARTESIAN_POINT('',(102.8,-73.8,0.));
#21158 = DIRECTION('',(0.,-1.,0.));
#21159 = DIRECTION('',(-1.,0.,0.));
#21160 = ADVANCED_FACE('',(#21161),#21172,.T.);
#21161 = FACE_BOUND('',#21162,.T.);
#21162 = EDGE_LOOP('',(#21163,#21169,#21170,#21171));
#21163 = ORIENTED_EDGE('',*,*,#21164,.T.);
#21164 = EDGE_CURVE('',#20503,#20745,#21165,.T.);
#21165 = LINE('',#21166,#21167);
#21166 = CARTESIAN_POINT('',(109.5,-69.85,0.));
#21167 = VECTOR('',#21168,1.);
#21168 = DIRECTION('',(0.,0.,1.));
#21169 = ORIENTED_EDGE('',*,*,#20744,.T.);
#21170 = ORIENTED_EDGE('',*,*,#21130,.F.);
#21171 = ORIENTED_EDGE('',*,*,#20502,.F.);
#21172 = PLANE('',#21173);
#21173 = AXIS2_PLACEMENT_3D('',#21174,#21175,#21176);
#21174 = CARTESIAN_POINT('',(109.5,-69.85,0.));
#21175 = DIRECTION('',(0.,-1.,0.));
#21176 = DIRECTION('',(-1.,0.,0.));
#21177 = ADVANCED_FACE('',(#21178),#21189,.T.);
#21178 = FACE_BOUND('',#21179,.T.);
#21179 = EDGE_LOOP('',(#21180,#21181,#21182,#21188));
#21180 = ORIENTED_EDGE('',*,*,#21149,.T.);
#21181 = ORIENTED_EDGE('',*,*,#20785,.T.);
#21182 = ORIENTED_EDGE('',*,*,#21183,.F.);
#21183 = EDGE_CURVE('',#20536,#20778,#21184,.T.);
#21184 = LINE('',#21185,#21186);
#21185 = CARTESIAN_POINT('',(96.2,-72.6,0.));
#21186 = VECTOR('',#21187,1.);
#21187 = DIRECTION('',(0.,0.,1.));
#21188 = ORIENTED_EDGE('',*,*,#20543,.F.);
#21189 = CYLINDRICAL_SURFACE('',#21190,1.200000469195);
#21190 = AXIS2_PLACEMENT_3D('',#21191,#21192,#21193);
#21191 = CARTESIAN_POINT('',(97.400000469195,-72.5999995308,0.));
#21192 = DIRECTION('',(0.,0.,-1.));
#21193 = DIRECTION('',(-3.909953734488E-07,-1.,-0.));
#21194 = ADVANCED_FACE('',(#21195),#21206,.T.);
#21195 = FACE_BOUND('',#21196,.T.);
#21196 = EDGE_LOOP('',(#21197,#21203,#21204,#21205));
#21197 = ORIENTED_EDGE('',*,*,#21198,.T.);
#21198 = EDGE_CURVE('',#20511,#20753,#21199,.T.);
#21199 = LINE('',#21200,#21201);
#21200 = CARTESIAN_POINT('',(109.5,-66.2,0.));
#21201 = VECTOR('',#21202,1.);
#21202 = DIRECTION('',(0.,0.,1.));
#21203 = ORIENTED_EDGE('',*,*,#20752,.T.);
#21204 = ORIENTED_EDGE('',*,*,#21164,.F.);
#21205 = ORIENTED_EDGE('',*,*,#20510,.F.);
#21206 = PLANE('',#21207);
#21207 = AXIS2_PLACEMENT_3D('',#21208,#21209,#21210);
#21208 = CARTESIAN_POINT('',(109.5,-66.2,0.));
#21209 = DIRECTION('',(1.,0.,-0.));
#21210 = DIRECTION('',(0.,-1.,0.));
#21211 = ADVANCED_FACE('',(#21212),#21223,.T.);
#21212 = FACE_BOUND('',#21213,.T.);
#21213 = EDGE_LOOP('',(#21214,#21215,#21216,#21222));
#21214 = ORIENTED_EDGE('',*,*,#21183,.T.);
#21215 = ORIENTED_EDGE('',*,*,#20777,.T.);
#21216 = ORIENTED_EDGE('',*,*,#21217,.F.);
#21217 = EDGE_CURVE('',#20527,#20769,#21218,.T.);
#21218 = LINE('',#21219,#21220);
#21219 = CARTESIAN_POINT('',(96.2,-67.4,0.));
#21220 = VECTOR('',#21221,1.);
#21221 = DIRECTION('',(0.,0.,1.));
#21222 = ORIENTED_EDGE('',*,*,#20535,.F.);
#21223 = PLANE('',#21224);
#21224 = AXIS2_PLACEMENT_3D('',#21225,#21226,#21227);
#21225 = CARTESIAN_POINT('',(96.2,-72.6,0.));
#21226 = DIRECTION('',(-1.,0.,0.));
#21227 = DIRECTION('',(0.,1.,0.));
#21228 = ADVANCED_FACE('',(#21229),#21240,.T.);
#21229 = FACE_BOUND('',#21230,.T.);
#21230 = EDGE_LOOP('',(#21231,#21237,#21238,#21239));
#21231 = ORIENTED_EDGE('',*,*,#21232,.T.);
#21232 = EDGE_CURVE('',#20519,#20761,#21233,.T.);
#21233 = LINE('',#21234,#21235);
#21234 = CARTESIAN_POINT('',(97.4,-66.2,0.));
#21235 = VECTOR('',#21236,1.);
#21236 = DIRECTION('',(0.,0.,1.));
#21237 = ORIENTED_EDGE('',*,*,#20760,.T.);
#21238 = ORIENTED_EDGE('',*,*,#21198,.F.);
#21239 = ORIENTED_EDGE('',*,*,#20518,.F.);
#21240 = PLANE('',#21241);
#21241 = AXIS2_PLACEMENT_3D('',#21242,#21243,#21244);
#21242 = CARTESIAN_POINT('',(97.4,-66.2,0.));
#21243 = DIRECTION('',(0.,1.,0.));
#21244 = DIRECTION('',(1.,0.,0.));
#21245 = ADVANCED_FACE('',(#21246),#21252,.T.);
#21246 = FACE_BOUND('',#21247,.T.);
#21247 = EDGE_LOOP('',(#21248,#21249,#21250,#21251));
#21248 = ORIENTED_EDGE('',*,*,#21217,.T.);
#21249 = ORIENTED_EDGE('',*,*,#20768,.T.);
#21250 = ORIENTED_EDGE('',*,*,#21232,.F.);
#21251 = ORIENTED_EDGE('',*,*,#20526,.F.);
#21252 = CYLINDRICAL_SURFACE('',#21253,1.200000469195);
#21253 = AXIS2_PLACEMENT_3D('',#21254,#21255,#21256);
#21254 = CARTESIAN_POINT('',(97.400000469195,-67.40000046919,0.));
#21255 = DIRECTION('',(0.,0.,-1.));
#21256 = DIRECTION('',(-1.,3.909953734488E-07,0.));
#21257 = ADVANCED_FACE('',(#21258),#21274,.T.);
#21258 = FACE_BOUND('',#21259,.T.);
#21259 = EDGE_LOOP('',(#21260,#21266,#21267,#21273));
#21260 = ORIENTED_EDGE('',*,*,#21261,.T.);
#21261 = EDGE_CURVE('',#20612,#20854,#21262,.T.);
#21262 = LINE('',#21263,#21264);
#21263 = CARTESIAN_POINT('',(97.4,-72.6,0.));
#21264 = VECTOR('',#21265,1.);
#21265 = DIRECTION('',(0.,0.,1.));
#21266 = ORIENTED_EDGE('',*,*,#20853,.T.);
#21267 = ORIENTED_EDGE('',*,*,#21268,.F.);
#21268 = EDGE_CURVE('',#20614,#20856,#21269,.T.);
#21269 = LINE('',#21270,#21271);
#21270 = CARTESIAN_POINT('',(102.6,-72.6,0.));
#21271 = VECTOR('',#21272,1.);
#21272 = DIRECTION('',(0.,0.,1.));
#21273 = ORIENTED_EDGE('',*,*,#20611,.F.);
#21274 = PLANE('',#21275);
#21275 = AXIS2_PLACEMENT_3D('',#21276,#21277,#21278);
#21276 = CARTESIAN_POINT('',(97.4,-72.6,0.));
#21277 = DIRECTION('',(0.,1.,0.));
#21278 = DIRECTION('',(1.,0.,0.));
#21279 = ADVANCED_FACE('',(#21280),#21291,.T.);
#21280 = FACE_BOUND('',#21281,.T.);
#21281 = EDGE_LOOP('',(#21282,#21288,#21289,#21290));
#21282 = ORIENTED_EDGE('',*,*,#21283,.T.);
#21283 = EDGE_CURVE('',#20622,#20864,#21284,.T.);
#21284 = LINE('',#21285,#21286);
#21285 = CARTESIAN_POINT('',(97.4,-67.4,0.));
#21286 = VECTOR('',#21287,1.);
#21287 = DIRECTION('',(0.,0.,1.));
#21288 = ORIENTED_EDGE('',*,*,#20863,.T.);
#21289 = ORIENTED_EDGE('',*,*,#21261,.F.);
#21290 = ORIENTED_EDGE('',*,*,#20621,.F.);
#21291 = PLANE('',#21292);
#21292 = AXIS2_PLACEMENT_3D('',#21293,#21294,#21295);
#21293 = CARTESIAN_POINT('',(97.4,-67.4,0.));
#21294 = DIRECTION('',(1.,0.,-0.));
#21295 = DIRECTION('',(0.,-1.,0.));
#21296 = ADVANCED_FACE('',(#21297),#21308,.T.);
#21297 = FACE_BOUND('',#21298,.T.);
#21298 = EDGE_LOOP('',(#21299,#21300,#21301,#21307));
#21299 = ORIENTED_EDGE('',*,*,#21268,.T.);
#21300 = ORIENTED_EDGE('',*,*,#20879,.T.);
#21301 = ORIENTED_EDGE('',*,*,#21302,.F.);
#21302 = EDGE_CURVE('',#20630,#20872,#21303,.T.);
#21303 = LINE('',#21304,#21305);
#21304 = CARTESIAN_POINT('',(102.6,-67.4,0.));
#21305 = VECTOR('',#21306,1.);
#21306 = DIRECTION('',(0.,0.,1.));
#21307 = ORIENTED_EDGE('',*,*,#20637,.F.);
#21308 = PLANE('',#21309);
#21309 = AXIS2_PLACEMENT_3D('',#21310,#21311,#21312);
#21310 = CARTESIAN_POINT('',(102.6,-72.6,0.));
#21311 = DIRECTION('',(-1.,0.,0.));
#21312 = DIRECTION('',(0.,1.,0.));
#21313 = ADVANCED_FACE('',(#21314),#21320,.T.);
#21314 = FACE_BOUND('',#21315,.T.);
#21315 = EDGE_LOOP('',(#21316,#21317,#21318,#21319));
#21316 = ORIENTED_EDGE('',*,*,#21302,.T.);
#21317 = ORIENTED_EDGE('',*,*,#20871,.T.);
#21318 = ORIENTED_EDGE('',*,*,#21283,.F.);
#21319 = ORIENTED_EDGE('',*,*,#20629,.F.);
#21320 = PLANE('',#21321);
#21321 = AXIS2_PLACEMENT_3D('',#21322,#21323,#21324);
#21322 = CARTESIAN_POINT('',(102.6,-67.4,0.));
#21323 = DIRECTION('',(0.,-1.,0.));
#21324 = DIRECTION('',(-1.,0.,0.));
#21325 = ADVANCED_FACE('',(#21326),#21337,.F.);
#21326 = FACE_BOUND('',#21327,.T.);
#21327 = EDGE_LOOP('',(#21328,#21329,#21335,#21336));
#21328 = ORIENTED_EDGE('',*,*,#20645,.T.);
#21329 = ORIENTED_EDGE('',*,*,#21330,.T.);
#21330 = EDGE_CURVE('',#20646,#20888,#21331,.T.);
#21331 = LINE('',#21332,#21333);
#21332 = CARTESIAN_POINT('',(105.2,-69.2,-4.6E-02));
#21333 = VECTOR('',#21334,1.);
#21334 = DIRECTION('',(0.,0.,1.));
#21335 = ORIENTED_EDGE('',*,*,#20887,.F.);
#21336 = ORIENTED_EDGE('',*,*,#21330,.F.);
#21337 = CYLINDRICAL_SURFACE('',#21338,0.7);
#21338 = AXIS2_PLACEMENT_3D('',#21339,#21340,#21341);
#21339 = CARTESIAN_POINT('',(105.2,-68.5,-4.6E-02));
#21340 = DIRECTION('',(-0.,-0.,-1.));
#21341 = DIRECTION('',(-0.,-1.,0.));
#21342 = ADVANCED_FACE('',(#21343),#21354,.F.);
#21343 = FACE_BOUND('',#21344,.T.);
#21344 = EDGE_LOOP('',(#21345,#21346,#21352,#21353));
#21345 = ORIENTED_EDGE('',*,*,#20656,.T.);
#21346 = ORIENTED_EDGE('',*,*,#21347,.T.);
#21347 = EDGE_CURVE('',#20657,#20899,#21348,.T.);
#21348 = LINE('',#21349,#21350);
#21349 = CARTESIAN_POINT('',(107.9,-69.2,-4.6E-02));
#21350 = VECTOR('',#21351,1.);
#21351 = DIRECTION('',(0.,0.,1.));
#21352 = ORIENTED_EDGE('',*,*,#20898,.F.);
#21353 = ORIENTED_EDGE('',*,*,#21347,.F.);
#21354 = CYLINDRICAL_SURFACE('',#21355,0.7);
#21355 = AXIS2_PLACEMENT_3D('',#21356,#21357,#21358);
#21356 = CARTESIAN_POINT('',(107.9,-68.5,-4.6E-02));
#21357 = DIRECTION('',(-0.,-0.,-1.));
#21358 = DIRECTION('',(-0.,-1.,0.));
#21359 = ADVANCED_FACE('',(#21360),#21371,.F.);
#21360 = FACE_BOUND('',#21361,.T.);
#21361 = EDGE_LOOP('',(#21362,#21368,#21369,#21370));
#21362 = ORIENTED_EDGE('',*,*,#21363,.T.);
#21363 = EDGE_CURVE('',#20668,#20910,#21364,.T.);
#21364 = LINE('',#21365,#21366);
#21365 = CARTESIAN_POINT('',(123.52,-64.125,0.));
#21366 = VECTOR('',#21367,1.);
#21367 = DIRECTION('',(0.,0.,1.));
#21368 = ORIENTED_EDGE('',*,*,#20909,.T.);
#21369 = ORIENTED_EDGE('',*,*,#21363,.F.);
#21370 = ORIENTED_EDGE('',*,*,#20667,.F.);
#21371 = CYLINDRICAL_SURFACE('',#21372,0.5);
#21372 = AXIS2_PLACEMENT_3D('',#21373,#21374,#21375);
#21373 = CARTESIAN_POINT('',(123.02,-64.125,0.));
#21374 = DIRECTION('',(-0.,-0.,-1.));
#21375 = DIRECTION('',(1.,0.,-0.));
#21376 = ( GEOMETRIC_REPRESENTATION_CONTEXT(3) 
GLOBAL_UNCERTAINTY_ASSIGNED_CONTEXT((#21380)) 
GLOBAL_UNIT_ASSIGNED_CONTEXT((#21377,#21378,#21379)) 
REPRESENTATION_CONTEXT('Context #1',
  '3D Context with UNIT and UNCERTAINTY') );
#21377 = ( LENGTH_UNIT() NAMED_UNIT(*) SI_UNIT(.MILLI.,.METRE.) );
#21378 = ( NAMED_UNIT(*) PLANE_ANGLE_UNIT() SI_UNIT($,.RADIAN.) );
#21379 = ( NAMED_UNIT(*) SI_UNIT($,.STERADIAN.) SOLID_ANGLE_UNIT() );
#21380 = UNCERTAINTY_MEASURE_WITH_UNIT(LENGTH_MEASURE(1.E-07),#21377,
  'distance_accuracy_value','confusion accuracy');
#21381 = CONTEXT_DEPENDENT_SHAPE_REPRESENTATION(#21382,#21384);
#21382 = ( REPRESENTATION_RELATIONSHIP('','',#20331,#10) 
REPRESENTATION_RELATIONSHIP_WITH_TRANSFORMATION(#21383) 
SHAPE_REPRESENTATION_RELATIONSHIP() );
#21383 = ITEM_DEFINED_TRANSFORMATION('','',#11,#55);
#21384 = PRODUCT_DEFINITION_SHAPE('Placement','Placement of an item',
  #21385);
#21385 = NEXT_ASSEMBLY_USAGE_OCCURRENCE('14','=>[0:1:1:7]','',#5,#20326,
  $);
#21386 = PRODUCT_RELATED_PRODUCT_CATEGORY('part',$,(#20328));
#21387 = MECHANICAL_DESIGN_GEOMETRIC_PRESENTATION_REPRESENTATION('',(
    #21388,#21396,#21403,#21410,#21417,#21424,#21431,#21438,#21446,
    #21453,#21460,#21467,#21474,#21481,#21489,#21496,#21503,#21510,
    #21517,#21524,#21531,#21538,#21545,#21552,#21559,#21566),#20298);
#21388 = STYLED_ITEM('color',(#21389),#19510);
#21389 = PRESENTATION_STYLE_ASSIGNMENT((#21390));
#21390 = SURFACE_STYLE_USAGE(.BOTH.,#21391);
#21391 = SURFACE_SIDE_STYLE('',(#21392));
#21392 = SURFACE_STYLE_FILL_AREA(#21393);
#21393 = FILL_AREA_STYLE('',(#21394));
#21394 = FILL_AREA_STYLE_COLOUR('',#21395);
#21395 = COLOUR_RGB('',0.823999987314,0.819999987296,0.781000009244);
#21396 = STYLED_ITEM('color',(#21397),#19550);
#21397 = PRESENTATION_STYLE_ASSIGNMENT((#21398));
#21398 = SURFACE_STYLE_USAGE(.BOTH.,#21399);
#21399 = SURFACE_SIDE_STYLE('',(#21400));
#21400 = SURFACE_STYLE_FILL_AREA(#21401);
#21401 = FILL_AREA_STYLE('',(#21402));
#21402 = FILL_AREA_STYLE_COLOUR('',#21395);
#21403 = STYLED_ITEM('color',(#21404),#19633);
#21404 = PRESENTATION_STYLE_ASSIGNMENT((#21405));
#21405 = SURFACE_STYLE_USAGE(.BOTH.,#21406);
#21406 = SURFACE_SIDE_STYLE('',(#21407));
#21407 = SURFACE_STYLE_FILL_AREA(#21408);
#21408 = FILL_AREA_STYLE('',(#21409));
#21409 = FILL_AREA_STYLE_COLOUR('',#21395);
#21410 = STYLED_ITEM('color',(#21411),#19658);
#21411 = PRESENTATION_STYLE_ASSIGNMENT((#21412));
#21412 = SURFACE_STYLE_USAGE(.BOTH.,#21413);
#21413 = SURFACE_SIDE_STYLE('',(#21414));
#21414 = SURFACE_STYLE_FILL_AREA(#21415);
#21415 = FILL_AREA_STYLE('',(#21416));
#21416 = FILL_AREA_STYLE_COLOUR('',#21395);
#21417 = STYLED_ITEM('color',(#21418),#19683);
#21418 = PRESENTATION_STYLE_ASSIGNMENT((#21419));
#21419 = SURFACE_STYLE_USAGE(.BOTH.,#21420);
#21420 = SURFACE_SIDE_STYLE('',(#21421));
#21421 = SURFACE_STYLE_FILL_AREA(#21422);
#21422 = FILL_AREA_STYLE('',(#21423));
#21423 = FILL_AREA_STYLE_COLOUR('',#21395);
#21424 = STYLED_ITEM('color',(#21425),#19750);
#21425 = PRESENTATION_STYLE_ASSIGNMENT((#21426));
#21426 = SURFACE_STYLE_USAGE(.BOTH.,#21427);
#21427 = SURFACE_SIDE_STYLE('',(#21428));
#21428 = SURFACE_STYLE_FILL_AREA(#21429);
#21429 = FILL_AREA_STYLE('',(#21430));
#21430 = FILL_AREA_STYLE_COLOUR('',#21395);
#21431 = STYLED_ITEM('color',(#21432),#19767);
#21432 = PRESENTATION_STYLE_ASSIGNMENT((#21433));
#21433 = SURFACE_STYLE_USAGE(.BOTH.,#21434);
#21434 = SURFACE_SIDE_STYLE('',(#21435));
#21435 = SURFACE_STYLE_FILL_AREA(#21436);
#21436 = FILL_AREA_STYLE('',(#21437));
#21437 = FILL_AREA_STYLE_COLOUR('',#21395);
#21438 = STYLED_ITEM('color',(#21439),#19784);
#21439 = PRESENTATION_STYLE_ASSIGNMENT((#21440));
#21440 = SURFACE_STYLE_USAGE(.BOTH.,#21441);
#21441 = SURFACE_SIDE_STYLE('',(#21442));
#21442 = SURFACE_STYLE_FILL_AREA(#21443);
#21443 = FILL_AREA_STYLE('',(#21444));
#21444 = FILL_AREA_STYLE_COLOUR('',#21445);
#21445 = COLOUR_RGB('',0.894999966383,0.890999961016,0.813000030345);
#21446 = STYLED_ITEM('color',(#21447),#19833);
#21447 = PRESENTATION_STYLE_ASSIGNMENT((#21448));
#21448 = SURFACE_STYLE_USAGE(.BOTH.,#21449);
#21449 = SURFACE_SIDE_STYLE('',(#21450));
#21450 = SURFACE_STYLE_FILL_AREA(#21451);
#21451 = FILL_AREA_STYLE('',(#21452));
#21452 = FILL_AREA_STYLE_COLOUR('',#21395);
#21453 = STYLED_ITEM('color',(#21454),#19850);
#21454 = PRESENTATION_STYLE_ASSIGNMENT((#21455));
#21455 = SURFACE_STYLE_USAGE(.BOTH.,#21456);
#21456 = SURFACE_SIDE_STYLE('',(#21457));
#21457 = SURFACE_STYLE_FILL_AREA(#21458);
#21458 = FILL_AREA_STYLE('',(#21459));
#21459 = FILL_AREA_STYLE_COLOUR('',#21395);
#21460 = STYLED_ITEM('color',(#21461),#19867);
#21461 = PRESENTATION_STYLE_ASSIGNMENT((#21462));
#21462 = SURFACE_STYLE_USAGE(.BOTH.,#21463);
#21463 = SURFACE_SIDE_STYLE('',(#21464));
#21464 = SURFACE_STYLE_FILL_AREA(#21465);
#21465 = FILL_AREA_STYLE('',(#21466));
#21466 = FILL_AREA_STYLE_COLOUR('',#21445);
#21467 = STYLED_ITEM('color',(#21468),#19916);
#21468 = PRESENTATION_STYLE_ASSIGNMENT((#21469));
#21469 = SURFACE_STYLE_USAGE(.BOTH.,#21470);
#21470 = SURFACE_SIDE_STYLE('',(#21471));
#21471 = SURFACE_STYLE_FILL_AREA(#21472);
#21472 = FILL_AREA_STYLE('',(#21473));
#21473 = FILL_AREA_STYLE_COLOUR('',#21445);
#21474 = STYLED_ITEM('color',(#21475),#19933);
#21475 = PRESENTATION_STYLE_ASSIGNMENT((#21476));
#21476 = SURFACE_STYLE_USAGE(.BOTH.,#21477);
#21477 = SURFACE_SIDE_STYLE('',(#21478));
#21478 = SURFACE_STYLE_FILL_AREA(#21479);
#21479 = FILL_AREA_STYLE('',(#21480));
#21480 = FILL_AREA_STYLE_COLOUR('',#21395);
#21481 = STYLED_ITEM('color',(#21482),#20002);
#21482 = PRESENTATION_STYLE_ASSIGNMENT((#21483));
#21483 = SURFACE_STYLE_USAGE(.BOTH.,#21484);
#21484 = SURFACE_SIDE_STYLE('',(#21485));
#21485 = SURFACE_STYLE_FILL_AREA(#21486);
#21486 = FILL_AREA_STYLE('',(#21487));
#21487 = FILL_AREA_STYLE_COLOUR('',#21488);
#21488 = COLOUR_RGB('',8.200000279077E-02,8.600000121357E-02,
  9.399999706163E-02);
#21489 = STYLED_ITEM('color',(#21490),#20033);
#21490 = PRESENTATION_STYLE_ASSIGNMENT((#21491));
#21491 = SURFACE_STYLE_USAGE(.BOTH.,#21492);
#21492 = SURFACE_SIDE_STYLE('',(#21493));
#21493 = SURFACE_STYLE_FILL_AREA(#21494);
#21494 = FILL_AREA_STYLE('',(#21495));
#21495 = FILL_AREA_STYLE_COLOUR('',#21488);
#21496 = STYLED_ITEM('color',(#21497),#20057);
#21497 = PRESENTATION_STYLE_ASSIGNMENT((#21498));
#21498 = SURFACE_STYLE_USAGE(.BOTH.,#21499);
#21499 = SURFACE_SIDE_STYLE('',(#21500));
#21500 = SURFACE_STYLE_FILL_AREA(#21501);
#21501 = FILL_AREA_STYLE('',(#21502));
#21502 = FILL_AREA_STYLE_COLOUR('',#21395);
#21503 = STYLED_ITEM('color',(#21504),#20126);
#21504 = PRESENTATION_STYLE_ASSIGNMENT((#21505));
#21505 = SURFACE_STYLE_USAGE(.BOTH.,#21506);
#21506 = SURFACE_SIDE_STYLE('',(#21507));
#21507 = SURFACE_STYLE_FILL_AREA(#21508);
#21508 = FILL_AREA_STYLE('',(#21509));
#21509 = FILL_AREA_STYLE_COLOUR('',#21488);
#21510 = STYLED_ITEM('color',(#21511),#20150);
#21511 = PRESENTATION_STYLE_ASSIGNMENT((#21512));
#21512 = SURFACE_STYLE_USAGE(.BOTH.,#21513);
#21513 = SURFACE_SIDE_STYLE('',(#21514));
#21514 = SURFACE_STYLE_FILL_AREA(#21515);
#21515 = FILL_AREA_STYLE('',(#21516));
#21516 = FILL_AREA_STYLE_COLOUR('',#21395);
#21517 = STYLED_ITEM('color',(#21518),#20167);
#21518 = PRESENTATION_STYLE_ASSIGNMENT((#21519));
#21519 = SURFACE_STYLE_USAGE(.BOTH.,#21520);
#21520 = SURFACE_SIDE_STYLE('',(#21521));
#21521 = SURFACE_STYLE_FILL_AREA(#21522);
#21522 = FILL_AREA_STYLE('',(#21523));
#21523 = FILL_AREA_STYLE_COLOUR('',#21395);
#21524 = STYLED_ITEM('color',(#21525),#20184);
#21525 = PRESENTATION_STYLE_ASSIGNMENT((#21526));
#21526 = SURFACE_STYLE_USAGE(.BOTH.,#21527);
#21527 = SURFACE_SIDE_STYLE('',(#21528));
#21528 = SURFACE_STYLE_FILL_AREA(#21529);
#21529 = FILL_AREA_STYLE('',(#21530));
#21530 = FILL_AREA_STYLE_COLOUR('',#21395);
#21531 = STYLED_ITEM('color',(#21532),#20201);
#21532 = PRESENTATION_STYLE_ASSIGNMENT((#21533));
#21533 = SURFACE_STYLE_USAGE(.BOTH.,#21534);
#21534 = SURFACE_SIDE_STYLE('',(#21535));
#21535 = SURFACE_STYLE_FILL_AREA(#21536);
#21536 = FILL_AREA_STYLE('',(#21537));
#21537 = FILL_AREA_STYLE_COLOUR('',#21395);
#21538 = STYLED_ITEM('color',(#21539),#20218);
#21539 = PRESENTATION_STYLE_ASSIGNMENT((#21540));
#21540 = SURFACE_STYLE_USAGE(.BOTH.,#21541);
#21541 = SURFACE_SIDE_STYLE('',(#21542));
#21542 = SURFACE_STYLE_FILL_AREA(#21543);
#21543 = FILL_AREA_STYLE('',(#21544));
#21544 = FILL_AREA_STYLE_COLOUR('',#21395);
#21545 = STYLED_ITEM('color',(#21546),#20235);
#21546 = PRESENTATION_STYLE_ASSIGNMENT((#21547));
#21547 = SURFACE_STYLE_USAGE(.BOTH.,#21548);
#21548 = SURFACE_SIDE_STYLE('',(#21549));
#21549 = SURFACE_STYLE_FILL_AREA(#21550);
#21550 = FILL_AREA_STYLE('',(#21551));
#21551 = FILL_AREA_STYLE_COLOUR('',#21395);
#21552 = STYLED_ITEM('color',(#21553),#20252);
#21553 = PRESENTATION_STYLE_ASSIGNMENT((#21554));
#21554 = SURFACE_STYLE_USAGE(.BOTH.,#21555);
#21555 = SURFACE_SIDE_STYLE('',(#21556));
#21556 = SURFACE_STYLE_FILL_AREA(#21557);
#21557 = FILL_AREA_STYLE('',(#21558));
#21558 = FILL_AREA_STYLE_COLOUR('',#21395);
#21559 = STYLED_ITEM('color',(#21560),#20269);
#21560 = PRESENTATION_STYLE_ASSIGNMENT((#21561));
#21561 = SURFACE_STYLE_USAGE(.BOTH.,#21562);
#21562 = SURFACE_SIDE_STYLE('',(#21563));
#21563 = SURFACE_STYLE_FILL_AREA(#21564);
#21564 = FILL_AREA_STYLE('',(#21565));
#21565 = FILL_AREA_STYLE_COLOUR('',#21488);
#21566 = STYLED_ITEM('color',(#21567),#20286);
#21567 = PRESENTATION_STYLE_ASSIGNMENT((#21568));
#21568 = SURFACE_STYLE_USAGE(.BOTH.,#21569);
#21569 = SURFACE_SIDE_STYLE('',(#21570));
#21570 = SURFACE_STYLE_FILL_AREA(#21571);
#21571 = FILL_AREA_STYLE('',(#21572));
#21572 = FILL_AREA_STYLE_COLOUR('',#21488);
#21573 = MECHANICAL_DESIGN_GEOMETRIC_PRESENTATION_REPRESENTATION('',(
    #21574,#21582,#21590,#21597,#21604,#21611,#21618,#21625,#21633,
    #21640,#21647,#21654,#21661,#21668,#21675,#21682,#21689,#21696,
    #21703,#21710,#21717,#21724,#21731,#21738,#21745,#21752,#21759,
    #21766,#21773,#21780,#21787,#21794,#21801,#21808,#21815,#21822,
    #21829),#1666);
#21574 = STYLED_ITEM('color',(#21575),#96);
#21575 = PRESENTATION_STYLE_ASSIGNMENT((#21576));
#21576 = SURFACE_STYLE_USAGE(.BOTH.,#21577);
#21577 = SURFACE_SIDE_STYLE('',(#21578));
#21578 = SURFACE_STYLE_FILL_AREA(#21579);
#21579 = FILL_AREA_STYLE('',(#21580));
#21580 = FILL_AREA_STYLE_COLOUR('',#21581);
#21581 = COLOUR_RGB('',0.247058835734,0.247058835734,0.247058835734);
#21582 = OVER_RIDING_STYLED_ITEM('overriding color',(#21583),#98,#21574
  );
#21583 = PRESENTATION_STYLE_ASSIGNMENT((#21584));
#21584 = SURFACE_STYLE_USAGE(.BOTH.,#21585);
#21585 = SURFACE_SIDE_STYLE('',(#21586));
#21586 = SURFACE_STYLE_FILL_AREA(#21587);
#21587 = FILL_AREA_STYLE('',(#21588));
#21588 = FILL_AREA_STYLE_COLOUR('',#21589);
#21589 = COLOUR_RGB('',0.890196148167,0.847058894953,0.290196088226);
#21590 = OVER_RIDING_STYLED_ITEM('overriding color',(#21591),#138,#21574
  );
#21591 = PRESENTATION_STYLE_ASSIGNMENT((#21592));
#21592 = SURFACE_STYLE_USAGE(.BOTH.,#21593);
#21593 = SURFACE_SIDE_STYLE('',(#21594));
#21594 = SURFACE_STYLE_FILL_AREA(#21595);
#21595 = FILL_AREA_STYLE('',(#21596));
#21596 = FILL_AREA_STYLE_COLOUR('',#21589);
#21597 = OVER_RIDING_STYLED_ITEM('overriding color',(#21598),#189,#21574
  );
#21598 = PRESENTATION_STYLE_ASSIGNMENT((#21599));
#21599 = SURFACE_STYLE_USAGE(.BOTH.,#21600);
#21600 = SURFACE_SIDE_STYLE('',(#21601));
#21601 = SURFACE_STYLE_FILL_AREA(#21602);
#21602 = FILL_AREA_STYLE('',(#21603));
#21603 = FILL_AREA_STYLE_COLOUR('',#21589);
#21604 = OVER_RIDING_STYLED_ITEM('overriding color',(#21605),#229,#21574
  );
#21605 = PRESENTATION_STYLE_ASSIGNMENT((#21606));
#21606 = SURFACE_STYLE_USAGE(.BOTH.,#21607);
#21607 = SURFACE_SIDE_STYLE('',(#21608));
#21608 = SURFACE_STYLE_FILL_AREA(#21609);
#21609 = FILL_AREA_STYLE('',(#21610));
#21610 = FILL_AREA_STYLE_COLOUR('',#21589);
#21611 = OVER_RIDING_STYLED_ITEM('overriding color',(#21612),#269,#21574
  );
#21612 = PRESENTATION_STYLE_ASSIGNMENT((#21613));
#21613 = SURFACE_STYLE_USAGE(.BOTH.,#21614);
#21614 = SURFACE_SIDE_STYLE('',(#21615));
#21615 = SURFACE_STYLE_FILL_AREA(#21616);
#21616 = FILL_AREA_STYLE('',(#21617));
#21617 = FILL_AREA_STYLE_COLOUR('',#21589);
#21618 = OVER_RIDING_STYLED_ITEM('overriding color',(#21619),#286,#21574
  );
#21619 = PRESENTATION_STYLE_ASSIGNMENT((#21620));
#21620 = SURFACE_STYLE_USAGE(.BOTH.,#21621);
#21621 = SURFACE_SIDE_STYLE('',(#21622));
#21622 = SURFACE_STYLE_FILL_AREA(#21623);
#21623 = FILL_AREA_STYLE('',(#21624));
#21624 = FILL_AREA_STYLE_COLOUR('',#21589);
#21625 = OVER_RIDING_STYLED_ITEM('overriding color',(#21626),#559,#21574
  );
#21626 = PRESENTATION_STYLE_ASSIGNMENT((#21627));
#21627 = SURFACE_STYLE_USAGE(.BOTH.,#21628);
#21628 = SURFACE_SIDE_STYLE('',(#21629));
#21629 = SURFACE_STYLE_FILL_AREA(#21630);
#21630 = FILL_AREA_STYLE('',(#21631));
#21631 = FILL_AREA_STYLE_COLOUR('',#21632);
#21632 = COLOUR_RGB('',0.94901966569,0.733333345324,0.156862749342);
#21633 = OVER_RIDING_STYLED_ITEM('overriding color',(#21634),#590,#21574
  );
#21634 = PRESENTATION_STYLE_ASSIGNMENT((#21635));
#21635 = SURFACE_STYLE_USAGE(.BOTH.,#21636);
#21636 = SURFACE_SIDE_STYLE('',(#21637));
#21637 = SURFACE_STYLE_FILL_AREA(#21638);
#21638 = FILL_AREA_STYLE('',(#21639));
#21639 = FILL_AREA_STYLE_COLOUR('',#21632);
#21640 = OVER_RIDING_STYLED_ITEM('overriding color',(#21641),#614,#21574
  );
#21641 = PRESENTATION_STYLE_ASSIGNMENT((#21642));
#21642 = SURFACE_STYLE_USAGE(.BOTH.,#21643);
#21643 = SURFACE_SIDE_STYLE('',(#21644));
#21644 = SURFACE_STYLE_FILL_AREA(#21645);
#21645 = FILL_AREA_STYLE('',(#21646));
#21646 = FILL_AREA_STYLE_COLOUR('',#21632);
#21647 = OVER_RIDING_STYLED_ITEM('overriding color',(#21648),#638,#21574
  );
#21648 = PRESENTATION_STYLE_ASSIGNMENT((#21649));
#21649 = SURFACE_STYLE_USAGE(.BOTH.,#21650);
#21650 = SURFACE_SIDE_STYLE('',(#21651));
#21651 = SURFACE_STYLE_FILL_AREA(#21652);
#21652 = FILL_AREA_STYLE('',(#21653));
#21653 = FILL_AREA_STYLE_COLOUR('',#21632);
#21654 = OVER_RIDING_STYLED_ITEM('overriding color',(#21655),#670,#21574
  );
#21655 = PRESENTATION_STYLE_ASSIGNMENT((#21656));
#21656 = SURFACE_STYLE_USAGE(.BOTH.,#21657);
#21657 = SURFACE_SIDE_STYLE('',(#21658));
#21658 = SURFACE_STYLE_FILL_AREA(#21659);
#21659 = FILL_AREA_STYLE('',(#21660));
#21660 = FILL_AREA_STYLE_COLOUR('',#21632);
#21661 = OVER_RIDING_STYLED_ITEM('overriding color',(#21662),#711,#21574
  );
#21662 = PRESENTATION_STYLE_ASSIGNMENT((#21663));
#21663 = SURFACE_STYLE_USAGE(.BOTH.,#21664);
#21664 = SURFACE_SIDE_STYLE('',(#21665));
#21665 = SURFACE_STYLE_FILL_AREA(#21666);
#21666 = FILL_AREA_STYLE('',(#21667));
#21667 = FILL_AREA_STYLE_COLOUR('',#21632);
#21668 = OVER_RIDING_STYLED_ITEM('overriding color',(#21669),#727,#21574
  );
#21669 = PRESENTATION_STYLE_ASSIGNMENT((#21670));
#21670 = SURFACE_STYLE_USAGE(.BOTH.,#21671);
#21671 = SURFACE_SIDE_STYLE('',(#21672));
#21672 = SURFACE_STYLE_FILL_AREA(#21673);
#21673 = FILL_AREA_STYLE('',(#21674));
#21674 = FILL_AREA_STYLE_COLOUR('',#21589);
#21675 = OVER_RIDING_STYLED_ITEM('overriding color',(#21676),#739,#21574
  );
#21676 = PRESENTATION_STYLE_ASSIGNMENT((#21677));
#21677 = SURFACE_STYLE_USAGE(.BOTH.,#21678);
#21678 = SURFACE_SIDE_STYLE('',(#21679));
#21679 = SURFACE_STYLE_FILL_AREA(#21680);
#21680 = FILL_AREA_STYLE('',(#21681));
#21681 = FILL_AREA_STYLE_COLOUR('',#21632);
#21682 = OVER_RIDING_STYLED_ITEM('overriding color',(#21683),#757,#21574
  );
#21683 = PRESENTATION_STYLE_ASSIGNMENT((#21684));
#21684 = SURFACE_STYLE_USAGE(.BOTH.,#21685);
#21685 = SURFACE_SIDE_STYLE('',(#21686));
#21686 = SURFACE_STYLE_FILL_AREA(#21687);
#21687 = FILL_AREA_STYLE('',(#21688));
#21688 = FILL_AREA_STYLE_COLOUR('',#21632);
#21689 = OVER_RIDING_STYLED_ITEM('overriding color',(#21690),#839,#21574
  );
#21690 = PRESENTATION_STYLE_ASSIGNMENT((#21691));
#21691 = SURFACE_STYLE_USAGE(.BOTH.,#21692);
#21692 = SURFACE_SIDE_STYLE('',(#21693));
#21693 = SURFACE_STYLE_FILL_AREA(#21694);
#21694 = FILL_AREA_STYLE('',(#21695));
#21695 = FILL_AREA_STYLE_COLOUR('',#21589);
#21696 = OVER_RIDING_STYLED_ITEM('overriding color',(#21697),#890,#21574
  );
#21697 = PRESENTATION_STYLE_ASSIGNMENT((#21698));
#21698 = SURFACE_STYLE_USAGE(.BOTH.,#21699);
#21699 = SURFACE_SIDE_STYLE('',(#21700));
#21700 = SURFACE_STYLE_FILL_AREA(#21701);
#21701 = FILL_AREA_STYLE('',(#21702));
#21702 = FILL_AREA_STYLE_COLOUR('',#21589);
#21703 = OVER_RIDING_STYLED_ITEM('overriding color',(#21704),#947,#21574
  );
#21704 = PRESENTATION_STYLE_ASSIGNMENT((#21705));
#21705 = SURFACE_STYLE_USAGE(.BOTH.,#21706);
#21706 = SURFACE_SIDE_STYLE('',(#21707));
#21707 = SURFACE_STYLE_FILL_AREA(#21708);
#21708 = FILL_AREA_STYLE('',(#21709));
#21709 = FILL_AREA_STYLE_COLOUR('',#21589);
#21710 = OVER_RIDING_STYLED_ITEM('overriding color',(#21711),#1005,
  #21574);
#21711 = PRESENTATION_STYLE_ASSIGNMENT((#21712));
#21712 = SURFACE_STYLE_USAGE(.BOTH.,#21713);
#21713 = SURFACE_SIDE_STYLE('',(#21714));
#21714 = SURFACE_STYLE_FILL_AREA(#21715);
#21715 = FILL_AREA_STYLE('',(#21716));
#21716 = FILL_AREA_STYLE_COLOUR('',#21589);
#21717 = OVER_RIDING_STYLED_ITEM('overriding color',(#21718),#1046,
  #21574);
#21718 = PRESENTATION_STYLE_ASSIGNMENT((#21719));
#21719 = SURFACE_STYLE_USAGE(.BOTH.,#21720);
#21720 = SURFACE_SIDE_STYLE('',(#21721));
#21721 = SURFACE_STYLE_FILL_AREA(#21722);
#21722 = FILL_AREA_STYLE('',(#21723));
#21723 = FILL_AREA_STYLE_COLOUR('',#21632);
#21724 = OVER_RIDING_STYLED_ITEM('overriding color',(#21725),#1063,
  #21574);
#21725 = PRESENTATION_STYLE_ASSIGNMENT((#21726));
#21726 = SURFACE_STYLE_USAGE(.BOTH.,#21727);
#21727 = SURFACE_SIDE_STYLE('',(#21728));
#21728 = SURFACE_STYLE_FILL_AREA(#21729);
#21729 = FILL_AREA_STYLE('',(#21730));
#21730 = FILL_AREA_STYLE_COLOUR('',#21589);
#21731 = OVER_RIDING_STYLED_ITEM('overriding color',(#21732),#1103,
  #21574);
#21732 = PRESENTATION_STYLE_ASSIGNMENT((#21733));
#21733 = SURFACE_STYLE_USAGE(.BOTH.,#21734);
#21734 = SURFACE_SIDE_STYLE('',(#21735));
#21735 = SURFACE_STYLE_FILL_AREA(#21736);
#21736 = FILL_AREA_STYLE('',(#21737));
#21737 = FILL_AREA_STYLE_COLOUR('',#21589);
#21738 = OVER_RIDING_STYLED_ITEM('overriding color',(#21739),#1163,
  #21574);
#21739 = PRESENTATION_STYLE_ASSIGNMENT((#21740));
#21740 = SURFACE_STYLE_USAGE(.BOTH.,#21741);
#21741 = SURFACE_SIDE_STYLE('',(#21742));
#21742 = SURFACE_STYLE_FILL_AREA(#21743);
#21743 = FILL_AREA_STYLE('',(#21744));
#21744 = FILL_AREA_STYLE_COLOUR('',#21589);
#21745 = OVER_RIDING_STYLED_ITEM('overriding color',(#21746),#1194,
  #21574);
#21746 = PRESENTATION_STYLE_ASSIGNMENT((#21747));
#21747 = SURFACE_STYLE_USAGE(.BOTH.,#21748);
#21748 = SURFACE_SIDE_STYLE('',(#21749));
#21749 = SURFACE_STYLE_FILL_AREA(#21750);
#21750 = FILL_AREA_STYLE('',(#21751));
#21751 = FILL_AREA_STYLE_COLOUR('',#21589);
#21752 = OVER_RIDING_STYLED_ITEM('overriding color',(#21753),#1218,
  #21574);
#21753 = PRESENTATION_STYLE_ASSIGNMENT((#21754));
#21754 = SURFACE_STYLE_USAGE(.BOTH.,#21755);
#21755 = SURFACE_SIDE_STYLE('',(#21756));
#21756 = SURFACE_STYLE_FILL_AREA(#21757);
#21757 = FILL_AREA_STYLE('',(#21758));
#21758 = FILL_AREA_STYLE_COLOUR('',#21589);
#21759 = OVER_RIDING_STYLED_ITEM('overriding color',(#21760),#1242,
  #21574);
#21760 = PRESENTATION_STYLE_ASSIGNMENT((#21761));
#21761 = SURFACE_STYLE_USAGE(.BOTH.,#21762);
#21762 = SURFACE_SIDE_STYLE('',(#21763));
#21763 = SURFACE_STYLE_FILL_AREA(#21764);
#21764 = FILL_AREA_STYLE('',(#21765));
#21765 = FILL_AREA_STYLE_COLOUR('',#21589);
#21766 = OVER_RIDING_STYLED_ITEM('overriding color',(#21767),#1264,
  #21574);
#21767 = PRESENTATION_STYLE_ASSIGNMENT((#21768));
#21768 = SURFACE_STYLE_USAGE(.BOTH.,#21769);
#21769 = SURFACE_SIDE_STYLE('',(#21770));
#21770 = SURFACE_STYLE_FILL_AREA(#21771);
#21771 = FILL_AREA_STYLE('',(#21772));
#21772 = FILL_AREA_STYLE_COLOUR('',#21589);
#21773 = OVER_RIDING_STYLED_ITEM('overriding color',(#21774),#1296,
  #21574);
#21774 = PRESENTATION_STYLE_ASSIGNMENT((#21775));
#21775 = SURFACE_STYLE_USAGE(.BOTH.,#21776);
#21776 = SURFACE_SIDE_STYLE('',(#21777));
#21777 = SURFACE_STYLE_FILL_AREA(#21778);
#21778 = FILL_AREA_STYLE('',(#21779));
#21779 = FILL_AREA_STYLE_COLOUR('',#21589);
#21780 = OVER_RIDING_STYLED_ITEM('overriding color',(#21781),#1327,
  #21574);
#21781 = PRESENTATION_STYLE_ASSIGNMENT((#21782));
#21782 = SURFACE_STYLE_USAGE(.BOTH.,#21783);
#21783 = SURFACE_SIDE_STYLE('',(#21784));
#21784 = SURFACE_STYLE_FILL_AREA(#21785);
#21785 = FILL_AREA_STYLE('',(#21786));
#21786 = FILL_AREA_STYLE_COLOUR('',#21589);
#21787 = OVER_RIDING_STYLED_ITEM('overriding color',(#21788),#1344,
  #21574);
#21788 = PRESENTATION_STYLE_ASSIGNMENT((#21789));
#21789 = SURFACE_STYLE_USAGE(.BOTH.,#21790);
#21790 = SURFACE_SIDE_STYLE('',(#21791));
#21791 = SURFACE_STYLE_FILL_AREA(#21792);
#21792 = FILL_AREA_STYLE('',(#21793));
#21793 = FILL_AREA_STYLE_COLOUR('',#21589);
#21794 = OVER_RIDING_STYLED_ITEM('overriding color',(#21795),#1560,
  #21574);
#21795 = PRESENTATION_STYLE_ASSIGNMENT((#21796));
#21796 = SURFACE_STYLE_USAGE(.BOTH.,#21797);
#21797 = SURFACE_SIDE_STYLE('',(#21798));
#21798 = SURFACE_STYLE_FILL_AREA(#21799);
#21799 = FILL_AREA_STYLE('',(#21800));
#21800 = FILL_AREA_STYLE_COLOUR('',#21589);
#21801 = OVER_RIDING_STYLED_ITEM('overriding color',(#21802),#1585,
  #21574);
#21802 = PRESENTATION_STYLE_ASSIGNMENT((#21803));
#21803 = SURFACE_STYLE_USAGE(.BOTH.,#21804);
#21804 = SURFACE_SIDE_STYLE('',(#21805));
#21805 = SURFACE_STYLE_FILL_AREA(#21806);
#21806 = FILL_AREA_STYLE('',(#21807));
#21807 = FILL_AREA_STYLE_COLOUR('',#21589);
#21808 = OVER_RIDING_STYLED_ITEM('overriding color',(#21809),#1604,
  #21574);
#21809 = PRESENTATION_STYLE_ASSIGNMENT((#21810));
#21810 = SURFACE_STYLE_USAGE(.BOTH.,#21811);
#21811 = SURFACE_SIDE_STYLE('',(#21812));
#21812 = SURFACE_STYLE_FILL_AREA(#21813);
#21813 = FILL_AREA_STYLE('',(#21814));
#21814 = FILL_AREA_STYLE_COLOUR('',#21589);
#21815 = OVER_RIDING_STYLED_ITEM('overriding color',(#21816),#1622,
  #21574);
#21816 = PRESENTATION_STYLE_ASSIGNMENT((#21817));
#21817 = SURFACE_STYLE_USAGE(.BOTH.,#21818);
#21818 = SURFACE_SIDE_STYLE('',(#21819));
#21819 = SURFACE_STYLE_FILL_AREA(#21820);
#21820 = FILL_AREA_STYLE('',(#21821));
#21821 = FILL_AREA_STYLE_COLOUR('',#21589);
#21822 = OVER_RIDING_STYLED_ITEM('overriding color',(#21823),#1634,
  #21574);
#21823 = PRESENTATION_STYLE_ASSIGNMENT((#21824));
#21824 = SURFACE_STYLE_USAGE(.BOTH.,#21825);
#21825 = SURFACE_SIDE_STYLE('',(#21826));
#21826 = SURFACE_STYLE_FILL_AREA(#21827);
#21827 = FILL_AREA_STYLE('',(#21828));
#21828 = FILL_AREA_STYLE_COLOUR('',#21589);
#21829 = OVER_RIDING_STYLED_ITEM('overriding color',(#21830),#1653,
  #21574);
#21830 = PRESENTATION_STYLE_ASSIGNMENT((#21831));
#21831 = SURFACE_STYLE_USAGE(.BOTH.,#21832);
#21832 = SURFACE_SIDE_STYLE('',(#21833));
#21833 = SURFACE_STYLE_FILL_AREA(#21834);
#21834 = FILL_AREA_STYLE('',(#21835));
#21835 = FILL_AREA_STYLE_COLOUR('',#21589);
#21836 = MECHANICAL_DESIGN_GEOMETRIC_PRESENTATION_REPRESENTATION('',(
    #21837,#21844,#21851,#21858,#21865,#21872,#21879,#21886,#21894,
    #21901,#21908,#21915,#21922,#21929,#21936,#21943,#21951,#21958,
    #21965,#21972,#21979,#21986,#21993,#22000),#2329);
#21837 = STYLED_ITEM('color',(#21838),#1692);
#21838 = PRESENTATION_STYLE_ASSIGNMENT((#21839));
#21839 = SURFACE_STYLE_USAGE(.BOTH.,#21840);
#21840 = SURFACE_SIDE_STYLE('',(#21841));
#21841 = SURFACE_STYLE_FILL_AREA(#21842);
#21842 = FILL_AREA_STYLE('',(#21843));
#21843 = FILL_AREA_STYLE_COLOUR('',#21445);
#21844 = STYLED_ITEM('color',(#21845),#1732);
#21845 = PRESENTATION_STYLE_ASSIGNMENT((#21846));
#21846 = SURFACE_STYLE_USAGE(.BOTH.,#21847);
#21847 = SURFACE_SIDE_STYLE('',(#21848));
#21848 = SURFACE_STYLE_FILL_AREA(#21849);
#21849 = FILL_AREA_STYLE('',(#21850));
#21850 = FILL_AREA_STYLE_COLOUR('',#21445);
#21851 = STYLED_ITEM('color',(#21852),#1763);
#21852 = PRESENTATION_STYLE_ASSIGNMENT((#21853));
#21853 = SURFACE_STYLE_USAGE(.BOTH.,#21854);
#21854 = SURFACE_SIDE_STYLE('',(#21855));
#21855 = SURFACE_STYLE_FILL_AREA(#21856);
#21856 = FILL_AREA_STYLE('',(#21857));
#21857 = FILL_AREA_STYLE_COLOUR('',#21445);
#21858 = STYLED_ITEM('color',(#21859),#1881);
#21859 = PRESENTATION_STYLE_ASSIGNMENT((#21860));
#21860 = SURFACE_STYLE_USAGE(.BOTH.,#21861);
#21861 = SURFACE_SIDE_STYLE('',(#21862));
#21862 = SURFACE_STYLE_FILL_AREA(#21863);
#21863 = FILL_AREA_STYLE('',(#21864));
#21864 = FILL_AREA_STYLE_COLOUR('',#21445);
#21865 = STYLED_ITEM('color',(#21866),#1912);
#21866 = PRESENTATION_STYLE_ASSIGNMENT((#21867));
#21867 = SURFACE_STYLE_USAGE(.BOTH.,#21868);
#21868 = SURFACE_SIDE_STYLE('',(#21869));
#21869 = SURFACE_STYLE_FILL_AREA(#21870);
#21870 = FILL_AREA_STYLE('',(#21871));
#21871 = FILL_AREA_STYLE_COLOUR('',#21445);
#21872 = STYLED_ITEM('color',(#21873),#1936);
#21873 = PRESENTATION_STYLE_ASSIGNMENT((#21874));
#21874 = SURFACE_STYLE_USAGE(.BOTH.,#21875);
#21875 = SURFACE_SIDE_STYLE('',(#21876));
#21876 = SURFACE_STYLE_FILL_AREA(#21877);
#21877 = FILL_AREA_STYLE('',(#21878));
#21878 = FILL_AREA_STYLE_COLOUR('',#21445);
#21879 = STYLED_ITEM('color',(#21880),#1953);
#21880 = PRESENTATION_STYLE_ASSIGNMENT((#21881));
#21881 = SURFACE_STYLE_USAGE(.BOTH.,#21882);
#21882 = SURFACE_SIDE_STYLE('',(#21883));
#21883 = SURFACE_STYLE_FILL_AREA(#21884);
#21884 = FILL_AREA_STYLE('',(#21885));
#21885 = FILL_AREA_STYLE_COLOUR('',#21445);
#21886 = STYLED_ITEM('color',(#21887),#1977);
#21887 = PRESENTATION_STYLE_ASSIGNMENT((#21888));
#21888 = SURFACE_STYLE_USAGE(.BOTH.,#21889);
#21889 = SURFACE_SIDE_STYLE('',(#21890));
#21890 = SURFACE_STYLE_FILL_AREA(#21891);
#21891 = FILL_AREA_STYLE('',(#21892));
#21892 = FILL_AREA_STYLE_COLOUR('',#21893);
#21893 = COLOUR_RGB('',0.859000020776,0.737999965183,0.495999988746);
#21894 = STYLED_ITEM('color',(#21895),#2008);
#21895 = PRESENTATION_STYLE_ASSIGNMENT((#21896));
#21896 = SURFACE_STYLE_USAGE(.BOTH.,#21897);
#21897 = SURFACE_SIDE_STYLE('',(#21898));
#21898 = SURFACE_STYLE_FILL_AREA(#21899);
#21899 = FILL_AREA_STYLE('',(#21900));
#21900 = FILL_AREA_STYLE_COLOUR('',#21893);
#21901 = STYLED_ITEM('color',(#21902),#2032);
#21902 = PRESENTATION_STYLE_ASSIGNMENT((#21903));
#21903 = SURFACE_STYLE_USAGE(.BOTH.,#21904);
#21904 = SURFACE_SIDE_STYLE('',(#21905));
#21905 = SURFACE_STYLE_FILL_AREA(#21906);
#21906 = FILL_AREA_STYLE('',(#21907));
#21907 = FILL_AREA_STYLE_COLOUR('',#21893);
#21908 = STYLED_ITEM('color',(#21909),#2056);
#21909 = PRESENTATION_STYLE_ASSIGNMENT((#21910));
#21910 = SURFACE_STYLE_USAGE(.BOTH.,#21911);
#21911 = SURFACE_SIDE_STYLE('',(#21912));
#21912 = SURFACE_STYLE_FILL_AREA(#21913);
#21913 = FILL_AREA_STYLE('',(#21914));
#21914 = FILL_AREA_STYLE_COLOUR('',#21893);
#21915 = STYLED_ITEM('color',(#21916),#2073);
#21916 = PRESENTATION_STYLE_ASSIGNMENT((#21917));
#21917 = SURFACE_STYLE_USAGE(.BOTH.,#21918);
#21918 = SURFACE_SIDE_STYLE('',(#21919));
#21919 = SURFACE_STYLE_FILL_AREA(#21920);
#21920 = FILL_AREA_STYLE('',(#21921));
#21921 = FILL_AREA_STYLE_COLOUR('',#21893);
#21922 = STYLED_ITEM('color',(#21923),#2104);
#21923 = PRESENTATION_STYLE_ASSIGNMENT((#21924));
#21924 = SURFACE_STYLE_USAGE(.BOTH.,#21925);
#21925 = SURFACE_SIDE_STYLE('',(#21926));
#21926 = SURFACE_STYLE_FILL_AREA(#21927);
#21927 = FILL_AREA_STYLE('',(#21928));
#21928 = FILL_AREA_STYLE_COLOUR('',#21893);
#21929 = STYLED_ITEM('color',(#21930),#2128);
#21930 = PRESENTATION_STYLE_ASSIGNMENT((#21931));
#21931 = SURFACE_STYLE_USAGE(.BOTH.,#21932);
#21932 = SURFACE_SIDE_STYLE('',(#21933));
#21933 = SURFACE_STYLE_FILL_AREA(#21934);
#21934 = FILL_AREA_STYLE('',(#21935));
#21935 = FILL_AREA_STYLE_COLOUR('',#21893);
#21936 = STYLED_ITEM('color',(#21937),#2152);
#21937 = PRESENTATION_STYLE_ASSIGNMENT((#21938));
#21938 = SURFACE_STYLE_USAGE(.BOTH.,#21939);
#21939 = SURFACE_SIDE_STYLE('',(#21940));
#21940 = SURFACE_STYLE_FILL_AREA(#21941);
#21941 = FILL_AREA_STYLE('',(#21942));
#21942 = FILL_AREA_STYLE_COLOUR('',#21893);
#21943 = STYLED_ITEM('color',(#21944),#2169);
#21944 = PRESENTATION_STYLE_ASSIGNMENT((#21945));
#21945 = SURFACE_STYLE_USAGE(.BOTH.,#21946);
#21946 = SURFACE_SIDE_STYLE('',(#21947));
#21947 = SURFACE_STYLE_FILL_AREA(#21948);
#21948 = FILL_AREA_STYLE('',(#21949));
#21949 = FILL_AREA_STYLE_COLOUR('',#21950);
#21950 = COLOUR_RGB('',0.340000006699,0.68000001254,0.444999988852);
#21951 = STYLED_ITEM('color',(#21952),#2200);
#21952 = PRESENTATION_STYLE_ASSIGNMENT((#21953));
#21953 = SURFACE_STYLE_USAGE(.BOTH.,#21954);
#21954 = SURFACE_SIDE_STYLE('',(#21955));
#21955 = SURFACE_STYLE_FILL_AREA(#21956);
#21956 = FILL_AREA_STYLE('',(#21957));
#21957 = FILL_AREA_STYLE_COLOUR('',#21950);
#21958 = STYLED_ITEM('color',(#21959),#2224);
#21959 = PRESENTATION_STYLE_ASSIGNMENT((#21960));
#21960 = SURFACE_STYLE_USAGE(.BOTH.,#21961);
#21961 = SURFACE_SIDE_STYLE('',(#21962));
#21962 = SURFACE_STYLE_FILL_AREA(#21963);
#21963 = FILL_AREA_STYLE('',(#21964));
#21964 = FILL_AREA_STYLE_COLOUR('',#21950);
#21965 = STYLED_ITEM('color',(#21966),#2241);
#21966 = PRESENTATION_STYLE_ASSIGNMENT((#21967));
#21967 = SURFACE_STYLE_USAGE(.BOTH.,#21968);
#21968 = SURFACE_SIDE_STYLE('',(#21969));
#21969 = SURFACE_STYLE_FILL_AREA(#21970);
#21970 = FILL_AREA_STYLE('',(#21971));
#21971 = FILL_AREA_STYLE_COLOUR('',#21445);
#21972 = STYLED_ITEM('color',(#21973),#2265);
#21973 = PRESENTATION_STYLE_ASSIGNMENT((#21974));
#21974 = SURFACE_STYLE_USAGE(.BOTH.,#21975);
#21975 = SURFACE_SIDE_STYLE('',(#21976));
#21976 = SURFACE_STYLE_FILL_AREA(#21977);
#21977 = FILL_AREA_STYLE('',(#21978));
#21978 = FILL_AREA_STYLE_COLOUR('',#21445);
#21979 = STYLED_ITEM('color',(#21980),#2282);
#21980 = PRESENTATION_STYLE_ASSIGNMENT((#21981));
#21981 = SURFACE_STYLE_USAGE(.BOTH.,#21982);
#21982 = SURFACE_SIDE_STYLE('',(#21983));
#21983 = SURFACE_STYLE_FILL_AREA(#21984);
#21984 = FILL_AREA_STYLE('',(#21985));
#21985 = FILL_AREA_STYLE_COLOUR('',#21445);
#21986 = STYLED_ITEM('color',(#21987),#2294);
#21987 = PRESENTATION_STYLE_ASSIGNMENT((#21988));
#21988 = SURFACE_STYLE_USAGE(.BOTH.,#21989);
#21989 = SURFACE_SIDE_STYLE('',(#21990));
#21990 = SURFACE_STYLE_FILL_AREA(#21991);
#21991 = FILL_AREA_STYLE('',(#21992));
#21992 = FILL_AREA_STYLE_COLOUR('',#21893);
#21993 = STYLED_ITEM('color',(#21994),#2306);
#21994 = PRESENTATION_STYLE_ASSIGNMENT((#21995));
#21995 = SURFACE_STYLE_USAGE(.BOTH.,#21996);
#21996 = SURFACE_SIDE_STYLE('',(#21997));
#21997 = SURFACE_STYLE_FILL_AREA(#21998);
#21998 = FILL_AREA_STYLE('',(#21999));
#21999 = FILL_AREA_STYLE_COLOUR('',#21893);
#22000 = STYLED_ITEM('color',(#22001),#2318);
#22001 = PRESENTATION_STYLE_ASSIGNMENT((#22002));
#22002 = SURFACE_STYLE_USAGE(.BOTH.,#22003);
#22003 = SURFACE_SIDE_STYLE('',(#22004));
#22004 = SURFACE_STYLE_FILL_AREA(#22005);
#22005 = FILL_AREA_STYLE('',(#22006));
#22006 = FILL_AREA_STYLE_COLOUR('',#21950);
#22007 = MECHANICAL_DESIGN_GEOMETRIC_PRESENTATION_REPRESENTATION('',(
    #22008),#21376);
#22008 = STYLED_ITEM('color',(#22009),#20332);
#22009 = PRESENTATION_STYLE_ASSIGNMENT((#22010));
#22010 = SURFACE_STYLE_USAGE(.BOTH.,#22011);
#22011 = SURFACE_SIDE_STYLE('',(#22012));
#22012 = SURFACE_STYLE_FILL_AREA(#22013);
#22013 = FILL_AREA_STYLE('',(#22014));
#22014 = FILL_AREA_STYLE_COLOUR('',#22015);
#22015 = COLOUR_RGB('',0.313304153717,0.484529207832,0.410020903123);
#22016 = MECHANICAL_DESIGN_GEOMETRIC_PRESENTATION_REPRESENTATION('',(
    #22017,#22025,#22033,#22040,#22047,#22054,#22061,#22068,#22075,
    #22082,#22089,#22096,#22103,#22111,#22118,#22125,#22132,#22139,
    #22146,#22153,#22160,#22167,#22174,#22181,#22188,#22195,#22202,
    #22209,#22216,#22223,#22230,#22237,#22244,#22251,#22258,#22265,
    #22272,#22279,#22286,#22293,#22300,#22307,#22314,#22321,#22328,
    #22335,#22342,#22349,#22356,#22363,#22370,#22377,#22384,#22391,
    #22398,#22405,#22412,#22419,#22426,#22433,#22440,#22447,#22454,
    #22461),#19484);
#22017 = STYLED_ITEM('color',(#22018),#17538);
#22018 = PRESENTATION_STYLE_ASSIGNMENT((#22019));
#22019 = SURFACE_STYLE_USAGE(.BOTH.,#22020);
#22020 = SURFACE_SIDE_STYLE('',(#22021));
#22021 = SURFACE_STYLE_FILL_AREA(#22022);
#22022 = FILL_AREA_STYLE('',(#22023));
#22023 = FILL_AREA_STYLE_COLOUR('',#22024);
#22024 = COLOUR_RGB('',0.231372564044,0.231372564044,0.231372564044);
#22025 = OVER_RIDING_STYLED_ITEM('overriding color',(#22026),#17540,
  #22017);
#22026 = PRESENTATION_STYLE_ASSIGNMENT((#22027));
#22027 = SURFACE_STYLE_USAGE(.BOTH.,#22028);
#22028 = SURFACE_SIDE_STYLE('',(#22029));
#22029 = SURFACE_STYLE_FILL_AREA(#22030);
#22030 = FILL_AREA_STYLE('',(#22031));
#22031 = FILL_AREA_STYLE_COLOUR('',#22032);
#22032 = DRAUGHTING_PRE_DEFINED_COLOUR('yellow');
#22033 = OVER_RIDING_STYLED_ITEM('overriding color',(#22034),#17608,
  #22017);
#22034 = PRESENTATION_STYLE_ASSIGNMENT((#22035));
#22035 = SURFACE_STYLE_USAGE(.BOTH.,#22036);
#22036 = SURFACE_SIDE_STYLE('',(#22037));
#22037 = SURFACE_STYLE_FILL_AREA(#22038);
#22038 = FILL_AREA_STYLE('',(#22039));
#22039 = FILL_AREA_STYLE_COLOUR('',#22032);
#22040 = OVER_RIDING_STYLED_ITEM('overriding color',(#22041),#17648,
  #22017);
#22041 = PRESENTATION_STYLE_ASSIGNMENT((#22042));
#22042 = SURFACE_STYLE_USAGE(.BOTH.,#22043);
#22043 = SURFACE_SIDE_STYLE('',(#22044));
#22044 = SURFACE_STYLE_FILL_AREA(#22045);
#22045 = FILL_AREA_STYLE('',(#22046));
#22046 = FILL_AREA_STYLE_COLOUR('',#22032);
#22047 = OVER_RIDING_STYLED_ITEM('overriding color',(#22048),#17689,
  #22017);
#22048 = PRESENTATION_STYLE_ASSIGNMENT((#22049));
#22049 = SURFACE_STYLE_USAGE(.BOTH.,#22050);
#22050 = SURFACE_SIDE_STYLE('',(#22051));
#22051 = SURFACE_STYLE_FILL_AREA(#22052);
#22052 = FILL_AREA_STYLE('',(#22053));
#22053 = FILL_AREA_STYLE_COLOUR('',#22032);
#22054 = OVER_RIDING_STYLED_ITEM('overriding color',(#22055),#17730,
  #22017);
#22055 = PRESENTATION_STYLE_ASSIGNMENT((#22056));
#22056 = SURFACE_STYLE_USAGE(.BOTH.,#22057);
#22057 = SURFACE_SIDE_STYLE('',(#22058));
#22058 = SURFACE_STYLE_FILL_AREA(#22059);
#22059 = FILL_AREA_STYLE('',(#22060));
#22060 = FILL_AREA_STYLE_COLOUR('',#22032);
#22061 = OVER_RIDING_STYLED_ITEM('overriding color',(#22062),#17754,
  #22017);
#22062 = PRESENTATION_STYLE_ASSIGNMENT((#22063));
#22063 = SURFACE_STYLE_USAGE(.BOTH.,#22064);
#22064 = SURFACE_SIDE_STYLE('',(#22065));
#22065 = SURFACE_STYLE_FILL_AREA(#22066);
#22066 = FILL_AREA_STYLE('',(#22067));
#22067 = FILL_AREA_STYLE_COLOUR('',#22032);
#22068 = OVER_RIDING_STYLED_ITEM('overriding color',(#22069),#17771,
  #22017);
#22069 = PRESENTATION_STYLE_ASSIGNMENT((#22070));
#22070 = SURFACE_STYLE_USAGE(.BOTH.,#22071);
#22071 = SURFACE_SIDE_STYLE('',(#22072));
#22072 = SURFACE_STYLE_FILL_AREA(#22073);
#22073 = FILL_AREA_STYLE('',(#22074));
#22074 = FILL_AREA_STYLE_COLOUR('',#22032);
#22075 = OVER_RIDING_STYLED_ITEM('overriding color',(#22076),#17789,
  #22017);
#22076 = PRESENTATION_STYLE_ASSIGNMENT((#22077));
#22077 = SURFACE_STYLE_USAGE(.BOTH.,#22078);
#22078 = SURFACE_SIDE_STYLE('',(#22079));
#22079 = SURFACE_STYLE_FILL_AREA(#22080);
#22080 = FILL_AREA_STYLE('',(#22081));
#22081 = FILL_AREA_STYLE_COLOUR('',#22032);
#22082 = OVER_RIDING_STYLED_ITEM('overriding color',(#22083),#17822,
  #22017);
#22083 = PRESENTATION_STYLE_ASSIGNMENT((#22084));
#22084 = SURFACE_STYLE_USAGE(.BOTH.,#22085);
#22085 = SURFACE_SIDE_STYLE('',(#22086));
#22086 = SURFACE_STYLE_FILL_AREA(#22087);
#22087 = FILL_AREA_STYLE('',(#22088));
#22088 = FILL_AREA_STYLE_COLOUR('',#22032);
#22089 = OVER_RIDING_STYLED_ITEM('overriding color',(#22090),#17839,
  #22017);
#22090 = PRESENTATION_STYLE_ASSIGNMENT((#22091));
#22091 = SURFACE_STYLE_USAGE(.BOTH.,#22092);
#22092 = SURFACE_SIDE_STYLE('',(#22093));
#22093 = SURFACE_STYLE_FILL_AREA(#22094);
#22094 = FILL_AREA_STYLE('',(#22095));
#22095 = FILL_AREA_STYLE_COLOUR('',#22032);
#22096 = OVER_RIDING_STYLED_ITEM('overriding color',(#22097),#17856,
  #22017);
#22097 = PRESENTATION_STYLE_ASSIGNMENT((#22098));
#22098 = SURFACE_STYLE_USAGE(.BOTH.,#22099);
#22099 = SURFACE_SIDE_STYLE('',(#22100));
#22100 = SURFACE_STYLE_FILL_AREA(#22101);
#22101 = FILL_AREA_STYLE('',(#22102));
#22102 = FILL_AREA_STYLE_COLOUR('',#22032);
#22103 = OVER_RIDING_STYLED_ITEM('overriding color',(#22104),#17972,
  #22017);
#22104 = PRESENTATION_STYLE_ASSIGNMENT((#22105));
#22105 = SURFACE_STYLE_USAGE(.BOTH.,#22106);
#22106 = SURFACE_SIDE_STYLE('',(#22107));
#22107 = SURFACE_STYLE_FILL_AREA(#22108);
#22108 = FILL_AREA_STYLE('',(#22109));
#22109 = FILL_AREA_STYLE_COLOUR('',#22110);
#22110 = DRAUGHTING_PRE_DEFINED_COLOUR('black');
#22111 = OVER_RIDING_STYLED_ITEM('overriding color',(#22112),#18003,
  #22017);
#22112 = PRESENTATION_STYLE_ASSIGNMENT((#22113));
#22113 = SURFACE_STYLE_USAGE(.BOTH.,#22114);
#22114 = SURFACE_SIDE_STYLE('',(#22115));
#22115 = SURFACE_STYLE_FILL_AREA(#22116);
#22116 = FILL_AREA_STYLE('',(#22117));
#22117 = FILL_AREA_STYLE_COLOUR('',#22110);
#22118 = OVER_RIDING_STYLED_ITEM('overriding color',(#22119),#18028,
  #22017);
#22119 = PRESENTATION_STYLE_ASSIGNMENT((#22120));
#22120 = SURFACE_STYLE_USAGE(.BOTH.,#22121);
#22121 = SURFACE_SIDE_STYLE('',(#22122));
#22122 = SURFACE_STYLE_FILL_AREA(#22123);
#22123 = FILL_AREA_STYLE('',(#22124));
#22124 = FILL_AREA_STYLE_COLOUR('',#22110);
#22125 = OVER_RIDING_STYLED_ITEM('overriding color',(#22126),#18107,
  #22017);
#22126 = PRESENTATION_STYLE_ASSIGNMENT((#22127));
#22127 = SURFACE_STYLE_USAGE(.BOTH.,#22128);
#22128 = SURFACE_SIDE_STYLE('',(#22129));
#22129 = SURFACE_STYLE_FILL_AREA(#22130);
#22130 = FILL_AREA_STYLE('',(#22131));
#22131 = FILL_AREA_STYLE_COLOUR('',#22110);
#22132 = OVER_RIDING_STYLED_ITEM('overriding color',(#22133),#18139,
  #22017);
#22133 = PRESENTATION_STYLE_ASSIGNMENT((#22134));
#22134 = SURFACE_STYLE_USAGE(.BOTH.,#22135);
#22135 = SURFACE_SIDE_STYLE('',(#22136));
#22136 = SURFACE_STYLE_FILL_AREA(#22137);
#22137 = FILL_AREA_STYLE('',(#22138));
#22138 = FILL_AREA_STYLE_COLOUR('',#22032);
#22139 = OVER_RIDING_STYLED_ITEM('overriding color',(#22140),#18179,
  #22017);
#22140 = PRESENTATION_STYLE_ASSIGNMENT((#22141));
#22141 = SURFACE_STYLE_USAGE(.BOTH.,#22142);
#22142 = SURFACE_SIDE_STYLE('',(#22143));
#22143 = SURFACE_STYLE_FILL_AREA(#22144);
#22144 = FILL_AREA_STYLE('',(#22145));
#22145 = FILL_AREA_STYLE_COLOUR('',#22110);
#22146 = OVER_RIDING_STYLED_ITEM('overriding color',(#22147),#18215,
  #22017);
#22147 = PRESENTATION_STYLE_ASSIGNMENT((#22148));
#22148 = SURFACE_STYLE_USAGE(.BOTH.,#22149);
#22149 = SURFACE_SIDE_STYLE('',(#22150));
#22150 = SURFACE_STYLE_FILL_AREA(#22151);
#22151 = FILL_AREA_STYLE('',(#22152));
#22152 = FILL_AREA_STYLE_COLOUR('',#22032);
#22153 = OVER_RIDING_STYLED_ITEM('overriding color',(#22154),#18256,
  #22017);
#22154 = PRESENTATION_STYLE_ASSIGNMENT((#22155));
#22155 = SURFACE_STYLE_USAGE(.BOTH.,#22156);
#22156 = SURFACE_SIDE_STYLE('',(#22157));
#22157 = SURFACE_STYLE_FILL_AREA(#22158);
#22158 = FILL_AREA_STYLE('',(#22159));
#22159 = FILL_AREA_STYLE_COLOUR('',#22032);
#22160 = OVER_RIDING_STYLED_ITEM('overriding color',(#22161),#18287,
  #22017);
#22161 = PRESENTATION_STYLE_ASSIGNMENT((#22162));
#22162 = SURFACE_STYLE_USAGE(.BOTH.,#22163);
#22163 = SURFACE_SIDE_STYLE('',(#22164));
#22164 = SURFACE_STYLE_FILL_AREA(#22165);
#22165 = FILL_AREA_STYLE('',(#22166));
#22166 = FILL_AREA_STYLE_COLOUR('',#22032);
#22167 = OVER_RIDING_STYLED_ITEM('overriding color',(#22168),#18328,
  #22017);
#22168 = PRESENTATION_STYLE_ASSIGNMENT((#22169));
#22169 = SURFACE_STYLE_USAGE(.BOTH.,#22170);
#22170 = SURFACE_SIDE_STYLE('',(#22171));
#22171 = SURFACE_STYLE_FILL_AREA(#22172);
#22172 = FILL_AREA_STYLE('',(#22173));
#22173 = FILL_AREA_STYLE_COLOUR('',#22032);
#22174 = OVER_RIDING_STYLED_ITEM('overriding color',(#22175),#18387,
  #22017);
#22175 = PRESENTATION_STYLE_ASSIGNMENT((#22176));
#22176 = SURFACE_STYLE_USAGE(.BOTH.,#22177);
#22177 = SURFACE_SIDE_STYLE('',(#22178));
#22178 = SURFACE_STYLE_FILL_AREA(#22179);
#22179 = FILL_AREA_STYLE('',(#22180));
#22180 = FILL_AREA_STYLE_COLOUR('',#22032);
#22181 = OVER_RIDING_STYLED_ITEM('overriding color',(#22182),#18423,
  #22017);
#22182 = PRESENTATION_STYLE_ASSIGNMENT((#22183));
#22183 = SURFACE_STYLE_USAGE(.BOTH.,#22184);
#22184 = SURFACE_SIDE_STYLE('',(#22185));
#22185 = SURFACE_STYLE_FILL_AREA(#22186);
#22186 = FILL_AREA_STYLE('',(#22187));
#22187 = FILL_AREA_STYLE_COLOUR('',#22032);
#22188 = OVER_RIDING_STYLED_ITEM('overriding color',(#22189),#18455,
  #22017);
#22189 = PRESENTATION_STYLE_ASSIGNMENT((#22190));
#22190 = SURFACE_STYLE_USAGE(.BOTH.,#22191);
#22191 = SURFACE_SIDE_STYLE('',(#22192));
#22192 = SURFACE_STYLE_FILL_AREA(#22193);
#22193 = FILL_AREA_STYLE('',(#22194));
#22194 = FILL_AREA_STYLE_COLOUR('',#22032);
#22195 = OVER_RIDING_STYLED_ITEM('overriding color',(#22196),#18486,
  #22017);
#22196 = PRESENTATION_STYLE_ASSIGNMENT((#22197));
#22197 = SURFACE_STYLE_USAGE(.BOTH.,#22198);
#22198 = SURFACE_SIDE_STYLE('',(#22199));
#22199 = SURFACE_STYLE_FILL_AREA(#22200);
#22200 = FILL_AREA_STYLE('',(#22201));
#22201 = FILL_AREA_STYLE_COLOUR('',#22110);
#22202 = OVER_RIDING_STYLED_ITEM('overriding color',(#22203),#18544,
  #22017);
#22203 = PRESENTATION_STYLE_ASSIGNMENT((#22204));
#22204 = SURFACE_STYLE_USAGE(.BOTH.,#22205);
#22205 = SURFACE_SIDE_STYLE('',(#22206));
#22206 = SURFACE_STYLE_FILL_AREA(#22207);
#22207 = FILL_AREA_STYLE('',(#22208));
#22208 = FILL_AREA_STYLE_COLOUR('',#22110);
#22209 = OVER_RIDING_STYLED_ITEM('overriding color',(#22210),#18607,
  #22017);
#22210 = PRESENTATION_STYLE_ASSIGNMENT((#22211));
#22211 = SURFACE_STYLE_USAGE(.BOTH.,#22212);
#22212 = SURFACE_SIDE_STYLE('',(#22213));
#22213 = SURFACE_STYLE_FILL_AREA(#22214);
#22214 = FILL_AREA_STYLE('',(#22215));
#22215 = FILL_AREA_STYLE_COLOUR('',#22110);
#22216 = OVER_RIDING_STYLED_ITEM('overriding color',(#22217),#18765,
  #22017);
#22217 = PRESENTATION_STYLE_ASSIGNMENT((#22218));
#22218 = SURFACE_STYLE_USAGE(.BOTH.,#22219);
#22219 = SURFACE_SIDE_STYLE('',(#22220));
#22220 = SURFACE_STYLE_FILL_AREA(#22221);
#22221 = FILL_AREA_STYLE('',(#22222));
#22222 = FILL_AREA_STYLE_COLOUR('',#22110);
#22223 = OVER_RIDING_STYLED_ITEM('overriding color',(#22224),#18810,
  #22017);
#22224 = PRESENTATION_STYLE_ASSIGNMENT((#22225));
#22225 = SURFACE_STYLE_USAGE(.BOTH.,#22226);
#22226 = SURFACE_SIDE_STYLE('',(#22227));
#22227 = SURFACE_STYLE_FILL_AREA(#22228);
#22228 = FILL_AREA_STYLE('',(#22229));
#22229 = FILL_AREA_STYLE_COLOUR('',#22110);
#22230 = OVER_RIDING_STYLED_ITEM('overriding color',(#22231),#18845,
  #22017);
#22231 = PRESENTATION_STYLE_ASSIGNMENT((#22232));
#22232 = SURFACE_STYLE_USAGE(.BOTH.,#22233);
#22233 = SURFACE_SIDE_STYLE('',(#22234));
#22234 = SURFACE_STYLE_FILL_AREA(#22235);
#22235 = FILL_AREA_STYLE('',(#22236));
#22236 = FILL_AREA_STYLE_COLOUR('',#22032);
#22237 = OVER_RIDING_STYLED_ITEM('overriding color',(#22238),#18869,
  #22017);
#22238 = PRESENTATION_STYLE_ASSIGNMENT((#22239));
#22239 = SURFACE_STYLE_USAGE(.BOTH.,#22240);
#22240 = SURFACE_SIDE_STYLE('',(#22241));
#22241 = SURFACE_STYLE_FILL_AREA(#22242);
#22242 = FILL_AREA_STYLE('',(#22243));
#22243 = FILL_AREA_STYLE_COLOUR('',#22032);
#22244 = OVER_RIDING_STYLED_ITEM('overriding color',(#22245),#18893,
  #22017);
#22245 = PRESENTATION_STYLE_ASSIGNMENT((#22246));
#22246 = SURFACE_STYLE_USAGE(.BOTH.,#22247);
#22247 = SURFACE_SIDE_STYLE('',(#22248));
#22248 = SURFACE_STYLE_FILL_AREA(#22249);
#22249 = FILL_AREA_STYLE('',(#22250));
#22250 = FILL_AREA_STYLE_COLOUR('',#22032);
#22251 = OVER_RIDING_STYLED_ITEM('overriding color',(#22252),#18910,
  #22017);
#22252 = PRESENTATION_STYLE_ASSIGNMENT((#22253));
#22253 = SURFACE_STYLE_USAGE(.BOTH.,#22254);
#22254 = SURFACE_SIDE_STYLE('',(#22255));
#22255 = SURFACE_STYLE_FILL_AREA(#22256);
#22256 = FILL_AREA_STYLE('',(#22257));
#22257 = FILL_AREA_STYLE_COLOUR('',#22032);
#22258 = OVER_RIDING_STYLED_ITEM('overriding color',(#22259),#18922,
  #22017);
#22259 = PRESENTATION_STYLE_ASSIGNMENT((#22260));
#22260 = SURFACE_STYLE_USAGE(.BOTH.,#22261);
#22261 = SURFACE_SIDE_STYLE('',(#22262));
#22262 = SURFACE_STYLE_FILL_AREA(#22263);
#22263 = FILL_AREA_STYLE('',(#22264));
#22264 = FILL_AREA_STYLE_COLOUR('',#22110);
#22265 = OVER_RIDING_STYLED_ITEM('overriding color',(#22266),#18939,
  #22017);
#22266 = PRESENTATION_STYLE_ASSIGNMENT((#22267));
#22267 = SURFACE_STYLE_USAGE(.BOTH.,#22268);
#22268 = SURFACE_SIDE_STYLE('',(#22269));
#22269 = SURFACE_STYLE_FILL_AREA(#22270);
#22270 = FILL_AREA_STYLE('',(#22271));
#22271 = FILL_AREA_STYLE_COLOUR('',#22110);
#22272 = OVER_RIDING_STYLED_ITEM('overriding color',(#22273),#18974,
  #22017);
#22273 = PRESENTATION_STYLE_ASSIGNMENT((#22274));
#22274 = SURFACE_STYLE_USAGE(.BOTH.,#22275);
#22275 = SURFACE_SIDE_STYLE('',(#22276));
#22276 = SURFACE_STYLE_FILL_AREA(#22277);
#22277 = FILL_AREA_STYLE('',(#22278));
#22278 = FILL_AREA_STYLE_COLOUR('',#22032);
#22279 = OVER_RIDING_STYLED_ITEM('overriding color',(#22280),#18998,
  #22017);
#22280 = PRESENTATION_STYLE_ASSIGNMENT((#22281));
#22281 = SURFACE_STYLE_USAGE(.BOTH.,#22282);
#22282 = SURFACE_SIDE_STYLE('',(#22283));
#22283 = SURFACE_STYLE_FILL_AREA(#22284);
#22284 = FILL_AREA_STYLE('',(#22285));
#22285 = FILL_AREA_STYLE_COLOUR('',#22032);
#22286 = OVER_RIDING_STYLED_ITEM('overriding color',(#22287),#19022,
  #22017);
#22287 = PRESENTATION_STYLE_ASSIGNMENT((#22288));
#22288 = SURFACE_STYLE_USAGE(.BOTH.,#22289);
#22289 = SURFACE_SIDE_STYLE('',(#22290));
#22290 = SURFACE_STYLE_FILL_AREA(#22291);
#22291 = FILL_AREA_STYLE('',(#22292));
#22292 = FILL_AREA_STYLE_COLOUR('',#22032);
#22293 = OVER_RIDING_STYLED_ITEM('overriding color',(#22294),#19039,
  #22017);
#22294 = PRESENTATION_STYLE_ASSIGNMENT((#22295));
#22295 = SURFACE_STYLE_USAGE(.BOTH.,#22296);
#22296 = SURFACE_SIDE_STYLE('',(#22297));
#22297 = SURFACE_STYLE_FILL_AREA(#22298);
#22298 = FILL_AREA_STYLE('',(#22299));
#22299 = FILL_AREA_STYLE_COLOUR('',#22032);
#22300 = OVER_RIDING_STYLED_ITEM('overriding color',(#22301),#19051,
  #22017);
#22301 = PRESENTATION_STYLE_ASSIGNMENT((#22302));
#22302 = SURFACE_STYLE_USAGE(.BOTH.,#22303);
#22303 = SURFACE_SIDE_STYLE('',(#22304));
#22304 = SURFACE_STYLE_FILL_AREA(#22305);
#22305 = FILL_AREA_STYLE('',(#22306));
#22306 = FILL_AREA_STYLE_COLOUR('',#22032);
#22307 = OVER_RIDING_STYLED_ITEM('overriding color',(#22308),#19075,
  #22017);
#22308 = PRESENTATION_STYLE_ASSIGNMENT((#22309));
#22309 = SURFACE_STYLE_USAGE(.BOTH.,#22310);
#22310 = SURFACE_SIDE_STYLE('',(#22311));
#22311 = SURFACE_STYLE_FILL_AREA(#22312);
#22312 = FILL_AREA_STYLE('',(#22313));
#22313 = FILL_AREA_STYLE_COLOUR('',#22032);
#22314 = OVER_RIDING_STYLED_ITEM('overriding color',(#22315),#19099,
  #22017);
#22315 = PRESENTATION_STYLE_ASSIGNMENT((#22316));
#22316 = SURFACE_STYLE_USAGE(.BOTH.,#22317);
#22317 = SURFACE_SIDE_STYLE('',(#22318));
#22318 = SURFACE_STYLE_FILL_AREA(#22319);
#22319 = FILL_AREA_STYLE('',(#22320));
#22320 = FILL_AREA_STYLE_COLOUR('',#22032);
#22321 = OVER_RIDING_STYLED_ITEM('overriding color',(#22322),#19116,
  #22017);
#22322 = PRESENTATION_STYLE_ASSIGNMENT((#22323));
#22323 = SURFACE_STYLE_USAGE(.BOTH.,#22324);
#22324 = SURFACE_SIDE_STYLE('',(#22325));
#22325 = SURFACE_STYLE_FILL_AREA(#22326);
#22326 = FILL_AREA_STYLE('',(#22327));
#22327 = FILL_AREA_STYLE_COLOUR('',#22032);
#22328 = OVER_RIDING_STYLED_ITEM('overriding color',(#22329),#19128,
  #22017);
#22329 = PRESENTATION_STYLE_ASSIGNMENT((#22330));
#22330 = SURFACE_STYLE_USAGE(.BOTH.,#22331);
#22331 = SURFACE_SIDE_STYLE('',(#22332));
#22332 = SURFACE_STYLE_FILL_AREA(#22333);
#22333 = FILL_AREA_STYLE('',(#22334));
#22334 = FILL_AREA_STYLE_COLOUR('',#22032);
#22335 = OVER_RIDING_STYLED_ITEM('overriding color',(#22336),#19152,
  #22017);
#22336 = PRESENTATION_STYLE_ASSIGNMENT((#22337));
#22337 = SURFACE_STYLE_USAGE(.BOTH.,#22338);
#22338 = SURFACE_SIDE_STYLE('',(#22339));
#22339 = SURFACE_STYLE_FILL_AREA(#22340);
#22340 = FILL_AREA_STYLE('',(#22341));
#22341 = FILL_AREA_STYLE_COLOUR('',#22032);
#22342 = OVER_RIDING_STYLED_ITEM('overriding color',(#22343),#19176,
  #22017);
#22343 = PRESENTATION_STYLE_ASSIGNMENT((#22344));
#22344 = SURFACE_STYLE_USAGE(.BOTH.,#22345);
#22345 = SURFACE_SIDE_STYLE('',(#22346));
#22346 = SURFACE_STYLE_FILL_AREA(#22347);
#22347 = FILL_AREA_STYLE('',(#22348));
#22348 = FILL_AREA_STYLE_COLOUR('',#22032);
#22349 = OVER_RIDING_STYLED_ITEM('overriding color',(#22350),#19193,
  #22017);
#22350 = PRESENTATION_STYLE_ASSIGNMENT((#22351));
#22351 = SURFACE_STYLE_USAGE(.BOTH.,#22352);
#22352 = SURFACE_SIDE_STYLE('',(#22353));
#22353 = SURFACE_STYLE_FILL_AREA(#22354);
#22354 = FILL_AREA_STYLE('',(#22355));
#22355 = FILL_AREA_STYLE_COLOUR('',#22032);
#22356 = OVER_RIDING_STYLED_ITEM('overriding color',(#22357),#19205,
  #22017);
#22357 = PRESENTATION_STYLE_ASSIGNMENT((#22358));
#22358 = SURFACE_STYLE_USAGE(.BOTH.,#22359);
#22359 = SURFACE_SIDE_STYLE('',(#22360));
#22360 = SURFACE_STYLE_FILL_AREA(#22361);
#22361 = FILL_AREA_STYLE('',(#22362));
#22362 = FILL_AREA_STYLE_COLOUR('',#22110);
#22363 = OVER_RIDING_STYLED_ITEM('overriding color',(#22364),#19227,
  #22017);
#22364 = PRESENTATION_STYLE_ASSIGNMENT((#22365));
#22365 = SURFACE_STYLE_USAGE(.BOTH.,#22366);
#22366 = SURFACE_SIDE_STYLE('',(#22367));
#22367 = SURFACE_STYLE_FILL_AREA(#22368);
#22368 = FILL_AREA_STYLE('',(#22369));
#22369 = FILL_AREA_STYLE_COLOUR('',#22110);
#22370 = OVER_RIDING_STYLED_ITEM('overriding color',(#22371),#19239,
  #22017);
#22371 = PRESENTATION_STYLE_ASSIGNMENT((#22372));
#22372 = SURFACE_STYLE_USAGE(.BOTH.,#22373);
#22373 = SURFACE_SIDE_STYLE('',(#22374));
#22374 = SURFACE_STYLE_FILL_AREA(#22375);
#22375 = FILL_AREA_STYLE('',(#22376));
#22376 = FILL_AREA_STYLE_COLOUR('',#22110);
#22377 = OVER_RIDING_STYLED_ITEM('overriding color',(#22378),#19256,
  #22017);
#22378 = PRESENTATION_STYLE_ASSIGNMENT((#22379));
#22379 = SURFACE_STYLE_USAGE(.BOTH.,#22380);
#22380 = SURFACE_SIDE_STYLE('',(#22381));
#22381 = SURFACE_STYLE_FILL_AREA(#22382);
#22382 = FILL_AREA_STYLE('',(#22383));
#22383 = FILL_AREA_STYLE_COLOUR('',#22110);
#22384 = OVER_RIDING_STYLED_ITEM('overriding color',(#22385),#19273,
  #22017);
#22385 = PRESENTATION_STYLE_ASSIGNMENT((#22386));
#22386 = SURFACE_STYLE_USAGE(.BOTH.,#22387);
#22387 = SURFACE_SIDE_STYLE('',(#22388));
#22388 = SURFACE_STYLE_FILL_AREA(#22389);
#22389 = FILL_AREA_STYLE('',(#22390));
#22390 = FILL_AREA_STYLE_COLOUR('',#22110);
#22391 = OVER_RIDING_STYLED_ITEM('overriding color',(#22392),#19290,
  #22017);
#22392 = PRESENTATION_STYLE_ASSIGNMENT((#22393));
#22393 = SURFACE_STYLE_USAGE(.BOTH.,#22394);
#22394 = SURFACE_SIDE_STYLE('',(#22395));
#22395 = SURFACE_STYLE_FILL_AREA(#22396);
#22396 = FILL_AREA_STYLE('',(#22397));
#22397 = FILL_AREA_STYLE_COLOUR('',#22110);
#22398 = OVER_RIDING_STYLED_ITEM('overriding color',(#22399),#19302,
  #22017);
#22399 = PRESENTATION_STYLE_ASSIGNMENT((#22400));
#22400 = SURFACE_STYLE_USAGE(.BOTH.,#22401);
#22401 = SURFACE_SIDE_STYLE('',(#22402));
#22402 = SURFACE_STYLE_FILL_AREA(#22403);
#22403 = FILL_AREA_STYLE('',(#22404));
#22404 = FILL_AREA_STYLE_COLOUR('',#22032);
#22405 = OVER_RIDING_STYLED_ITEM('overriding color',(#22406),#19326,
  #22017);
#22406 = PRESENTATION_STYLE_ASSIGNMENT((#22407));
#22407 = SURFACE_STYLE_USAGE(.BOTH.,#22408);
#22408 = SURFACE_SIDE_STYLE('',(#22409));
#22409 = SURFACE_STYLE_FILL_AREA(#22410);
#22410 = FILL_AREA_STYLE('',(#22411));
#22411 = FILL_AREA_STYLE_COLOUR('',#22032);
#22412 = OVER_RIDING_STYLED_ITEM('overriding color',(#22413),#19351,
  #22017);
#22413 = PRESENTATION_STYLE_ASSIGNMENT((#22414));
#22414 = SURFACE_STYLE_USAGE(.BOTH.,#22415);
#22415 = SURFACE_SIDE_STYLE('',(#22416));
#22416 = SURFACE_STYLE_FILL_AREA(#22417);
#22417 = FILL_AREA_STYLE('',(#22418));
#22418 = FILL_AREA_STYLE_COLOUR('',#22032);
#22419 = OVER_RIDING_STYLED_ITEM('overriding color',(#22420),#19370,
  #22017);
#22420 = PRESENTATION_STYLE_ASSIGNMENT((#22421));
#22421 = SURFACE_STYLE_USAGE(.BOTH.,#22422);
#22422 = SURFACE_SIDE_STYLE('',(#22423));
#22423 = SURFACE_STYLE_FILL_AREA(#22424);
#22424 = FILL_AREA_STYLE('',(#22425));
#22425 = FILL_AREA_STYLE_COLOUR('',#22032);
#22426 = OVER_RIDING_STYLED_ITEM('overriding color',(#22427),#19397,
  #22017);
#22427 = PRESENTATION_STYLE_ASSIGNMENT((#22428));
#22428 = SURFACE_STYLE_USAGE(.BOTH.,#22429);
#22429 = SURFACE_SIDE_STYLE('',(#22430));
#22430 = SURFACE_STYLE_FILL_AREA(#22431);
#22431 = FILL_AREA_STYLE('',(#22432));
#22432 = FILL_AREA_STYLE_COLOUR('',#22032);
#22433 = OVER_RIDING_STYLED_ITEM('overriding color',(#22434),#19415,
  #22017);
#22434 = PRESENTATION_STYLE_ASSIGNMENT((#22435));
#22435 = SURFACE_STYLE_USAGE(.BOTH.,#22436);
#22436 = SURFACE_SIDE_STYLE('',(#22437));
#22437 = SURFACE_STYLE_FILL_AREA(#22438);
#22438 = FILL_AREA_STYLE('',(#22439));
#22439 = FILL_AREA_STYLE_COLOUR('',#22032);
#22440 = OVER_RIDING_STYLED_ITEM('overriding color',(#22441),#19428,
  #22017);
#22441 = PRESENTATION_STYLE_ASSIGNMENT((#22442));
#22442 = SURFACE_STYLE_USAGE(.BOTH.,#22443);
#22443 = SURFACE_SIDE_STYLE('',(#22444));
#22444 = SURFACE_STYLE_FILL_AREA(#22445);
#22445 = FILL_AREA_STYLE('',(#22446));
#22446 = FILL_AREA_STYLE_COLOUR('',#22110);
#22447 = OVER_RIDING_STYLED_ITEM('overriding color',(#22448),#19440,
  #22017);
#22448 = PRESENTATION_STYLE_ASSIGNMENT((#22449));
#22449 = SURFACE_STYLE_USAGE(.BOTH.,#22450);
#22450 = SURFACE_SIDE_STYLE('',(#22451));
#22451 = SURFACE_STYLE_FILL_AREA(#22452);
#22452 = FILL_AREA_STYLE('',(#22453));
#22453 = FILL_AREA_STYLE_COLOUR('',#22032);
#22454 = OVER_RIDING_STYLED_ITEM('overriding color',(#22455),#19459,
  #22017);
#22455 = PRESENTATION_STYLE_ASSIGNMENT((#22456));
#22456 = SURFACE_STYLE_USAGE(.BOTH.,#22457);
#22457 = SURFACE_SIDE_STYLE('',(#22458));
#22458 = SURFACE_STYLE_FILL_AREA(#22459);
#22459 = FILL_AREA_STYLE('',(#22460));
#22460 = FILL_AREA_STYLE_COLOUR('',#22032);
#22461 = OVER_RIDING_STYLED_ITEM('overriding color',(#22462),#19472,
  #22017);
#22462 = PRESENTATION_STYLE_ASSIGNMENT((#22463));
#22463 = SURFACE_STYLE_USAGE(.BOTH.,#22464);
#22464 = SURFACE_SIDE_STYLE('',(#22465));
#22465 = SURFACE_STYLE_FILL_AREA(#22466);
#22466 = FILL_AREA_STYLE('',(#22467));
#22467 = FILL_AREA_STYLE_COLOUR('',#22032);
ENDSEC;
END-ISO-10303-21;
