ISO-10303-21;
HEADER;
FILE_DESCRIPTION(('KiCad electronic assembly'),'2;1');
FILE_NAME('flex-rigid-daughter-without-switching.step',
  '2026-05-03T21:15:34',('Pcbnew'),('Kicad'),
  'Open CASCADE STEP processor 7.9','KiCad to STEP converter','Unknown'
  );
FILE_SCHEMA(('AUTOMOTIVE_DESIGN { 1 0 10303 214 1 1 1 1 }'));
ENDSEC;
DATA;
#1 = APPLICATION_PROTOCOL_DEFINITION('international standard',
  'automotive_design',2000,#2);
#2 = APPLICATION_CONTEXT(
  'core data for automotive mechanical design processes');
#3 = SHAPE_DEFINITION_REPRESENTATION(#4,#10);
#4 = PRODUCT_DEFINITION_SHAPE('','',#5);
#5 = PRODUCT_DEFINITION('design','',#6,#9);
#6 = PRODUCT_DEFINITION_FORMATION('','',#7);
#7 = PRODUCT('flex-rigid-daughter-without-switching 1',
  'flex-rigid-daughter-without-switching 1','',(#8));
#8 = PRODUCT_CONTEXT('',#2,'mechanical');
#9 = PRODUCT_DEFINITION_CONTEXT('part definition',#2,'design');
#10 = SHAPE_REPRESENTATION('',(#11,#15,#19,#23,#27,#31,#35,#39,#43,#47,
    #51),#55);
#11 = AXIS2_PLACEMENT_3D('',#12,#13,#14);
#12 = CARTESIAN_POINT('',(0.,0.,0.));
#13 = DIRECTION('',(0.,0.,1.));
#14 = DIRECTION('',(1.,0.,-0.));
#15 = AXIS2_PLACEMENT_3D('',#16,#17,#18);
#16 = CARTESIAN_POINT('',(100.,-70.,0.615));
#17 = DIRECTION('',(0.,-1.,1.110223024625E-16));
#18 = DIRECTION('',(1.,0.,0.));
#19 = AXIS2_PLACEMENT_3D('',#20,#21,#22);
#20 = CARTESIAN_POINT('',(96.65,-68.6,-8.5E-02));
#21 = DIRECTION('',(-1.224646799147E-16,-1.359631073447E-32,-1.));
#22 = DIRECTION('',(1.110223024625E-16,-1.,0.));
#23 = AXIS2_PLACEMENT_3D('',#24,#25,#26);
#24 = CARTESIAN_POINT('',(96.65,-70.,-8.5E-02));
#25 = DIRECTION('',(1.224646799147E-16,-1.359631073447E-32,-1.));
#26 = DIRECTION('',(1.110223024625E-16,1.,0.));
#27 = AXIS2_PLACEMENT_3D('',#28,#29,#30);
#28 = CARTESIAN_POINT('',(101.25,-73.35,-8.5E-02));
#29 = DIRECTION('',(1.499759782662E-32,1.224646799147E-16,-1.));
#30 = DIRECTION('',(-1.,1.224646799147E-16,0.));
#31 = AXIS2_PLACEMENT_3D('',#32,#33,#34);
#32 = CARTESIAN_POINT('',(114.5,-61.13,-8.5E-02));
#33 = DIRECTION('',(1.224646799147E-16,-1.359631073447E-32,-1.));
#34 = DIRECTION('',(1.110223024625E-16,1.,0.));
#35 = AXIS2_PLACEMENT_3D('',#36,#37,#38);
#36 = CARTESIAN_POINT('',(114.62,-57.685,-0.445));
#37 = DIRECTION('',(1.,1.110223024625E-16,-2.334869823773E-16));
#38 = DIRECTION('',(1.110223024625E-16,-1.,0.));
#39 = AXIS2_PLACEMENT_3D('',#40,#41,#42);
#40 = CARTESIAN_POINT('',(101.25,-66.65,-8.5E-02));
#41 = DIRECTION('',(1.499759782662E-32,1.224646799147E-16,-1.));
#42 = DIRECTION('',(-1.,1.224646799147E-16,0.));
#43 = AXIS2_PLACEMENT_3D('',#44,#45,#46);
#44 = CARTESIAN_POINT('',(99.84,-73.35,-8.5E-02));
#45 = DIRECTION('',(0.,-1.224646799147E-16,-1.));
#46 = DIRECTION('',(1.,0.,0.));
#47 = AXIS2_PLACEMENT_3D('',#48,#49,#50);
#48 = CARTESIAN_POINT('',(99.84,-66.65,-8.5E-02));
#49 = DIRECTION('',(0.,-1.224646799147E-16,-1.));
#50 = DIRECTION('',(1.,0.,0.));
#51 = AXIS2_PLACEMENT_3D('',#52,#53,#54);
#52 = CARTESIAN_POINT('',(0.,0.,0.));
#53 = DIRECTION('',(0.,0.,1.));
#54 = DIRECTION('',(1.,0.,-0.));
#55 = ( GEOMETRIC_REPRESENTATION_CONTEXT(3) 
GLOBAL_UNCERTAINTY_ASSIGNED_CONTEXT((#59)) GLOBAL_UNIT_ASSIGNED_CONTEXT(
(#56,#57,#58)) REPRESENTATION_CONTEXT('Context #1',
  '3D Context with UNIT and UNCERTAINTY') );
#56 = ( LENGTH_UNIT() NAMED_UNIT(*) SI_UNIT(.MILLI.,.METRE.) );
#57 = ( NAMED_UNIT(*) PLANE_ANGLE_UNIT() SI_UNIT($,.RADIAN.) );
#58 = ( NAMED_UNIT(*) SI_UNIT($,.STERADIAN.) SOLID_ANGLE_UNIT() );
#59 = UNCERTAINTY_MEASURE_WITH_UNIT(LENGTH_MEASURE(2.E-06),#56,
  'distance_accuracy_value','confusion accuracy');
#60 = PRODUCT_RELATED_PRODUCT_CATEGORY('part',$,(#7));
#61 = SHAPE_DEFINITION_REPRESENTATION(#62,#68);
#62 = PRODUCT_DEFINITION_SHAPE('','',#63);
#63 = PRODUCT_DEFINITION('design','',#64,#67);
#64 = PRODUCT_DEFINITION_FORMATION('','',#65);
#65 = PRODUCT('mini-cvbs-camera','mini-cvbs-camera','',(#66));
#66 = PRODUCT_CONTEXT('',#2,'mechanical');
#67 = PRODUCT_DEFINITION_CONTEXT('part definition',#2,'design');
#68 = ADVANCED_BREP_SHAPE_REPRESENTATION('',(#11,#69),#601);
#69 = MANIFOLD_SOLID_BREP('',#70);
#70 = CLOSED_SHELL('',(#71,#113,#155,#197,#237,#268,#299,#321,#333,#379,
    #410,#434,#458,#475,#497,#515,#535,#561,#573,#591));
#71 = ADVANCED_FACE('',(#72),#108,.F.);
#72 = FACE_BOUND('',#73,.F.);
#73 = EDGE_LOOP('',(#74,#84,#93,#101));
#74 = ORIENTED_EDGE('',*,*,#75,.T.);
#75 = EDGE_CURVE('',#76,#78,#80,.T.);
#76 = VERTEX_POINT('',#77);
#77 = CARTESIAN_POINT('',(0.,-3.2,0.35));
#78 = VERTEX_POINT('',#79);
#79 = CARTESIAN_POINT('',(0.,-1.9,0.35));
#80 = LINE('',#81,#82);
#81 = CARTESIAN_POINT('',(0.,-3.2,0.35));
#82 = VECTOR('',#83,1.);
#83 = DIRECTION('',(-0.,1.,-0.));
#84 = ORIENTED_EDGE('',*,*,#85,.T.);
#85 = EDGE_CURVE('',#78,#86,#88,.T.);
#86 = VERTEX_POINT('',#87);
#87 = CARTESIAN_POINT('',(4.286263797016E-17,-1.9,-0.35));
#88 = CIRCLE('',#89,0.35);
#89 = AXIS2_PLACEMENT_3D('',#90,#91,#92);
#90 = CARTESIAN_POINT('',(0.,-1.9,0.));
#91 = DIRECTION('',(0.,-1.,0.));
#92 = DIRECTION('',(0.,0.,-1.));
#93 = ORIENTED_EDGE('',*,*,#94,.F.);
#94 = EDGE_CURVE('',#95,#86,#97,.T.);
#95 = VERTEX_POINT('',#96);
#96 = CARTESIAN_POINT('',(4.286263797016E-17,-3.2,-0.35));
#97 = LINE('',#98,#99);
#98 = CARTESIAN_POINT('',(4.286263797016E-17,-3.2,-0.35));
#99 = VECTOR('',#100,1.);
#100 = DIRECTION('',(-0.,1.,-0.));
#101 = ORIENTED_EDGE('',*,*,#102,.F.);
#102 = EDGE_CURVE('',#76,#95,#103,.T.);
#103 = CIRCLE('',#104,0.35);
#104 = AXIS2_PLACEMENT_3D('',#105,#106,#107);
#105 = CARTESIAN_POINT('',(0.,-3.2,0.));
#106 = DIRECTION('',(0.,-1.,0.));
#107 = DIRECTION('',(0.,0.,-1.));
#108 = CYLINDRICAL_SURFACE('',#109,0.35);
#109 = AXIS2_PLACEMENT_3D('',#110,#111,#112);
#110 = CARTESIAN_POINT('',(0.,-3.2,0.));
#111 = DIRECTION('',(-0.,1.,-0.));
#112 = DIRECTION('',(0.,0.,1.));
#113 = ADVANCED_FACE('',(#114),#150,.T.);
#114 = FACE_BOUND('',#115,.T.);
#115 = EDGE_LOOP('',(#116,#127,#135,#144));
#116 = ORIENTED_EDGE('',*,*,#117,.F.);
#117 = EDGE_CURVE('',#118,#120,#122,.T.);
#118 = VERTEX_POINT('',#119);
#119 = CARTESIAN_POINT('',(2.36969155635E-16,-3.2,-1.935));
#120 = VERTEX_POINT('',#121);
#121 = CARTESIAN_POINT('',(0.,-3.2,1.935));
#122 = CIRCLE('',#123,1.935);
#123 = AXIS2_PLACEMENT_3D('',#124,#125,#126);
#124 = CARTESIAN_POINT('',(0.,-3.2,0.));
#125 = DIRECTION('',(0.,-1.,0.));
#126 = DIRECTION('',(0.,0.,-1.));
#127 = ORIENTED_EDGE('',*,*,#128,.T.);
#128 = EDGE_CURVE('',#118,#129,#131,.T.);
#129 = VERTEX_POINT('',#130);
#130 = CARTESIAN_POINT('',(2.36969155635E-16,-1.9,-1.935));
#131 = LINE('',#132,#133);
#132 = CARTESIAN_POINT('',(2.36969155635E-16,-3.2,-1.935));
#133 = VECTOR('',#134,1.);
#134 = DIRECTION('',(-0.,1.,-0.));
#135 = ORIENTED_EDGE('',*,*,#136,.T.);
#136 = EDGE_CURVE('',#129,#137,#139,.T.);
#137 = VERTEX_POINT('',#138);
#138 = CARTESIAN_POINT('',(0.,-1.9,1.935));
#139 = CIRCLE('',#140,1.935);
#140 = AXIS2_PLACEMENT_3D('',#141,#142,#143);
#141 = CARTESIAN_POINT('',(0.,-1.9,0.));
#142 = DIRECTION('',(0.,-1.,0.));
#143 = DIRECTION('',(0.,0.,-1.));
#144 = ORIENTED_EDGE('',*,*,#145,.F.);
#145 = EDGE_CURVE('',#120,#137,#146,.T.);
#146 = LINE('',#147,#148);
#147 = CARTESIAN_POINT('',(0.,-3.2,1.935));
#148 = VECTOR('',#149,1.);
#149 = DIRECTION('',(-0.,1.,-0.));
#150 = CYLINDRICAL_SURFACE('',#151,1.935);
#151 = AXIS2_PLACEMENT_3D('',#152,#153,#154);
#152 = CARTESIAN_POINT('',(0.,-3.2,0.));
#153 = DIRECTION('',(-0.,1.,-0.));
#154 = DIRECTION('',(0.,0.,1.));
#155 = ADVANCED_FACE('',(#156),#192,.T.);
#156 = FACE_BOUND('',#157,.T.);
#157 = EDGE_LOOP('',(#158,#169,#177,#186));
#158 = ORIENTED_EDGE('',*,*,#159,.F.);
#159 = EDGE_CURVE('',#160,#162,#164,.T.);
#160 = VERTEX_POINT('',#161);
#161 = CARTESIAN_POINT('',(3.000384657911E-16,-1.9,-2.45));
#162 = VERTEX_POINT('',#163);
#163 = CARTESIAN_POINT('',(0.,-1.9,2.45));
#164 = CIRCLE('',#165,2.45);
#165 = AXIS2_PLACEMENT_3D('',#166,#167,#168);
#166 = CARTESIAN_POINT('',(0.,-1.9,0.));
#167 = DIRECTION('',(0.,-1.,0.));
#168 = DIRECTION('',(0.,0.,-1.));
#169 = ORIENTED_EDGE('',*,*,#170,.T.);
#170 = EDGE_CURVE('',#160,#171,#173,.T.);
#171 = VERTEX_POINT('',#172);
#172 = CARTESIAN_POINT('',(3.000384657911E-16,-1.2,-2.45));
#173 = LINE('',#174,#175);
#174 = CARTESIAN_POINT('',(3.000384657911E-16,-1.9,-2.45));
#175 = VECTOR('',#176,1.);
#176 = DIRECTION('',(-0.,1.,-0.));
#177 = ORIENTED_EDGE('',*,*,#178,.T.);
#178 = EDGE_CURVE('',#171,#179,#181,.T.);
#179 = VERTEX_POINT('',#180);
#180 = CARTESIAN_POINT('',(0.,-1.2,2.45));
#181 = CIRCLE('',#182,2.45);
#182 = AXIS2_PLACEMENT_3D('',#183,#184,#185);
#183 = CARTESIAN_POINT('',(0.,-1.2,0.));
#184 = DIRECTION('',(0.,-1.,0.));
#185 = DIRECTION('',(0.,0.,-1.));
#186 = ORIENTED_EDGE('',*,*,#187,.F.);
#187 = EDGE_CURVE('',#162,#179,#188,.T.);
#188 = LINE('',#189,#190);
#189 = CARTESIAN_POINT('',(0.,-1.9,2.45));
#190 = VECTOR('',#191,1.);
#191 = DIRECTION('',(-0.,1.,-0.));
#192 = CYLINDRICAL_SURFACE('',#193,2.45);
#193 = AXIS2_PLACEMENT_3D('',#194,#195,#196);
#194 = CARTESIAN_POINT('',(0.,-1.9,0.));
#195 = DIRECTION('',(-0.,1.,-0.));
#196 = DIRECTION('',(0.,0.,1.));
#197 = ADVANCED_FACE('',(#198),#232,.F.);
#198 = FACE_BOUND('',#199,.T.);
#199 = EDGE_LOOP('',(#200,#210,#218,#226));
#200 = ORIENTED_EDGE('',*,*,#201,.T.);
#201 = EDGE_CURVE('',#202,#204,#206,.T.);
#202 = VERTEX_POINT('',#203);
#203 = CARTESIAN_POINT('',(2.725,0.,2.725));
#204 = VERTEX_POINT('',#205);
#205 = CARTESIAN_POINT('',(2.725,0.,-2.725));
#206 = LINE('',#207,#208);
#207 = CARTESIAN_POINT('',(2.725,0.,2.725));
#208 = VECTOR('',#209,1.);
#209 = DIRECTION('',(0.,0.,-1.));
#210 = ORIENTED_EDGE('',*,*,#211,.F.);
#211 = EDGE_CURVE('',#212,#204,#214,.T.);
#212 = VERTEX_POINT('',#213);
#213 = CARTESIAN_POINT('',(2.725,0.7,-2.725));
#214 = LINE('',#215,#216);
#215 = CARTESIAN_POINT('',(2.725,0.7,-2.725));
#216 = VECTOR('',#217,1.);
#217 = DIRECTION('',(-0.,-1.,-0.));
#218 = ORIENTED_EDGE('',*,*,#219,.F.);
#219 = EDGE_CURVE('',#220,#212,#222,.T.);
#220 = VERTEX_POINT('',#221);
#221 = CARTESIAN_POINT('',(2.725,0.7,2.725));
#222 = LINE('',#223,#224);
#223 = CARTESIAN_POINT('',(2.725,0.7,2.725));
#224 = VECTOR('',#225,1.);
#225 = DIRECTION('',(0.,0.,-1.));
#226 = ORIENTED_EDGE('',*,*,#227,.T.);
#227 = EDGE_CURVE('',#220,#202,#228,.T.);
#228 = LINE('',#229,#230);
#229 = CARTESIAN_POINT('',(2.725,0.7,2.725));
#230 = VECTOR('',#231,1.);
#231 = DIRECTION('',(-0.,-1.,-0.));
#232 = PLANE('',#233);
#233 = AXIS2_PLACEMENT_3D('',#234,#235,#236);
#234 = CARTESIAN_POINT('',(2.725,0.7,2.725));
#235 = DIRECTION('',(-1.,0.,0.));
#236 = DIRECTION('',(0.,0.,1.));
#237 = ADVANCED_FACE('',(#238),#263,.F.);
#238 = FACE_BOUND('',#239,.T.);
#239 = EDGE_LOOP('',(#240,#248,#256,#262));
#240 = ORIENTED_EDGE('',*,*,#241,.T.);
#241 = EDGE_CURVE('',#204,#242,#244,.T.);
#242 = VERTEX_POINT('',#243);
#243 = CARTESIAN_POINT('',(-2.725,0.,-2.725));
#244 = LINE('',#245,#246);
#245 = CARTESIAN_POINT('',(-2.725,0.,-2.725));
#246 = VECTOR('',#247,1.);
#247 = DIRECTION('',(-1.,-0.,-0.));
#248 = ORIENTED_EDGE('',*,*,#249,.F.);
#249 = EDGE_CURVE('',#250,#242,#252,.T.);
#250 = VERTEX_POINT('',#251);
#251 = CARTESIAN_POINT('',(-2.725,0.7,-2.725));
#252 = LINE('',#253,#254);
#253 = CARTESIAN_POINT('',(-2.725,0.7,-2.725));
#254 = VECTOR('',#255,1.);
#255 = DIRECTION('',(-0.,-1.,-0.));
#256 = ORIENTED_EDGE('',*,*,#257,.F.);
#257 = EDGE_CURVE('',#212,#250,#258,.T.);
#258 = LINE('',#259,#260);
#259 = CARTESIAN_POINT('',(-2.725,0.7,-2.725));
#260 = VECTOR('',#261,1.);
#261 = DIRECTION('',(-1.,-0.,-0.));
#262 = ORIENTED_EDGE('',*,*,#211,.T.);
#263 = PLANE('',#264);
#264 = AXIS2_PLACEMENT_3D('',#265,#266,#267);
#265 = CARTESIAN_POINT('',(-2.725,0.7,-2.725));
#266 = DIRECTION('',(0.,0.,1.));
#267 = DIRECTION('',(1.,0.,-0.));
#268 = ADVANCED_FACE('',(#269),#294,.F.);
#269 = FACE_BOUND('',#270,.T.);
#270 = EDGE_LOOP('',(#271,#279,#287,#293));
#271 = ORIENTED_EDGE('',*,*,#272,.T.);
#272 = EDGE_CURVE('',#242,#273,#275,.T.);
#273 = VERTEX_POINT('',#274);
#274 = CARTESIAN_POINT('',(-2.725,0.,2.725));
#275 = LINE('',#276,#277);
#276 = CARTESIAN_POINT('',(-2.725,0.,2.725));
#277 = VECTOR('',#278,1.);
#278 = DIRECTION('',(-0.,-0.,1.));
#279 = ORIENTED_EDGE('',*,*,#280,.F.);
#280 = EDGE_CURVE('',#281,#273,#283,.T.);
#281 = VERTEX_POINT('',#282);
#282 = CARTESIAN_POINT('',(-2.725,0.7,2.725));
#283 = LINE('',#284,#285);
#284 = CARTESIAN_POINT('',(-2.725,0.7,2.725));
#285 = VECTOR('',#286,1.);
#286 = DIRECTION('',(-0.,-1.,-0.));
#287 = ORIENTED_EDGE('',*,*,#288,.F.);
#288 = EDGE_CURVE('',#250,#281,#289,.T.);
#289 = LINE('',#290,#291);
#290 = CARTESIAN_POINT('',(-2.725,0.7,2.725));
#291 = VECTOR('',#292,1.);
#292 = DIRECTION('',(-0.,-0.,1.));
#293 = ORIENTED_EDGE('',*,*,#249,.T.);
#294 = PLANE('',#295);
#295 = AXIS2_PLACEMENT_3D('',#296,#297,#298);
#296 = CARTESIAN_POINT('',(-2.725,0.7,2.725));
#297 = DIRECTION('',(1.,-0.,0.));
#298 = DIRECTION('',(0.,0.,-1.));
#299 = ADVANCED_FACE('',(#300),#316,.F.);
#300 = FACE_BOUND('',#301,.T.);
#301 = EDGE_LOOP('',(#302,#308,#309,#315));
#302 = ORIENTED_EDGE('',*,*,#303,.T.);
#303 = EDGE_CURVE('',#273,#202,#304,.T.);
#304 = LINE('',#305,#306);
#305 = CARTESIAN_POINT('',(-2.725,0.,2.725));
#306 = VECTOR('',#307,1.);
#307 = DIRECTION('',(1.,0.,0.));
#308 = ORIENTED_EDGE('',*,*,#227,.F.);
#309 = ORIENTED_EDGE('',*,*,#310,.F.);
#310 = EDGE_CURVE('',#281,#220,#311,.T.);
#311 = LINE('',#312,#313);
#312 = CARTESIAN_POINT('',(-2.725,0.7,2.725));
#313 = VECTOR('',#314,1.);
#314 = DIRECTION('',(1.,0.,0.));
#315 = ORIENTED_EDGE('',*,*,#280,.T.);
#316 = PLANE('',#317);
#317 = AXIS2_PLACEMENT_3D('',#318,#319,#320);
#318 = CARTESIAN_POINT('',(-2.725,0.7,2.725));
#319 = DIRECTION('',(0.,0.,-1.));
#320 = DIRECTION('',(-1.,0.,-0.));
#321 = ADVANCED_FACE('',(#322),#328,.F.);
#322 = FACE_BOUND('',#323,.T.);
#323 = EDGE_LOOP('',(#324,#325,#326,#327));
#324 = ORIENTED_EDGE('',*,*,#219,.T.);
#325 = ORIENTED_EDGE('',*,*,#257,.T.);
#326 = ORIENTED_EDGE('',*,*,#288,.T.);
#327 = ORIENTED_EDGE('',*,*,#310,.T.);
#328 = PLANE('',#329);
#329 = AXIS2_PLACEMENT_3D('',#330,#331,#332);
#330 = CARTESIAN_POINT('',(0.,0.7,0.));
#331 = DIRECTION('',(0.,-1.,0.));
#332 = DIRECTION('',(0.,-0.,-1.));
#333 = ADVANCED_FACE('',(#334,#368),#374,.T.);
#334 = FACE_BOUND('',#335,.T.);
#335 = EDGE_LOOP('',(#336,#346,#354,#362));
#336 = ORIENTED_EDGE('',*,*,#337,.F.);
#337 = EDGE_CURVE('',#338,#340,#342,.T.);
#338 = VERTEX_POINT('',#339);
#339 = CARTESIAN_POINT('',(2.5,0.,-2.5));
#340 = VERTEX_POINT('',#341);
#341 = CARTESIAN_POINT('',(2.5,0.,2.5));
#342 = LINE('',#343,#344);
#343 = CARTESIAN_POINT('',(2.5,0.,-2.5));
#344 = VECTOR('',#345,1.);
#345 = DIRECTION('',(0.,0.,1.));
#346 = ORIENTED_EDGE('',*,*,#347,.F.);
#347 = EDGE_CURVE('',#348,#338,#350,.T.);
#348 = VERTEX_POINT('',#349);
#349 = CARTESIAN_POINT('',(-2.5,0.,-2.5));
#350 = LINE('',#351,#352);
#351 = CARTESIAN_POINT('',(-2.5,0.,-2.5));
#352 = VECTOR('',#353,1.);
#353 = DIRECTION('',(1.,0.,0.));
#354 = ORIENTED_EDGE('',*,*,#355,.F.);
#355 = EDGE_CURVE('',#356,#348,#358,.T.);
#356 = VERTEX_POINT('',#357);
#357 = CARTESIAN_POINT('',(-2.5,0.,2.5));
#358 = LINE('',#359,#360);
#359 = CARTESIAN_POINT('',(-2.5,0.,-2.5));
#360 = VECTOR('',#361,1.);
#361 = DIRECTION('',(-0.,-0.,-1.));
#362 = ORIENTED_EDGE('',*,*,#363,.F.);
#363 = EDGE_CURVE('',#340,#356,#364,.T.);
#364 = LINE('',#365,#366);
#365 = CARTESIAN_POINT('',(-2.5,0.,2.5));
#366 = VECTOR('',#367,1.);
#367 = DIRECTION('',(-1.,-0.,-0.));
#368 = FACE_BOUND('',#369,.T.);
#369 = EDGE_LOOP('',(#370,#371,#372,#373));
#370 = ORIENTED_EDGE('',*,*,#201,.F.);
#371 = ORIENTED_EDGE('',*,*,#303,.F.);
#372 = ORIENTED_EDGE('',*,*,#272,.F.);
#373 = ORIENTED_EDGE('',*,*,#241,.F.);
#374 = PLANE('',#375);
#375 = AXIS2_PLACEMENT_3D('',#376,#377,#378);
#376 = CARTESIAN_POINT('',(0.,0.,0.));
#377 = DIRECTION('',(0.,-1.,0.));
#378 = DIRECTION('',(0.,-0.,-1.));
#379 = ADVANCED_FACE('',(#380),#405,.F.);
#380 = FACE_BOUND('',#381,.T.);
#381 = EDGE_LOOP('',(#382,#383,#391,#399));
#382 = ORIENTED_EDGE('',*,*,#337,.T.);
#383 = ORIENTED_EDGE('',*,*,#384,.F.);
#384 = EDGE_CURVE('',#385,#340,#387,.T.);
#385 = VERTEX_POINT('',#386);
#386 = CARTESIAN_POINT('',(2.5,-1.2,2.5));
#387 = LINE('',#388,#389);
#388 = CARTESIAN_POINT('',(2.5,-1.2,2.5));
#389 = VECTOR('',#390,1.);
#390 = DIRECTION('',(-0.,1.,-0.));
#391 = ORIENTED_EDGE('',*,*,#392,.F.);
#392 = EDGE_CURVE('',#393,#385,#395,.T.);
#393 = VERTEX_POINT('',#394);
#394 = CARTESIAN_POINT('',(2.5,-1.2,-2.5));
#395 = LINE('',#396,#397);
#396 = CARTESIAN_POINT('',(2.5,-1.2,-2.5));
#397 = VECTOR('',#398,1.);
#398 = DIRECTION('',(0.,0.,1.));
#399 = ORIENTED_EDGE('',*,*,#400,.T.);
#400 = EDGE_CURVE('',#393,#338,#401,.T.);
#401 = LINE('',#402,#403);
#402 = CARTESIAN_POINT('',(2.5,-1.2,-2.5));
#403 = VECTOR('',#404,1.);
#404 = DIRECTION('',(-0.,1.,-0.));
#405 = PLANE('',#406);
#406 = AXIS2_PLACEMENT_3D('',#407,#408,#409);
#407 = CARTESIAN_POINT('',(2.5,-1.2,-2.5));
#408 = DIRECTION('',(-1.,0.,0.));
#409 = DIRECTION('',(0.,0.,1.));
#410 = ADVANCED_FACE('',(#411),#429,.F.);
#411 = FACE_BOUND('',#412,.T.);
#412 = EDGE_LOOP('',(#413,#414,#422,#428));
#413 = ORIENTED_EDGE('',*,*,#363,.T.);
#414 = ORIENTED_EDGE('',*,*,#415,.F.);
#415 = EDGE_CURVE('',#416,#356,#418,.T.);
#416 = VERTEX_POINT('',#417);
#417 = CARTESIAN_POINT('',(-2.5,-1.2,2.5));
#418 = LINE('',#419,#420);
#419 = CARTESIAN_POINT('',(-2.5,-1.2,2.5));
#420 = VECTOR('',#421,1.);
#421 = DIRECTION('',(-0.,1.,-0.));
#422 = ORIENTED_EDGE('',*,*,#423,.F.);
#423 = EDGE_CURVE('',#385,#416,#424,.T.);
#424 = LINE('',#425,#426);
#425 = CARTESIAN_POINT('',(-2.5,-1.2,2.5));
#426 = VECTOR('',#427,1.);
#427 = DIRECTION('',(-1.,-0.,-0.));
#428 = ORIENTED_EDGE('',*,*,#384,.T.);
#429 = PLANE('',#430);
#430 = AXIS2_PLACEMENT_3D('',#431,#432,#433);
#431 = CARTESIAN_POINT('',(-2.5,-1.2,2.5));
#432 = DIRECTION('',(0.,0.,-1.));
#433 = DIRECTION('',(-1.,0.,-0.));
#434 = ADVANCED_FACE('',(#435),#453,.F.);
#435 = FACE_BOUND('',#436,.T.);
#436 = EDGE_LOOP('',(#437,#438,#446,#452));
#437 = ORIENTED_EDGE('',*,*,#355,.T.);
#438 = ORIENTED_EDGE('',*,*,#439,.F.);
#439 = EDGE_CURVE('',#440,#348,#442,.T.);
#440 = VERTEX_POINT('',#441);
#441 = CARTESIAN_POINT('',(-2.5,-1.2,-2.5));
#442 = LINE('',#443,#444);
#443 = CARTESIAN_POINT('',(-2.5,-1.2,-2.5));
#444 = VECTOR('',#445,1.);
#445 = DIRECTION('',(-0.,1.,-0.));
#446 = ORIENTED_EDGE('',*,*,#447,.F.);
#447 = EDGE_CURVE('',#416,#440,#448,.T.);
#448 = LINE('',#449,#450);
#449 = CARTESIAN_POINT('',(-2.5,-1.2,-2.5));
#450 = VECTOR('',#451,1.);
#451 = DIRECTION('',(-0.,-0.,-1.));
#452 = ORIENTED_EDGE('',*,*,#415,.T.);
#453 = PLANE('',#454);
#454 = AXIS2_PLACEMENT_3D('',#455,#456,#457);
#455 = CARTESIAN_POINT('',(-2.5,-1.2,-2.5));
#456 = DIRECTION('',(1.,0.,-0.));
#457 = DIRECTION('',(-0.,0.,-1.));
#458 = ADVANCED_FACE('',(#459),#470,.F.);
#459 = FACE_BOUND('',#460,.T.);
#460 = EDGE_LOOP('',(#461,#462,#463,#469));
#461 = ORIENTED_EDGE('',*,*,#347,.T.);
#462 = ORIENTED_EDGE('',*,*,#400,.F.);
#463 = ORIENTED_EDGE('',*,*,#464,.F.);
#464 = EDGE_CURVE('',#440,#393,#465,.T.);
#465 = LINE('',#466,#467);
#466 = CARTESIAN_POINT('',(-2.5,-1.2,-2.5));
#467 = VECTOR('',#468,1.);
#468 = DIRECTION('',(1.,0.,0.));
#469 = ORIENTED_EDGE('',*,*,#439,.T.);
#470 = PLANE('',#471);
#471 = AXIS2_PLACEMENT_3D('',#472,#473,#474);
#472 = CARTESIAN_POINT('',(-2.5,-1.2,-2.5));
#473 = DIRECTION('',(-0.,0.,1.));
#474 = DIRECTION('',(1.,0.,0.));
#475 = ADVANCED_FACE('',(#476,#486),#492,.F.);
#476 = FACE_BOUND('',#477,.T.);
#477 = EDGE_LOOP('',(#478,#485));
#478 = ORIENTED_EDGE('',*,*,#479,.F.);
#479 = EDGE_CURVE('',#179,#171,#480,.T.);
#480 = CIRCLE('',#481,2.45);
#481 = AXIS2_PLACEMENT_3D('',#482,#483,#484);
#482 = CARTESIAN_POINT('',(0.,-1.2,0.));
#483 = DIRECTION('',(0.,-1.,0.));
#484 = DIRECTION('',(0.,0.,-1.));
#485 = ORIENTED_EDGE('',*,*,#178,.F.);
#486 = FACE_BOUND('',#487,.T.);
#487 = EDGE_LOOP('',(#488,#489,#490,#491));
#488 = ORIENTED_EDGE('',*,*,#392,.T.);
#489 = ORIENTED_EDGE('',*,*,#423,.T.);
#490 = ORIENTED_EDGE('',*,*,#447,.T.);
#491 = ORIENTED_EDGE('',*,*,#464,.T.);
#492 = PLANE('',#493);
#493 = AXIS2_PLACEMENT_3D('',#494,#495,#496);
#494 = CARTESIAN_POINT('',(0.,-1.2,0.));
#495 = DIRECTION('',(0.,1.,0.));
#496 = DIRECTION('',(0.,-0.,1.));
#497 = ADVANCED_FACE('',(#498),#510,.T.);
#498 = FACE_BOUND('',#499,.T.);
#499 = EDGE_LOOP('',(#500,#501,#508,#509));
#500 = ORIENTED_EDGE('',*,*,#170,.F.);
#501 = ORIENTED_EDGE('',*,*,#502,.F.);
#502 = EDGE_CURVE('',#162,#160,#503,.T.);
#503 = CIRCLE('',#504,2.45);
#504 = AXIS2_PLACEMENT_3D('',#505,#506,#507);
#505 = CARTESIAN_POINT('',(0.,-1.9,0.));
#506 = DIRECTION('',(0.,-1.,0.));
#507 = DIRECTION('',(0.,0.,-1.));
#508 = ORIENTED_EDGE('',*,*,#187,.T.);
#509 = ORIENTED_EDGE('',*,*,#479,.T.);
#510 = CYLINDRICAL_SURFACE('',#511,2.45);
#511 = AXIS2_PLACEMENT_3D('',#512,#513,#514);
#512 = CARTESIAN_POINT('',(0.,-1.9,0.));
#513 = DIRECTION('',(-0.,1.,-0.));
#514 = DIRECTION('',(0.,0.,1.));
#515 = ADVANCED_FACE('',(#516,#526),#530,.T.);
#516 = FACE_BOUND('',#517,.T.);
#517 = EDGE_LOOP('',(#518,#525));
#518 = ORIENTED_EDGE('',*,*,#519,.F.);
#519 = EDGE_CURVE('',#137,#129,#520,.T.);
#520 = CIRCLE('',#521,1.935);
#521 = AXIS2_PLACEMENT_3D('',#522,#523,#524);
#522 = CARTESIAN_POINT('',(0.,-1.9,0.));
#523 = DIRECTION('',(0.,-1.,0.));
#524 = DIRECTION('',(0.,0.,-1.));
#525 = ORIENTED_EDGE('',*,*,#136,.F.);
#526 = FACE_BOUND('',#527,.T.);
#527 = EDGE_LOOP('',(#528,#529));
#528 = ORIENTED_EDGE('',*,*,#502,.T.);
#529 = ORIENTED_EDGE('',*,*,#159,.T.);
#530 = PLANE('',#531);
#531 = AXIS2_PLACEMENT_3D('',#532,#533,#534);
#532 = CARTESIAN_POINT('',(0.,-1.9,0.));
#533 = DIRECTION('',(0.,-1.,0.));
#534 = DIRECTION('',(0.,-0.,-1.));
#535 = ADVANCED_FACE('',(#536,#546),#556,.T.);
#536 = FACE_BOUND('',#537,.T.);
#537 = EDGE_LOOP('',(#538,#545));
#538 = ORIENTED_EDGE('',*,*,#539,.T.);
#539 = EDGE_CURVE('',#120,#118,#540,.T.);
#540 = CIRCLE('',#541,1.935);
#541 = AXIS2_PLACEMENT_3D('',#542,#543,#544);
#542 = CARTESIAN_POINT('',(0.,-3.2,0.));
#543 = DIRECTION('',(0.,-1.,0.));
#544 = DIRECTION('',(0.,0.,-1.));
#545 = ORIENTED_EDGE('',*,*,#117,.T.);
#546 = FACE_BOUND('',#547,.T.);
#547 = EDGE_LOOP('',(#548,#549));
#548 = ORIENTED_EDGE('',*,*,#102,.F.);
#549 = ORIENTED_EDGE('',*,*,#550,.F.);
#550 = EDGE_CURVE('',#95,#76,#551,.T.);
#551 = CIRCLE('',#552,0.35);
#552 = AXIS2_PLACEMENT_3D('',#553,#554,#555);
#553 = CARTESIAN_POINT('',(0.,-3.2,0.));
#554 = DIRECTION('',(0.,-1.,0.));
#555 = DIRECTION('',(0.,0.,-1.));
#556 = PLANE('',#557);
#557 = AXIS2_PLACEMENT_3D('',#558,#559,#560);
#558 = CARTESIAN_POINT('',(0.,-3.2,0.));
#559 = DIRECTION('',(0.,-1.,0.));
#560 = DIRECTION('',(0.,-0.,-1.));
#561 = ADVANCED_FACE('',(#562),#568,.T.);
#562 = FACE_BOUND('',#563,.T.);
#563 = EDGE_LOOP('',(#564,#565,#566,#567));
#564 = ORIENTED_EDGE('',*,*,#128,.F.);
#565 = ORIENTED_EDGE('',*,*,#539,.F.);
#566 = ORIENTED_EDGE('',*,*,#145,.T.);
#567 = ORIENTED_EDGE('',*,*,#519,.T.);
#568 = CYLINDRICAL_SURFACE('',#569,1.935);
#569 = AXIS2_PLACEMENT_3D('',#570,#571,#572);
#570 = CARTESIAN_POINT('',(0.,-3.2,0.));
#571 = DIRECTION('',(-0.,1.,-0.));
#572 = DIRECTION('',(0.,0.,1.));
#573 = ADVANCED_FACE('',(#574),#586,.F.);
#574 = FACE_BOUND('',#575,.F.);
#575 = EDGE_LOOP('',(#576,#583,#584,#585));
#576 = ORIENTED_EDGE('',*,*,#577,.T.);
#577 = EDGE_CURVE('',#86,#78,#578,.T.);
#578 = CIRCLE('',#579,0.35);
#579 = AXIS2_PLACEMENT_3D('',#580,#581,#582);
#580 = CARTESIAN_POINT('',(0.,-1.9,0.));
#581 = DIRECTION('',(0.,-1.,0.));
#582 = DIRECTION('',(0.,0.,-1.));
#583 = ORIENTED_EDGE('',*,*,#75,.F.);
#584 = ORIENTED_EDGE('',*,*,#550,.F.);
#585 = ORIENTED_EDGE('',*,*,#94,.T.);
#586 = CYLINDRICAL_SURFACE('',#587,0.35);
#587 = AXIS2_PLACEMENT_3D('',#588,#589,#590);
#588 = CARTESIAN_POINT('',(0.,-3.2,0.));
#589 = DIRECTION('',(-0.,1.,-0.));
#590 = DIRECTION('',(0.,0.,1.));
#591 = ADVANCED_FACE('',(#592),#596,.T.);
#592 = FACE_BOUND('',#593,.T.);
#593 = EDGE_LOOP('',(#594,#595));
#594 = ORIENTED_EDGE('',*,*,#85,.T.);
#595 = ORIENTED_EDGE('',*,*,#577,.T.);
#596 = PLANE('',#597);
#597 = AXIS2_PLACEMENT_3D('',#598,#599,#600);
#598 = CARTESIAN_POINT('',(0.,-1.9,0.));
#599 = DIRECTION('',(0.,-1.,0.));
#600 = DIRECTION('',(0.,-0.,-1.));
#601 = ( GEOMETRIC_REPRESENTATION_CONTEXT(3) 
GLOBAL_UNCERTAINTY_ASSIGNED_CONTEXT((#605)) GLOBAL_UNIT_ASSIGNED_CONTEXT
((#602,#603,#604)) REPRESENTATION_CONTEXT('Context #1',
  '3D Context with UNIT and UNCERTAINTY') );
#602 = ( LENGTH_UNIT() NAMED_UNIT(*) SI_UNIT(.MILLI.,.METRE.) );
#603 = ( NAMED_UNIT(*) PLANE_ANGLE_UNIT() SI_UNIT($,.RADIAN.) );
#604 = ( NAMED_UNIT(*) SI_UNIT($,.STERADIAN.) SOLID_ANGLE_UNIT() );
#605 = UNCERTAINTY_MEASURE_WITH_UNIT(LENGTH_MEASURE(1.E-07),#602,
  'distance_accuracy_value','confusion accuracy');
#606 = CONTEXT_DEPENDENT_SHAPE_REPRESENTATION(#607,#609);
#607 = ( REPRESENTATION_RELATIONSHIP('','',#68,#10) 
REPRESENTATION_RELATIONSHIP_WITH_TRANSFORMATION(#608) 
SHAPE_REPRESENTATION_RELATIONSHIP() );
#608 = ITEM_DEFINED_TRANSFORMATION('','',#11,#15);
#609 = PRODUCT_DEFINITION_SHAPE('Placement','Placement of an item',#610
  );
#610 = NEXT_ASSEMBLY_USAGE_OCCURRENCE('1','U1','',#5,#63,$);
#611 = PRODUCT_RELATED_PRODUCT_CATEGORY('part',$,(#65));
#612 = SHAPE_DEFINITION_REPRESENTATION(#613,#619);
#613 = PRODUCT_DEFINITION_SHAPE('','',#614);
#614 = PRODUCT_DEFINITION('design','',#615,#618);
#615 = PRODUCT_DEFINITION_FORMATION('','',#616);
#616 = PRODUCT('R_0201_0603Metric','R_0201_0603Metric','',(#617));
#617 = PRODUCT_CONTEXT('',#2,'mechanical');
#618 = PRODUCT_DEFINITION_CONTEXT('part definition',#2,'design');
#619 = ADVANCED_BREP_SHAPE_REPRESENTATION('',(#11,#620),#1410);
#620 = MANIFOLD_SOLID_BREP('',#621);
#621 = CLOSED_SHELL('',(#622,#662,#745,#770,#795,#862,#879,#896,#945,
    #962,#979,#1028,#1045,#1114,#1145,#1169,#1238,#1262,#1279,#1296,
    #1313,#1330,#1347,#1364,#1381,#1398));
#622 = ADVANCED_FACE('',(#623),#657,.F.);
#623 = FACE_BOUND('',#624,.F.);
#624 = EDGE_LOOP('',(#625,#635,#643,#651));
#625 = ORIENTED_EDGE('',*,*,#626,.F.);
#626 = EDGE_CURVE('',#627,#629,#631,.T.);
#627 = VERTEX_POINT('',#628);
#628 = CARTESIAN_POINT('',(-0.3,-0.15,2.3E-02));
#629 = VERTEX_POINT('',#630);
#630 = CARTESIAN_POINT('',(-0.3,-0.15,0.207));
#631 = LINE('',#632,#633);
#632 = CARTESIAN_POINT('',(-0.3,-0.15,0.));
#633 = VECTOR('',#634,1.);
#634 = DIRECTION('',(0.,0.,1.));
#635 = ORIENTED_EDGE('',*,*,#636,.T.);
#636 = EDGE_CURVE('',#627,#637,#639,.T.);
#637 = VERTEX_POINT('',#638);
#638 = CARTESIAN_POINT('',(-0.3,0.15,2.3E-02));
#639 = LINE('',#640,#641);
#640 = CARTESIAN_POINT('',(-0.3,-0.15,2.3E-02));
#641 = VECTOR('',#642,1.);
#642 = DIRECTION('',(0.,1.,0.));
#643 = ORIENTED_EDGE('',*,*,#644,.T.);
#644 = EDGE_CURVE('',#637,#645,#647,.T.);
#645 = VERTEX_POINT('',#646);
#646 = CARTESIAN_POINT('',(-0.3,0.15,0.207));
#647 = LINE('',#648,#649);
#648 = CARTESIAN_POINT('',(-0.3,0.15,0.));
#649 = VECTOR('',#650,1.);
#650 = DIRECTION('',(0.,0.,1.));
#651 = ORIENTED_EDGE('',*,*,#652,.F.);
#652 = EDGE_CURVE('',#629,#645,#653,.T.);
#653 = LINE('',#654,#655);
#654 = CARTESIAN_POINT('',(-0.3,-0.15,0.207));
#655 = VECTOR('',#656,1.);
#656 = DIRECTION('',(0.,1.,0.));
#657 = PLANE('',#658);
#658 = AXIS2_PLACEMENT_3D('',#659,#660,#661);
#659 = CARTESIAN_POINT('',(-0.3,-0.15,0.));
#660 = DIRECTION('',(1.,0.,0.));
#661 = DIRECTION('',(0.,0.,1.));
#662 = ADVANCED_FACE('',(#663),#740,.F.);
#663 = FACE_BOUND('',#664,.F.);
#664 = EDGE_LOOP('',(#665,#675,#682,#683,#692,#700,#709,#717,#725,#733)
  );
#665 = ORIENTED_EDGE('',*,*,#666,.F.);
#666 = EDGE_CURVE('',#667,#669,#671,.T.);
#667 = VERTEX_POINT('',#668);
#668 = CARTESIAN_POINT('',(-0.277,-0.15,-1.387778780781E-17));
#669 = VERTEX_POINT('',#670);
#670 = CARTESIAN_POINT('',(-0.223,-0.15,-1.387778780781E-17));
#671 = LINE('',#672,#673);
#672 = CARTESIAN_POINT('',(-0.3,-0.15,0.));
#673 = VECTOR('',#674,1.);
#674 = DIRECTION('',(1.,0.,0.));
#675 = ORIENTED_EDGE('',*,*,#676,.F.);
#676 = EDGE_CURVE('',#627,#667,#677,.T.);
#677 = CIRCLE('',#678,2.3E-02);
#678 = AXIS2_PLACEMENT_3D('',#679,#680,#681);
#679 = CARTESIAN_POINT('',(-0.277,-0.15,2.3E-02));
#680 = DIRECTION('',(0.,-1.,0.));
#681 = DIRECTION('',(0.,0.,1.));
#682 = ORIENTED_EDGE('',*,*,#626,.T.);
#683 = ORIENTED_EDGE('',*,*,#684,.T.);
#684 = EDGE_CURVE('',#629,#685,#687,.T.);
#685 = VERTEX_POINT('',#686);
#686 = CARTESIAN_POINT('',(-0.277,-0.15,0.23));
#687 = CIRCLE('',#688,2.3E-02);
#688 = AXIS2_PLACEMENT_3D('',#689,#690,#691);
#689 = CARTESIAN_POINT('',(-0.277,-0.15,0.207));
#690 = DIRECTION('',(0.,1.,0.));
#691 = DIRECTION('',(0.,-0.,1.));
#692 = ORIENTED_EDGE('',*,*,#693,.T.);
#693 = EDGE_CURVE('',#685,#694,#696,.T.);
#694 = VERTEX_POINT('',#695);
#695 = CARTESIAN_POINT('',(-0.223,-0.15,0.23));
#696 = LINE('',#697,#698);
#697 = CARTESIAN_POINT('',(-0.3,-0.15,0.23));
#698 = VECTOR('',#699,1.);
#699 = DIRECTION('',(1.,0.,0.));
#700 = ORIENTED_EDGE('',*,*,#701,.F.);
#701 = EDGE_CURVE('',#702,#694,#704,.T.);
#702 = VERTEX_POINT('',#703);
#703 = CARTESIAN_POINT('',(-0.2,-0.15,0.207));
#704 = CIRCLE('',#705,2.3E-02);
#705 = AXIS2_PLACEMENT_3D('',#706,#707,#708);
#706 = CARTESIAN_POINT('',(-0.223,-0.15,0.207));
#707 = DIRECTION('',(0.,-1.,0.));
#708 = DIRECTION('',(0.,0.,1.));
#709 = ORIENTED_EDGE('',*,*,#710,.F.);
#710 = EDGE_CURVE('',#711,#702,#713,.T.);
#711 = VERTEX_POINT('',#712);
#712 = CARTESIAN_POINT('',(-0.277,-0.15,0.207));
#713 = LINE('',#714,#715);
#714 = CARTESIAN_POINT('',(-0.277,-0.15,0.207));
#715 = VECTOR('',#716,1.);
#716 = DIRECTION('',(1.,0.,0.));
#717 = ORIENTED_EDGE('',*,*,#718,.F.);
#718 = EDGE_CURVE('',#719,#711,#721,.T.);
#719 = VERTEX_POINT('',#720);
#720 = CARTESIAN_POINT('',(-0.277,-0.15,2.3E-02));
#721 = LINE('',#722,#723);
#722 = CARTESIAN_POINT('',(-0.277,-0.15,2.3E-02));
#723 = VECTOR('',#724,1.);
#724 = DIRECTION('',(0.,0.,1.));
#725 = ORIENTED_EDGE('',*,*,#726,.T.);
#726 = EDGE_CURVE('',#719,#727,#729,.T.);
#727 = VERTEX_POINT('',#728);
#728 = CARTESIAN_POINT('',(-0.2,-0.15,2.3E-02));
#729 = LINE('',#730,#731);
#730 = CARTESIAN_POINT('',(-0.277,-0.15,2.3E-02));
#731 = VECTOR('',#732,1.);
#732 = DIRECTION('',(1.,0.,0.));
#733 = ORIENTED_EDGE('',*,*,#734,.T.);
#734 = EDGE_CURVE('',#727,#669,#735,.T.);
#735 = CIRCLE('',#736,2.3E-02);
#736 = AXIS2_PLACEMENT_3D('',#737,#738,#739);
#737 = CARTESIAN_POINT('',(-0.223,-0.15,2.3E-02));
#738 = DIRECTION('',(0.,1.,0.));
#739 = DIRECTION('',(0.,-0.,1.));
#740 = PLANE('',#741);
#741 = AXIS2_PLACEMENT_3D('',#742,#743,#744);
#742 = CARTESIAN_POINT('',(-0.3,-0.15,0.));
#743 = DIRECTION('',(0.,1.,0.));
#744 = DIRECTION('',(0.,-0.,1.));
#745 = ADVANCED_FACE('',(#746),#765,.T.);
#746 = FACE_BOUND('',#747,.T.);
#747 = EDGE_LOOP('',(#748,#749,#758,#764));
#748 = ORIENTED_EDGE('',*,*,#636,.T.);
#749 = ORIENTED_EDGE('',*,*,#750,.T.);
#750 = EDGE_CURVE('',#637,#751,#753,.T.);
#751 = VERTEX_POINT('',#752);
#752 = CARTESIAN_POINT('',(-0.277,0.15,-1.387778780781E-17));
#753 = CIRCLE('',#754,2.3E-02);
#754 = AXIS2_PLACEMENT_3D('',#755,#756,#757);
#755 = CARTESIAN_POINT('',(-0.277,0.15,2.3E-02));
#756 = DIRECTION('',(0.,-1.,0.));
#757 = DIRECTION('',(0.,0.,1.));
#758 = ORIENTED_EDGE('',*,*,#759,.F.);
#759 = EDGE_CURVE('',#667,#751,#760,.T.);
#760 = LINE('',#761,#762);
#761 = CARTESIAN_POINT('',(-0.277,-0.15,-1.387778780781E-17));
#762 = VECTOR('',#763,1.);
#763 = DIRECTION('',(0.,1.,0.));
#764 = ORIENTED_EDGE('',*,*,#676,.F.);
#765 = CYLINDRICAL_SURFACE('',#766,2.3E-02);
#766 = AXIS2_PLACEMENT_3D('',#767,#768,#769);
#767 = CARTESIAN_POINT('',(-0.277,-0.15,2.3E-02));
#768 = DIRECTION('',(0.,1.,0.));
#769 = DIRECTION('',(-1.,0.,0.));
#770 = ADVANCED_FACE('',(#771),#790,.T.);
#771 = FACE_BOUND('',#772,.T.);
#772 = EDGE_LOOP('',(#773,#774,#782,#789));
#773 = ORIENTED_EDGE('',*,*,#684,.T.);
#774 = ORIENTED_EDGE('',*,*,#775,.T.);
#775 = EDGE_CURVE('',#685,#776,#778,.T.);
#776 = VERTEX_POINT('',#777);
#777 = CARTESIAN_POINT('',(-0.277,0.15,0.23));
#778 = LINE('',#779,#780);
#779 = CARTESIAN_POINT('',(-0.277,-0.15,0.23));
#780 = VECTOR('',#781,1.);
#781 = DIRECTION('',(0.,1.,0.));
#782 = ORIENTED_EDGE('',*,*,#783,.F.);
#783 = EDGE_CURVE('',#645,#776,#784,.T.);
#784 = CIRCLE('',#785,2.3E-02);
#785 = AXIS2_PLACEMENT_3D('',#786,#787,#788);
#786 = CARTESIAN_POINT('',(-0.277,0.15,0.207));
#787 = DIRECTION('',(0.,1.,0.));
#788 = DIRECTION('',(0.,-0.,1.));
#789 = ORIENTED_EDGE('',*,*,#652,.F.);
#790 = CYLINDRICAL_SURFACE('',#791,2.3E-02);
#791 = AXIS2_PLACEMENT_3D('',#792,#793,#794);
#792 = CARTESIAN_POINT('',(-0.277,-0.15,0.207));
#793 = DIRECTION('',(0.,1.,0.));
#794 = DIRECTION('',(-1.,0.,0.));
#795 = ADVANCED_FACE('',(#796),#857,.T.);
#796 = FACE_BOUND('',#797,.T.);
#797 = EDGE_LOOP('',(#798,#806,#807,#808,#809,#817,#826,#834,#842,#850)
  );
#798 = ORIENTED_EDGE('',*,*,#799,.F.);
#799 = EDGE_CURVE('',#751,#800,#802,.T.);
#800 = VERTEX_POINT('',#801);
#801 = CARTESIAN_POINT('',(-0.223,0.15,-1.387778780781E-17));
#802 = LINE('',#803,#804);
#803 = CARTESIAN_POINT('',(-0.3,0.15,0.));
#804 = VECTOR('',#805,1.);
#805 = DIRECTION('',(1.,0.,0.));
#806 = ORIENTED_EDGE('',*,*,#750,.F.);
#807 = ORIENTED_EDGE('',*,*,#644,.T.);
#808 = ORIENTED_EDGE('',*,*,#783,.T.);
#809 = ORIENTED_EDGE('',*,*,#810,.T.);
#810 = EDGE_CURVE('',#776,#811,#813,.T.);
#811 = VERTEX_POINT('',#812);
#812 = CARTESIAN_POINT('',(-0.223,0.15,0.23));
#813 = LINE('',#814,#815);
#814 = CARTESIAN_POINT('',(-0.3,0.15,0.23));
#815 = VECTOR('',#816,1.);
#816 = DIRECTION('',(1.,0.,0.));
#817 = ORIENTED_EDGE('',*,*,#818,.F.);
#818 = EDGE_CURVE('',#819,#811,#821,.T.);
#819 = VERTEX_POINT('',#820);
#820 = CARTESIAN_POINT('',(-0.2,0.15,0.207));
#821 = CIRCLE('',#822,2.3E-02);
#822 = AXIS2_PLACEMENT_3D('',#823,#824,#825);
#823 = CARTESIAN_POINT('',(-0.223,0.15,0.207));
#824 = DIRECTION('',(0.,-1.,0.));
#825 = DIRECTION('',(0.,0.,1.));
#826 = ORIENTED_EDGE('',*,*,#827,.F.);
#827 = EDGE_CURVE('',#828,#819,#830,.T.);
#828 = VERTEX_POINT('',#829);
#829 = CARTESIAN_POINT('',(-0.277,0.15,0.207));
#830 = LINE('',#831,#832);
#831 = CARTESIAN_POINT('',(-0.277,0.15,0.207));
#832 = VECTOR('',#833,1.);
#833 = DIRECTION('',(1.,0.,0.));
#834 = ORIENTED_EDGE('',*,*,#835,.F.);
#835 = EDGE_CURVE('',#836,#828,#838,.T.);
#836 = VERTEX_POINT('',#837);
#837 = CARTESIAN_POINT('',(-0.277,0.15,2.3E-02));
#838 = LINE('',#839,#840);
#839 = CARTESIAN_POINT('',(-0.277,0.15,2.3E-02));
#840 = VECTOR('',#841,1.);
#841 = DIRECTION('',(0.,0.,1.));
#842 = ORIENTED_EDGE('',*,*,#843,.T.);
#843 = EDGE_CURVE('',#836,#844,#846,.T.);
#844 = VERTEX_POINT('',#845);
#845 = CARTESIAN_POINT('',(-0.2,0.15,2.3E-02));
#846 = LINE('',#847,#848);
#847 = CARTESIAN_POINT('',(-0.277,0.15,2.3E-02));
#848 = VECTOR('',#849,1.);
#849 = DIRECTION('',(1.,0.,0.));
#850 = ORIENTED_EDGE('',*,*,#851,.T.);
#851 = EDGE_CURVE('',#844,#800,#852,.T.);
#852 = CIRCLE('',#853,2.3E-02);
#853 = AXIS2_PLACEMENT_3D('',#854,#855,#856);
#854 = CARTESIAN_POINT('',(-0.223,0.15,2.3E-02));
#855 = DIRECTION('',(0.,1.,0.));
#856 = DIRECTION('',(0.,-0.,1.));
#857 = PLANE('',#858);
#858 = AXIS2_PLACEMENT_3D('',#859,#860,#861);
#859 = CARTESIAN_POINT('',(-0.3,0.15,0.));
#860 = DIRECTION('',(0.,1.,0.));
#861 = DIRECTION('',(0.,-0.,1.));
#862 = ADVANCED_FACE('',(#863),#874,.F.);
#863 = FACE_BOUND('',#864,.F.);
#864 = EDGE_LOOP('',(#865,#866,#867,#868));
#865 = ORIENTED_EDGE('',*,*,#799,.F.);
#866 = ORIENTED_EDGE('',*,*,#759,.F.);
#867 = ORIENTED_EDGE('',*,*,#666,.T.);
#868 = ORIENTED_EDGE('',*,*,#869,.T.);
#869 = EDGE_CURVE('',#669,#800,#870,.T.);
#870 = LINE('',#871,#872);
#871 = CARTESIAN_POINT('',(-0.223,-0.15,-1.387778780781E-17));
#872 = VECTOR('',#873,1.);
#873 = DIRECTION('',(0.,1.,0.));
#874 = PLANE('',#875);
#875 = AXIS2_PLACEMENT_3D('',#876,#877,#878);
#876 = CARTESIAN_POINT('',(-0.3,-0.15,0.));
#877 = DIRECTION('',(0.,0.,1.));
#878 = DIRECTION('',(1.,0.,-0.));
#879 = ADVANCED_FACE('',(#880),#891,.T.);
#880 = FACE_BOUND('',#881,.T.);
#881 = EDGE_LOOP('',(#882,#883,#884,#885));
#882 = ORIENTED_EDGE('',*,*,#734,.T.);
#883 = ORIENTED_EDGE('',*,*,#869,.T.);
#884 = ORIENTED_EDGE('',*,*,#851,.F.);
#885 = ORIENTED_EDGE('',*,*,#886,.F.);
#886 = EDGE_CURVE('',#727,#844,#887,.T.);
#887 = LINE('',#888,#889);
#888 = CARTESIAN_POINT('',(-0.2,-0.15,2.3E-02));
#889 = VECTOR('',#890,1.);
#890 = DIRECTION('',(0.,1.,0.));
#891 = CYLINDRICAL_SURFACE('',#892,2.3E-02);
#892 = AXIS2_PLACEMENT_3D('',#893,#894,#895);
#893 = CARTESIAN_POINT('',(-0.223,-0.15,2.3E-02));
#894 = DIRECTION('',(0.,1.,0.));
#895 = DIRECTION('',(1.,0.,0.));
#896 = ADVANCED_FACE('',(#897),#940,.F.);
#897 = FACE_BOUND('',#898,.F.);
#898 = EDGE_LOOP('',(#899,#900,#901,#902,#910,#918,#926,#934));
#899 = ORIENTED_EDGE('',*,*,#726,.F.);
#900 = ORIENTED_EDGE('',*,*,#718,.T.);
#901 = ORIENTED_EDGE('',*,*,#710,.T.);
#902 = ORIENTED_EDGE('',*,*,#903,.T.);
#903 = EDGE_CURVE('',#702,#904,#906,.T.);
#904 = VERTEX_POINT('',#905);
#905 = CARTESIAN_POINT('',(0.2,-0.15,0.207));
#906 = LINE('',#907,#908);
#907 = CARTESIAN_POINT('',(-0.2,-0.15,0.207));
#908 = VECTOR('',#909,1.);
#909 = DIRECTION('',(1.,0.,0.));
#910 = ORIENTED_EDGE('',*,*,#911,.T.);
#911 = EDGE_CURVE('',#904,#912,#914,.T.);
#912 = VERTEX_POINT('',#913);
#913 = CARTESIAN_POINT('',(0.277,-0.15,0.207));
#914 = LINE('',#915,#916);
#915 = CARTESIAN_POINT('',(-0.277,-0.15,0.207));
#916 = VECTOR('',#917,1.);
#917 = DIRECTION('',(1.,0.,0.));
#918 = ORIENTED_EDGE('',*,*,#919,.F.);
#919 = EDGE_CURVE('',#920,#912,#922,.T.);
#920 = VERTEX_POINT('',#921);
#921 = CARTESIAN_POINT('',(0.277,-0.15,2.3E-02));
#922 = LINE('',#923,#924);
#923 = CARTESIAN_POINT('',(0.277,-0.15,2.3E-02));
#924 = VECTOR('',#925,1.);
#925 = DIRECTION('',(0.,0.,1.));
#926 = ORIENTED_EDGE('',*,*,#927,.F.);
#927 = EDGE_CURVE('',#928,#920,#930,.T.);
#928 = VERTEX_POINT('',#929);
#929 = CARTESIAN_POINT('',(0.2,-0.15,2.3E-02));
#930 = LINE('',#931,#932);
#931 = CARTESIAN_POINT('',(-0.277,-0.15,2.3E-02));
#932 = VECTOR('',#933,1.);
#933 = DIRECTION('',(1.,0.,0.));
#934 = ORIENTED_EDGE('',*,*,#935,.F.);
#935 = EDGE_CURVE('',#727,#928,#936,.T.);
#936 = LINE('',#937,#938);
#937 = CARTESIAN_POINT('',(-0.277,-0.15,2.3E-02));
#938 = VECTOR('',#939,1.);
#939 = DIRECTION('',(1.,0.,0.));
#940 = PLANE('',#941);
#941 = AXIS2_PLACEMENT_3D('',#942,#943,#944);
#942 = CARTESIAN_POINT('',(-0.277,-0.15,2.3E-02));
#943 = DIRECTION('',(0.,1.,0.));
#944 = DIRECTION('',(0.,-0.,1.));
#945 = ADVANCED_FACE('',(#946),#957,.T.);
#946 = FACE_BOUND('',#947,.T.);
#947 = EDGE_LOOP('',(#948,#949,#950,#951));
#948 = ORIENTED_EDGE('',*,*,#810,.F.);
#949 = ORIENTED_EDGE('',*,*,#775,.F.);
#950 = ORIENTED_EDGE('',*,*,#693,.T.);
#951 = ORIENTED_EDGE('',*,*,#952,.T.);
#952 = EDGE_CURVE('',#694,#811,#953,.T.);
#953 = LINE('',#954,#955);
#954 = CARTESIAN_POINT('',(-0.223,-0.15,0.23));
#955 = VECTOR('',#956,1.);
#956 = DIRECTION('',(0.,1.,0.));
#957 = PLANE('',#958);
#958 = AXIS2_PLACEMENT_3D('',#959,#960,#961);
#959 = CARTESIAN_POINT('',(-0.3,-0.15,0.23));
#960 = DIRECTION('',(0.,0.,1.));
#961 = DIRECTION('',(1.,0.,-0.));
#962 = ADVANCED_FACE('',(#963),#974,.T.);
#963 = FACE_BOUND('',#964,.T.);
#964 = EDGE_LOOP('',(#965,#971,#972,#973));
#965 = ORIENTED_EDGE('',*,*,#966,.T.);
#966 = EDGE_CURVE('',#702,#819,#967,.T.);
#967 = LINE('',#968,#969);
#968 = CARTESIAN_POINT('',(-0.2,-0.15,0.207));
#969 = VECTOR('',#970,1.);
#970 = DIRECTION('',(0.,1.,0.));
#971 = ORIENTED_EDGE('',*,*,#818,.T.);
#972 = ORIENTED_EDGE('',*,*,#952,.F.);
#973 = ORIENTED_EDGE('',*,*,#701,.F.);
#974 = CYLINDRICAL_SURFACE('',#975,2.3E-02);
#975 = AXIS2_PLACEMENT_3D('',#976,#977,#978);
#976 = CARTESIAN_POINT('',(-0.223,-0.15,0.207));
#977 = DIRECTION('',(0.,1.,0.));
#978 = DIRECTION('',(1.,0.,0.));
#979 = ADVANCED_FACE('',(#980),#1023,.T.);
#980 = FACE_BOUND('',#981,.T.);
#981 = EDGE_LOOP('',(#982,#983,#984,#985,#993,#1001,#1009,#1017));
#982 = ORIENTED_EDGE('',*,*,#843,.F.);
#983 = ORIENTED_EDGE('',*,*,#835,.T.);
#984 = ORIENTED_EDGE('',*,*,#827,.T.);
#985 = ORIENTED_EDGE('',*,*,#986,.T.);
#986 = EDGE_CURVE('',#819,#987,#989,.T.);
#987 = VERTEX_POINT('',#988);
#988 = CARTESIAN_POINT('',(0.2,0.15,0.207));
#989 = LINE('',#990,#991);
#990 = CARTESIAN_POINT('',(-0.2,0.15,0.207));
#991 = VECTOR('',#992,1.);
#992 = DIRECTION('',(1.,0.,0.));
#993 = ORIENTED_EDGE('',*,*,#994,.T.);
#994 = EDGE_CURVE('',#987,#995,#997,.T.);
#995 = VERTEX_POINT('',#996);
#996 = CARTESIAN_POINT('',(0.277,0.15,0.207));
#997 = LINE('',#998,#999);
#998 = CARTESIAN_POINT('',(-0.277,0.15,0.207));
#999 = VECTOR('',#1000,1.);
#1000 = DIRECTION('',(1.,0.,0.));
#1001 = ORIENTED_EDGE('',*,*,#1002,.F.);
#1002 = EDGE_CURVE('',#1003,#995,#1005,.T.);
#1003 = VERTEX_POINT('',#1004);
#1004 = CARTESIAN_POINT('',(0.277,0.15,2.3E-02));
#1005 = LINE('',#1006,#1007);
#1006 = CARTESIAN_POINT('',(0.277,0.15,2.3E-02));
#1007 = VECTOR('',#1008,1.);
#1008 = DIRECTION('',(0.,0.,1.));
#1009 = ORIENTED_EDGE('',*,*,#1010,.F.);
#1010 = EDGE_CURVE('',#1011,#1003,#1013,.T.);
#1011 = VERTEX_POINT('',#1012);
#1012 = CARTESIAN_POINT('',(0.2,0.15,2.3E-02));
#1013 = LINE('',#1014,#1015);
#1014 = CARTESIAN_POINT('',(-0.277,0.15,2.3E-02));
#1015 = VECTOR('',#1016,1.);
#1016 = DIRECTION('',(1.,0.,0.));
#1017 = ORIENTED_EDGE('',*,*,#1018,.F.);
#1018 = EDGE_CURVE('',#844,#1011,#1019,.T.);
#1019 = LINE('',#1020,#1021);
#1020 = CARTESIAN_POINT('',(-0.277,0.15,2.3E-02));
#1021 = VECTOR('',#1022,1.);
#1022 = DIRECTION('',(1.,0.,0.));
#1023 = PLANE('',#1024);
#1024 = AXIS2_PLACEMENT_3D('',#1025,#1026,#1027);
#1025 = CARTESIAN_POINT('',(-0.277,0.15,2.3E-02));
#1026 = DIRECTION('',(0.,1.,0.));
#1027 = DIRECTION('',(0.,-0.,1.));
#1028 = ADVANCED_FACE('',(#1029),#1040,.F.);
#1029 = FACE_BOUND('',#1030,.F.);
#1030 = EDGE_LOOP('',(#1031,#1032,#1033,#1039));
#1031 = ORIENTED_EDGE('',*,*,#886,.F.);
#1032 = ORIENTED_EDGE('',*,*,#935,.T.);
#1033 = ORIENTED_EDGE('',*,*,#1034,.T.);
#1034 = EDGE_CURVE('',#928,#1011,#1035,.T.);
#1035 = LINE('',#1036,#1037);
#1036 = CARTESIAN_POINT('',(0.2,-0.15,2.3E-02));
#1037 = VECTOR('',#1038,1.);
#1038 = DIRECTION('',(0.,1.,0.));
#1039 = ORIENTED_EDGE('',*,*,#1018,.F.);
#1040 = PLANE('',#1041);
#1041 = AXIS2_PLACEMENT_3D('',#1042,#1043,#1044);
#1042 = CARTESIAN_POINT('',(-0.277,-0.15,2.3E-02));
#1043 = DIRECTION('',(0.,0.,1.));
#1044 = DIRECTION('',(1.,0.,-0.));
#1045 = ADVANCED_FACE('',(#1046),#1109,.F.);
#1046 = FACE_BOUND('',#1047,.F.);
#1047 = EDGE_LOOP('',(#1048,#1058,#1065,#1066,#1067,#1068,#1077,#1085,
    #1094,#1102));
#1048 = ORIENTED_EDGE('',*,*,#1049,.F.);
#1049 = EDGE_CURVE('',#1050,#1052,#1054,.T.);
#1050 = VERTEX_POINT('',#1051);
#1051 = CARTESIAN_POINT('',(0.223,-0.15,-1.387778780781E-17));
#1052 = VERTEX_POINT('',#1053);
#1053 = CARTESIAN_POINT('',(0.277,-0.15,-1.387778780781E-17));
#1054 = LINE('',#1055,#1056);
#1055 = CARTESIAN_POINT('',(0.2,-0.15,0.));
#1056 = VECTOR('',#1057,1.);
#1057 = DIRECTION('',(1.,0.,0.));
#1058 = ORIENTED_EDGE('',*,*,#1059,.F.);
#1059 = EDGE_CURVE('',#928,#1050,#1060,.T.);
#1060 = CIRCLE('',#1061,2.3E-02);
#1061 = AXIS2_PLACEMENT_3D('',#1062,#1063,#1064);
#1062 = CARTESIAN_POINT('',(0.223,-0.15,2.3E-02));
#1063 = DIRECTION('',(0.,-1.,0.));
#1064 = DIRECTION('',(0.,0.,1.));
#1065 = ORIENTED_EDGE('',*,*,#927,.T.);
#1066 = ORIENTED_EDGE('',*,*,#919,.T.);
#1067 = ORIENTED_EDGE('',*,*,#911,.F.);
#1068 = ORIENTED_EDGE('',*,*,#1069,.T.);
#1069 = EDGE_CURVE('',#904,#1070,#1072,.T.);
#1070 = VERTEX_POINT('',#1071);
#1071 = CARTESIAN_POINT('',(0.223,-0.15,0.23));
#1072 = CIRCLE('',#1073,2.3E-02);
#1073 = AXIS2_PLACEMENT_3D('',#1074,#1075,#1076);
#1074 = CARTESIAN_POINT('',(0.223,-0.15,0.207));
#1075 = DIRECTION('',(0.,1.,0.));
#1076 = DIRECTION('',(0.,-0.,1.));
#1077 = ORIENTED_EDGE('',*,*,#1078,.T.);
#1078 = EDGE_CURVE('',#1070,#1079,#1081,.T.);
#1079 = VERTEX_POINT('',#1080);
#1080 = CARTESIAN_POINT('',(0.277,-0.15,0.23));
#1081 = LINE('',#1082,#1083);
#1082 = CARTESIAN_POINT('',(0.2,-0.15,0.23));
#1083 = VECTOR('',#1084,1.);
#1084 = DIRECTION('',(1.,0.,0.));
#1085 = ORIENTED_EDGE('',*,*,#1086,.F.);
#1086 = EDGE_CURVE('',#1087,#1079,#1089,.T.);
#1087 = VERTEX_POINT('',#1088);
#1088 = CARTESIAN_POINT('',(0.3,-0.15,0.207));
#1089 = CIRCLE('',#1090,2.3E-02);
#1090 = AXIS2_PLACEMENT_3D('',#1091,#1092,#1093);
#1091 = CARTESIAN_POINT('',(0.277,-0.15,0.207));
#1092 = DIRECTION('',(0.,-1.,0.));
#1093 = DIRECTION('',(0.,0.,1.));
#1094 = ORIENTED_EDGE('',*,*,#1095,.F.);
#1095 = EDGE_CURVE('',#1096,#1087,#1098,.T.);
#1096 = VERTEX_POINT('',#1097);
#1097 = CARTESIAN_POINT('',(0.3,-0.15,2.3E-02));
#1098 = LINE('',#1099,#1100);
#1099 = CARTESIAN_POINT('',(0.3,-0.15,0.));
#1100 = VECTOR('',#1101,1.);
#1101 = DIRECTION('',(0.,0.,1.));
#1102 = ORIENTED_EDGE('',*,*,#1103,.T.);
#1103 = EDGE_CURVE('',#1096,#1052,#1104,.T.);
#1104 = CIRCLE('',#1105,2.3E-02);
#1105 = AXIS2_PLACEMENT_3D('',#1106,#1107,#1108);
#1106 = CARTESIAN_POINT('',(0.277,-0.15,2.3E-02));
#1107 = DIRECTION('',(0.,1.,0.));
#1108 = DIRECTION('',(0.,-0.,1.));
#1109 = PLANE('',#1110);
#1110 = AXIS2_PLACEMENT_3D('',#1111,#1112,#1113);
#1111 = CARTESIAN_POINT('',(0.2,-0.15,0.));
#1112 = DIRECTION('',(0.,1.,0.));
#1113 = DIRECTION('',(0.,-0.,1.));
#1114 = ADVANCED_FACE('',(#1115),#1140,.F.);
#1115 = FACE_BOUND('',#1116,.F.);
#1116 = EDGE_LOOP('',(#1117,#1118,#1126,#1134));
#1117 = ORIENTED_EDGE('',*,*,#903,.F.);
#1118 = ORIENTED_EDGE('',*,*,#1119,.T.);
#1119 = EDGE_CURVE('',#702,#1120,#1122,.T.);
#1120 = VERTEX_POINT('',#1121);
#1121 = CARTESIAN_POINT('',(-0.2,-0.15,0.23));
#1122 = LINE('',#1123,#1124);
#1123 = CARTESIAN_POINT('',(-0.2,-0.15,0.207));
#1124 = VECTOR('',#1125,1.);
#1125 = DIRECTION('',(0.,0.,1.));
#1126 = ORIENTED_EDGE('',*,*,#1127,.T.);
#1127 = EDGE_CURVE('',#1120,#1128,#1130,.T.);
#1128 = VERTEX_POINT('',#1129);
#1129 = CARTESIAN_POINT('',(0.2,-0.15,0.23));
#1130 = LINE('',#1131,#1132);
#1131 = CARTESIAN_POINT('',(-0.2,-0.15,0.23));
#1132 = VECTOR('',#1133,1.);
#1133 = DIRECTION('',(1.,0.,0.));
#1134 = ORIENTED_EDGE('',*,*,#1135,.F.);
#1135 = EDGE_CURVE('',#904,#1128,#1136,.T.);
#1136 = LINE('',#1137,#1138);
#1137 = CARTESIAN_POINT('',(0.2,-0.15,0.207));
#1138 = VECTOR('',#1139,1.);
#1139 = DIRECTION('',(0.,0.,1.));
#1140 = PLANE('',#1141);
#1141 = AXIS2_PLACEMENT_3D('',#1142,#1143,#1144);
#1142 = CARTESIAN_POINT('',(-0.2,-0.15,0.207));
#1143 = DIRECTION('',(0.,1.,0.));
#1144 = DIRECTION('',(0.,-0.,1.));
#1145 = ADVANCED_FACE('',(#1146),#1164,.F.);
#1146 = FACE_BOUND('',#1147,.F.);
#1147 = EDGE_LOOP('',(#1148,#1149,#1150,#1158));
#1148 = ORIENTED_EDGE('',*,*,#1119,.F.);
#1149 = ORIENTED_EDGE('',*,*,#966,.T.);
#1150 = ORIENTED_EDGE('',*,*,#1151,.T.);
#1151 = EDGE_CURVE('',#819,#1152,#1154,.T.);
#1152 = VERTEX_POINT('',#1153);
#1153 = CARTESIAN_POINT('',(-0.2,0.15,0.23));
#1154 = LINE('',#1155,#1156);
#1155 = CARTESIAN_POINT('',(-0.2,0.15,0.207));
#1156 = VECTOR('',#1157,1.);
#1157 = DIRECTION('',(0.,0.,1.));
#1158 = ORIENTED_EDGE('',*,*,#1159,.F.);
#1159 = EDGE_CURVE('',#1120,#1152,#1160,.T.);
#1160 = LINE('',#1161,#1162);
#1161 = CARTESIAN_POINT('',(-0.2,-0.15,0.23));
#1162 = VECTOR('',#1163,1.);
#1163 = DIRECTION('',(0.,1.,0.));
#1164 = PLANE('',#1165);
#1165 = AXIS2_PLACEMENT_3D('',#1166,#1167,#1168);
#1166 = CARTESIAN_POINT('',(-0.2,-0.15,0.207));
#1167 = DIRECTION('',(1.,0.,0.));
#1168 = DIRECTION('',(0.,0.,1.));
#1169 = ADVANCED_FACE('',(#1170),#1233,.T.);
#1170 = FACE_BOUND('',#1171,.T.);
#1171 = EDGE_LOOP('',(#1172,#1182,#1189,#1190,#1191,#1192,#1201,#1209,
    #1218,#1226));
#1172 = ORIENTED_EDGE('',*,*,#1173,.F.);
#1173 = EDGE_CURVE('',#1174,#1176,#1178,.T.);
#1174 = VERTEX_POINT('',#1175);
#1175 = CARTESIAN_POINT('',(0.223,0.15,-1.387778780781E-17));
#1176 = VERTEX_POINT('',#1177);
#1177 = CARTESIAN_POINT('',(0.277,0.15,-1.387778780781E-17));
#1178 = LINE('',#1179,#1180);
#1179 = CARTESIAN_POINT('',(0.2,0.15,0.));
#1180 = VECTOR('',#1181,1.);
#1181 = DIRECTION('',(1.,0.,0.));
#1182 = ORIENTED_EDGE('',*,*,#1183,.F.);
#1183 = EDGE_CURVE('',#1011,#1174,#1184,.T.);
#1184 = CIRCLE('',#1185,2.3E-02);
#1185 = AXIS2_PLACEMENT_3D('',#1186,#1187,#1188);
#1186 = CARTESIAN_POINT('',(0.223,0.15,2.3E-02));
#1187 = DIRECTION('',(0.,-1.,0.));
#1188 = DIRECTION('',(0.,0.,1.));
#1189 = ORIENTED_EDGE('',*,*,#1010,.T.);
#1190 = ORIENTED_EDGE('',*,*,#1002,.T.);
#1191 = ORIENTED_EDGE('',*,*,#994,.F.);
#1192 = ORIENTED_EDGE('',*,*,#1193,.T.);
#1193 = EDGE_CURVE('',#987,#1194,#1196,.T.);
#1194 = VERTEX_POINT('',#1195);
#1195 = CARTESIAN_POINT('',(0.223,0.15,0.23));
#1196 = CIRCLE('',#1197,2.3E-02);
#1197 = AXIS2_PLACEMENT_3D('',#1198,#1199,#1200);
#1198 = CARTESIAN_POINT('',(0.223,0.15,0.207));
#1199 = DIRECTION('',(0.,1.,0.));
#1200 = DIRECTION('',(0.,-0.,1.));
#1201 = ORIENTED_EDGE('',*,*,#1202,.T.);
#1202 = EDGE_CURVE('',#1194,#1203,#1205,.T.);
#1203 = VERTEX_POINT('',#1204);
#1204 = CARTESIAN_POINT('',(0.277,0.15,0.23));
#1205 = LINE('',#1206,#1207);
#1206 = CARTESIAN_POINT('',(0.2,0.15,0.23));
#1207 = VECTOR('',#1208,1.);
#1208 = DIRECTION('',(1.,0.,0.));
#1209 = ORIENTED_EDGE('',*,*,#1210,.F.);
#1210 = EDGE_CURVE('',#1211,#1203,#1213,.T.);
#1211 = VERTEX_POINT('',#1212);
#1212 = CARTESIAN_POINT('',(0.3,0.15,0.207));
#1213 = CIRCLE('',#1214,2.3E-02);
#1214 = AXIS2_PLACEMENT_3D('',#1215,#1216,#1217);
#1215 = CARTESIAN_POINT('',(0.277,0.15,0.207));
#1216 = DIRECTION('',(0.,-1.,0.));
#1217 = DIRECTION('',(0.,0.,1.));
#1218 = ORIENTED_EDGE('',*,*,#1219,.F.);
#1219 = EDGE_CURVE('',#1220,#1211,#1222,.T.);
#1220 = VERTEX_POINT('',#1221);
#1221 = CARTESIAN_POINT('',(0.3,0.15,2.3E-02));
#1222 = LINE('',#1223,#1224);
#1223 = CARTESIAN_POINT('',(0.3,0.15,0.));
#1224 = VECTOR('',#1225,1.);
#1225 = DIRECTION('',(0.,0.,1.));
#1226 = ORIENTED_EDGE('',*,*,#1227,.T.);
#1227 = EDGE_CURVE('',#1220,#1176,#1228,.T.);
#1228 = CIRCLE('',#1229,2.3E-02);
#1229 = AXIS2_PLACEMENT_3D('',#1230,#1231,#1232);
#1230 = CARTESIAN_POINT('',(0.277,0.15,2.3E-02));
#1231 = DIRECTION('',(0.,1.,0.));
#1232 = DIRECTION('',(0.,-0.,1.));
#1233 = PLANE('',#1234);
#1234 = AXIS2_PLACEMENT_3D('',#1235,#1236,#1237);
#1235 = CARTESIAN_POINT('',(0.2,0.15,0.));
#1236 = DIRECTION('',(0.,1.,0.));
#1237 = DIRECTION('',(0.,-0.,1.));
#1238 = ADVANCED_FACE('',(#1239),#1257,.T.);
#1239 = FACE_BOUND('',#1240,.T.);
#1240 = EDGE_LOOP('',(#1241,#1242,#1243,#1251));
#1241 = ORIENTED_EDGE('',*,*,#986,.F.);
#1242 = ORIENTED_EDGE('',*,*,#1151,.T.);
#1243 = ORIENTED_EDGE('',*,*,#1244,.T.);
#1244 = EDGE_CURVE('',#1152,#1245,#1247,.T.);
#1245 = VERTEX_POINT('',#1246);
#1246 = CARTESIAN_POINT('',(0.2,0.15,0.23));
#1247 = LINE('',#1248,#1249);
#1248 = CARTESIAN_POINT('',(-0.2,0.15,0.23));
#1249 = VECTOR('',#1250,1.);
#1250 = DIRECTION('',(1.,0.,0.));
#1251 = ORIENTED_EDGE('',*,*,#1252,.F.);
#1252 = EDGE_CURVE('',#987,#1245,#1253,.T.);
#1253 = LINE('',#1254,#1255);
#1254 = CARTESIAN_POINT('',(0.2,0.15,0.207));
#1255 = VECTOR('',#1256,1.);
#1256 = DIRECTION('',(0.,0.,1.));
#1257 = PLANE('',#1258);
#1258 = AXIS2_PLACEMENT_3D('',#1259,#1260,#1261);
#1259 = CARTESIAN_POINT('',(-0.2,0.15,0.207));
#1260 = DIRECTION('',(0.,1.,0.));
#1261 = DIRECTION('',(0.,-0.,1.));
#1262 = ADVANCED_FACE('',(#1263),#1274,.T.);
#1263 = FACE_BOUND('',#1264,.T.);
#1264 = EDGE_LOOP('',(#1265,#1266,#1267,#1273));
#1265 = ORIENTED_EDGE('',*,*,#1034,.T.);
#1266 = ORIENTED_EDGE('',*,*,#1183,.T.);
#1267 = ORIENTED_EDGE('',*,*,#1268,.F.);
#1268 = EDGE_CURVE('',#1050,#1174,#1269,.T.);
#1269 = LINE('',#1270,#1271);
#1270 = CARTESIAN_POINT('',(0.223,-0.15,-1.387778780781E-17));
#1271 = VECTOR('',#1272,1.);
#1272 = DIRECTION('',(0.,1.,0.));
#1273 = ORIENTED_EDGE('',*,*,#1059,.F.);
#1274 = CYLINDRICAL_SURFACE('',#1275,2.3E-02);
#1275 = AXIS2_PLACEMENT_3D('',#1276,#1277,#1278);
#1276 = CARTESIAN_POINT('',(0.223,-0.15,2.3E-02));
#1277 = DIRECTION('',(0.,1.,0.));
#1278 = DIRECTION('',(-1.,0.,0.));
#1279 = ADVANCED_FACE('',(#1280),#1291,.F.);
#1280 = FACE_BOUND('',#1281,.F.);
#1281 = EDGE_LOOP('',(#1282,#1283,#1284,#1285));
#1282 = ORIENTED_EDGE('',*,*,#1173,.F.);
#1283 = ORIENTED_EDGE('',*,*,#1268,.F.);
#1284 = ORIENTED_EDGE('',*,*,#1049,.T.);
#1285 = ORIENTED_EDGE('',*,*,#1286,.T.);
#1286 = EDGE_CURVE('',#1052,#1176,#1287,.T.);
#1287 = LINE('',#1288,#1289);
#1288 = CARTESIAN_POINT('',(0.277,-0.15,-1.387778780781E-17));
#1289 = VECTOR('',#1290,1.);
#1290 = DIRECTION('',(0.,1.,0.));
#1291 = PLANE('',#1292);
#1292 = AXIS2_PLACEMENT_3D('',#1293,#1294,#1295);
#1293 = CARTESIAN_POINT('',(0.2,-0.15,0.));
#1294 = DIRECTION('',(0.,0.,1.));
#1295 = DIRECTION('',(1.,0.,-0.));
#1296 = ADVANCED_FACE('',(#1297),#1308,.T.);
#1297 = FACE_BOUND('',#1298,.T.);
#1298 = EDGE_LOOP('',(#1299,#1300,#1301,#1302));
#1299 = ORIENTED_EDGE('',*,*,#1103,.T.);
#1300 = ORIENTED_EDGE('',*,*,#1286,.T.);
#1301 = ORIENTED_EDGE('',*,*,#1227,.F.);
#1302 = ORIENTED_EDGE('',*,*,#1303,.F.);
#1303 = EDGE_CURVE('',#1096,#1220,#1304,.T.);
#1304 = LINE('',#1305,#1306);
#1305 = CARTESIAN_POINT('',(0.3,-0.15,2.3E-02));
#1306 = VECTOR('',#1307,1.);
#1307 = DIRECTION('',(0.,1.,0.));
#1308 = CYLINDRICAL_SURFACE('',#1309,2.3E-02);
#1309 = AXIS2_PLACEMENT_3D('',#1310,#1311,#1312);
#1310 = CARTESIAN_POINT('',(0.277,-0.15,2.3E-02));
#1311 = DIRECTION('',(0.,1.,0.));
#1312 = DIRECTION('',(1.,0.,0.));
#1313 = ADVANCED_FACE('',(#1314),#1325,.T.);
#1314 = FACE_BOUND('',#1315,.T.);
#1315 = EDGE_LOOP('',(#1316,#1317,#1318,#1319));
#1316 = ORIENTED_EDGE('',*,*,#1095,.F.);
#1317 = ORIENTED_EDGE('',*,*,#1303,.T.);
#1318 = ORIENTED_EDGE('',*,*,#1219,.T.);
#1319 = ORIENTED_EDGE('',*,*,#1320,.F.);
#1320 = EDGE_CURVE('',#1087,#1211,#1321,.T.);
#1321 = LINE('',#1322,#1323);
#1322 = CARTESIAN_POINT('',(0.3,-0.15,0.207));
#1323 = VECTOR('',#1324,1.);
#1324 = DIRECTION('',(0.,1.,0.));
#1325 = PLANE('',#1326);
#1326 = AXIS2_PLACEMENT_3D('',#1327,#1328,#1329);
#1327 = CARTESIAN_POINT('',(0.3,-0.15,0.));
#1328 = DIRECTION('',(1.,0.,0.));
#1329 = DIRECTION('',(0.,0.,1.));
#1330 = ADVANCED_FACE('',(#1331),#1342,.T.);
#1331 = FACE_BOUND('',#1332,.T.);
#1332 = EDGE_LOOP('',(#1333,#1334,#1335,#1341));
#1333 = ORIENTED_EDGE('',*,*,#1320,.T.);
#1334 = ORIENTED_EDGE('',*,*,#1210,.T.);
#1335 = ORIENTED_EDGE('',*,*,#1336,.F.);
#1336 = EDGE_CURVE('',#1079,#1203,#1337,.T.);
#1337 = LINE('',#1338,#1339);
#1338 = CARTESIAN_POINT('',(0.277,-0.15,0.23));
#1339 = VECTOR('',#1340,1.);
#1340 = DIRECTION('',(0.,1.,0.));
#1341 = ORIENTED_EDGE('',*,*,#1086,.F.);
#1342 = CYLINDRICAL_SURFACE('',#1343,2.3E-02);
#1343 = AXIS2_PLACEMENT_3D('',#1344,#1345,#1346);
#1344 = CARTESIAN_POINT('',(0.277,-0.15,0.207));
#1345 = DIRECTION('',(0.,1.,0.));
#1346 = DIRECTION('',(1.,0.,0.));
#1347 = ADVANCED_FACE('',(#1348),#1359,.T.);
#1348 = FACE_BOUND('',#1349,.T.);
#1349 = EDGE_LOOP('',(#1350,#1351,#1357,#1358));
#1350 = ORIENTED_EDGE('',*,*,#1202,.F.);
#1351 = ORIENTED_EDGE('',*,*,#1352,.F.);
#1352 = EDGE_CURVE('',#1070,#1194,#1353,.T.);
#1353 = LINE('',#1354,#1355);
#1354 = CARTESIAN_POINT('',(0.223,-0.15,0.23));
#1355 = VECTOR('',#1356,1.);
#1356 = DIRECTION('',(0.,1.,0.));
#1357 = ORIENTED_EDGE('',*,*,#1078,.T.);
#1358 = ORIENTED_EDGE('',*,*,#1336,.T.);
#1359 = PLANE('',#1360);
#1360 = AXIS2_PLACEMENT_3D('',#1361,#1362,#1363);
#1361 = CARTESIAN_POINT('',(0.2,-0.15,0.23));
#1362 = DIRECTION('',(0.,0.,1.));
#1363 = DIRECTION('',(1.,0.,-0.));
#1364 = ADVANCED_FACE('',(#1365),#1376,.T.);
#1365 = FACE_BOUND('',#1366,.T.);
#1366 = EDGE_LOOP('',(#1367,#1368,#1369,#1370));
#1367 = ORIENTED_EDGE('',*,*,#1069,.T.);
#1368 = ORIENTED_EDGE('',*,*,#1352,.T.);
#1369 = ORIENTED_EDGE('',*,*,#1193,.F.);
#1370 = ORIENTED_EDGE('',*,*,#1371,.F.);
#1371 = EDGE_CURVE('',#904,#987,#1372,.T.);
#1372 = LINE('',#1373,#1374);
#1373 = CARTESIAN_POINT('',(0.2,-0.15,0.207));
#1374 = VECTOR('',#1375,1.);
#1375 = DIRECTION('',(0.,1.,0.));
#1376 = CYLINDRICAL_SURFACE('',#1377,2.3E-02);
#1377 = AXIS2_PLACEMENT_3D('',#1378,#1379,#1380);
#1378 = CARTESIAN_POINT('',(0.223,-0.15,0.207));
#1379 = DIRECTION('',(0.,1.,0.));
#1380 = DIRECTION('',(-1.,0.,0.));
#1381 = ADVANCED_FACE('',(#1382),#1393,.T.);
#1382 = FACE_BOUND('',#1383,.T.);
#1383 = EDGE_LOOP('',(#1384,#1385,#1386,#1387));
#1384 = ORIENTED_EDGE('',*,*,#1135,.F.);
#1385 = ORIENTED_EDGE('',*,*,#1371,.T.);
#1386 = ORIENTED_EDGE('',*,*,#1252,.T.);
#1387 = ORIENTED_EDGE('',*,*,#1388,.F.);
#1388 = EDGE_CURVE('',#1128,#1245,#1389,.T.);
#1389 = LINE('',#1390,#1391);
#1390 = CARTESIAN_POINT('',(0.2,-0.15,0.23));
#1391 = VECTOR('',#1392,1.);
#1392 = DIRECTION('',(0.,1.,0.));
#1393 = PLANE('',#1394);
#1394 = AXIS2_PLACEMENT_3D('',#1395,#1396,#1397);
#1395 = CARTESIAN_POINT('',(0.2,-0.15,0.207));
#1396 = DIRECTION('',(1.,0.,0.));
#1397 = DIRECTION('',(0.,0.,1.));
#1398 = ADVANCED_FACE('',(#1399),#1405,.T.);
#1399 = FACE_BOUND('',#1400,.T.);
#1400 = EDGE_LOOP('',(#1401,#1402,#1403,#1404));
#1401 = ORIENTED_EDGE('',*,*,#1159,.F.);
#1402 = ORIENTED_EDGE('',*,*,#1127,.T.);
#1403 = ORIENTED_EDGE('',*,*,#1388,.T.);
#1404 = ORIENTED_EDGE('',*,*,#1244,.F.);
#1405 = PLANE('',#1406);
#1406 = AXIS2_PLACEMENT_3D('',#1407,#1408,#1409);
#1407 = CARTESIAN_POINT('',(-0.2,-0.15,0.23));
#1408 = DIRECTION('',(0.,0.,1.));
#1409 = DIRECTION('',(1.,0.,-0.));
#1410 = ( GEOMETRIC_REPRESENTATION_CONTEXT(3) 
GLOBAL_UNCERTAINTY_ASSIGNED_CONTEXT((#1414)) 
GLOBAL_UNIT_ASSIGNED_CONTEXT((#1411,#1412,#1413)) REPRESENTATION_CONTEXT
('Context #1','3D Context with UNIT and UNCERTAINTY') );
#1411 = ( LENGTH_UNIT() NAMED_UNIT(*) SI_UNIT(.MILLI.,.METRE.) );
#1412 = ( NAMED_UNIT(*) PLANE_ANGLE_UNIT() SI_UNIT($,.RADIAN.) );
#1413 = ( NAMED_UNIT(*) SI_UNIT($,.STERADIAN.) SOLID_ANGLE_UNIT() );
#1414 = UNCERTAINTY_MEASURE_WITH_UNIT(LENGTH_MEASURE(1.E-07),#1411,
  'distance_accuracy_value','confusion accuracy');
#1415 = CONTEXT_DEPENDENT_SHAPE_REPRESENTATION(#1416,#1418);
#1416 = ( REPRESENTATION_RELATIONSHIP('','',#619,#10) 
REPRESENTATION_RELATIONSHIP_WITH_TRANSFORMATION(#1417) 
SHAPE_REPRESENTATION_RELATIONSHIP() );
#1417 = ITEM_DEFINED_TRANSFORMATION('','',#11,#19);
#1418 = PRODUCT_DEFINITION_SHAPE('Placement','Placement of an item',
  #1419);
#1419 = NEXT_ASSEMBLY_USAGE_OCCURRENCE('2','R1','',#5,#614,$);
#1420 = PRODUCT_RELATED_PRODUCT_CATEGORY('part',$,(#616));
#1421 = SHAPE_DEFINITION_REPRESENTATION(#1422,#1428);
#1422 = PRODUCT_DEFINITION_SHAPE('','',#1423);
#1423 = PRODUCT_DEFINITION('design','',#1424,#1427);
#1424 = PRODUCT_DEFINITION_FORMATION('','',#1425);
#1425 = PRODUCT('LED_0201_0603Metric','LED_0201_0603Metric','',(#1426));
#1426 = PRODUCT_CONTEXT('',#2,'mechanical');
#1427 = PRODUCT_DEFINITION_CONTEXT('part definition',#2,'design');
#1428 = ADVANCED_BREP_SHAPE_REPRESENTATION('',(#11,#1429),#2068);
#1429 = MANIFOLD_SOLID_BREP('',#1430);
#1430 = CLOSED_SHELL('',(#1431,#1471,#1502,#1620,#1651,#1675,#1692,#1716
    ,#1747,#1771,#1795,#1812,#1843,#1867,#1891,#1908,#1939,#1963,#1980,
    #2004,#2021,#2033,#2045,#2057));
#1431 = ADVANCED_FACE('',(#1432),#1466,.F.);
#1432 = FACE_BOUND('',#1433,.F.);
#1433 = EDGE_LOOP('',(#1434,#1444,#1452,#1460));
#1434 = ORIENTED_EDGE('',*,*,#1435,.F.);
#1435 = EDGE_CURVE('',#1436,#1438,#1440,.T.);
#1436 = VERTEX_POINT('',#1437);
#1437 = CARTESIAN_POINT('',(-0.325,-0.175,1.7E-02));
#1438 = VERTEX_POINT('',#1439);
#1439 = CARTESIAN_POINT('',(-0.325,-0.175,0.107));
#1440 = LINE('',#1441,#1442);
#1441 = CARTESIAN_POINT('',(-0.325,-0.175,1.7E-02));
#1442 = VECTOR('',#1443,1.);
#1443 = DIRECTION('',(0.,0.,1.));
#1444 = ORIENTED_EDGE('',*,*,#1445,.T.);
#1445 = EDGE_CURVE('',#1436,#1446,#1448,.T.);
#1446 = VERTEX_POINT('',#1447);
#1447 = CARTESIAN_POINT('',(-0.325,0.175,1.7E-02));
#1448 = LINE('',#1449,#1450);
#1449 = CARTESIAN_POINT('',(-0.325,-0.175,1.7E-02));
#1450 = VECTOR('',#1451,1.);
#1451 = DIRECTION('',(0.,1.,0.));
#1452 = ORIENTED_EDGE('',*,*,#1453,.T.);
#1453 = EDGE_CURVE('',#1446,#1454,#1456,.T.);
#1454 = VERTEX_POINT('',#1455);
#1455 = CARTESIAN_POINT('',(-0.325,0.175,0.107));
#1456 = LINE('',#1457,#1458);
#1457 = CARTESIAN_POINT('',(-0.325,0.175,1.7E-02));
#1458 = VECTOR('',#1459,1.);
#1459 = DIRECTION('',(0.,0.,1.));
#1460 = ORIENTED_EDGE('',*,*,#1461,.T.);
#1461 = EDGE_CURVE('',#1454,#1438,#1462,.T.);
#1462 = LINE('',#1463,#1464);
#1463 = CARTESIAN_POINT('',(-0.325,0.175,0.107));
#1464 = VECTOR('',#1465,1.);
#1465 = DIRECTION('',(0.,-1.,0.));
#1466 = PLANE('',#1467);
#1467 = AXIS2_PLACEMENT_3D('',#1468,#1469,#1470);
#1468 = CARTESIAN_POINT('',(-0.325,-0.175,1.7E-02));
#1469 = DIRECTION('',(1.,0.,0.));
#1470 = DIRECTION('',(0.,0.,1.));
#1471 = ADVANCED_FACE('',(#1472),#1497,.F.);
#1472 = FACE_BOUND('',#1473,.F.);
#1473 = EDGE_LOOP('',(#1474,#1482,#1483,#1491));
#1474 = ORIENTED_EDGE('',*,*,#1475,.F.);
#1475 = EDGE_CURVE('',#1436,#1476,#1478,.T.);
#1476 = VERTEX_POINT('',#1477);
#1477 = CARTESIAN_POINT('',(0.325,-0.175,1.7E-02));
#1478 = LINE('',#1479,#1480);
#1479 = CARTESIAN_POINT('',(-0.325,-0.175,1.7E-02));
#1480 = VECTOR('',#1481,1.);
#1481 = DIRECTION('',(1.,0.,0.));
#1482 = ORIENTED_EDGE('',*,*,#1435,.T.);
#1483 = ORIENTED_EDGE('',*,*,#1484,.F.);
#1484 = EDGE_CURVE('',#1485,#1438,#1487,.T.);
#1485 = VERTEX_POINT('',#1486);
#1486 = CARTESIAN_POINT('',(0.325,-0.175,0.107));
#1487 = LINE('',#1488,#1489);
#1488 = CARTESIAN_POINT('',(0.325,-0.175,0.107));
#1489 = VECTOR('',#1490,1.);
#1490 = DIRECTION('',(-1.,0.,0.));
#1491 = ORIENTED_EDGE('',*,*,#1492,.F.);
#1492 = EDGE_CURVE('',#1476,#1485,#1493,.T.);
#1493 = LINE('',#1494,#1495);
#1494 = CARTESIAN_POINT('',(0.325,-0.175,1.7E-02));
#1495 = VECTOR('',#1496,1.);
#1496 = DIRECTION('',(0.,0.,1.));
#1497 = PLANE('',#1498);
#1498 = AXIS2_PLACEMENT_3D('',#1499,#1500,#1501);
#1499 = CARTESIAN_POINT('',(-0.325,-0.175,1.7E-02));
#1500 = DIRECTION('',(0.,1.,0.));
#1501 = DIRECTION('',(0.,-0.,1.));
#1502 = ADVANCED_FACE('',(#1503,#1521,#1555,#1589),#1615,.F.);
#1503 = FACE_BOUND('',#1504,.F.);
#1504 = EDGE_LOOP('',(#1505,#1506,#1507,#1515));
#1505 = ORIENTED_EDGE('',*,*,#1445,.F.);
#1506 = ORIENTED_EDGE('',*,*,#1475,.T.);
#1507 = ORIENTED_EDGE('',*,*,#1508,.T.);
#1508 = EDGE_CURVE('',#1476,#1509,#1511,.T.);
#1509 = VERTEX_POINT('',#1510);
#1510 = CARTESIAN_POINT('',(0.325,0.175,1.7E-02));
#1511 = LINE('',#1512,#1513);
#1512 = CARTESIAN_POINT('',(0.325,-0.175,1.7E-02));
#1513 = VECTOR('',#1514,1.);
#1514 = DIRECTION('',(0.,1.,0.));
#1515 = ORIENTED_EDGE('',*,*,#1516,.F.);
#1516 = EDGE_CURVE('',#1446,#1509,#1517,.T.);
#1517 = LINE('',#1518,#1519);
#1518 = CARTESIAN_POINT('',(-0.325,0.175,1.7E-02));
#1519 = VECTOR('',#1520,1.);
#1520 = DIRECTION('',(1.,0.,0.));
#1521 = FACE_BOUND('',#1522,.F.);
#1522 = EDGE_LOOP('',(#1523,#1533,#1541,#1549));
#1523 = ORIENTED_EDGE('',*,*,#1524,.T.);
#1524 = EDGE_CURVE('',#1525,#1527,#1529,.T.);
#1525 = VERTEX_POINT('',#1526);
#1526 = CARTESIAN_POINT('',(0.105,0.125,1.7E-02));
#1527 = VERTEX_POINT('',#1528);
#1528 = CARTESIAN_POINT('',(0.275,0.125,1.7E-02));
#1529 = LINE('',#1530,#1531);
#1530 = CARTESIAN_POINT('',(0.105,0.125,1.7E-02));
#1531 = VECTOR('',#1532,1.);
#1532 = DIRECTION('',(1.,0.,0.));
#1533 = ORIENTED_EDGE('',*,*,#1534,.F.);
#1534 = EDGE_CURVE('',#1535,#1527,#1537,.T.);
#1535 = VERTEX_POINT('',#1536);
#1536 = CARTESIAN_POINT('',(0.275,-0.125,1.7E-02));
#1537 = LINE('',#1538,#1539);
#1538 = CARTESIAN_POINT('',(0.275,-0.125,1.7E-02));
#1539 = VECTOR('',#1540,1.);
#1540 = DIRECTION('',(0.,1.,0.));
#1541 = ORIENTED_EDGE('',*,*,#1542,.F.);
#1542 = EDGE_CURVE('',#1543,#1535,#1545,.T.);
#1543 = VERTEX_POINT('',#1544);
#1544 = CARTESIAN_POINT('',(0.105,-0.125,1.7E-02));
#1545 = LINE('',#1546,#1547);
#1546 = CARTESIAN_POINT('',(0.105,-0.125,1.7E-02));
#1547 = VECTOR('',#1548,1.);
#1548 = DIRECTION('',(1.,0.,0.));
#1549 = ORIENTED_EDGE('',*,*,#1550,.T.);
#1550 = EDGE_CURVE('',#1543,#1525,#1551,.T.);
#1551 = LINE('',#1552,#1553);
#1552 = CARTESIAN_POINT('',(0.105,-0.125,1.7E-02));
#1553 = VECTOR('',#1554,1.);
#1554 = DIRECTION('',(0.,1.,0.));
#1555 = FACE_BOUND('',#1556,.F.);
#1556 = EDGE_LOOP('',(#1557,#1567,#1575,#1583));
#1557 = ORIENTED_EDGE('',*,*,#1558,.T.);
#1558 = EDGE_CURVE('',#1559,#1561,#1563,.T.);
#1559 = VERTEX_POINT('',#1560);
#1560 = CARTESIAN_POINT('',(-0.275,0.125,1.7E-02));
#1561 = VERTEX_POINT('',#1562);
#1562 = CARTESIAN_POINT('',(-0.105,0.125,1.7E-02));
#1563 = LINE('',#1564,#1565);
#1564 = CARTESIAN_POINT('',(-0.275,0.125,1.7E-02));
#1565 = VECTOR('',#1566,1.);
#1566 = DIRECTION('',(1.,0.,0.));
#1567 = ORIENTED_EDGE('',*,*,#1568,.F.);
#1568 = EDGE_CURVE('',#1569,#1561,#1571,.T.);
#1569 = VERTEX_POINT('',#1570);
#1570 = CARTESIAN_POINT('',(-0.105,-0.125,1.7E-02));
#1571 = LINE('',#1572,#1573);
#1572 = CARTESIAN_POINT('',(-0.105,-0.125,1.7E-02));
#1573 = VECTOR('',#1574,1.);
#1574 = DIRECTION('',(0.,1.,0.));
#1575 = ORIENTED_EDGE('',*,*,#1576,.F.);
#1576 = EDGE_CURVE('',#1577,#1569,#1579,.T.);
#1577 = VERTEX_POINT('',#1578);
#1578 = CARTESIAN_POINT('',(-0.275,-0.125,1.7E-02));
#1579 = LINE('',#1580,#1581);
#1580 = CARTESIAN_POINT('',(-0.275,-0.125,1.7E-02));
#1581 = VECTOR('',#1582,1.);
#1582 = DIRECTION('',(1.,0.,0.));
#1583 = ORIENTED_EDGE('',*,*,#1584,.T.);
#1584 = EDGE_CURVE('',#1577,#1559,#1585,.T.);
#1585 = LINE('',#1586,#1587);
#1586 = CARTESIAN_POINT('',(-0.275,-0.125,1.7E-02));
#1587 = VECTOR('',#1588,1.);
#1588 = DIRECTION('',(0.,1.,0.));
#1589 = FACE_BOUND('',#1590,.F.);
#1590 = EDGE_LOOP('',(#1591,#1601,#1609));
#1591 = ORIENTED_EDGE('',*,*,#1592,.T.);
#1592 = EDGE_CURVE('',#1593,#1595,#1597,.T.);
#1593 = VERTEX_POINT('',#1594);
#1594 = CARTESIAN_POINT('',(7.274613391789E-02,8.4E-02,1.7E-02));
#1595 = VERTEX_POINT('',#1596);
#1596 = CARTESIAN_POINT('',(7.274613391789E-02,-8.4E-02,1.7E-02));
#1597 = LINE('',#1598,#1599);
#1598 = CARTESIAN_POINT('',(7.274613391789E-02,8.4E-02,1.7E-02));
#1599 = VECTOR('',#1600,1.);
#1600 = DIRECTION('',(0.,-1.,0.));
#1601 = ORIENTED_EDGE('',*,*,#1602,.T.);
#1602 = EDGE_CURVE('',#1595,#1603,#1605,.T.);
#1603 = VERTEX_POINT('',#1604);
#1604 = CARTESIAN_POINT('',(-7.274613391789E-02,0.,1.7E-02));
#1605 = LINE('',#1606,#1607);
#1606 = CARTESIAN_POINT('',(7.274613391789E-02,-8.4E-02,1.7E-02));
#1607 = VECTOR('',#1608,1.);
#1608 = DIRECTION('',(-0.866025403784,0.5,0.));
#1609 = ORIENTED_EDGE('',*,*,#1610,.T.);
#1610 = EDGE_CURVE('',#1603,#1593,#1611,.T.);
#1611 = LINE('',#1612,#1613);
#1612 = CARTESIAN_POINT('',(-7.274613391789E-02,0.,1.7E-02));
#1613 = VECTOR('',#1614,1.);
#1614 = DIRECTION('',(0.866025403784,0.5,0.));
#1615 = PLANE('',#1616);
#1616 = AXIS2_PLACEMENT_3D('',#1617,#1618,#1619);
#1617 = CARTESIAN_POINT('',(-0.325,-0.175,1.7E-02));
#1618 = DIRECTION('',(0.,0.,1.));
#1619 = DIRECTION('',(1.,0.,-0.));
#1620 = ADVANCED_FACE('',(#1621),#1646,.T.);
#1621 = FACE_BOUND('',#1622,.T.);
#1622 = EDGE_LOOP('',(#1623,#1624,#1632,#1640));
#1623 = ORIENTED_EDGE('',*,*,#1461,.T.);
#1624 = ORIENTED_EDGE('',*,*,#1625,.T.);
#1625 = EDGE_CURVE('',#1438,#1626,#1628,.T.);
#1626 = VERTEX_POINT('',#1627);
#1627 = CARTESIAN_POINT('',(-0.2925,-0.175,0.2));
#1628 = LINE('',#1629,#1630);
#1629 = CARTESIAN_POINT('',(-0.325,-0.175,0.107));
#1630 = VECTOR('',#1631,1.);
#1631 = DIRECTION('',(0.32989823916,0.,0.944016499749));
#1632 = ORIENTED_EDGE('',*,*,#1633,.F.);
#1633 = EDGE_CURVE('',#1634,#1626,#1636,.T.);
#1634 = VERTEX_POINT('',#1635);
#1635 = CARTESIAN_POINT('',(-0.2925,0.175,0.2));
#1636 = LINE('',#1637,#1638);
#1637 = CARTESIAN_POINT('',(-0.2925,0.175,0.2));
#1638 = VECTOR('',#1639,1.);
#1639 = DIRECTION('',(0.,-1.,0.));
#1640 = ORIENTED_EDGE('',*,*,#1641,.F.);
#1641 = EDGE_CURVE('',#1454,#1634,#1642,.T.);
#1642 = LINE('',#1643,#1644);
#1643 = CARTESIAN_POINT('',(-0.325,0.175,0.107));
#1644 = VECTOR('',#1645,1.);
#1645 = DIRECTION('',(0.32989823916,0.,0.944016499749));
#1646 = PLANE('',#1647);
#1647 = AXIS2_PLACEMENT_3D('',#1648,#1649,#1650);
#1648 = CARTESIAN_POINT('',(-0.325,0.175,0.107));
#1649 = DIRECTION('',(-0.944016499749,0.,0.32989823916));
#1650 = DIRECTION('',(0.32989823916,0.,0.944016499749));
#1651 = ADVANCED_FACE('',(#1652),#1670,.T.);
#1652 = FACE_BOUND('',#1653,.T.);
#1653 = EDGE_LOOP('',(#1654,#1655,#1656,#1664));
#1654 = ORIENTED_EDGE('',*,*,#1516,.F.);
#1655 = ORIENTED_EDGE('',*,*,#1453,.T.);
#1656 = ORIENTED_EDGE('',*,*,#1657,.F.);
#1657 = EDGE_CURVE('',#1658,#1454,#1660,.T.);
#1658 = VERTEX_POINT('',#1659);
#1659 = CARTESIAN_POINT('',(0.325,0.175,0.107));
#1660 = LINE('',#1661,#1662);
#1661 = CARTESIAN_POINT('',(0.325,0.175,0.107));
#1662 = VECTOR('',#1663,1.);
#1663 = DIRECTION('',(-1.,0.,0.));
#1664 = ORIENTED_EDGE('',*,*,#1665,.F.);
#1665 = EDGE_CURVE('',#1509,#1658,#1666,.T.);
#1666 = LINE('',#1667,#1668);
#1667 = CARTESIAN_POINT('',(0.325,0.175,1.7E-02));
#1668 = VECTOR('',#1669,1.);
#1669 = DIRECTION('',(0.,0.,1.));
#1670 = PLANE('',#1671);
#1671 = AXIS2_PLACEMENT_3D('',#1672,#1673,#1674);
#1672 = CARTESIAN_POINT('',(-0.325,0.175,1.7E-02));
#1673 = DIRECTION('',(0.,1.,0.));
#1674 = DIRECTION('',(0.,-0.,1.));
#1675 = ADVANCED_FACE('',(#1676),#1687,.T.);
#1676 = FACE_BOUND('',#1677,.T.);
#1677 = EDGE_LOOP('',(#1678,#1679,#1680,#1681));
#1678 = ORIENTED_EDGE('',*,*,#1492,.F.);
#1679 = ORIENTED_EDGE('',*,*,#1508,.T.);
#1680 = ORIENTED_EDGE('',*,*,#1665,.T.);
#1681 = ORIENTED_EDGE('',*,*,#1682,.T.);
#1682 = EDGE_CURVE('',#1658,#1485,#1683,.T.);
#1683 = LINE('',#1684,#1685);
#1684 = CARTESIAN_POINT('',(0.325,0.175,0.107));
#1685 = VECTOR('',#1686,1.);
#1686 = DIRECTION('',(0.,-1.,0.));
#1687 = PLANE('',#1688);
#1688 = AXIS2_PLACEMENT_3D('',#1689,#1690,#1691);
#1689 = CARTESIAN_POINT('',(0.325,-0.175,1.7E-02));
#1690 = DIRECTION('',(1.,0.,0.));
#1691 = DIRECTION('',(0.,0.,1.));
#1692 = ADVANCED_FACE('',(#1693),#1711,.F.);
#1693 = FACE_BOUND('',#1694,.F.);
#1694 = EDGE_LOOP('',(#1695,#1696,#1704,#1710));
#1695 = ORIENTED_EDGE('',*,*,#1625,.T.);
#1696 = ORIENTED_EDGE('',*,*,#1697,.T.);
#1697 = EDGE_CURVE('',#1626,#1698,#1700,.T.);
#1698 = VERTEX_POINT('',#1699);
#1699 = CARTESIAN_POINT('',(0.2925,-0.175,0.2));
#1700 = LINE('',#1701,#1702);
#1701 = CARTESIAN_POINT('',(-0.2925,-0.175,0.2));
#1702 = VECTOR('',#1703,1.);
#1703 = DIRECTION('',(1.,0.,0.));
#1704 = ORIENTED_EDGE('',*,*,#1705,.T.);
#1705 = EDGE_CURVE('',#1698,#1485,#1706,.T.);
#1706 = LINE('',#1707,#1708);
#1707 = CARTESIAN_POINT('',(0.2925,-0.175,0.2));
#1708 = VECTOR('',#1709,1.);
#1709 = DIRECTION('',(0.32989823916,0.,-0.944016499749));
#1710 = ORIENTED_EDGE('',*,*,#1484,.T.);
#1711 = PLANE('',#1712);
#1712 = AXIS2_PLACEMENT_3D('',#1713,#1714,#1715);
#1713 = CARTESIAN_POINT('',(9.690986503965E-18,-0.175,0.15138936053));
#1714 = DIRECTION('',(3.640674961141E-33,1.,-8.102543307743E-32));
#1715 = DIRECTION('',(0.,8.102543307743E-32,1.));
#1716 = ADVANCED_FACE('',(#1717),#1742,.T.);
#1717 = FACE_BOUND('',#1718,.T.);
#1718 = EDGE_LOOP('',(#1719,#1729,#1735,#1736));
#1719 = ORIENTED_EDGE('',*,*,#1720,.F.);
#1720 = EDGE_CURVE('',#1721,#1723,#1725,.T.);
#1721 = VERTEX_POINT('',#1722);
#1722 = CARTESIAN_POINT('',(0.105,0.125,0.));
#1723 = VERTEX_POINT('',#1724);
#1724 = CARTESIAN_POINT('',(0.275,0.125,0.));
#1725 = LINE('',#1726,#1727);
#1726 = CARTESIAN_POINT('',(0.105,0.125,0.));
#1727 = VECTOR('',#1728,1.);
#1728 = DIRECTION('',(1.,0.,0.));
#1729 = ORIENTED_EDGE('',*,*,#1730,.T.);
#1730 = EDGE_CURVE('',#1721,#1525,#1731,.T.);
#1731 = LINE('',#1732,#1733);
#1732 = CARTESIAN_POINT('',(0.105,0.125,0.));
#1733 = VECTOR('',#1734,1.);
#1734 = DIRECTION('',(0.,0.,1.));
#1735 = ORIENTED_EDGE('',*,*,#1524,.T.);
#1736 = ORIENTED_EDGE('',*,*,#1737,.F.);
#1737 = EDGE_CURVE('',#1723,#1527,#1738,.T.);
#1738 = LINE('',#1739,#1740);
#1739 = CARTESIAN_POINT('',(0.275,0.125,0.));
#1740 = VECTOR('',#1741,1.);
#1741 = DIRECTION('',(0.,0.,1.));
#1742 = PLANE('',#1743);
#1743 = AXIS2_PLACEMENT_3D('',#1744,#1745,#1746);
#1744 = CARTESIAN_POINT('',(0.105,0.125,0.));
#1745 = DIRECTION('',(0.,1.,0.));
#1746 = DIRECTION('',(0.,-0.,1.));
#1747 = ADVANCED_FACE('',(#1748),#1766,.F.);
#1748 = FACE_BOUND('',#1749,.F.);
#1749 = EDGE_LOOP('',(#1750,#1758,#1764,#1765));
#1750 = ORIENTED_EDGE('',*,*,#1751,.F.);
#1751 = EDGE_CURVE('',#1752,#1543,#1754,.T.);
#1752 = VERTEX_POINT('',#1753);
#1753 = CARTESIAN_POINT('',(0.105,-0.125,0.));
#1754 = LINE('',#1755,#1756);
#1755 = CARTESIAN_POINT('',(0.105,-0.125,0.));
#1756 = VECTOR('',#1757,1.);
#1757 = DIRECTION('',(0.,0.,1.));
#1758 = ORIENTED_EDGE('',*,*,#1759,.T.);
#1759 = EDGE_CURVE('',#1752,#1721,#1760,.T.);
#1760 = LINE('',#1761,#1762);
#1761 = CARTESIAN_POINT('',(0.105,-0.125,0.));
#1762 = VECTOR('',#1763,1.);
#1763 = DIRECTION('',(0.,1.,0.));
#1764 = ORIENTED_EDGE('',*,*,#1730,.T.);
#1765 = ORIENTED_EDGE('',*,*,#1550,.F.);
#1766 = PLANE('',#1767);
#1767 = AXIS2_PLACEMENT_3D('',#1768,#1769,#1770);
#1768 = CARTESIAN_POINT('',(0.105,-0.125,0.));
#1769 = DIRECTION('',(1.,0.,0.));
#1770 = DIRECTION('',(0.,0.,1.));
#1771 = ADVANCED_FACE('',(#1772),#1790,.F.);
#1772 = FACE_BOUND('',#1773,.F.);
#1773 = EDGE_LOOP('',(#1774,#1782,#1783,#1784));
#1774 = ORIENTED_EDGE('',*,*,#1775,.F.);
#1775 = EDGE_CURVE('',#1752,#1776,#1778,.T.);
#1776 = VERTEX_POINT('',#1777);
#1777 = CARTESIAN_POINT('',(0.275,-0.125,0.));
#1778 = LINE('',#1779,#1780);
#1779 = CARTESIAN_POINT('',(0.105,-0.125,0.));
#1780 = VECTOR('',#1781,1.);
#1781 = DIRECTION('',(1.,0.,0.));
#1782 = ORIENTED_EDGE('',*,*,#1751,.T.);
#1783 = ORIENTED_EDGE('',*,*,#1542,.T.);
#1784 = ORIENTED_EDGE('',*,*,#1785,.F.);
#1785 = EDGE_CURVE('',#1776,#1535,#1786,.T.);
#1786 = LINE('',#1787,#1788);
#1787 = CARTESIAN_POINT('',(0.275,-0.125,0.));
#1788 = VECTOR('',#1789,1.);
#1789 = DIRECTION('',(0.,0.,1.));
#1790 = PLANE('',#1791);
#1791 = AXIS2_PLACEMENT_3D('',#1792,#1793,#1794);
#1792 = CARTESIAN_POINT('',(0.105,-0.125,0.));
#1793 = DIRECTION('',(0.,1.,0.));
#1794 = DIRECTION('',(0.,-0.,1.));
#1795 = ADVANCED_FACE('',(#1796),#1807,.T.);
#1796 = FACE_BOUND('',#1797,.T.);
#1797 = EDGE_LOOP('',(#1798,#1799,#1805,#1806));
#1798 = ORIENTED_EDGE('',*,*,#1785,.F.);
#1799 = ORIENTED_EDGE('',*,*,#1800,.T.);
#1800 = EDGE_CURVE('',#1776,#1723,#1801,.T.);
#1801 = LINE('',#1802,#1803);
#1802 = CARTESIAN_POINT('',(0.275,-0.125,0.));
#1803 = VECTOR('',#1804,1.);
#1804 = DIRECTION('',(0.,1.,0.));
#1805 = ORIENTED_EDGE('',*,*,#1737,.T.);
#1806 = ORIENTED_EDGE('',*,*,#1534,.F.);
#1807 = PLANE('',#1808);
#1808 = AXIS2_PLACEMENT_3D('',#1809,#1810,#1811);
#1809 = CARTESIAN_POINT('',(0.275,-0.125,0.));
#1810 = DIRECTION('',(1.,0.,0.));
#1811 = DIRECTION('',(0.,0.,1.));
#1812 = ADVANCED_FACE('',(#1813),#1838,.T.);
#1813 = FACE_BOUND('',#1814,.T.);
#1814 = EDGE_LOOP('',(#1815,#1825,#1831,#1832));
#1815 = ORIENTED_EDGE('',*,*,#1816,.F.);
#1816 = EDGE_CURVE('',#1817,#1819,#1821,.T.);
#1817 = VERTEX_POINT('',#1818);
#1818 = CARTESIAN_POINT('',(-0.275,0.125,0.));
#1819 = VERTEX_POINT('',#1820);
#1820 = CARTESIAN_POINT('',(-0.105,0.125,0.));
#1821 = LINE('',#1822,#1823);
#1822 = CARTESIAN_POINT('',(-0.275,0.125,0.));
#1823 = VECTOR('',#1824,1.);
#1824 = DIRECTION('',(1.,0.,0.));
#1825 = ORIENTED_EDGE('',*,*,#1826,.T.);
#1826 = EDGE_CURVE('',#1817,#1559,#1827,.T.);
#1827 = LINE('',#1828,#1829);
#1828 = CARTESIAN_POINT('',(-0.275,0.125,0.));
#1829 = VECTOR('',#1830,1.);
#1830 = DIRECTION('',(0.,0.,1.));
#1831 = ORIENTED_EDGE('',*,*,#1558,.T.);
#1832 = ORIENTED_EDGE('',*,*,#1833,.F.);
#1833 = EDGE_CURVE('',#1819,#1561,#1834,.T.);
#1834 = LINE('',#1835,#1836);
#1835 = CARTESIAN_POINT('',(-0.105,0.125,0.));
#1836 = VECTOR('',#1837,1.);
#1837 = DIRECTION('',(0.,0.,1.));
#1838 = PLANE('',#1839);
#1839 = AXIS2_PLACEMENT_3D('',#1840,#1841,#1842);
#1840 = CARTESIAN_POINT('',(-0.275,0.125,0.));
#1841 = DIRECTION('',(0.,1.,0.));
#1842 = DIRECTION('',(0.,-0.,1.));
#1843 = ADVANCED_FACE('',(#1844),#1862,.F.);
#1844 = FACE_BOUND('',#1845,.F.);
#1845 = EDGE_LOOP('',(#1846,#1854,#1860,#1861));
#1846 = ORIENTED_EDGE('',*,*,#1847,.F.);
#1847 = EDGE_CURVE('',#1848,#1577,#1850,.T.);
#1848 = VERTEX_POINT('',#1849);
#1849 = CARTESIAN_POINT('',(-0.275,-0.125,0.));
#1850 = LINE('',#1851,#1852);
#1851 = CARTESIAN_POINT('',(-0.275,-0.125,0.));
#1852 = VECTOR('',#1853,1.);
#1853 = DIRECTION('',(0.,0.,1.));
#1854 = ORIENTED_EDGE('',*,*,#1855,.T.);
#1855 = EDGE_CURVE('',#1848,#1817,#1856,.T.);
#1856 = LINE('',#1857,#1858);
#1857 = CARTESIAN_POINT('',(-0.275,-0.125,0.));
#1858 = VECTOR('',#1859,1.);
#1859 = DIRECTION('',(0.,1.,0.));
#1860 = ORIENTED_EDGE('',*,*,#1826,.T.);
#1861 = ORIENTED_EDGE('',*,*,#1584,.F.);
#1862 = PLANE('',#1863);
#1863 = AXIS2_PLACEMENT_3D('',#1864,#1865,#1866);
#1864 = CARTESIAN_POINT('',(-0.275,-0.125,0.));
#1865 = DIRECTION('',(1.,0.,0.));
#1866 = DIRECTION('',(0.,0.,1.));
#1867 = ADVANCED_FACE('',(#1868),#1886,.F.);
#1868 = FACE_BOUND('',#1869,.F.);
#1869 = EDGE_LOOP('',(#1870,#1878,#1879,#1880));
#1870 = ORIENTED_EDGE('',*,*,#1871,.F.);
#1871 = EDGE_CURVE('',#1848,#1872,#1874,.T.);
#1872 = VERTEX_POINT('',#1873);
#1873 = CARTESIAN_POINT('',(-0.105,-0.125,0.));
#1874 = LINE('',#1875,#1876);
#1875 = CARTESIAN_POINT('',(-0.275,-0.125,0.));
#1876 = VECTOR('',#1877,1.);
#1877 = DIRECTION('',(1.,0.,0.));
#1878 = ORIENTED_EDGE('',*,*,#1847,.T.);
#1879 = ORIENTED_EDGE('',*,*,#1576,.T.);
#1880 = ORIENTED_EDGE('',*,*,#1881,.F.);
#1881 = EDGE_CURVE('',#1872,#1569,#1882,.T.);
#1882 = LINE('',#1883,#1884);
#1883 = CARTESIAN_POINT('',(-0.105,-0.125,0.));
#1884 = VECTOR('',#1885,1.);
#1885 = DIRECTION('',(0.,0.,1.));
#1886 = PLANE('',#1887);
#1887 = AXIS2_PLACEMENT_3D('',#1888,#1889,#1890);
#1888 = CARTESIAN_POINT('',(-0.275,-0.125,0.));
#1889 = DIRECTION('',(0.,1.,0.));
#1890 = DIRECTION('',(0.,-0.,1.));
#1891 = ADVANCED_FACE('',(#1892),#1903,.T.);
#1892 = FACE_BOUND('',#1893,.T.);
#1893 = EDGE_LOOP('',(#1894,#1895,#1901,#1902));
#1894 = ORIENTED_EDGE('',*,*,#1881,.F.);
#1895 = ORIENTED_EDGE('',*,*,#1896,.T.);
#1896 = EDGE_CURVE('',#1872,#1819,#1897,.T.);
#1897 = LINE('',#1898,#1899);
#1898 = CARTESIAN_POINT('',(-0.105,-0.125,0.));
#1899 = VECTOR('',#1900,1.);
#1900 = DIRECTION('',(0.,1.,0.));
#1901 = ORIENTED_EDGE('',*,*,#1833,.T.);
#1902 = ORIENTED_EDGE('',*,*,#1568,.F.);
#1903 = PLANE('',#1904);
#1904 = AXIS2_PLACEMENT_3D('',#1905,#1906,#1907);
#1905 = CARTESIAN_POINT('',(-0.105,-0.125,0.));
#1906 = DIRECTION('',(1.,0.,0.));
#1907 = DIRECTION('',(0.,0.,1.));
#1908 = ADVANCED_FACE('',(#1909),#1934,.T.);
#1909 = FACE_BOUND('',#1910,.T.);
#1910 = EDGE_LOOP('',(#1911,#1919,#1920,#1928));
#1911 = ORIENTED_EDGE('',*,*,#1912,.T.);
#1912 = EDGE_CURVE('',#1913,#1593,#1915,.T.);
#1913 = VERTEX_POINT('',#1914);
#1914 = CARTESIAN_POINT('',(7.274613391789E-02,8.4E-02,8.5E-03));
#1915 = LINE('',#1916,#1917);
#1916 = CARTESIAN_POINT('',(7.274613391789E-02,8.4E-02,8.5E-03));
#1917 = VECTOR('',#1918,1.);
#1918 = DIRECTION('',(0.,0.,1.));
#1919 = ORIENTED_EDGE('',*,*,#1592,.T.);
#1920 = ORIENTED_EDGE('',*,*,#1921,.F.);
#1921 = EDGE_CURVE('',#1922,#1595,#1924,.T.);
#1922 = VERTEX_POINT('',#1923);
#1923 = CARTESIAN_POINT('',(7.274613391789E-02,-8.4E-02,8.5E-03));
#1924 = LINE('',#1925,#1926);
#1925 = CARTESIAN_POINT('',(7.274613391789E-02,-8.4E-02,8.5E-03));
#1926 = VECTOR('',#1927,1.);
#1927 = DIRECTION('',(0.,0.,1.));
#1928 = ORIENTED_EDGE('',*,*,#1929,.F.);
#1929 = EDGE_CURVE('',#1913,#1922,#1930,.T.);
#1930 = LINE('',#1931,#1932);
#1931 = CARTESIAN_POINT('',(7.274613391789E-02,8.4E-02,8.5E-03));
#1932 = VECTOR('',#1933,1.);
#1933 = DIRECTION('',(0.,-1.,0.));
#1934 = PLANE('',#1935);
#1935 = AXIS2_PLACEMENT_3D('',#1936,#1937,#1938);
#1936 = CARTESIAN_POINT('',(7.274613391789E-02,8.4E-02,8.5E-03));
#1937 = DIRECTION('',(1.,0.,0.));
#1938 = DIRECTION('',(0.,-1.,0.));
#1939 = ADVANCED_FACE('',(#1940),#1958,.T.);
#1940 = FACE_BOUND('',#1941,.T.);
#1941 = EDGE_LOOP('',(#1942,#1950,#1951,#1952));
#1942 = ORIENTED_EDGE('',*,*,#1943,.T.);
#1943 = EDGE_CURVE('',#1944,#1603,#1946,.T.);
#1944 = VERTEX_POINT('',#1945);
#1945 = CARTESIAN_POINT('',(-7.274613391789E-02,0.,8.5E-03));
#1946 = LINE('',#1947,#1948);
#1947 = CARTESIAN_POINT('',(-7.274613391789E-02,0.,8.5E-03));
#1948 = VECTOR('',#1949,1.);
#1949 = DIRECTION('',(0.,0.,1.));
#1950 = ORIENTED_EDGE('',*,*,#1610,.T.);
#1951 = ORIENTED_EDGE('',*,*,#1912,.F.);
#1952 = ORIENTED_EDGE('',*,*,#1953,.F.);
#1953 = EDGE_CURVE('',#1944,#1913,#1954,.T.);
#1954 = LINE('',#1955,#1956);
#1955 = CARTESIAN_POINT('',(-7.274613391789E-02,0.,8.5E-03));
#1956 = VECTOR('',#1957,1.);
#1957 = DIRECTION('',(0.866025403784,0.5,0.));
#1958 = PLANE('',#1959);
#1959 = AXIS2_PLACEMENT_3D('',#1960,#1961,#1962);
#1960 = CARTESIAN_POINT('',(-7.274613391789E-02,0.,8.5E-03));
#1961 = DIRECTION('',(-0.5,0.866025403784,0.));
#1962 = DIRECTION('',(0.866025403784,0.5,0.));
#1963 = ADVANCED_FACE('',(#1964),#1975,.T.);
#1964 = FACE_BOUND('',#1965,.T.);
#1965 = EDGE_LOOP('',(#1966,#1967,#1968,#1969));
#1966 = ORIENTED_EDGE('',*,*,#1921,.T.);
#1967 = ORIENTED_EDGE('',*,*,#1602,.T.);
#1968 = ORIENTED_EDGE('',*,*,#1943,.F.);
#1969 = ORIENTED_EDGE('',*,*,#1970,.F.);
#1970 = EDGE_CURVE('',#1922,#1944,#1971,.T.);
#1971 = LINE('',#1972,#1973);
#1972 = CARTESIAN_POINT('',(7.274613391789E-02,-8.4E-02,8.5E-03));
#1973 = VECTOR('',#1974,1.);
#1974 = DIRECTION('',(-0.866025403784,0.5,0.));
#1975 = PLANE('',#1976);
#1976 = AXIS2_PLACEMENT_3D('',#1977,#1978,#1979);
#1977 = CARTESIAN_POINT('',(7.274613391789E-02,-8.4E-02,8.5E-03));
#1978 = DIRECTION('',(-0.5,-0.866025403784,0.));
#1979 = DIRECTION('',(-0.866025403784,0.5,0.));
#1980 = ADVANCED_FACE('',(#1981),#1999,.T.);
#1981 = FACE_BOUND('',#1982,.T.);
#1982 = EDGE_LOOP('',(#1983,#1984,#1992,#1998));
#1983 = ORIENTED_EDGE('',*,*,#1641,.T.);
#1984 = ORIENTED_EDGE('',*,*,#1985,.T.);
#1985 = EDGE_CURVE('',#1634,#1986,#1988,.T.);
#1986 = VERTEX_POINT('',#1987);
#1987 = CARTESIAN_POINT('',(0.2925,0.175,0.2));
#1988 = LINE('',#1989,#1990);
#1989 = CARTESIAN_POINT('',(-0.2925,0.175,0.2));
#1990 = VECTOR('',#1991,1.);
#1991 = DIRECTION('',(1.,0.,0.));
#1992 = ORIENTED_EDGE('',*,*,#1993,.T.);
#1993 = EDGE_CURVE('',#1986,#1658,#1994,.T.);
#1994 = LINE('',#1995,#1996);
#1995 = CARTESIAN_POINT('',(0.2925,0.175,0.2));
#1996 = VECTOR('',#1997,1.);
#1997 = DIRECTION('',(0.32989823916,0.,-0.944016499749));
#1998 = ORIENTED_EDGE('',*,*,#1657,.T.);
#1999 = PLANE('',#2000);
#2000 = AXIS2_PLACEMENT_3D('',#2001,#2002,#2003);
#2001 = CARTESIAN_POINT('',(9.690986503965E-18,0.175,0.15138936053));
#2002 = DIRECTION('',(3.640674961141E-33,1.,-8.102543307743E-32));
#2003 = DIRECTION('',(0.,8.102543307743E-32,1.));
#2004 = ADVANCED_FACE('',(#2005),#2016,.T.);
#2005 = FACE_BOUND('',#2006,.T.);
#2006 = EDGE_LOOP('',(#2007,#2008,#2009,#2015));
#2007 = ORIENTED_EDGE('',*,*,#1633,.T.);
#2008 = ORIENTED_EDGE('',*,*,#1697,.T.);
#2009 = ORIENTED_EDGE('',*,*,#2010,.F.);
#2010 = EDGE_CURVE('',#1986,#1698,#2011,.T.);
#2011 = LINE('',#2012,#2013);
#2012 = CARTESIAN_POINT('',(0.2925,0.175,0.2));
#2013 = VECTOR('',#2014,1.);
#2014 = DIRECTION('',(0.,-1.,0.));
#2015 = ORIENTED_EDGE('',*,*,#1985,.F.);
#2016 = PLANE('',#2017);
#2017 = AXIS2_PLACEMENT_3D('',#2018,#2019,#2020);
#2018 = CARTESIAN_POINT('',(-0.2925,0.175,0.2));
#2019 = DIRECTION('',(0.,0.,1.));
#2020 = DIRECTION('',(1.,0.,-0.));
#2021 = ADVANCED_FACE('',(#2022),#2028,.T.);
#2022 = FACE_BOUND('',#2023,.T.);
#2023 = EDGE_LOOP('',(#2024,#2025,#2026,#2027));
#2024 = ORIENTED_EDGE('',*,*,#2010,.T.);
#2025 = ORIENTED_EDGE('',*,*,#1705,.T.);
#2026 = ORIENTED_EDGE('',*,*,#1682,.F.);
#2027 = ORIENTED_EDGE('',*,*,#1993,.F.);
#2028 = PLANE('',#2029);
#2029 = AXIS2_PLACEMENT_3D('',#2030,#2031,#2032);
#2030 = CARTESIAN_POINT('',(0.2925,0.175,0.2));
#2031 = DIRECTION('',(0.944016499749,0.,0.32989823916));
#2032 = DIRECTION('',(0.32989823916,0.,-0.944016499749));
#2033 = ADVANCED_FACE('',(#2034),#2040,.F.);
#2034 = FACE_BOUND('',#2035,.F.);
#2035 = EDGE_LOOP('',(#2036,#2037,#2038,#2039));
#2036 = ORIENTED_EDGE('',*,*,#1759,.F.);
#2037 = ORIENTED_EDGE('',*,*,#1775,.T.);
#2038 = ORIENTED_EDGE('',*,*,#1800,.T.);
#2039 = ORIENTED_EDGE('',*,*,#1720,.F.);
#2040 = PLANE('',#2041);
#2041 = AXIS2_PLACEMENT_3D('',#2042,#2043,#2044);
#2042 = CARTESIAN_POINT('',(0.105,-0.125,0.));
#2043 = DIRECTION('',(0.,0.,1.));
#2044 = DIRECTION('',(1.,0.,-0.));
#2045 = ADVANCED_FACE('',(#2046),#2052,.F.);
#2046 = FACE_BOUND('',#2047,.F.);
#2047 = EDGE_LOOP('',(#2048,#2049,#2050,#2051));
#2048 = ORIENTED_EDGE('',*,*,#1855,.F.);
#2049 = ORIENTED_EDGE('',*,*,#1871,.T.);
#2050 = ORIENTED_EDGE('',*,*,#1896,.T.);
#2051 = ORIENTED_EDGE('',*,*,#1816,.F.);
#2052 = PLANE('',#2053);
#2053 = AXIS2_PLACEMENT_3D('',#2054,#2055,#2056);
#2054 = CARTESIAN_POINT('',(-0.275,-0.125,0.));
#2055 = DIRECTION('',(0.,0.,1.));
#2056 = DIRECTION('',(1.,0.,-0.));
#2057 = ADVANCED_FACE('',(#2058),#2063,.T.);
#2058 = FACE_BOUND('',#2059,.T.);
#2059 = EDGE_LOOP('',(#2060,#2061,#2062));
#2060 = ORIENTED_EDGE('',*,*,#1953,.T.);
#2061 = ORIENTED_EDGE('',*,*,#1929,.T.);
#2062 = ORIENTED_EDGE('',*,*,#1970,.T.);
#2063 = PLANE('',#2064);
#2064 = AXIS2_PLACEMENT_3D('',#2065,#2066,#2067);
#2065 = CARTESIAN_POINT('',(2.424871130596E-02,0.,8.5E-03));
#2066 = DIRECTION('',(-0.,-0.,-1.));
#2067 = DIRECTION('',(-1.,0.,0.));
#2068 = ( GEOMETRIC_REPRESENTATION_CONTEXT(3) 
GLOBAL_UNCERTAINTY_ASSIGNED_CONTEXT((#2072)) 
GLOBAL_UNIT_ASSIGNED_CONTEXT((#2069,#2070,#2071)) REPRESENTATION_CONTEXT
('Context #1','3D Context with UNIT and UNCERTAINTY') );
#2069 = ( LENGTH_UNIT() NAMED_UNIT(*) SI_UNIT(.MILLI.,.METRE.) );
#2070 = ( NAMED_UNIT(*) PLANE_ANGLE_UNIT() SI_UNIT($,.RADIAN.) );
#2071 = ( NAMED_UNIT(*) SI_UNIT($,.STERADIAN.) SOLID_ANGLE_UNIT() );
#2072 = UNCERTAINTY_MEASURE_WITH_UNIT(LENGTH_MEASURE(1.E-07),#2069,
  'distance_accuracy_value','confusion accuracy');
#2073 = CONTEXT_DEPENDENT_SHAPE_REPRESENTATION(#2074,#2076);
#2074 = ( REPRESENTATION_RELATIONSHIP('','',#1428,#10) 
REPRESENTATION_RELATIONSHIP_WITH_TRANSFORMATION(#2075) 
SHAPE_REPRESENTATION_RELATIONSHIP() );
#2075 = ITEM_DEFINED_TRANSFORMATION('','',#11,#23);
#2076 = PRODUCT_DEFINITION_SHAPE('Placement','Placement of an item',
  #2077);
#2077 = NEXT_ASSEMBLY_USAGE_OCCURRENCE('3','D1','',#5,#1423,$);
#2078 = PRODUCT_RELATED_PRODUCT_CATEGORY('part',$,(#1425));
#2079 = CONTEXT_DEPENDENT_SHAPE_REPRESENTATION(#2080,#2082);
#2080 = ( REPRESENTATION_RELATIONSHIP('','',#1428,#10) 
REPRESENTATION_RELATIONSHIP_WITH_TRANSFORMATION(#2081) 
SHAPE_REPRESENTATION_RELATIONSHIP() );
#2081 = ITEM_DEFINED_TRANSFORMATION('','',#11,#27);
#2082 = PRODUCT_DEFINITION_SHAPE('Placement','Placement of an item',
  #2083);
#2083 = NEXT_ASSEMBLY_USAGE_OCCURRENCE('4','D3','',#5,#1423,$);
#2084 = SHAPE_DEFINITION_REPRESENTATION(#2085,#2091);
#2085 = PRODUCT_DEFINITION_SHAPE('','',#2086);
#2086 = PRODUCT_DEFINITION('design','',#2087,#2090);
#2087 = PRODUCT_DEFINITION_FORMATION('','',#2088);
#2088 = PRODUCT('HIROSE_X.FL-PR-SMT1-2','HIROSE_X.FL-PR-SMT1-2','',(
    #2089));
#2089 = PRODUCT_CONTEXT('',#2,'mechanical');
#2090 = PRODUCT_DEFINITION_CONTEXT('part definition',#2,'design');
#2091 = ADVANCED_BREP_SHAPE_REPRESENTATION('',(#11,#2092),#4038);
#2092 = MANIFOLD_SOLID_BREP('',#2093);
#2093 = CLOSED_SHELL('',(#2094,#2162,#2202,#2243,#2284,#2308,#2325,#2343
    ,#2376,#2393,#2410,#2526,#2557,#2582,#2661,#2693,#2733,#2769,#2810,
    #2841,#2882,#2941,#2977,#3009,#3040,#3098,#3161,#3319,#3364,#3399,
    #3423,#3447,#3464,#3476,#3493,#3528,#3552,#3576,#3593,#3605,#3629,
    #3653,#3670,#3682,#3706,#3730,#3747,#3759,#3781,#3793,#3810,#3827,
    #3844,#3856,#3880,#3905,#3924,#3951,#3969,#3982,#3994,#4013,#4026));
#2094 = ADVANCED_FACE('',(#2095),#2157,.T.);
#2095 = FACE_BOUND('',#2096,.T.);
#2096 = EDGE_LOOP('',(#2097,#2121,#2129,#2151));
#2097 = ORIENTED_EDGE('',*,*,#2098,.T.);
#2098 = EDGE_CURVE('',#2099,#2101,#2103,.T.);
#2099 = VERTEX_POINT('',#2100);
#2100 = CARTESIAN_POINT('',(0.125,-0.2,0.59));
#2101 = VERTEX_POINT('',#2102);
#2102 = CARTESIAN_POINT('',(0.2025,-7.999999999999E-02,0.69));
#2103 = B_SPLINE_CURVE_WITH_KNOTS('',3,(#2104,#2105,#2106,#2107,#2108,
    #2109,#2110,#2111,#2112,#2113,#2114,#2115,#2116,#2117,#2118,#2119,
    #2120),.UNSPECIFIED.,.F.,.F.,(4,1,1,1,1,1,1,1,1,1,1,1,1,1,4),(0.,
    7.142857142857E-02,0.142857142857,0.214285714286,0.285714285714,
    0.357142857143,0.428571428571,0.5,0.571428571429,0.642857142857,
    0.714285714286,0.785714285714,0.857142857143,0.928571428571,1.),
  .UNSPECIFIED.);
#2104 = CARTESIAN_POINT('',(0.125,-0.2,0.59));
#2105 = CARTESIAN_POINT('',(0.127913134803,-0.200159450988,
    0.593758883616));
#2106 = CARTESIAN_POINT('',(0.133724790088,-0.199835901065,
    0.601257793662));
#2107 = CARTESIAN_POINT('',(0.142480315682,-0.197890906996,
    0.612555246041));
#2108 = CARTESIAN_POINT('',(0.151006490452,-0.19426280705,0.623556761873
    ));
#2109 = CARTESIAN_POINT('',(0.159138127603,-0.189121968311,
    0.634049196908));
#2110 = CARTESIAN_POINT('',(0.16670698949,-0.182628168512,0.643815470309
    ));
#2111 = CARTESIAN_POINT('',(0.173660170325,-0.17492666444,0.652787316549
    ));
#2112 = CARTESIAN_POINT('',(0.179964221175,-0.166128076615,
    0.660921575709));
#2113 = CARTESIAN_POINT('',(0.185631413045,-0.156249698229,
    0.668234081348));
#2114 = CARTESIAN_POINT('',(0.190653803766,-0.145235601374,
    0.674714585504));
#2115 = CARTESIAN_POINT('',(0.194904929126,-0.133240665636,
    0.680199908549));
#2116 = CARTESIAN_POINT('',(0.198271660193,-0.120527432304,
    0.684544077668));
#2117 = CARTESIAN_POINT('',(0.200703388277,-0.107306245211,
    0.687681791325));
#2118 = CARTESIAN_POINT('',(0.202173901021,-9.370929873175E-02,
    0.689579227124));
#2119 = CARTESIAN_POINT('',(0.2025,-8.458978173918E-02,0.69));
#2120 = CARTESIAN_POINT('',(0.2025,-8.E-02,0.69));
#2121 = ORIENTED_EDGE('',*,*,#2122,.F.);
#2122 = EDGE_CURVE('',#2123,#2101,#2125,.T.);
#2123 = VERTEX_POINT('',#2124);
#2124 = CARTESIAN_POINT('',(0.2025,8.E-02,0.69));
#2125 = LINE('',#2126,#2127);
#2126 = CARTESIAN_POINT('',(0.2025,1.1,0.69));
#2127 = VECTOR('',#2128,1.);
#2128 = DIRECTION('',(0.,-1.,0.));
#2129 = ORIENTED_EDGE('',*,*,#2130,.T.);
#2130 = EDGE_CURVE('',#2123,#2131,#2133,.T.);
#2131 = VERTEX_POINT('',#2132);
#2132 = CARTESIAN_POINT('',(0.125001145232,0.2,0.590002324719));
#2133 = B_SPLINE_CURVE_WITH_KNOTS('',3,(#2134,#2135,#2136,#2137,#2138,
    #2139,#2140,#2141,#2142,#2143,#2144,#2145,#2146,#2147,#2148,#2149,
    #2150),.UNSPECIFIED.,.F.,.F.,(4,1,1,1,1,1,1,1,1,1,1,1,1,1,4),(0.,
    7.142857142857E-02,0.142857142857,0.214285714286,0.285714285714,
    0.357142857143,0.428571428571,0.5,0.571428571429,0.642857142857,
    0.714285714286,0.785714285714,0.857142857143,0.928571428571,1.),
  .UNSPECIFIED.);
#2134 = CARTESIAN_POINT('',(0.2025,8.E-02,0.69));
#2135 = CARTESIAN_POINT('',(0.2025,8.459058367168E-02,0.69));
#2136 = CARTESIAN_POINT('',(0.202173755546,9.371089879037E-02,
    0.689579039415));
#2137 = CARTESIAN_POINT('',(0.200703508342,0.107304867826,0.687681946365
    ));
#2138 = CARTESIAN_POINT('',(0.198272371016,0.120524175604,0.684544996153
    ));
#2139 = CARTESIAN_POINT('',(0.194905589123,0.133238931214,0.680200766542
    ));
#2140 = CARTESIAN_POINT('',(0.190652630996,0.14523893927,0.674713092929)
  );
#2141 = CARTESIAN_POINT('',(0.185628921977,0.156254733965,0.668230918422
    ));
#2142 = CARTESIAN_POINT('',(0.179961618107,0.166132320638,0.660918322787
    ));
#2143 = CARTESIAN_POINT('',(0.173658073053,0.174929457494,0.652784799955
    ));
#2144 = CARTESIAN_POINT('',(0.166707038159,0.182628337546,0.643815836147
    ));
#2145 = CARTESIAN_POINT('',(0.159139816035,0.189121142514,0.634051815625
    ));
#2146 = CARTESIAN_POINT('',(0.15100761748,0.194262719281,0.623558802886)
  );
#2147 = CARTESIAN_POINT('',(0.142480403069,0.197891274716,0.612556080991
    ));
#2148 = CARTESIAN_POINT('',(0.133724205694,0.199836113365,0.60125786094)
  );
#2149 = CARTESIAN_POINT('',(0.127913536681,0.2001594103,0.593760249168)
  );
#2150 = CARTESIAN_POINT('',(0.125001145232,0.2,0.590002324719));
#2151 = ORIENTED_EDGE('',*,*,#2152,.T.);
#2152 = EDGE_CURVE('',#2131,#2099,#2153,.T.);
#2153 = LINE('',#2154,#2155);
#2154 = CARTESIAN_POINT('',(0.125,1.1,0.59));
#2155 = VECTOR('',#2156,1.);
#2156 = DIRECTION('',(0.,-1.,0.));
#2157 = PLANE('',#2158);
#2158 = AXIS2_PLACEMENT_3D('',#2159,#2160,#2161);
#2159 = CARTESIAN_POINT('',(0.114572256717,-0.22402742252,0.576544847377
    ));
#2160 = DIRECTION('',(-0.790415052175,-0.,0.612571665436));
#2161 = DIRECTION('',(0.612571665436,0.,0.790415052175));
#2162 = ADVANCED_FACE('',(#2163),#2197,.T.);
#2163 = FACE_BOUND('',#2164,.T.);
#2164 = EDGE_LOOP('',(#2165,#2173,#2182,#2190,#2196));
#2165 = ORIENTED_EDGE('',*,*,#2166,.T.);
#2166 = EDGE_CURVE('',#2099,#2167,#2169,.T.);
#2167 = VERTEX_POINT('',#2168);
#2168 = CARTESIAN_POINT('',(0.218790606058,-0.2,0.547690618321));
#2169 = LINE('',#2170,#2171);
#2170 = CARTESIAN_POINT('',(0.125,-0.2,0.59));
#2171 = VECTOR('',#2172,1.);
#2172 = DIRECTION('',(0.91154429271,0.,-0.411201899834));
#2173 = ORIENTED_EDGE('',*,*,#2174,.T.);
#2174 = EDGE_CURVE('',#2167,#2175,#2177,.T.);
#2175 = VERTEX_POINT('',#2176);
#2176 = CARTESIAN_POINT('',(0.206115205991,-0.195606366211,
    0.589999975453));
#2177 = B_SPLINE_CURVE_WITH_KNOTS('',3,(#2178,#2179,#2180,#2181),
  .UNSPECIFIED.,.F.,.F.,(4,4),(0.,4.45331574041E-02),
  .PIECEWISE_BEZIER_KNOTS.);
#2178 = CARTESIAN_POINT('',(0.218790606058,-0.2,0.547690618321));
#2179 = CARTESIAN_POINT('',(0.214544618834,-0.2,0.561863345723));
#2180 = CARTESIAN_POINT('',(0.210276535981,-0.198546043159,
    0.576109826366));
#2181 = CARTESIAN_POINT('',(0.206115205991,-0.195606366211,
    0.589999975453));
#2182 = ORIENTED_EDGE('',*,*,#2183,.F.);
#2183 = EDGE_CURVE('',#2184,#2175,#2186,.T.);
#2184 = VERTEX_POINT('',#2185);
#2185 = CARTESIAN_POINT('',(0.233889231167,-8.000445475102E-02,
    0.674305384324));
#2186 = ( BOUNDED_CURVE() B_SPLINE_CURVE(2,(#2187,#2188,#2189),
.UNSPECIFIED.,.F.,.F.) B_SPLINE_CURVE_WITH_KNOTS((3,3),(0.,1.),
.PIECEWISE_BEZIER_KNOTS.) CURVE() GEOMETRIC_REPRESENTATION_ITEM() 
RATIONAL_B_SPLINE_CURVE((1.,0.796289095623,1.)) REPRESENTATION_ITEM('') 
  );
#2187 = CARTESIAN_POINT('',(0.233889231167,-8.000445475095E-02,
    0.674305384324));
#2188 = CARTESIAN_POINT('',(0.233888160969,-0.171164751949,
    0.674302135843));
#2189 = CARTESIAN_POINT('',(0.206115192062,-0.195606366802,
    0.589999980042));
#2190 = ORIENTED_EDGE('',*,*,#2191,.T.);
#2191 = EDGE_CURVE('',#2184,#2101,#2192,.T.);
#2192 = LINE('',#2193,#2194);
#2193 = CARTESIAN_POINT('',(0.233889231167,-8.000445475102E-02,
    0.674305384324));
#2194 = VECTOR('',#2195,1.);
#2195 = DIRECTION('',(-0.89442718274,1.2693685906E-04,0.447213594004));
#2196 = ORIENTED_EDGE('',*,*,#2098,.F.);
#2197 = CYLINDRICAL_SURFACE('',#2198,0.12);
#2198 = AXIS2_PLACEMENT_3D('',#2199,#2200,#2201);
#2199 = CARTESIAN_POINT('',(0.33857451378,-7.999999999998E-02,
    0.48779866446));
#2200 = DIRECTION('',(-0.894427191,-0.,0.4472135955));
#2201 = DIRECTION('',(0.4472135955,0.,0.894427191));
#2202 = ADVANCED_FACE('',(#2203),#2238,.T.);
#2203 = FACE_BOUND('',#2204,.T.);
#2204 = EDGE_LOOP('',(#2205,#2213,#2214,#2222,#2232));
#2205 = ORIENTED_EDGE('',*,*,#2206,.T.);
#2206 = EDGE_CURVE('',#2207,#2167,#2209,.T.);
#2207 = VERTEX_POINT('',#2208);
#2208 = CARTESIAN_POINT('',(0.29,-0.2,0.31));
#2209 = LINE('',#2210,#2211);
#2210 = CARTESIAN_POINT('',(-6.212786051881,-0.2,22.015721));
#2211 = VECTOR('',#2212,1.);
#2212 = DIRECTION('',(-0.286986289829,-0.,0.957934689554));
#2213 = ORIENTED_EDGE('',*,*,#2166,.F.);
#2214 = ORIENTED_EDGE('',*,*,#2215,.T.);
#2215 = EDGE_CURVE('',#2099,#2216,#2218,.T.);
#2216 = VERTEX_POINT('',#2217);
#2217 = CARTESIAN_POINT('',(0.197317809654,-0.2,0.348609588695));
#2218 = LINE('',#2219,#2220);
#2219 = CARTESIAN_POINT('',(-6.293901250519,-0.2,22.015721));
#2220 = VECTOR('',#2221,1.);
#2221 = DIRECTION('',(0.286986289829,0.,-0.957934689554));
#2222 = ORIENTED_EDGE('',*,*,#2223,.T.);
#2223 = EDGE_CURVE('',#2216,#2224,#2226,.T.);
#2224 = VERTEX_POINT('',#2225);
#2225 = CARTESIAN_POINT('',(0.167561165369,-0.2,0.31));
#2226 = B_SPLINE_CURVE_WITH_KNOTS('',3,(#2227,#2228,#2229,#2230,#2231),
  .UNSPECIFIED.,.F.,.F.,(4,1,4),(0.,0.498906949824,1.),.UNSPECIFIED.);
#2227 = CARTESIAN_POINT('',(0.197317809654,-0.2,0.348609588695));
#2228 = CARTESIAN_POINT('',(0.199932089798,-0.2,0.339883354283));
#2229 = CARTESIAN_POINT('',(0.196381172446,-0.2,0.318591847023));
#2230 = CARTESIAN_POINT('',(0.176706483495,-0.2,0.309728722053));
#2231 = CARTESIAN_POINT('',(0.167561165369,-0.2,0.31));
#2232 = ORIENTED_EDGE('',*,*,#2233,.F.);
#2233 = EDGE_CURVE('',#2207,#2224,#2234,.T.);
#2234 = LINE('',#2235,#2236);
#2235 = CARTESIAN_POINT('',(55.238908,-0.2,0.31));
#2236 = VECTOR('',#2237,1.);
#2237 = DIRECTION('',(-1.,0.,0.));
#2238 = PLANE('',#2239);
#2239 = AXIS2_PLACEMENT_3D('',#2240,#2241,#2242);
#2240 = CARTESIAN_POINT('',(0.307985,-0.2,0.610862450861));
#2241 = DIRECTION('',(0.,-1.,-0.));
#2242 = DIRECTION('',(-1.,0.,-0.));
#2243 = ADVANCED_FACE('',(#2244),#2279,.T.);
#2244 = FACE_BOUND('',#2245,.T.);
#2245 = EDGE_LOOP('',(#2246,#2247,#2255,#2263,#2272,#2278));
#2246 = ORIENTED_EDGE('',*,*,#2206,.F.);
#2247 = ORIENTED_EDGE('',*,*,#2248,.T.);
#2248 = EDGE_CURVE('',#2207,#2249,#2251,.T.);
#2249 = VERTEX_POINT('',#2250);
#2250 = CARTESIAN_POINT('',(0.29,0.2,0.31));
#2251 = LINE('',#2252,#2253);
#2252 = CARTESIAN_POINT('',(0.29,1.1,0.31));
#2253 = VECTOR('',#2254,1.);
#2254 = DIRECTION('',(0.,1.,0.));
#2255 = ORIENTED_EDGE('',*,*,#2256,.F.);
#2256 = EDGE_CURVE('',#2257,#2249,#2259,.T.);
#2257 = VERTEX_POINT('',#2258);
#2258 = CARTESIAN_POINT('',(0.218790606058,0.2,0.547690618321));
#2259 = LINE('',#2260,#2261);
#2260 = CARTESIAN_POINT('',(-6.212786051881,0.2,22.015721));
#2261 = VECTOR('',#2262,1.);
#2262 = DIRECTION('',(0.286986289829,0.,-0.957934689554));
#2263 = ORIENTED_EDGE('',*,*,#2264,.F.);
#2264 = EDGE_CURVE('',#2265,#2257,#2267,.T.);
#2265 = VERTEX_POINT('',#2266);
#2266 = CARTESIAN_POINT('',(0.206115198632,0.195606361012,0.590000000018
    ));
#2267 = B_SPLINE_CURVE_WITH_KNOTS('',3,(#2268,#2269,#2270,#2271),
  .UNSPECIFIED.,.F.,.F.,(4,4),(0.,4.453318370299E-02),
  .PIECEWISE_BEZIER_KNOTS.);
#2268 = CARTESIAN_POINT('',(0.206115198632,0.195606361012,0.590000000018
    ));
#2269 = CARTESIAN_POINT('',(0.210276530959,0.198546041451,0.576109843127
    ));
#2270 = CARTESIAN_POINT('',(0.214544616343,0.2,0.561863354035));
#2271 = CARTESIAN_POINT('',(0.218790606058,0.2,0.547690618321));
#2272 = ORIENTED_EDGE('',*,*,#2273,.F.);
#2273 = EDGE_CURVE('',#2175,#2265,#2274,.T.);
#2274 = LINE('',#2275,#2276);
#2275 = CARTESIAN_POINT('',(0.206115198637,1.1,0.59));
#2276 = VECTOR('',#2277,1.);
#2277 = DIRECTION('',(0.,1.,-0.));
#2278 = ORIENTED_EDGE('',*,*,#2174,.F.);
#2279 = PLANE('',#2280);
#2280 = AXIS2_PLACEMENT_3D('',#2281,#2282,#2283);
#2281 = CARTESIAN_POINT('',(0.20004044862,-0.22386,0.610276974816));
#2282 = DIRECTION('',(0.957934689554,-0.,0.286986289829));
#2283 = DIRECTION('',(0.286986289829,0.,-0.957934689554));
#2284 = ADVANCED_FACE('',(#2285),#2303,.T.);
#2285 = FACE_BOUND('',#2286,.T.);
#2286 = EDGE_LOOP('',(#2287,#2288,#2289,#2297));
#2287 = ORIENTED_EDGE('',*,*,#2183,.T.);
#2288 = ORIENTED_EDGE('',*,*,#2273,.T.);
#2289 = ORIENTED_EDGE('',*,*,#2290,.T.);
#2290 = EDGE_CURVE('',#2265,#2291,#2293,.T.);
#2291 = VERTEX_POINT('',#2292);
#2292 = CARTESIAN_POINT('',(0.233889231193,7.999999999999E-02,
    0.674305384403));
#2293 = ( BOUNDED_CURVE() B_SPLINE_CURVE(2,(#2294,#2295,#2296),
.UNSPECIFIED.,.F.,.F.) B_SPLINE_CURVE_WITH_KNOTS((3,3),(0.,1.),
.PIECEWISE_BEZIER_KNOTS.) CURVE() GEOMETRIC_REPRESENTATION_ITEM() 
RATIONAL_B_SPLINE_CURVE((1.,0.796277932099,1.)) REPRESENTATION_ITEM('') 
  );
#2294 = CARTESIAN_POINT('',(0.206115199887,0.195606359915,0.590000003796
    ));
#2295 = CARTESIAN_POINT('',(0.233889231193,0.171163789843,0.674305384403
    ));
#2296 = CARTESIAN_POINT('',(0.233889231193,8.000000000003E-02,
    0.674305384403));
#2297 = ORIENTED_EDGE('',*,*,#2298,.T.);
#2298 = EDGE_CURVE('',#2291,#2184,#2299,.T.);
#2299 = LINE('',#2300,#2301);
#2300 = CARTESIAN_POINT('',(0.233889231193,1.1,0.674305384403));
#2301 = VECTOR('',#2302,1.);
#2302 = DIRECTION('',(0.,-1.,0.));
#2303 = PLANE('',#2304);
#2304 = AXIS2_PLACEMENT_3D('',#2305,#2306,#2307);
#2305 = CARTESIAN_POINT('',(0.238920410966,-0.219246684998,
    0.689577043062));
#2306 = DIRECTION('',(0.949785248865,-0.,-0.312902510437));
#2307 = DIRECTION('',(-0.312902510437,0.,-0.949785248865));
#2308 = ADVANCED_FACE('',(#2309),#2320,.T.);
#2309 = FACE_BOUND('',#2310,.T.);
#2310 = EDGE_LOOP('',(#2311,#2312,#2313,#2319));
#2311 = ORIENTED_EDGE('',*,*,#2191,.F.);
#2312 = ORIENTED_EDGE('',*,*,#2298,.F.);
#2313 = ORIENTED_EDGE('',*,*,#2314,.F.);
#2314 = EDGE_CURVE('',#2123,#2291,#2315,.T.);
#2315 = LINE('',#2316,#2317);
#2316 = CARTESIAN_POINT('',(0.2025,8.E-02,0.69));
#2317 = VECTOR('',#2318,1.);
#2318 = DIRECTION('',(0.894427191,0.,-0.4472135955));
#2319 = ORIENTED_EDGE('',*,*,#2122,.T.);
#2320 = PLANE('',#2321);
#2321 = AXIS2_PLACEMENT_3D('',#2322,#2323,#2324);
#2322 = CARTESIAN_POINT('',(0.189318508353,-9.786456611979E-02,
    0.696590745824));
#2323 = DIRECTION('',(0.4472135955,-0.,0.894427191));
#2324 = DIRECTION('',(0.894427191,0.,-0.4472135955));
#2325 = ADVANCED_FACE('',(#2326),#2338,.T.);
#2326 = FACE_BOUND('',#2327,.T.);
#2327 = EDGE_LOOP('',(#2328,#2334,#2335,#2336,#2337));
#2328 = ORIENTED_EDGE('',*,*,#2329,.T.);
#2329 = EDGE_CURVE('',#2257,#2131,#2330,.T.);
#2330 = LINE('',#2331,#2332);
#2331 = CARTESIAN_POINT('',(0.218790606058,0.2,0.547690618321));
#2332 = VECTOR('',#2333,1.);
#2333 = DIRECTION('',(-0.911544292623,-0.,0.411201900028));
#2334 = ORIENTED_EDGE('',*,*,#2130,.F.);
#2335 = ORIENTED_EDGE('',*,*,#2314,.T.);
#2336 = ORIENTED_EDGE('',*,*,#2290,.F.);
#2337 = ORIENTED_EDGE('',*,*,#2264,.T.);
#2338 = CYLINDRICAL_SURFACE('',#2339,0.12);
#2339 = AXIS2_PLACEMENT_3D('',#2340,#2341,#2342);
#2340 = CARTESIAN_POINT('',(7.047329875874E-03,8.000000000002E-02,
    0.653562256412));
#2341 = DIRECTION('',(0.894427191,0.,-0.4472135955));
#2342 = DIRECTION('',(-0.4472135955,0.,-0.894427191));
#2343 = ADVANCED_FACE('',(#2344),#2371,.T.);
#2344 = FACE_BOUND('',#2345,.T.);
#2345 = EDGE_LOOP('',(#2346,#2347,#2348,#2356,#2365));
#2346 = ORIENTED_EDGE('',*,*,#2329,.F.);
#2347 = ORIENTED_EDGE('',*,*,#2256,.T.);
#2348 = ORIENTED_EDGE('',*,*,#2349,.F.);
#2349 = EDGE_CURVE('',#2350,#2249,#2352,.T.);
#2350 = VERTEX_POINT('',#2351);
#2351 = CARTESIAN_POINT('',(0.167534413227,0.2,0.31));
#2352 = LINE('',#2353,#2354);
#2353 = CARTESIAN_POINT('',(55.238908,0.2,0.31));
#2354 = VECTOR('',#2355,1.);
#2355 = DIRECTION('',(1.,0.,0.));
#2356 = ORIENTED_EDGE('',*,*,#2357,.T.);
#2357 = EDGE_CURVE('',#2350,#2358,#2360,.T.);
#2358 = VERTEX_POINT('',#2359);
#2359 = CARTESIAN_POINT('',(0.197317809654,0.2,0.348609588695));
#2360 = CIRCLE('',#2361,3.000000000003E-02);
#2361 = AXIS2_PLACEMENT_3D('',#2362,#2363,#2364);
#2362 = CARTESIAN_POINT('',(0.168579768968,0.2,0.34));
#2363 = DIRECTION('',(0.,-1.,0.));
#2364 = DIRECTION('',(1.,0.,0.));
#2365 = ORIENTED_EDGE('',*,*,#2366,.T.);
#2366 = EDGE_CURVE('',#2358,#2131,#2367,.T.);
#2367 = LINE('',#2368,#2369);
#2368 = CARTESIAN_POINT('',(-6.293901250519,0.2,22.015721));
#2369 = VECTOR('',#2370,1.);
#2370 = DIRECTION('',(-0.286986289829,-0.,0.957934689554));
#2371 = PLANE('',#2372);
#2372 = AXIS2_PLACEMENT_3D('',#2373,#2374,#2375);
#2373 = CARTESIAN_POINT('',(0.107014441605,0.2,0.610861863872));
#2374 = DIRECTION('',(-0.,1.,0.));
#2375 = DIRECTION('',(1.,0.,0.));
#2376 = ADVANCED_FACE('',(#2377),#2388,.T.);
#2377 = FACE_BOUND('',#2378,.T.);
#2378 = EDGE_LOOP('',(#2379,#2380,#2381,#2387));
#2379 = ORIENTED_EDGE('',*,*,#2152,.F.);
#2380 = ORIENTED_EDGE('',*,*,#2366,.F.);
#2381 = ORIENTED_EDGE('',*,*,#2382,.F.);
#2382 = EDGE_CURVE('',#2216,#2358,#2383,.T.);
#2383 = LINE('',#2384,#2385);
#2384 = CARTESIAN_POINT('',(0.197317809655,-0.2,0.348609588695));
#2385 = VECTOR('',#2386,1.);
#2386 = DIRECTION('',(0.,1.,-0.));
#2387 = ORIENTED_EDGE('',*,*,#2215,.F.);
#2388 = PLANE('',#2389);
#2389 = AXIS2_PLACEMENT_3D('',#2390,#2391,#2392);
#2390 = CARTESIAN_POINT('',(0.203103398492,-0.22386,0.329297808155));
#2391 = DIRECTION('',(-0.957934689554,0.,-0.286986289829));
#2392 = DIRECTION('',(-0.286986289829,-0.,0.957934689554));
#2393 = ADVANCED_FACE('',(#2394),#2405,.F.);
#2394 = FACE_BOUND('',#2395,.F.);
#2395 = EDGE_LOOP('',(#2396,#2397,#2398,#2399));
#2396 = ORIENTED_EDGE('',*,*,#2357,.T.);
#2397 = ORIENTED_EDGE('',*,*,#2382,.F.);
#2398 = ORIENTED_EDGE('',*,*,#2223,.T.);
#2399 = ORIENTED_EDGE('',*,*,#2400,.F.);
#2400 = EDGE_CURVE('',#2350,#2224,#2401,.T.);
#2401 = LINE('',#2402,#2403);
#2402 = CARTESIAN_POINT('',(0.167534413227,0.2,0.31));
#2403 = VECTOR('',#2404,1.);
#2404 = DIRECTION('',(6.6880355131E-05,-0.999999997764,0.));
#2405 = CYLINDRICAL_SURFACE('',#2406,3.000000000003E-02);
#2406 = AXIS2_PLACEMENT_3D('',#2407,#2408,#2409);
#2407 = CARTESIAN_POINT('',(0.168579768968,-0.7,0.34));
#2408 = DIRECTION('',(0.,1.,-0.));
#2409 = DIRECTION('',(1.,0.,0.));
#2410 = ADVANCED_FACE('',(#2411,#2481,#2515),#2521,.T.);
#2411 = FACE_BOUND('',#2412,.T.);
#2412 = EDGE_LOOP('',(#2413,#2423,#2432,#2440,#2449,#2457,#2466,#2474));
#2413 = ORIENTED_EDGE('',*,*,#2414,.T.);
#2414 = EDGE_CURVE('',#2415,#2417,#2419,.T.);
#2415 = VERTEX_POINT('',#2416);
#2416 = CARTESIAN_POINT('',(-0.3,-0.22,0.31));
#2417 = VERTEX_POINT('',#2418);
#2418 = CARTESIAN_POINT('',(0.3,-0.22,0.31));
#2419 = LINE('',#2420,#2421);
#2420 = CARTESIAN_POINT('',(55.238908,-0.22,0.31));
#2421 = VECTOR('',#2422,1.);
#2422 = DIRECTION('',(1.,0.,0.));
#2423 = ORIENTED_EDGE('',*,*,#2424,.T.);
#2424 = EDGE_CURVE('',#2417,#2425,#2427,.T.);
#2425 = VERTEX_POINT('',#2426);
#2426 = CARTESIAN_POINT('',(0.33,-0.19,0.31));
#2427 = CIRCLE('',#2428,2.999999999994E-02);
#2428 = AXIS2_PLACEMENT_3D('',#2429,#2430,#2431);
#2429 = CARTESIAN_POINT('',(0.3,-0.19,0.31));
#2430 = DIRECTION('',(0.,-0.,1.));
#2431 = DIRECTION('',(1.,0.,0.));
#2432 = ORIENTED_EDGE('',*,*,#2433,.T.);
#2433 = EDGE_CURVE('',#2425,#2434,#2436,.T.);
#2434 = VERTEX_POINT('',#2435);
#2435 = CARTESIAN_POINT('',(0.33,0.19,0.31));
#2436 = LINE('',#2437,#2438);
#2437 = CARTESIAN_POINT('',(0.33,1.1,0.31));
#2438 = VECTOR('',#2439,1.);
#2439 = DIRECTION('',(-0.,1.,0.));
#2440 = ORIENTED_EDGE('',*,*,#2441,.T.);
#2441 = EDGE_CURVE('',#2434,#2442,#2444,.T.);
#2442 = VERTEX_POINT('',#2443);
#2443 = CARTESIAN_POINT('',(0.3,0.22,0.31));
#2444 = CIRCLE('',#2445,2.999999999998E-02);
#2445 = AXIS2_PLACEMENT_3D('',#2446,#2447,#2448);
#2446 = CARTESIAN_POINT('',(0.3,0.19,0.31));
#2447 = DIRECTION('',(0.,-0.,1.));
#2448 = DIRECTION('',(1.,0.,0.));
#2449 = ORIENTED_EDGE('',*,*,#2450,.T.);
#2450 = EDGE_CURVE('',#2442,#2451,#2453,.T.);
#2451 = VERTEX_POINT('',#2452);
#2452 = CARTESIAN_POINT('',(-0.3,0.22,0.31));
#2453 = LINE('',#2454,#2455);
#2454 = CARTESIAN_POINT('',(55.238908,0.22,0.31));
#2455 = VECTOR('',#2456,1.);
#2456 = DIRECTION('',(-1.,0.,0.));
#2457 = ORIENTED_EDGE('',*,*,#2458,.T.);
#2458 = EDGE_CURVE('',#2451,#2459,#2461,.T.);
#2459 = VERTEX_POINT('',#2460);
#2460 = CARTESIAN_POINT('',(-0.33,0.19,0.31));
#2461 = CIRCLE('',#2462,3.000000000006E-02);
#2462 = AXIS2_PLACEMENT_3D('',#2463,#2464,#2465);
#2463 = CARTESIAN_POINT('',(-0.3,0.19,0.31));
#2464 = DIRECTION('',(0.,0.,1.));
#2465 = DIRECTION('',(-1.,0.,0.));
#2466 = ORIENTED_EDGE('',*,*,#2467,.T.);
#2467 = EDGE_CURVE('',#2459,#2468,#2470,.T.);
#2468 = VERTEX_POINT('',#2469);
#2469 = CARTESIAN_POINT('',(-0.33,-0.19,0.31));
#2470 = LINE('',#2471,#2472);
#2471 = CARTESIAN_POINT('',(-0.33,1.1,0.31));
#2472 = VECTOR('',#2473,1.);
#2473 = DIRECTION('',(0.,-1.,0.));
#2474 = ORIENTED_EDGE('',*,*,#2475,.T.);
#2475 = EDGE_CURVE('',#2468,#2415,#2476,.T.);
#2476 = CIRCLE('',#2477,3.000000000005E-02);
#2477 = AXIS2_PLACEMENT_3D('',#2478,#2479,#2480);
#2478 = CARTESIAN_POINT('',(-0.3,-0.19,0.31));
#2479 = DIRECTION('',(0.,0.,1.));
#2480 = DIRECTION('',(-1.,0.,0.));
#2481 = FACE_BOUND('',#2482,.T.);
#2482 = EDGE_LOOP('',(#2483,#2493,#2501,#2509));
#2483 = ORIENTED_EDGE('',*,*,#2484,.T.);
#2484 = EDGE_CURVE('',#2485,#2487,#2489,.T.);
#2485 = VERTEX_POINT('',#2486);
#2486 = CARTESIAN_POINT('',(-0.168667745208,-0.2,0.31));
#2487 = VERTEX_POINT('',#2488);
#2488 = CARTESIAN_POINT('',(-0.29,-0.2,0.31));
#2489 = LINE('',#2490,#2491);
#2490 = CARTESIAN_POINT('',(55.238908,-0.2,0.31));
#2491 = VECTOR('',#2492,1.);
#2492 = DIRECTION('',(-1.,0.,0.));
#2493 = ORIENTED_EDGE('',*,*,#2494,.T.);
#2494 = EDGE_CURVE('',#2487,#2495,#2497,.T.);
#2495 = VERTEX_POINT('',#2496);
#2496 = CARTESIAN_POINT('',(-0.29,0.2,0.31));
#2497 = LINE('',#2498,#2499);
#2498 = CARTESIAN_POINT('',(-0.29,1.1,0.31));
#2499 = VECTOR('',#2500,1.);
#2500 = DIRECTION('',(-0.,1.,0.));
#2501 = ORIENTED_EDGE('',*,*,#2502,.T.);
#2502 = EDGE_CURVE('',#2495,#2503,#2505,.T.);
#2503 = VERTEX_POINT('',#2504);
#2504 = CARTESIAN_POINT('',(-0.168663167089,0.2,0.31));
#2505 = LINE('',#2506,#2507);
#2506 = CARTESIAN_POINT('',(55.238908,0.2,0.31));
#2507 = VECTOR('',#2508,1.);
#2508 = DIRECTION('',(1.,0.,0.));
#2509 = ORIENTED_EDGE('',*,*,#2510,.F.);
#2510 = EDGE_CURVE('',#2485,#2503,#2511,.T.);
#2511 = LINE('',#2512,#2513);
#2512 = CARTESIAN_POINT('',(-0.168667745208,-0.2,0.31));
#2513 = VECTOR('',#2514,1.);
#2514 = DIRECTION('',(1.144529829059E-05,0.999999999935,0.));
#2515 = FACE_BOUND('',#2516,.T.);
#2516 = EDGE_LOOP('',(#2517,#2518,#2519,#2520));
#2517 = ORIENTED_EDGE('',*,*,#2400,.F.);
#2518 = ORIENTED_EDGE('',*,*,#2349,.T.);
#2519 = ORIENTED_EDGE('',*,*,#2248,.F.);
#2520 = ORIENTED_EDGE('',*,*,#2233,.T.);
#2521 = PLANE('',#2522);
#2522 = AXIS2_PLACEMENT_3D('',#2523,#2524,#2525);
#2523 = CARTESIAN_POINT('',(-0.36036,-0.24486,0.31));
#2524 = DIRECTION('',(0.,-0.,1.));
#2525 = DIRECTION('',(1.,0.,0.));
#2526 = ADVANCED_FACE('',(#2527),#2552,.T.);
#2527 = FACE_BOUND('',#2528,.T.);
#2528 = EDGE_LOOP('',(#2529,#2537,#2538,#2546));
#2529 = ORIENTED_EDGE('',*,*,#2530,.F.);
#2530 = EDGE_CURVE('',#2417,#2531,#2533,.T.);
#2531 = VERTEX_POINT('',#2532);
#2532 = CARTESIAN_POINT('',(0.3,-0.22,0.69));
#2533 = LINE('',#2534,#2535);
#2534 = CARTESIAN_POINT('',(0.3,-0.22,0.31));
#2535 = VECTOR('',#2536,1.);
#2536 = DIRECTION('',(0.,-0.,1.));
#2537 = ORIENTED_EDGE('',*,*,#2414,.F.);
#2538 = ORIENTED_EDGE('',*,*,#2539,.F.);
#2539 = EDGE_CURVE('',#2540,#2415,#2542,.T.);
#2540 = VERTEX_POINT('',#2541);
#2541 = CARTESIAN_POINT('',(-0.3,-0.22,0.69));
#2542 = LINE('',#2543,#2544);
#2543 = CARTESIAN_POINT('',(-0.3,-0.22,0.69));
#2544 = VECTOR('',#2545,1.);
#2545 = DIRECTION('',(0.,0.,-1.));
#2546 = ORIENTED_EDGE('',*,*,#2547,.F.);
#2547 = EDGE_CURVE('',#2531,#2540,#2548,.T.);
#2548 = LINE('',#2549,#2550);
#2549 = CARTESIAN_POINT('',(55.238908,-0.22,0.69));
#2550 = VECTOR('',#2551,1.);
#2551 = DIRECTION('',(-1.,0.,-0.));
#2552 = PLANE('',#2553);
#2553 = AXIS2_PLACEMENT_3D('',#2554,#2555,#2556);
#2554 = CARTESIAN_POINT('',(-0.32886,-0.22,0.71336));
#2555 = DIRECTION('',(-0.,1.,0.));
#2556 = DIRECTION('',(1.,0.,0.));
#2557 = ADVANCED_FACE('',(#2558),#2577,.F.);
#2558 = FACE_BOUND('',#2559,.F.);
#2559 = EDGE_LOOP('',(#2560,#2568,#2575,#2576));
#2560 = ORIENTED_EDGE('',*,*,#2561,.F.);
#2561 = EDGE_CURVE('',#2562,#2425,#2564,.T.);
#2562 = VERTEX_POINT('',#2563);
#2563 = CARTESIAN_POINT('',(0.33,-0.19,0.69));
#2564 = LINE('',#2565,#2566);
#2565 = CARTESIAN_POINT('',(0.33,-0.19,0.69));
#2566 = VECTOR('',#2567,1.);
#2567 = DIRECTION('',(0.,0.,-1.));
#2568 = ORIENTED_EDGE('',*,*,#2569,.T.);
#2569 = EDGE_CURVE('',#2562,#2531,#2570,.T.);
#2570 = CIRCLE('',#2571,2.999999999994E-02);
#2571 = AXIS2_PLACEMENT_3D('',#2572,#2573,#2574);
#2572 = CARTESIAN_POINT('',(0.3,-0.19,0.69));
#2573 = DIRECTION('',(0.,0.,-1.));
#2574 = DIRECTION('',(1.,0.,0.));
#2575 = ORIENTED_EDGE('',*,*,#2530,.F.);
#2576 = ORIENTED_EDGE('',*,*,#2424,.T.);
#2577 = CYLINDRICAL_SURFACE('',#2578,2.999999999994E-02);
#2578 = AXIS2_PLACEMENT_3D('',#2579,#2580,#2581);
#2579 = CARTESIAN_POINT('',(0.3,-0.19,-0.161500000001));
#2580 = DIRECTION('',(0.,-0.,1.));
#2581 = DIRECTION('',(1.,0.,0.));
#2582 = ADVANCED_FACE('',(#2583,#2603),#2656,.T.);
#2583 = FACE_BOUND('',#2584,.T.);
#2584 = EDGE_LOOP('',(#2585,#2596));
#2585 = ORIENTED_EDGE('',*,*,#2586,.T.);
#2586 = EDGE_CURVE('',#2587,#2589,#2591,.T.);
#2587 = VERTEX_POINT('',#2588);
#2588 = CARTESIAN_POINT('',(-4.172807019972E-15,0.45,0.69));
#2589 = VERTEX_POINT('',#2590);
#2590 = CARTESIAN_POINT('',(-4.11769791401E-15,-0.45,0.69));
#2591 = CIRCLE('',#2592,0.45);
#2592 = AXIS2_PLACEMENT_3D('',#2593,#2594,#2595);
#2593 = CARTESIAN_POINT('',(-7.105427357601E-15,3.996802888651E-15,0.69)
  );
#2594 = DIRECTION('',(6.112864161287E-15,7.163512689008E-15,1.));
#2595 = DIRECTION('',(0.,1.,-7.163512689008E-15));
#2596 = ORIENTED_EDGE('',*,*,#2597,.T.);
#2597 = EDGE_CURVE('',#2589,#2587,#2598,.T.);
#2598 = CIRCLE('',#2599,0.45);
#2599 = AXIS2_PLACEMENT_3D('',#2600,#2601,#2602);
#2600 = CARTESIAN_POINT('',(-7.105427357601E-15,3.996802888651E-15,0.69)
  );
#2601 = DIRECTION('',(6.112864161287E-15,7.163512689008E-15,1.));
#2602 = DIRECTION('',(0.,1.,-7.163512689008E-15));
#2603 = FACE_BOUND('',#2604,.T.);
#2604 = EDGE_LOOP('',(#2605,#2616,#2622,#2623,#2624,#2633,#2641,#2650));
#2605 = ORIENTED_EDGE('',*,*,#2606,.T.);
#2606 = EDGE_CURVE('',#2607,#2609,#2611,.T.);
#2607 = VERTEX_POINT('',#2608);
#2608 = CARTESIAN_POINT('',(0.3,0.22,0.69));
#2609 = VERTEX_POINT('',#2610);
#2610 = CARTESIAN_POINT('',(0.33,0.19,0.69));
#2611 = CIRCLE('',#2612,2.999999999998E-02);
#2612 = AXIS2_PLACEMENT_3D('',#2613,#2614,#2615);
#2613 = CARTESIAN_POINT('',(0.3,0.19,0.69));
#2614 = DIRECTION('',(0.,0.,-1.));
#2615 = DIRECTION('',(1.,0.,0.));
#2616 = ORIENTED_EDGE('',*,*,#2617,.T.);
#2617 = EDGE_CURVE('',#2609,#2562,#2618,.T.);
#2618 = LINE('',#2619,#2620);
#2619 = CARTESIAN_POINT('',(0.33,1.1,0.69));
#2620 = VECTOR('',#2621,1.);
#2621 = DIRECTION('',(0.,-1.,0.));
#2622 = ORIENTED_EDGE('',*,*,#2569,.T.);
#2623 = ORIENTED_EDGE('',*,*,#2547,.T.);
#2624 = ORIENTED_EDGE('',*,*,#2625,.T.);
#2625 = EDGE_CURVE('',#2540,#2626,#2628,.T.);
#2626 = VERTEX_POINT('',#2627);
#2627 = CARTESIAN_POINT('',(-0.33,-0.19,0.69));
#2628 = CIRCLE('',#2629,3.000000000005E-02);
#2629 = AXIS2_PLACEMENT_3D('',#2630,#2631,#2632);
#2630 = CARTESIAN_POINT('',(-0.3,-0.19,0.69));
#2631 = DIRECTION('',(0.,0.,-1.));
#2632 = DIRECTION('',(-1.,0.,0.));
#2633 = ORIENTED_EDGE('',*,*,#2634,.T.);
#2634 = EDGE_CURVE('',#2626,#2635,#2637,.T.);
#2635 = VERTEX_POINT('',#2636);
#2636 = CARTESIAN_POINT('',(-0.33,0.19,0.69));
#2637 = LINE('',#2638,#2639);
#2638 = CARTESIAN_POINT('',(-0.33,1.1,0.69));
#2639 = VECTOR('',#2640,1.);
#2640 = DIRECTION('',(0.,1.,0.));
#2641 = ORIENTED_EDGE('',*,*,#2642,.T.);
#2642 = EDGE_CURVE('',#2635,#2643,#2645,.T.);
#2643 = VERTEX_POINT('',#2644);
#2644 = CARTESIAN_POINT('',(-0.3,0.22,0.69));
#2645 = CIRCLE('',#2646,3.000000000006E-02);
#2646 = AXIS2_PLACEMENT_3D('',#2647,#2648,#2649);
#2647 = CARTESIAN_POINT('',(-0.3,0.19,0.69));
#2648 = DIRECTION('',(0.,0.,-1.));
#2649 = DIRECTION('',(-1.,0.,0.));
#2650 = ORIENTED_EDGE('',*,*,#2651,.T.);
#2651 = EDGE_CURVE('',#2643,#2607,#2652,.T.);
#2652 = LINE('',#2653,#2654);
#2653 = CARTESIAN_POINT('',(55.238908,0.22,0.69));
#2654 = VECTOR('',#2655,1.);
#2655 = DIRECTION('',(1.,0.,0.));
#2656 = PLANE('',#2657);
#2657 = AXIS2_PLACEMENT_3D('',#2658,#2659,#2660);
#2658 = CARTESIAN_POINT('',(-0.48636,-0.48636,0.69));
#2659 = DIRECTION('',(0.,-0.,1.));
#2660 = DIRECTION('',(1.,0.,0.));
#2661 = ADVANCED_FACE('',(#2662),#2688,.T.);
#2662 = FACE_BOUND('',#2663,.T.);
#2663 = EDGE_LOOP('',(#2664,#2675,#2681,#2682));
#2664 = ORIENTED_EDGE('',*,*,#2665,.T.);
#2665 = EDGE_CURVE('',#2666,#2668,#2670,.T.);
#2666 = VERTEX_POINT('',#2667);
#2667 = CARTESIAN_POINT('',(-6.550895804875E-15,-0.54756097561,0.29));
#2668 = VERTEX_POINT('',#2669);
#2669 = CARTESIAN_POINT('',(-6.617952684487E-15,0.54756097561,0.29));
#2670 = CIRCLE('',#2671,0.54756097561);
#2671 = AXIS2_PLACEMENT_3D('',#2672,#2673,#2674);
#2672 = CARTESIAN_POINT('',(-7.105427357601E-15,8.881784197001E-16,0.29)
  );
#2673 = DIRECTION('',(6.112864161287E-15,7.163512689008E-15,1.));
#2674 = DIRECTION('',(0.,1.,-7.163512689008E-15));
#2675 = ORIENTED_EDGE('',*,*,#2676,.F.);
#2676 = EDGE_CURVE('',#2587,#2668,#2677,.T.);
#2677 = LINE('',#2678,#2679);
#2678 = CARTESIAN_POINT('',(-7.105427357601E-15,0.567011148,0.2102542932
    ));
#2679 = VECTOR('',#2680,1.);
#2680 = DIRECTION('',(-5.938771860909E-15,0.236956180191,-0.971520338783
    ));
#2681 = ORIENTED_EDGE('',*,*,#2597,.F.);
#2682 = ORIENTED_EDGE('',*,*,#2683,.T.);
#2683 = EDGE_CURVE('',#2589,#2666,#2684,.T.);
#2684 = LINE('',#2685,#2686);
#2685 = CARTESIAN_POINT('',(-7.035988518853E-15,-0.567011148,
    0.2102542932));
#2686 = VECTOR('',#2687,1.);
#2687 = DIRECTION('',(-5.909753098148E-15,-0.236956180191,
    -0.971520338783));
#2688 = CONICAL_SURFACE('',#2689,0.567011148,0.239231599964);
#2689 = AXIS2_PLACEMENT_3D('',#2690,#2691,#2692);
#2690 = CARTESIAN_POINT('',(-7.105427357601E-15,4.440892098501E-16,
    0.2102542932));
#2691 = DIRECTION('',(-6.112864161287E-15,-7.163512689008E-15,-1.));
#2692 = DIRECTION('',(0.,1.,-7.163512689008E-15));
#2693 = ADVANCED_FACE('',(#2694),#2728,.T.);
#2694 = FACE_BOUND('',#2695,.T.);
#2695 = EDGE_LOOP('',(#2696,#2706,#2714,#2722));
#2696 = ORIENTED_EDGE('',*,*,#2697,.F.);
#2697 = EDGE_CURVE('',#2698,#2700,#2702,.T.);
#2698 = VERTEX_POINT('',#2699);
#2699 = CARTESIAN_POINT('',(-0.2025,-8.E-02,0.69));
#2700 = VERTEX_POINT('',#2701);
#2701 = CARTESIAN_POINT('',(-0.233889294966,-8.000000000001E-02,
    0.674305352517));
#2702 = LINE('',#2703,#2704);
#2703 = CARTESIAN_POINT('',(-0.2025,-8.E-02,0.69));
#2704 = VECTOR('',#2705,1.);
#2705 = DIRECTION('',(-0.894427191,0.,-0.4472135955));
#2706 = ORIENTED_EDGE('',*,*,#2707,.F.);
#2707 = EDGE_CURVE('',#2708,#2698,#2710,.T.);
#2708 = VERTEX_POINT('',#2709);
#2709 = CARTESIAN_POINT('',(-0.2025,8.E-02,0.69));
#2710 = LINE('',#2711,#2712);
#2711 = CARTESIAN_POINT('',(-0.2025,1.1,0.69));
#2712 = VECTOR('',#2713,1.);
#2713 = DIRECTION('',(0.,-1.,0.));
#2714 = ORIENTED_EDGE('',*,*,#2715,.F.);
#2715 = EDGE_CURVE('',#2716,#2708,#2718,.T.);
#2716 = VERTEX_POINT('',#2717);
#2717 = CARTESIAN_POINT('',(-0.233889231193,8.000000000002E-02,
    0.674305384403));
#2718 = LINE('',#2719,#2720);
#2719 = CARTESIAN_POINT('',(-0.233889231193,8.000000000001E-02,
    0.674305384403));
#2720 = VECTOR('',#2721,1.);
#2721 = DIRECTION('',(0.894427191,0.,0.4472135955));
#2722 = ORIENTED_EDGE('',*,*,#2723,.T.);
#2723 = EDGE_CURVE('',#2716,#2700,#2724,.T.);
#2724 = LINE('',#2725,#2726);
#2725 = CARTESIAN_POINT('',(-0.233889231193,1.1,0.674305384404));
#2726 = VECTOR('',#2727,1.);
#2727 = DIRECTION('',(0.,-1.,0.));
#2728 = PLANE('',#2729);
#2729 = AXIS2_PLACEMENT_3D('',#2730,#2731,#2732);
#2730 = CARTESIAN_POINT('',(-0.247070788207,-9.786000000001E-02,
    0.667714605896));
#2731 = DIRECTION('',(-0.4472135955,-0.,0.894427191));
#2732 = DIRECTION('',(0.894427191,0.,0.4472135955));
#2733 = ADVANCED_FACE('',(#2734,#2754),#2764,.T.);
#2734 = FACE_BOUND('',#2735,.T.);
#2735 = EDGE_LOOP('',(#2736,#2747));
#2736 = ORIENTED_EDGE('',*,*,#2737,.F.);
#2737 = EDGE_CURVE('',#2738,#2740,#2742,.T.);
#2738 = VERTEX_POINT('',#2739);
#2739 = CARTESIAN_POINT('',(-0.72,-2.708944180085E-14,0.29));
#2740 = VERTEX_POINT('',#2741);
#2741 = CARTESIAN_POINT('',(0.72,-2.717761637039E-14,0.29));
#2742 = CIRCLE('',#2743,0.72);
#2743 = AXIS2_PLACEMENT_3D('',#2744,#2745,#2746);
#2744 = CARTESIAN_POINT('',(0.,-2.708944180085E-14,0.29));
#2745 = DIRECTION('',(0.,0.,-1.));
#2746 = DIRECTION('',(-1.,0.,0.));
#2747 = ORIENTED_EDGE('',*,*,#2748,.F.);
#2748 = EDGE_CURVE('',#2740,#2738,#2749,.T.);
#2749 = CIRCLE('',#2750,0.72);
#2750 = AXIS2_PLACEMENT_3D('',#2751,#2752,#2753);
#2751 = CARTESIAN_POINT('',(0.,-2.708944180085E-14,0.29));
#2752 = DIRECTION('',(0.,0.,-1.));
#2753 = DIRECTION('',(-1.,0.,0.));
#2754 = FACE_BOUND('',#2755,.T.);
#2755 = EDGE_LOOP('',(#2756,#2757));
#2756 = ORIENTED_EDGE('',*,*,#2665,.F.);
#2757 = ORIENTED_EDGE('',*,*,#2758,.F.);
#2758 = EDGE_CURVE('',#2668,#2666,#2759,.T.);
#2759 = CIRCLE('',#2760,0.54756097561);
#2760 = AXIS2_PLACEMENT_3D('',#2761,#2762,#2763);
#2761 = CARTESIAN_POINT('',(-7.105427357601E-15,8.881784197001E-16,0.29)
  );
#2762 = DIRECTION('',(6.112864161287E-15,7.163512689008E-15,1.));
#2763 = DIRECTION('',(0.,1.,-7.163512689008E-15));
#2764 = PLANE('',#2765);
#2765 = AXIS2_PLACEMENT_3D('',#2766,#2767,#2768);
#2766 = CARTESIAN_POINT('',(-0.76986,-0.76986,0.29));
#2767 = DIRECTION('',(0.,-0.,1.));
#2768 = DIRECTION('',(1.,0.,0.));
#2769 = ADVANCED_FACE('',(#2770),#2805,.F.);
#2770 = FACE_BOUND('',#2771,.F.);
#2771 = EDGE_LOOP('',(#2772,#2780,#2781,#2789,#2798));
#2772 = ORIENTED_EDGE('',*,*,#2773,.T.);
#2773 = EDGE_CURVE('',#2774,#2738,#2776,.T.);
#2774 = VERTEX_POINT('',#2775);
#2775 = CARTESIAN_POINT('',(-0.72,-2.708944180085E-14,0.62644746463));
#2776 = LINE('',#2777,#2778);
#2777 = CARTESIAN_POINT('',(-0.72,-2.708944180085E-14,0.654108651245));
#2778 = VECTOR('',#2779,1.);
#2779 = DIRECTION('',(0.,0.,-1.));
#2780 = ORIENTED_EDGE('',*,*,#2748,.F.);
#2781 = ORIENTED_EDGE('',*,*,#2782,.F.);
#2782 = EDGE_CURVE('',#2783,#2740,#2785,.T.);
#2783 = VERTEX_POINT('',#2784);
#2784 = CARTESIAN_POINT('',(0.72,-2.717761637039E-14,0.62644746463));
#2785 = LINE('',#2786,#2787);
#2786 = CARTESIAN_POINT('',(0.72,-2.717761637039E-14,0.654108651245));
#2787 = VECTOR('',#2788,1.);
#2788 = DIRECTION('',(0.,0.,-1.));
#2789 = ORIENTED_EDGE('',*,*,#2790,.T.);
#2790 = EDGE_CURVE('',#2783,#2791,#2793,.T.);
#2791 = VERTEX_POINT('',#2792);
#2792 = CARTESIAN_POINT('',(-7.105427357601E-15,-0.72,0.62644746463));
#2793 = CIRCLE('',#2794,0.72);
#2794 = AXIS2_PLACEMENT_3D('',#2795,#2796,#2797);
#2795 = CARTESIAN_POINT('',(-7.105427357601E-15,-2.264854970235E-14,
    0.62644746463));
#2796 = DIRECTION('',(0.,6.838386641552E-15,-1.));
#2797 = DIRECTION('',(-1.,0.,0.));
#2798 = ORIENTED_EDGE('',*,*,#2799,.T.);
#2799 = EDGE_CURVE('',#2791,#2774,#2800,.T.);
#2800 = CIRCLE('',#2801,0.72);
#2801 = AXIS2_PLACEMENT_3D('',#2802,#2803,#2804);
#2802 = CARTESIAN_POINT('',(-7.105427357601E-15,-2.264854970235E-14,
    0.62644746463));
#2803 = DIRECTION('',(0.,6.838386641552E-15,-1.));
#2804 = DIRECTION('',(-1.,0.,0.));
#2805 = CYLINDRICAL_SURFACE('',#2806,0.72);
#2806 = AXIS2_PLACEMENT_3D('',#2807,#2808,#2809);
#2807 = CARTESIAN_POINT('',(0.,-2.708944180085E-14,0.654108651245));
#2808 = DIRECTION('',(0.,0.,-1.));
#2809 = DIRECTION('',(-1.,-0.,-0.));
#2810 = ADVANCED_FACE('',(#2811),#2836,.T.);
#2811 = FACE_BOUND('',#2812,.T.);
#2812 = EDGE_LOOP('',(#2813,#2821,#2822,#2830));
#2813 = ORIENTED_EDGE('',*,*,#2814,.T.);
#2814 = EDGE_CURVE('',#2815,#2700,#2817,.T.);
#2815 = VERTEX_POINT('',#2816);
#2816 = CARTESIAN_POINT('',(-0.206115198637,-0.195606045108,0.59));
#2817 = ( BOUNDED_CURVE() B_SPLINE_CURVE(2,(#2818,#2819,#2820),
.UNSPECIFIED.,.F.,.F.) B_SPLINE_CURVE_WITH_KNOTS((3,3),(0.,1.),
.PIECEWISE_BEZIER_KNOTS.) CURVE() GEOMETRIC_REPRESENTATION_ITEM() 
RATIONAL_B_SPLINE_CURVE((1.,0.796278340014,1.)) REPRESENTATION_ITEM('') 
  );
#2818 = CARTESIAN_POINT('',(-0.206115249192,-0.195606316524,
    0.590000153456));
#2819 = CARTESIAN_POINT('',(-0.233889231193,-0.171163662224,
    0.674305384403));
#2820 = CARTESIAN_POINT('',(-0.233889231193,-8.000000000075E-02,
    0.674305384404));
#2821 = ORIENTED_EDGE('',*,*,#2723,.F.);
#2822 = ORIENTED_EDGE('',*,*,#2823,.T.);
#2823 = EDGE_CURVE('',#2716,#2824,#2826,.T.);
#2824 = VERTEX_POINT('',#2825);
#2825 = CARTESIAN_POINT('',(-0.206115198637,0.19560636126,0.59));
#2826 = ( BOUNDED_CURVE() B_SPLINE_CURVE(2,(#2827,#2828,#2829),
.UNSPECIFIED.,.F.,.F.) B_SPLINE_CURVE_WITH_KNOTS((3,3),(0.,1.),
.PIECEWISE_BEZIER_KNOTS.) CURVE() GEOMETRIC_REPRESENTATION_ITEM() 
RATIONAL_B_SPLINE_CURVE((1.,0.796277931734,1.)) REPRESENTATION_ITEM('') 
  );
#2827 = CARTESIAN_POINT('',(-0.233889231193,7.999999999997E-02,
    0.674305384403));
#2828 = CARTESIAN_POINT('',(-0.233889231193,0.171163789956,
    0.674305384404));
#2829 = CARTESIAN_POINT('',(-0.206115199843,0.195606359954,
    0.590000003662));
#2830 = ORIENTED_EDGE('',*,*,#2831,.F.);
#2831 = EDGE_CURVE('',#2815,#2824,#2832,.T.);
#2832 = LINE('',#2833,#2834);
#2833 = CARTESIAN_POINT('',(-0.206115198637,1.1,0.59));
#2834 = VECTOR('',#2835,1.);
#2835 = DIRECTION('',(0.,1.,-0.));
#2836 = PLANE('',#2837);
#2837 = AXIS2_PLACEMENT_3D('',#2838,#2839,#2840);
#2838 = CARTESIAN_POINT('',(-0.201084019028,-0.219246633469,
    0.574728341841));
#2839 = DIRECTION('',(-0.949785248865,0.,-0.312902510437));
#2840 = DIRECTION('',(-0.312902510437,-0.,0.949785248865));
#2841 = ADVANCED_FACE('',(#2842),#2877,.F.);
#2842 = FACE_BOUND('',#2843,.F.);
#2843 = EDGE_LOOP('',(#2844,#2852,#2853,#2862,#2870));
#2844 = ORIENTED_EDGE('',*,*,#2845,.F.);
#2845 = EDGE_CURVE('',#2791,#2846,#2848,.T.);
#2846 = VERTEX_POINT('',#2847);
#2847 = CARTESIAN_POINT('',(-7.105427357601E-15,-0.8,0.69));
#2848 = LINE('',#2849,#2850);
#2849 = CARTESIAN_POINT('',(-7.105427357601E-15,-0.817473484836,
    0.703881053288));
#2850 = VECTOR('',#2851,1.);
#2851 = DIRECTION('',(0.,-0.783000615557,0.622020928938));
#2852 = ORIENTED_EDGE('',*,*,#2790,.F.);
#2853 = ORIENTED_EDGE('',*,*,#2854,.F.);
#2854 = EDGE_CURVE('',#2855,#2783,#2857,.T.);
#2855 = VERTEX_POINT('',#2856);
#2856 = CARTESIAN_POINT('',(-7.19360192714E-15,0.72,0.62644746463));
#2857 = CIRCLE('',#2858,0.72);
#2858 = AXIS2_PLACEMENT_3D('',#2859,#2860,#2861);
#2859 = CARTESIAN_POINT('',(-7.105427357601E-15,-2.264854970235E-14,
    0.62644746463));
#2860 = DIRECTION('',(0.,6.838386641552E-15,-1.));
#2861 = DIRECTION('',(-1.,0.,0.));
#2862 = ORIENTED_EDGE('',*,*,#2863,.T.);
#2863 = EDGE_CURVE('',#2855,#2864,#2866,.T.);
#2864 = VERTEX_POINT('',#2865);
#2865 = CARTESIAN_POINT('',(-7.203399101533E-15,0.8,0.69));
#2866 = LINE('',#2867,#2868);
#2867 = CARTESIAN_POINT('',(-7.20553898626E-15,0.817473484836,
    0.703881053288));
#2868 = VECTOR('',#2869,1.);
#2869 = DIRECTION('',(-9.588991975722E-17,0.783000615557,0.622020928938)
  );
#2870 = ORIENTED_EDGE('',*,*,#2871,.F.);
#2871 = EDGE_CURVE('',#2846,#2864,#2872,.T.);
#2872 = CIRCLE('',#2873,0.8);
#2873 = AXIS2_PLACEMENT_3D('',#2874,#2875,#2876);
#2874 = CARTESIAN_POINT('',(-7.105427357601E-15,-1.909583602355E-14,0.69
    ));
#2875 = DIRECTION('',(0.,-1.36767732831E-14,1.));
#2876 = DIRECTION('',(0.,-1.,-1.36767732831E-14));
#2877 = CONICAL_SURFACE('',#2878,0.817473484836,0.899475255779);
#2878 = AXIS2_PLACEMENT_3D('',#2879,#2880,#2881);
#2879 = CARTESIAN_POINT('',(-7.105427357601E-15,-1.931788062848E-14,
    0.703881053288));
#2880 = DIRECTION('',(0.,-1.36767732831E-14,1.));
#2881 = DIRECTION('',(0.,-1.,-1.36767732831E-14));
#2882 = ADVANCED_FACE('',(#2883),#2936,.T.);
#2883 = FACE_BOUND('',#2884,.T.);
#2884 = EDGE_LOOP('',(#2885,#2895,#2915,#2916));
#2885 = ORIENTED_EDGE('',*,*,#2886,.F.);
#2886 = EDGE_CURVE('',#2887,#2889,#2891,.T.);
#2887 = VERTEX_POINT('',#2888);
#2888 = CARTESIAN_POINT('',(-0.125001070673,0.2,0.590002141346));
#2889 = VERTEX_POINT('',#2890);
#2890 = CARTESIAN_POINT('',(-0.125,-0.2,0.59));
#2891 = LINE('',#2892,#2893);
#2892 = CARTESIAN_POINT('',(-0.125,1.1,0.59));
#2893 = VECTOR('',#2894,1.);
#2894 = DIRECTION('',(0.,-1.,0.));
#2895 = ORIENTED_EDGE('',*,*,#2896,.T.);
#2896 = EDGE_CURVE('',#2887,#2708,#2897,.T.);
#2897 = B_SPLINE_CURVE_WITH_KNOTS('',3,(#2898,#2899,#2900,#2901,#2902,
    #2903,#2904,#2905,#2906,#2907,#2908,#2909,#2910,#2911,#2912,#2913,
    #2914),.UNSPECIFIED.,.F.,.F.,(4,1,1,1,1,1,1,1,1,1,1,1,1,1,4),(0.,
    7.142857142857E-02,0.142857142857,0.214285714286,0.285714285714,
    0.357142857143,0.428571428571,0.5,0.571428571429,0.642857142857,
    0.714285714286,0.785714285714,0.857142857143,0.928571428571,1.),
  .UNSPECIFIED.);
#2898 = CARTESIAN_POINT('',(-0.125001070673,0.2,0.590002141346));
#2899 = CARTESIAN_POINT('',(-0.127914205476,0.200159450988,
    0.593761024963));
#2900 = CARTESIAN_POINT('',(-0.13372582832,0.199835901065,0.601259870125
    ));
#2901 = CARTESIAN_POINT('',(-0.142481228592,0.197890906995,
    0.612557071859));
#2902 = CARTESIAN_POINT('',(-0.151007232195,0.194262807048,
    0.623558245356));
#2903 = CARTESIAN_POINT('',(-0.159138683925,0.189121968307,
    0.634050309546));
#2904 = CARTESIAN_POINT('',(-0.166707372559,0.182628168506,
    0.643816236444));
#2905 = CARTESIAN_POINT('',(-0.173660409952,0.174926664436,0.6527877958)
  );
#2906 = CARTESIAN_POINT('',(-0.179964355009,0.166128076615,
    0.660921843378));
#2907 = CARTESIAN_POINT('',(-0.18563147796,0.156249698233,0.66823421118)
  );
#2908 = CARTESIAN_POINT('',(-0.190653829899,0.145235601382,
    0.674714637773));
#2909 = CARTESIAN_POINT('',(-0.194904937193,0.133240665644,
    0.680199924685));
#2910 = CARTESIAN_POINT('',(-0.198271661826,0.120527432311,
    0.684544080936));
#2911 = CARTESIAN_POINT('',(-0.200703388425,0.107306245216,
    0.687681791621));
#2912 = CARTESIAN_POINT('',(-0.202173901022,9.370929873351E-02,
    0.689579227126));
#2913 = CARTESIAN_POINT('',(-0.2025,8.45897817397E-02,0.69));
#2914 = CARTESIAN_POINT('',(-0.2025,8.E-02,0.69));
#2915 = ORIENTED_EDGE('',*,*,#2707,.T.);
#2916 = ORIENTED_EDGE('',*,*,#2917,.T.);
#2917 = EDGE_CURVE('',#2698,#2889,#2918,.T.);
#2918 = B_SPLINE_CURVE_WITH_KNOTS('',3,(#2919,#2920,#2921,#2922,#2923,
    #2924,#2925,#2926,#2927,#2928,#2929,#2930,#2931,#2932,#2933,#2934,
    #2935),.UNSPECIFIED.,.F.,.F.,(4,1,1,1,1,1,1,1,1,1,1,1,1,1,4),(0.,
    7.142857142857E-02,0.142857142857,0.214285714286,0.285714285714,
    0.357142857143,0.428571428571,0.5,0.571428571429,0.642857142857,
    0.714285714286,0.785714285714,0.857142857143,0.928571428571,1.),
  .UNSPECIFIED.);
#2919 = CARTESIAN_POINT('',(-0.2025,-8.E-02,0.69));
#2920 = CARTESIAN_POINT('',(-0.2025,-8.459058367255E-02,0.69));
#2921 = CARTESIAN_POINT('',(-0.202173755545,-9.371089879316E-02,
    0.689579039413));
#2922 = CARTESIAN_POINT('',(-0.200703508182,-0.107304867833,
    0.687681946041));
#2923 = CARTESIAN_POINT('',(-0.198272369265,-0.120524175614,
    0.684544992599));
#2924 = CARTESIAN_POINT('',(-0.194905580487,-0.133238931226,
    0.680200749016));
#2925 = CARTESIAN_POINT('',(-0.190652603035,-0.145238939282,
    0.674713036174));
#2926 = CARTESIAN_POINT('',(-0.185628852535,-0.156254733973,
    0.668230777464));
#2927 = CARTESIAN_POINT('',(-0.179961474952,-0.16613232064,
    0.660918032196));
#2928 = CARTESIAN_POINT('',(-0.173657816746,-0.17492945749,
    0.652784279672));
#2929 = CARTESIAN_POINT('',(-0.166706628426,-0.182628337539,
    0.643815004421));
#2930 = CARTESIAN_POINT('',(-0.159139220987,-0.189121142508,
    0.634050607725));
#2931 = CARTESIAN_POINT('',(-0.151006824096,-0.194262719278,
    0.623557192382));
#2932 = CARTESIAN_POINT('',(-0.142479426594,-0.197891274715,
    0.612554098831));
#2933 = CARTESIAN_POINT('',(-0.133723095164,-0.199836113365,
    0.601255606663));
#2934 = CARTESIAN_POINT('',(-0.127912391449,-0.2001594103,0.59375792445)
  );
#2935 = CARTESIAN_POINT('',(-0.125,-0.2,0.59));
#2936 = PLANE('',#2937);
#2937 = AXIS2_PLACEMENT_3D('',#2938,#2939,#2940);
#2938 = CARTESIAN_POINT('',(-0.212927743283,-0.224027381832,
    0.703455152623));
#2939 = DIRECTION('',(0.790415052175,-0.,0.612571665436));
#2940 = DIRECTION('',(0.612571665436,0.,-0.790415052175));
#2941 = ADVANCED_FACE('',(#2942,#2962),#2972,.T.);
#2942 = FACE_BOUND('',#2943,.T.);
#2943 = EDGE_LOOP('',(#2944,#2955));
#2944 = ORIENTED_EDGE('',*,*,#2945,.T.);
#2945 = EDGE_CURVE('',#2946,#2948,#2950,.T.);
#2946 = VERTEX_POINT('',#2947);
#2947 = CARTESIAN_POINT('',(-0.84,-3.730349362741E-14,0.69));
#2948 = VERTEX_POINT('',#2949);
#2949 = CARTESIAN_POINT('',(0.84,-3.720062329628E-14,0.69));
#2950 = CIRCLE('',#2951,0.84);
#2951 = AXIS2_PLACEMENT_3D('',#2952,#2953,#2954);
#2952 = CARTESIAN_POINT('',(1.42108547152E-14,-3.730349362741E-14,0.69)
  );
#2953 = DIRECTION('',(0.,0.,1.));
#2954 = DIRECTION('',(-1.,-0.,0.));
#2955 = ORIENTED_EDGE('',*,*,#2956,.T.);
#2956 = EDGE_CURVE('',#2948,#2946,#2957,.T.);
#2957 = CIRCLE('',#2958,0.84);
#2958 = AXIS2_PLACEMENT_3D('',#2959,#2960,#2961);
#2959 = CARTESIAN_POINT('',(1.42108547152E-14,-3.730349362741E-14,0.69)
  );
#2960 = DIRECTION('',(0.,0.,1.));
#2961 = DIRECTION('',(-1.,-0.,0.));
#2962 = FACE_BOUND('',#2963,.T.);
#2963 = EDGE_LOOP('',(#2964,#2965));
#2964 = ORIENTED_EDGE('',*,*,#2871,.F.);
#2965 = ORIENTED_EDGE('',*,*,#2966,.F.);
#2966 = EDGE_CURVE('',#2864,#2846,#2967,.T.);
#2967 = CIRCLE('',#2968,0.8);
#2968 = AXIS2_PLACEMENT_3D('',#2969,#2970,#2971);
#2969 = CARTESIAN_POINT('',(-7.105427357601E-15,-1.909583602355E-14,0.69
    ));
#2970 = DIRECTION('',(0.,-1.36767732831E-14,1.));
#2971 = DIRECTION('',(0.,-1.,-1.36767732831E-14));
#2972 = PLANE('',#2973);
#2973 = AXIS2_PLACEMENT_3D('',#2974,#2975,#2976);
#2974 = CARTESIAN_POINT('',(-0.89586,-0.89586,0.69));
#2975 = DIRECTION('',(0.,-0.,1.));
#2976 = DIRECTION('',(1.,0.,0.));
#2977 = ADVANCED_FACE('',(#2978),#3004,.T.);
#2978 = FACE_BOUND('',#2979,.T.);
#2979 = EDGE_LOOP('',(#2980,#2991,#2997,#2998));
#2980 = ORIENTED_EDGE('',*,*,#2981,.T.);
#2981 = EDGE_CURVE('',#2982,#2984,#2986,.T.);
#2982 = VERTEX_POINT('',#2983);
#2983 = CARTESIAN_POINT('',(-0.84,-3.730349362741E-14,0.33));
#2984 = VERTEX_POINT('',#2985);
#2985 = CARTESIAN_POINT('',(0.84,-3.720062329628E-14,0.33));
#2986 = CIRCLE('',#2987,0.84);
#2987 = AXIS2_PLACEMENT_3D('',#2988,#2989,#2990);
#2988 = CARTESIAN_POINT('',(1.42108547152E-14,-3.730349362741E-14,0.33)
  );
#2989 = DIRECTION('',(0.,0.,1.));
#2990 = DIRECTION('',(-1.,-0.,0.));
#2991 = ORIENTED_EDGE('',*,*,#2992,.F.);
#2992 = EDGE_CURVE('',#2948,#2984,#2993,.T.);
#2993 = LINE('',#2994,#2995);
#2994 = CARTESIAN_POINT('',(0.84,-3.720062329628E-14,0.7155));
#2995 = VECTOR('',#2996,1.);
#2996 = DIRECTION('',(0.,0.,-1.));
#2997 = ORIENTED_EDGE('',*,*,#2945,.F.);
#2998 = ORIENTED_EDGE('',*,*,#2999,.T.);
#2999 = EDGE_CURVE('',#2946,#2982,#3000,.T.);
#3000 = LINE('',#3001,#3002);
#3001 = CARTESIAN_POINT('',(-0.84,-3.730349362741E-14,0.7155));
#3002 = VECTOR('',#3003,1.);
#3003 = DIRECTION('',(0.,0.,-1.));
#3004 = CYLINDRICAL_SURFACE('',#3005,0.84);
#3005 = AXIS2_PLACEMENT_3D('',#3006,#3007,#3008);
#3006 = CARTESIAN_POINT('',(1.42108547152E-14,-3.730349362741E-14,0.7155
    ));
#3007 = DIRECTION('',(0.,0.,-1.));
#3008 = DIRECTION('',(-1.,-0.,-0.));
#3009 = ADVANCED_FACE('',(#3010),#3035,.T.);
#3010 = FACE_BOUND('',#3011,.T.);
#3011 = EDGE_LOOP('',(#3012,#3020,#3021,#3029));
#3012 = ORIENTED_EDGE('',*,*,#3013,.F.);
#3013 = EDGE_CURVE('',#2887,#3014,#3016,.T.);
#3014 = VERTEX_POINT('',#3015);
#3015 = CARTESIAN_POINT('',(-0.197421690951,0.2,0.348262842173));
#3016 = LINE('',#3017,#3018);
#3017 = CARTESIAN_POINT('',(6.293901250518,0.2,22.015721));
#3018 = VECTOR('',#3019,1.);
#3019 = DIRECTION('',(-0.286986289829,0.,-0.957934689554));
#3020 = ORIENTED_EDGE('',*,*,#2886,.T.);
#3021 = ORIENTED_EDGE('',*,*,#3022,.F.);
#3022 = EDGE_CURVE('',#3023,#2889,#3025,.T.);
#3023 = VERTEX_POINT('',#3024);
#3024 = CARTESIAN_POINT('',(-0.197421674076,-0.2,0.348262898502));
#3025 = LINE('',#3026,#3027);
#3026 = CARTESIAN_POINT('',(6.293901250518,-0.2,22.015721));
#3027 = VECTOR('',#3028,1.);
#3028 = DIRECTION('',(0.286986289829,0.,0.957934689554));
#3029 = ORIENTED_EDGE('',*,*,#3030,.T.);
#3030 = EDGE_CURVE('',#3023,#3014,#3031,.T.);
#3031 = LINE('',#3032,#3033);
#3032 = CARTESIAN_POINT('',(-0.197421674076,-0.2,0.348262898502));
#3033 = VECTOR('',#3034,1.);
#3034 = DIRECTION('',(0.,1.,-1.408248273549E-07));
#3035 = PLANE('',#3036);
#3036 = AXIS2_PLACEMENT_3D('',#3037,#3038,#3039);
#3037 = CARTESIAN_POINT('',(-0.119152140916,-0.22386,0.609519633077));
#3038 = DIRECTION('',(0.957934689554,-0.,-0.286986289829));
#3039 = DIRECTION('',(-0.286986289829,0.,-0.957934689554));
#3040 = ADVANCED_FACE('',(#3041,#3083),#3093,.T.);
#3041 = FACE_BOUND('',#3042,.T.);
#3042 = EDGE_LOOP('',(#3043,#3053,#3061,#3069,#3077));
#3043 = ORIENTED_EDGE('',*,*,#3044,.F.);
#3044 = EDGE_CURVE('',#3045,#3047,#3049,.T.);
#3045 = VERTEX_POINT('',#3046);
#3046 = CARTESIAN_POINT('',(-0.97,0.97,0.33));
#3047 = VERTEX_POINT('',#3048);
#3048 = CARTESIAN_POINT('',(0.97,0.97,0.33));
#3049 = LINE('',#3050,#3051);
#3050 = CARTESIAN_POINT('',(55.238908,0.97,0.33));
#3051 = VECTOR('',#3052,1.);
#3052 = DIRECTION('',(1.,0.,0.));
#3053 = ORIENTED_EDGE('',*,*,#3054,.T.);
#3054 = EDGE_CURVE('',#3045,#3055,#3057,.T.);
#3055 = VERTEX_POINT('',#3056);
#3056 = CARTESIAN_POINT('',(-0.97,-0.97,0.33));
#3057 = LINE('',#3058,#3059);
#3058 = CARTESIAN_POINT('',(-0.97,1.1,0.33));
#3059 = VECTOR('',#3060,1.);
#3060 = DIRECTION('',(0.,-1.,0.));
#3061 = ORIENTED_EDGE('',*,*,#3062,.T.);
#3062 = EDGE_CURVE('',#3055,#3063,#3065,.T.);
#3063 = VERTEX_POINT('',#3064);
#3064 = CARTESIAN_POINT('',(0.67,-0.97,0.33));
#3065 = LINE('',#3066,#3067);
#3066 = CARTESIAN_POINT('',(55.238908,-0.97,0.33));
#3067 = VECTOR('',#3068,1.);
#3068 = DIRECTION('',(1.,0.,0.));
#3069 = ORIENTED_EDGE('',*,*,#3070,.T.);
#3070 = EDGE_CURVE('',#3063,#3071,#3073,.T.);
#3071 = VERTEX_POINT('',#3072);
#3072 = CARTESIAN_POINT('',(0.97,-0.67,0.33));
#3073 = LINE('',#3074,#3075);
#3074 = CARTESIAN_POINT('',(2.74,1.1,0.33));
#3075 = VECTOR('',#3076,1.);
#3076 = DIRECTION('',(0.707106781187,0.707106781187,0.));
#3077 = ORIENTED_EDGE('',*,*,#3078,.T.);
#3078 = EDGE_CURVE('',#3071,#3047,#3079,.T.);
#3079 = LINE('',#3080,#3081);
#3080 = CARTESIAN_POINT('',(0.97,1.1,0.33));
#3081 = VECTOR('',#3082,1.);
#3082 = DIRECTION('',(0.,1.,0.));
#3083 = FACE_BOUND('',#3084,.T.);
#3084 = EDGE_LOOP('',(#3085,#3086));
#3085 = ORIENTED_EDGE('',*,*,#2981,.F.);
#3086 = ORIENTED_EDGE('',*,*,#3087,.F.);
#3087 = EDGE_CURVE('',#2984,#2982,#3088,.T.);
#3088 = CIRCLE('',#3089,0.84);
#3089 = AXIS2_PLACEMENT_3D('',#3090,#3091,#3092);
#3090 = CARTESIAN_POINT('',(1.42108547152E-14,-3.730349362741E-14,0.33)
  );
#3091 = DIRECTION('',(0.,0.,1.));
#3092 = DIRECTION('',(-1.,-0.,0.));
#3093 = PLANE('',#3094);
#3094 = AXIS2_PLACEMENT_3D('',#3095,#3096,#3097);
#3095 = CARTESIAN_POINT('',(-1.03236,-1.03236,0.33));
#3096 = DIRECTION('',(0.,-0.,1.));
#3097 = DIRECTION('',(1.,0.,0.));
#3098 = ADVANCED_FACE('',(#3099),#3156,.T.);
#3099 = FACE_BOUND('',#3100,.T.);
#3100 = EDGE_LOOP('',(#3101,#3111,#3119,#3127,#3135,#3143,#3149,#3150));
#3101 = ORIENTED_EDGE('',*,*,#3102,.T.);
#3102 = EDGE_CURVE('',#3103,#3105,#3107,.T.);
#3103 = VERTEX_POINT('',#3104);
#3104 = CARTESIAN_POINT('',(0.97,0.97,0.));
#3105 = VERTEX_POINT('',#3106);
#3106 = CARTESIAN_POINT('',(0.15,0.97,0.));
#3107 = LINE('',#3108,#3109);
#3108 = CARTESIAN_POINT('',(55.238908,0.97,0.));
#3109 = VECTOR('',#3110,1.);
#3110 = DIRECTION('',(-1.,-0.,0.));
#3111 = ORIENTED_EDGE('',*,*,#3112,.T.);
#3112 = EDGE_CURVE('',#3105,#3113,#3115,.T.);
#3113 = VERTEX_POINT('',#3114);
#3114 = CARTESIAN_POINT('',(0.15,0.97,0.12));
#3115 = LINE('',#3116,#3117);
#3116 = CARTESIAN_POINT('',(0.15,0.97,22.015721));
#3117 = VECTOR('',#3118,1.);
#3118 = DIRECTION('',(0.,0.,1.));
#3119 = ORIENTED_EDGE('',*,*,#3120,.F.);
#3120 = EDGE_CURVE('',#3121,#3113,#3123,.T.);
#3121 = VERTEX_POINT('',#3122);
#3122 = CARTESIAN_POINT('',(-0.15,0.97,0.12));
#3123 = LINE('',#3124,#3125);
#3124 = CARTESIAN_POINT('',(55.238908,0.97,0.12));
#3125 = VECTOR('',#3126,1.);
#3126 = DIRECTION('',(1.,0.,0.));
#3127 = ORIENTED_EDGE('',*,*,#3128,.T.);
#3128 = EDGE_CURVE('',#3121,#3129,#3131,.T.);
#3129 = VERTEX_POINT('',#3130);
#3130 = CARTESIAN_POINT('',(-0.15,0.97,0.));
#3131 = LINE('',#3132,#3133);
#3132 = CARTESIAN_POINT('',(-0.15,0.97,22.015721));
#3133 = VECTOR('',#3134,1.);
#3134 = DIRECTION('',(0.,0.,-1.));
#3135 = ORIENTED_EDGE('',*,*,#3136,.T.);
#3136 = EDGE_CURVE('',#3129,#3137,#3139,.T.);
#3137 = VERTEX_POINT('',#3138);
#3138 = CARTESIAN_POINT('',(-0.97,0.97,0.));
#3139 = LINE('',#3140,#3141);
#3140 = CARTESIAN_POINT('',(55.238908,0.97,0.));
#3141 = VECTOR('',#3142,1.);
#3142 = DIRECTION('',(-1.,-0.,0.));
#3143 = ORIENTED_EDGE('',*,*,#3144,.T.);
#3144 = EDGE_CURVE('',#3137,#3045,#3145,.T.);
#3145 = LINE('',#3146,#3147);
#3146 = CARTESIAN_POINT('',(-0.97,0.97,22.015721));
#3147 = VECTOR('',#3148,1.);
#3148 = DIRECTION('',(0.,-0.,1.));
#3149 = ORIENTED_EDGE('',*,*,#3044,.T.);
#3150 = ORIENTED_EDGE('',*,*,#3151,.T.);
#3151 = EDGE_CURVE('',#3047,#3103,#3152,.T.);
#3152 = LINE('',#3153,#3154);
#3153 = CARTESIAN_POINT('',(0.97,0.97,22.015721));
#3154 = VECTOR('',#3155,1.);
#3155 = DIRECTION('',(0.,0.,-1.));
#3156 = PLANE('',#3157);
#3157 = AXIS2_PLACEMENT_3D('',#3158,#3159,#3160);
#3158 = CARTESIAN_POINT('',(-1.03236,0.97,0.35211));
#3159 = DIRECTION('',(-0.,1.,0.));
#3160 = DIRECTION('',(1.,0.,0.));
#3161 = ADVANCED_FACE('',(#3162),#3314,.T.);
#3162 = FACE_BOUND('',#3163,.T.);
#3163 = EDGE_LOOP('',(#3164,#3174,#3182,#3190,#3198,#3206,#3214,#3222,
    #3230,#3238,#3244,#3245,#3253,#3261,#3267,#3268,#3276,#3284,#3292,
    #3300,#3308));
#3164 = ORIENTED_EDGE('',*,*,#3165,.F.);
#3165 = EDGE_CURVE('',#3166,#3168,#3170,.T.);
#3166 = VERTEX_POINT('',#3167);
#3167 = CARTESIAN_POINT('',(0.13,-0.97,0.));
#3168 = VERTEX_POINT('',#3169);
#3169 = CARTESIAN_POINT('',(0.67,-0.97,0.));
#3170 = LINE('',#3171,#3172);
#3171 = CARTESIAN_POINT('',(55.238908,-0.97,0.));
#3172 = VECTOR('',#3173,1.);
#3173 = DIRECTION('',(1.,0.,0.));
#3174 = ORIENTED_EDGE('',*,*,#3175,.F.);
#3175 = EDGE_CURVE('',#3176,#3166,#3178,.T.);
#3176 = VERTEX_POINT('',#3177);
#3177 = CARTESIAN_POINT('',(0.13,-1.12,0.));
#3178 = LINE('',#3179,#3180);
#3179 = CARTESIAN_POINT('',(0.13,1.1,0.));
#3180 = VECTOR('',#3181,1.);
#3181 = DIRECTION('',(0.,1.,0.));
#3182 = ORIENTED_EDGE('',*,*,#3183,.F.);
#3183 = EDGE_CURVE('',#3184,#3176,#3186,.T.);
#3184 = VERTEX_POINT('',#3185);
#3185 = CARTESIAN_POINT('',(-0.13,-1.12,0.));
#3186 = LINE('',#3187,#3188);
#3187 = CARTESIAN_POINT('',(55.238908,-1.12,0.));
#3188 = VECTOR('',#3189,1.);
#3189 = DIRECTION('',(1.,0.,0.));
#3190 = ORIENTED_EDGE('',*,*,#3191,.T.);
#3191 = EDGE_CURVE('',#3184,#3192,#3194,.T.);
#3192 = VERTEX_POINT('',#3193);
#3193 = CARTESIAN_POINT('',(-0.13,-0.97,0.));
#3194 = LINE('',#3195,#3196);
#3195 = CARTESIAN_POINT('',(-0.13,1.1,0.));
#3196 = VECTOR('',#3197,1.);
#3197 = DIRECTION('',(0.,1.,-0.));
#3198 = ORIENTED_EDGE('',*,*,#3199,.F.);
#3199 = EDGE_CURVE('',#3200,#3192,#3202,.T.);
#3200 = VERTEX_POINT('',#3201);
#3201 = CARTESIAN_POINT('',(-0.97,-0.97,0.));
#3202 = LINE('',#3203,#3204);
#3203 = CARTESIAN_POINT('',(55.238908,-0.97,0.));
#3204 = VECTOR('',#3205,1.);
#3205 = DIRECTION('',(1.,0.,0.));
#3206 = ORIENTED_EDGE('',*,*,#3207,.F.);
#3207 = EDGE_CURVE('',#3208,#3200,#3210,.T.);
#3208 = VERTEX_POINT('',#3209);
#3209 = CARTESIAN_POINT('',(-0.97,-0.65,0.));
#3210 = LINE('',#3211,#3212);
#3211 = CARTESIAN_POINT('',(-0.97,1.1,0.));
#3212 = VECTOR('',#3213,1.);
#3213 = DIRECTION('',(0.,-1.,0.));
#3214 = ORIENTED_EDGE('',*,*,#3215,.F.);
#3215 = EDGE_CURVE('',#3216,#3208,#3218,.T.);
#3216 = VERTEX_POINT('',#3217);
#3217 = CARTESIAN_POINT('',(-1.14,-0.65,0.));
#3218 = LINE('',#3219,#3220);
#3219 = CARTESIAN_POINT('',(55.238908,-0.65,0.));
#3220 = VECTOR('',#3221,1.);
#3221 = DIRECTION('',(1.,0.,0.));
#3222 = ORIENTED_EDGE('',*,*,#3223,.F.);
#3223 = EDGE_CURVE('',#3224,#3216,#3226,.T.);
#3224 = VERTEX_POINT('',#3225);
#3225 = CARTESIAN_POINT('',(-1.14,0.65,0.));
#3226 = LINE('',#3227,#3228);
#3227 = CARTESIAN_POINT('',(-1.14,1.1,0.));
#3228 = VECTOR('',#3229,1.);
#3229 = DIRECTION('',(0.,-1.,0.));
#3230 = ORIENTED_EDGE('',*,*,#3231,.F.);
#3231 = EDGE_CURVE('',#3232,#3224,#3234,.T.);
#3232 = VERTEX_POINT('',#3233);
#3233 = CARTESIAN_POINT('',(-0.97,0.65,0.));
#3234 = LINE('',#3235,#3236);
#3235 = CARTESIAN_POINT('',(55.238908,0.65,0.));
#3236 = VECTOR('',#3237,1.);
#3237 = DIRECTION('',(-1.,-0.,0.));
#3238 = ORIENTED_EDGE('',*,*,#3239,.F.);
#3239 = EDGE_CURVE('',#3137,#3232,#3240,.T.);
#3240 = LINE('',#3241,#3242);
#3241 = CARTESIAN_POINT('',(-0.97,1.1,0.));
#3242 = VECTOR('',#3243,1.);
#3243 = DIRECTION('',(0.,-1.,0.));
#3244 = ORIENTED_EDGE('',*,*,#3136,.F.);
#3245 = ORIENTED_EDGE('',*,*,#3246,.F.);
#3246 = EDGE_CURVE('',#3247,#3129,#3249,.T.);
#3247 = VERTEX_POINT('',#3248);
#3248 = CARTESIAN_POINT('',(-0.15,1.1,0.));
#3249 = LINE('',#3250,#3251);
#3250 = CARTESIAN_POINT('',(-0.15,1.1,0.));
#3251 = VECTOR('',#3252,1.);
#3252 = DIRECTION('',(0.,-1.,0.));
#3253 = ORIENTED_EDGE('',*,*,#3254,.F.);
#3254 = EDGE_CURVE('',#3255,#3247,#3257,.T.);
#3255 = VERTEX_POINT('',#3256);
#3256 = CARTESIAN_POINT('',(0.15,1.1,0.));
#3257 = LINE('',#3258,#3259);
#3258 = CARTESIAN_POINT('',(55.238908,1.1,0.));
#3259 = VECTOR('',#3260,1.);
#3260 = DIRECTION('',(-1.,-0.,0.));
#3261 = ORIENTED_EDGE('',*,*,#3262,.F.);
#3262 = EDGE_CURVE('',#3105,#3255,#3263,.T.);
#3263 = LINE('',#3264,#3265);
#3264 = CARTESIAN_POINT('',(0.15,1.1,0.));
#3265 = VECTOR('',#3266,1.);
#3266 = DIRECTION('',(0.,1.,0.));
#3267 = ORIENTED_EDGE('',*,*,#3102,.F.);
#3268 = ORIENTED_EDGE('',*,*,#3269,.F.);
#3269 = EDGE_CURVE('',#3270,#3103,#3272,.T.);
#3270 = VERTEX_POINT('',#3271);
#3271 = CARTESIAN_POINT('',(0.97,0.65,0.));
#3272 = LINE('',#3273,#3274);
#3273 = CARTESIAN_POINT('',(0.97,1.1,0.));
#3274 = VECTOR('',#3275,1.);
#3275 = DIRECTION('',(0.,1.,0.));
#3276 = ORIENTED_EDGE('',*,*,#3277,.F.);
#3277 = EDGE_CURVE('',#3278,#3270,#3280,.T.);
#3278 = VERTEX_POINT('',#3279);
#3279 = CARTESIAN_POINT('',(1.14,0.65,0.));
#3280 = LINE('',#3281,#3282);
#3281 = CARTESIAN_POINT('',(55.238908,0.65,0.));
#3282 = VECTOR('',#3283,1.);
#3283 = DIRECTION('',(-1.,-0.,0.));
#3284 = ORIENTED_EDGE('',*,*,#3285,.F.);
#3285 = EDGE_CURVE('',#3286,#3278,#3288,.T.);
#3286 = VERTEX_POINT('',#3287);
#3287 = CARTESIAN_POINT('',(1.14,-0.65,0.));
#3288 = LINE('',#3289,#3290);
#3289 = CARTESIAN_POINT('',(1.14,1.1,0.));
#3290 = VECTOR('',#3291,1.);
#3291 = DIRECTION('',(0.,1.,0.));
#3292 = ORIENTED_EDGE('',*,*,#3293,.F.);
#3293 = EDGE_CURVE('',#3294,#3286,#3296,.T.);
#3294 = VERTEX_POINT('',#3295);
#3295 = CARTESIAN_POINT('',(0.97,-0.65,0.));
#3296 = LINE('',#3297,#3298);
#3297 = CARTESIAN_POINT('',(55.238908,-0.65,0.));
#3298 = VECTOR('',#3299,1.);
#3299 = DIRECTION('',(1.,0.,0.));
#3300 = ORIENTED_EDGE('',*,*,#3301,.F.);
#3301 = EDGE_CURVE('',#3302,#3294,#3304,.T.);
#3302 = VERTEX_POINT('',#3303);
#3303 = CARTESIAN_POINT('',(0.97,-0.67,0.));
#3304 = LINE('',#3305,#3306);
#3305 = CARTESIAN_POINT('',(0.97,1.1,0.));
#3306 = VECTOR('',#3307,1.);
#3307 = DIRECTION('',(0.,1.,0.));
#3308 = ORIENTED_EDGE('',*,*,#3309,.T.);
#3309 = EDGE_CURVE('',#3302,#3168,#3310,.T.);
#3310 = LINE('',#3311,#3312);
#3311 = CARTESIAN_POINT('',(2.74,1.1,0.));
#3312 = VECTOR('',#3313,1.);
#3313 = DIRECTION('',(-0.707106781187,-0.707106781187,0.));
#3314 = PLANE('',#3315);
#3315 = AXIS2_PLACEMENT_3D('',#3316,#3317,#3318);
#3316 = CARTESIAN_POINT('',(1.21086,-1.18936,0.));
#3317 = DIRECTION('',(0.,0.,-1.));
#3318 = DIRECTION('',(-1.,-0.,-0.));
#3319 = ADVANCED_FACE('',(#3320),#3359,.T.);
#3320 = FACE_BOUND('',#3321,.T.);
#3321 = EDGE_LOOP('',(#3322,#3323,#3331,#3339,#3345,#3346,#3352,#3353));
#3322 = ORIENTED_EDGE('',*,*,#3199,.T.);
#3323 = ORIENTED_EDGE('',*,*,#3324,.F.);
#3324 = EDGE_CURVE('',#3325,#3192,#3327,.T.);
#3325 = VERTEX_POINT('',#3326);
#3326 = CARTESIAN_POINT('',(-0.13,-0.97,8.E-02));
#3327 = LINE('',#3328,#3329);
#3328 = CARTESIAN_POINT('',(-0.13,-0.97,22.015721));
#3329 = VECTOR('',#3330,1.);
#3330 = DIRECTION('',(0.,0.,-1.));
#3331 = ORIENTED_EDGE('',*,*,#3332,.T.);
#3332 = EDGE_CURVE('',#3325,#3333,#3335,.T.);
#3333 = VERTEX_POINT('',#3334);
#3334 = CARTESIAN_POINT('',(0.13,-0.97,8.E-02));
#3335 = LINE('',#3336,#3337);
#3336 = CARTESIAN_POINT('',(55.238908,-0.97,8.E-02));
#3337 = VECTOR('',#3338,1.);
#3338 = DIRECTION('',(1.,0.,0.));
#3339 = ORIENTED_EDGE('',*,*,#3340,.T.);
#3340 = EDGE_CURVE('',#3333,#3166,#3341,.T.);
#3341 = LINE('',#3342,#3343);
#3342 = CARTESIAN_POINT('',(0.13,-0.97,22.015721));
#3343 = VECTOR('',#3344,1.);
#3344 = DIRECTION('',(0.,0.,-1.));
#3345 = ORIENTED_EDGE('',*,*,#3165,.T.);
#3346 = ORIENTED_EDGE('',*,*,#3347,.T.);
#3347 = EDGE_CURVE('',#3168,#3063,#3348,.T.);
#3348 = LINE('',#3349,#3350);
#3349 = CARTESIAN_POINT('',(0.67,-0.97,22.015721));
#3350 = VECTOR('',#3351,1.);
#3351 = DIRECTION('',(0.,0.,1.));
#3352 = ORIENTED_EDGE('',*,*,#3062,.F.);
#3353 = ORIENTED_EDGE('',*,*,#3354,.T.);
#3354 = EDGE_CURVE('',#3055,#3200,#3355,.T.);
#3355 = LINE('',#3356,#3357);
#3356 = CARTESIAN_POINT('',(-0.97,-0.97,22.015721));
#3357 = VECTOR('',#3358,1.);
#3358 = DIRECTION('',(0.,0.,-1.));
#3359 = PLANE('',#3360);
#3360 = AXIS2_PLACEMENT_3D('',#3361,#3362,#3363);
#3361 = CARTESIAN_POINT('',(0.72486,-0.97,0.35211));
#3362 = DIRECTION('',(0.,-1.,-0.));
#3363 = DIRECTION('',(-1.,0.,-0.));
#3364 = ADVANCED_FACE('',(#3365),#3394,.T.);
#3365 = FACE_BOUND('',#3366,.T.);
#3366 = EDGE_LOOP('',(#3367,#3368,#3369,#3370,#3371,#3379,#3387,#3393));
#3367 = ORIENTED_EDGE('',*,*,#3354,.F.);
#3368 = ORIENTED_EDGE('',*,*,#3054,.F.);
#3369 = ORIENTED_EDGE('',*,*,#3144,.F.);
#3370 = ORIENTED_EDGE('',*,*,#3239,.T.);
#3371 = ORIENTED_EDGE('',*,*,#3372,.T.);
#3372 = EDGE_CURVE('',#3232,#3373,#3375,.T.);
#3373 = VERTEX_POINT('',#3374);
#3374 = CARTESIAN_POINT('',(-0.97,0.65,0.12));
#3375 = LINE('',#3376,#3377);
#3376 = CARTESIAN_POINT('',(-0.97,0.65,22.015721));
#3377 = VECTOR('',#3378,1.);
#3378 = DIRECTION('',(0.,0.,1.));
#3379 = ORIENTED_EDGE('',*,*,#3380,.F.);
#3380 = EDGE_CURVE('',#3381,#3373,#3383,.T.);
#3381 = VERTEX_POINT('',#3382);
#3382 = CARTESIAN_POINT('',(-0.97,-0.65,0.12));
#3383 = LINE('',#3384,#3385);
#3384 = CARTESIAN_POINT('',(-0.97,1.1,0.12));
#3385 = VECTOR('',#3386,1.);
#3386 = DIRECTION('',(-0.,1.,0.));
#3387 = ORIENTED_EDGE('',*,*,#3388,.T.);
#3388 = EDGE_CURVE('',#3381,#3208,#3389,.T.);
#3389 = LINE('',#3390,#3391);
#3390 = CARTESIAN_POINT('',(-0.97,-0.65,22.015721));
#3391 = VECTOR('',#3392,1.);
#3392 = DIRECTION('',(0.,0.,-1.));
#3393 = ORIENTED_EDGE('',*,*,#3207,.T.);
#3394 = PLANE('',#3395);
#3395 = AXIS2_PLACEMENT_3D('',#3396,#3397,#3398);
#3396 = CARTESIAN_POINT('',(-0.97,-1.03236,-2.211E-02));
#3397 = DIRECTION('',(-1.,0.,0.));
#3398 = DIRECTION('',(0.,0.,1.));
#3399 = ADVANCED_FACE('',(#3400),#3418,.T.);
#3400 = FACE_BOUND('',#3401,.T.);
#3401 = EDGE_LOOP('',(#3402,#3403,#3411,#3417));
#3402 = ORIENTED_EDGE('',*,*,#3388,.F.);
#3403 = ORIENTED_EDGE('',*,*,#3404,.T.);
#3404 = EDGE_CURVE('',#3381,#3405,#3407,.T.);
#3405 = VERTEX_POINT('',#3406);
#3406 = CARTESIAN_POINT('',(-1.14,-0.65,0.12));
#3407 = LINE('',#3408,#3409);
#3408 = CARTESIAN_POINT('',(55.238908,-0.65,0.12));
#3409 = VECTOR('',#3410,1.);
#3410 = DIRECTION('',(-1.,0.,0.));
#3411 = ORIENTED_EDGE('',*,*,#3412,.T.);
#3412 = EDGE_CURVE('',#3405,#3216,#3413,.T.);
#3413 = LINE('',#3414,#3415);
#3414 = CARTESIAN_POINT('',(-1.14,-0.65,22.015721));
#3415 = VECTOR('',#3416,1.);
#3416 = DIRECTION('',(0.,0.,-1.));
#3417 = ORIENTED_EDGE('',*,*,#3215,.T.);
#3418 = PLANE('',#3419);
#3419 = AXIS2_PLACEMENT_3D('',#3420,#3421,#3422);
#3420 = CARTESIAN_POINT('',(-0.95189,-0.65,0.13686));
#3421 = DIRECTION('',(0.,-1.,-0.));
#3422 = DIRECTION('',(-1.,0.,-0.));
#3423 = ADVANCED_FACE('',(#3424),#3442,.T.);
#3424 = FACE_BOUND('',#3425,.T.);
#3425 = EDGE_LOOP('',(#3426,#3427,#3428,#3436));
#3426 = ORIENTED_EDGE('',*,*,#3223,.T.);
#3427 = ORIENTED_EDGE('',*,*,#3412,.F.);
#3428 = ORIENTED_EDGE('',*,*,#3429,.T.);
#3429 = EDGE_CURVE('',#3405,#3430,#3432,.T.);
#3430 = VERTEX_POINT('',#3431);
#3431 = CARTESIAN_POINT('',(-1.14,0.65,0.12));
#3432 = LINE('',#3433,#3434);
#3433 = CARTESIAN_POINT('',(-1.14,1.1,0.12));
#3434 = VECTOR('',#3435,1.);
#3435 = DIRECTION('',(-0.,1.,0.));
#3436 = ORIENTED_EDGE('',*,*,#3437,.T.);
#3437 = EDGE_CURVE('',#3430,#3224,#3438,.T.);
#3438 = LINE('',#3439,#3440);
#3439 = CARTESIAN_POINT('',(-1.14,0.65,22.015721));
#3440 = VECTOR('',#3441,1.);
#3441 = DIRECTION('',(0.,0.,-1.));
#3442 = PLANE('',#3443);
#3443 = AXIS2_PLACEMENT_3D('',#3444,#3445,#3446);
#3444 = CARTESIAN_POINT('',(-1.14,-0.69636,-1.686E-02));
#3445 = DIRECTION('',(-1.,0.,0.));
#3446 = DIRECTION('',(0.,0.,1.));
#3447 = ADVANCED_FACE('',(#3448),#3459,.T.);
#3448 = FACE_BOUND('',#3449,.T.);
#3449 = EDGE_LOOP('',(#3450,#3451,#3452,#3453));
#3450 = ORIENTED_EDGE('',*,*,#3372,.F.);
#3451 = ORIENTED_EDGE('',*,*,#3231,.T.);
#3452 = ORIENTED_EDGE('',*,*,#3437,.F.);
#3453 = ORIENTED_EDGE('',*,*,#3454,.F.);
#3454 = EDGE_CURVE('',#3373,#3430,#3455,.T.);
#3455 = LINE('',#3456,#3457);
#3456 = CARTESIAN_POINT('',(55.238908,0.65,0.12));
#3457 = VECTOR('',#3458,1.);
#3458 = DIRECTION('',(-1.,0.,-0.));
#3459 = PLANE('',#3460);
#3460 = AXIS2_PLACEMENT_3D('',#3461,#3462,#3463);
#3461 = CARTESIAN_POINT('',(-1.15811,0.65,0.13686));
#3462 = DIRECTION('',(-0.,1.,0.));
#3463 = DIRECTION('',(1.,0.,0.));
#3464 = ADVANCED_FACE('',(#3465),#3471,.T.);
#3465 = FACE_BOUND('',#3466,.T.);
#3466 = EDGE_LOOP('',(#3467,#3468,#3469,#3470));
#3467 = ORIENTED_EDGE('',*,*,#3454,.T.);
#3468 = ORIENTED_EDGE('',*,*,#3429,.F.);
#3469 = ORIENTED_EDGE('',*,*,#3404,.F.);
#3470 = ORIENTED_EDGE('',*,*,#3380,.T.);
#3471 = PLANE('',#3472);
#3472 = AXIS2_PLACEMENT_3D('',#3473,#3474,#3475);
#3473 = CARTESIAN_POINT('',(-1.15811,-0.69636,0.12));
#3474 = DIRECTION('',(0.,-0.,1.));
#3475 = DIRECTION('',(1.,0.,0.));
#3476 = ADVANCED_FACE('',(#3477),#3488,.T.);
#3477 = FACE_BOUND('',#3478,.T.);
#3478 = EDGE_LOOP('',(#3479,#3485,#3486,#3487));
#3479 = ORIENTED_EDGE('',*,*,#3480,.T.);
#3480 = EDGE_CURVE('',#3302,#3071,#3481,.T.);
#3481 = LINE('',#3482,#3483);
#3482 = CARTESIAN_POINT('',(0.97,-0.67,22.015721));
#3483 = VECTOR('',#3484,1.);
#3484 = DIRECTION('',(0.,0.,1.));
#3485 = ORIENTED_EDGE('',*,*,#3070,.F.);
#3486 = ORIENTED_EDGE('',*,*,#3347,.F.);
#3487 = ORIENTED_EDGE('',*,*,#3309,.F.);
#3488 = PLANE('',#3489);
#3489 = AXIS2_PLACEMENT_3D('',#3490,#3491,#3492);
#3490 = CARTESIAN_POINT('',(0.987300499987,-0.652699500013,0.35211));
#3491 = DIRECTION('',(0.707106781187,-0.707106781187,0.));
#3492 = DIRECTION('',(-0.707106781187,-0.707106781187,0.));
#3493 = ADVANCED_FACE('',(#3494),#3523,.T.);
#3494 = FACE_BOUND('',#3495,.T.);
#3495 = EDGE_LOOP('',(#3496,#3497,#3498,#3506,#3514,#3520,#3521,#3522));
#3496 = ORIENTED_EDGE('',*,*,#3480,.F.);
#3497 = ORIENTED_EDGE('',*,*,#3301,.T.);
#3498 = ORIENTED_EDGE('',*,*,#3499,.T.);
#3499 = EDGE_CURVE('',#3294,#3500,#3502,.T.);
#3500 = VERTEX_POINT('',#3501);
#3501 = CARTESIAN_POINT('',(0.97,-0.65,0.12));
#3502 = LINE('',#3503,#3504);
#3503 = CARTESIAN_POINT('',(0.97,-0.65,22.015721));
#3504 = VECTOR('',#3505,1.);
#3505 = DIRECTION('',(0.,0.,1.));
#3506 = ORIENTED_EDGE('',*,*,#3507,.F.);
#3507 = EDGE_CURVE('',#3508,#3500,#3510,.T.);
#3508 = VERTEX_POINT('',#3509);
#3509 = CARTESIAN_POINT('',(0.97,0.65,0.12));
#3510 = LINE('',#3511,#3512);
#3511 = CARTESIAN_POINT('',(0.97,1.1,0.12));
#3512 = VECTOR('',#3513,1.);
#3513 = DIRECTION('',(0.,-1.,0.));
#3514 = ORIENTED_EDGE('',*,*,#3515,.T.);
#3515 = EDGE_CURVE('',#3508,#3270,#3516,.T.);
#3516 = LINE('',#3517,#3518);
#3517 = CARTESIAN_POINT('',(0.97,0.65,22.015721));
#3518 = VECTOR('',#3519,1.);
#3519 = DIRECTION('',(0.,0.,-1.));
#3520 = ORIENTED_EDGE('',*,*,#3269,.T.);
#3521 = ORIENTED_EDGE('',*,*,#3151,.F.);
#3522 = ORIENTED_EDGE('',*,*,#3078,.F.);
#3523 = PLANE('',#3524);
#3524 = AXIS2_PLACEMENT_3D('',#3525,#3526,#3527);
#3525 = CARTESIAN_POINT('',(0.97,-0.72486,0.35211));
#3526 = DIRECTION('',(1.,0.,0.));
#3527 = DIRECTION('',(0.,0.,-1.));
#3528 = ADVANCED_FACE('',(#3529),#3547,.T.);
#3529 = FACE_BOUND('',#3530,.T.);
#3530 = EDGE_LOOP('',(#3531,#3532,#3533,#3541));
#3531 = ORIENTED_EDGE('',*,*,#3277,.T.);
#3532 = ORIENTED_EDGE('',*,*,#3515,.F.);
#3533 = ORIENTED_EDGE('',*,*,#3534,.F.);
#3534 = EDGE_CURVE('',#3535,#3508,#3537,.T.);
#3535 = VERTEX_POINT('',#3536);
#3536 = CARTESIAN_POINT('',(1.14,0.65,0.12));
#3537 = LINE('',#3538,#3539);
#3538 = CARTESIAN_POINT('',(55.238908,0.65,0.12));
#3539 = VECTOR('',#3540,1.);
#3540 = DIRECTION('',(-1.,0.,-0.));
#3541 = ORIENTED_EDGE('',*,*,#3542,.T.);
#3542 = EDGE_CURVE('',#3535,#3278,#3543,.T.);
#3543 = LINE('',#3544,#3545);
#3544 = CARTESIAN_POINT('',(1.14,0.65,22.015721));
#3545 = VECTOR('',#3546,1.);
#3546 = DIRECTION('',(0.,0.,-1.));
#3547 = PLANE('',#3548);
#3548 = AXIS2_PLACEMENT_3D('',#3549,#3550,#3551);
#3549 = CARTESIAN_POINT('',(0.95189,0.65,0.13686));
#3550 = DIRECTION('',(-0.,1.,0.));
#3551 = DIRECTION('',(1.,0.,0.));
#3552 = ADVANCED_FACE('',(#3553),#3571,.T.);
#3553 = FACE_BOUND('',#3554,.T.);
#3554 = EDGE_LOOP('',(#3555,#3556,#3557,#3565));
#3555 = ORIENTED_EDGE('',*,*,#3285,.T.);
#3556 = ORIENTED_EDGE('',*,*,#3542,.F.);
#3557 = ORIENTED_EDGE('',*,*,#3558,.F.);
#3558 = EDGE_CURVE('',#3559,#3535,#3561,.T.);
#3559 = VERTEX_POINT('',#3560);
#3560 = CARTESIAN_POINT('',(1.14,-0.65,0.12));
#3561 = LINE('',#3562,#3563);
#3562 = CARTESIAN_POINT('',(1.14,1.1,0.12));
#3563 = VECTOR('',#3564,1.);
#3564 = DIRECTION('',(0.,1.,0.));
#3565 = ORIENTED_EDGE('',*,*,#3566,.T.);
#3566 = EDGE_CURVE('',#3559,#3286,#3567,.T.);
#3567 = LINE('',#3568,#3569);
#3568 = CARTESIAN_POINT('',(1.14,-0.65,22.015721));
#3569 = VECTOR('',#3570,1.);
#3570 = DIRECTION('',(0.,0.,-1.));
#3571 = PLANE('',#3572);
#3572 = AXIS2_PLACEMENT_3D('',#3573,#3574,#3575);
#3573 = CARTESIAN_POINT('',(1.14,-0.69636,0.13686));
#3574 = DIRECTION('',(1.,0.,0.));
#3575 = DIRECTION('',(0.,0.,-1.));
#3576 = ADVANCED_FACE('',(#3577),#3588,.T.);
#3577 = FACE_BOUND('',#3578,.T.);
#3578 = EDGE_LOOP('',(#3579,#3580,#3581,#3587));
#3579 = ORIENTED_EDGE('',*,*,#3293,.T.);
#3580 = ORIENTED_EDGE('',*,*,#3566,.F.);
#3581 = ORIENTED_EDGE('',*,*,#3582,.T.);
#3582 = EDGE_CURVE('',#3559,#3500,#3583,.T.);
#3583 = LINE('',#3584,#3585);
#3584 = CARTESIAN_POINT('',(55.238908,-0.65,0.12));
#3585 = VECTOR('',#3586,1.);
#3586 = DIRECTION('',(-1.,0.,0.));
#3587 = ORIENTED_EDGE('',*,*,#3499,.F.);
#3588 = PLANE('',#3589);
#3589 = AXIS2_PLACEMENT_3D('',#3590,#3591,#3592);
#3590 = CARTESIAN_POINT('',(1.15811,-0.65,0.13686));
#3591 = DIRECTION('',(0.,-1.,-0.));
#3592 = DIRECTION('',(-1.,0.,-0.));
#3593 = ADVANCED_FACE('',(#3594),#3600,.T.);
#3594 = FACE_BOUND('',#3595,.T.);
#3595 = EDGE_LOOP('',(#3596,#3597,#3598,#3599));
#3596 = ORIENTED_EDGE('',*,*,#3534,.T.);
#3597 = ORIENTED_EDGE('',*,*,#3507,.T.);
#3598 = ORIENTED_EDGE('',*,*,#3582,.F.);
#3599 = ORIENTED_EDGE('',*,*,#3558,.T.);
#3600 = PLANE('',#3601);
#3601 = AXIS2_PLACEMENT_3D('',#3602,#3603,#3604);
#3602 = CARTESIAN_POINT('',(0.95189,-0.69636,0.12));
#3603 = DIRECTION('',(0.,-0.,1.));
#3604 = DIRECTION('',(1.,0.,0.));
#3605 = ADVANCED_FACE('',(#3606),#3624,.T.);
#3606 = FACE_BOUND('',#3607,.T.);
#3607 = EDGE_LOOP('',(#3608,#3609,#3610,#3618));
#3608 = ORIENTED_EDGE('',*,*,#3175,.T.);
#3609 = ORIENTED_EDGE('',*,*,#3340,.F.);
#3610 = ORIENTED_EDGE('',*,*,#3611,.F.);
#3611 = EDGE_CURVE('',#3612,#3333,#3614,.T.);
#3612 = VERTEX_POINT('',#3613);
#3613 = CARTESIAN_POINT('',(0.13,-1.12,8.E-02));
#3614 = LINE('',#3615,#3616);
#3615 = CARTESIAN_POINT('',(0.13,1.1,8.E-02));
#3616 = VECTOR('',#3617,1.);
#3617 = DIRECTION('',(0.,1.,0.));
#3618 = ORIENTED_EDGE('',*,*,#3619,.F.);
#3619 = EDGE_CURVE('',#3176,#3612,#3620,.T.);
#3620 = LINE('',#3621,#3622);
#3621 = CARTESIAN_POINT('',(0.13,-1.12,22.015721));
#3622 = VECTOR('',#3623,1.);
#3623 = DIRECTION('',(0.,0.,1.));
#3624 = PLANE('',#3625);
#3625 = AXIS2_PLACEMENT_3D('',#3626,#3627,#3628);
#3626 = CARTESIAN_POINT('',(0.13,-1.13761,9.586E-02));
#3627 = DIRECTION('',(1.,0.,0.));
#3628 = DIRECTION('',(0.,0.,-1.));
#3629 = ADVANCED_FACE('',(#3630),#3648,.T.);
#3630 = FACE_BOUND('',#3631,.T.);
#3631 = EDGE_LOOP('',(#3632,#3633,#3634,#3642));
#3632 = ORIENTED_EDGE('',*,*,#3183,.T.);
#3633 = ORIENTED_EDGE('',*,*,#3619,.T.);
#3634 = ORIENTED_EDGE('',*,*,#3635,.F.);
#3635 = EDGE_CURVE('',#3636,#3612,#3638,.T.);
#3636 = VERTEX_POINT('',#3637);
#3637 = CARTESIAN_POINT('',(-0.13,-1.12,8.E-02));
#3638 = LINE('',#3639,#3640);
#3639 = CARTESIAN_POINT('',(55.238908,-1.12,8.E-02));
#3640 = VECTOR('',#3641,1.);
#3641 = DIRECTION('',(1.,0.,0.));
#3642 = ORIENTED_EDGE('',*,*,#3643,.F.);
#3643 = EDGE_CURVE('',#3184,#3636,#3644,.T.);
#3644 = LINE('',#3645,#3646);
#3645 = CARTESIAN_POINT('',(-0.13,-1.12,22.015721));
#3646 = VECTOR('',#3647,1.);
#3647 = DIRECTION('',(-0.,0.,1.));
#3648 = PLANE('',#3649);
#3649 = AXIS2_PLACEMENT_3D('',#3650,#3651,#3652);
#3650 = CARTESIAN_POINT('',(0.15036,-1.12,9.586E-02));
#3651 = DIRECTION('',(0.,-1.,-0.));
#3652 = DIRECTION('',(-1.,0.,-0.));
#3653 = ADVANCED_FACE('',(#3654),#3665,.T.);
#3654 = FACE_BOUND('',#3655,.T.);
#3655 = EDGE_LOOP('',(#3656,#3657,#3658,#3659));
#3656 = ORIENTED_EDGE('',*,*,#3324,.T.);
#3657 = ORIENTED_EDGE('',*,*,#3191,.F.);
#3658 = ORIENTED_EDGE('',*,*,#3643,.T.);
#3659 = ORIENTED_EDGE('',*,*,#3660,.T.);
#3660 = EDGE_CURVE('',#3636,#3325,#3661,.T.);
#3661 = LINE('',#3662,#3663);
#3662 = CARTESIAN_POINT('',(-0.13,1.1,8.E-02));
#3663 = VECTOR('',#3664,1.);
#3664 = DIRECTION('',(-0.,1.,0.));
#3665 = PLANE('',#3666);
#3666 = AXIS2_PLACEMENT_3D('',#3667,#3668,#3669);
#3667 = CARTESIAN_POINT('',(-0.13,-1.13761,-1.586E-02));
#3668 = DIRECTION('',(-1.,0.,0.));
#3669 = DIRECTION('',(0.,0.,1.));
#3670 = ADVANCED_FACE('',(#3671),#3677,.T.);
#3671 = FACE_BOUND('',#3672,.T.);
#3672 = EDGE_LOOP('',(#3673,#3674,#3675,#3676));
#3673 = ORIENTED_EDGE('',*,*,#3611,.T.);
#3674 = ORIENTED_EDGE('',*,*,#3332,.F.);
#3675 = ORIENTED_EDGE('',*,*,#3660,.F.);
#3676 = ORIENTED_EDGE('',*,*,#3635,.T.);
#3677 = PLANE('',#3678);
#3678 = AXIS2_PLACEMENT_3D('',#3679,#3680,#3681);
#3679 = CARTESIAN_POINT('',(-0.15036,-1.13761,8.E-02));
#3680 = DIRECTION('',(0.,-0.,1.));
#3681 = DIRECTION('',(1.,0.,0.));
#3682 = ADVANCED_FACE('',(#3683),#3701,.T.);
#3683 = FACE_BOUND('',#3684,.T.);
#3684 = EDGE_LOOP('',(#3685,#3686,#3687,#3695));
#3685 = ORIENTED_EDGE('',*,*,#3112,.F.);
#3686 = ORIENTED_EDGE('',*,*,#3262,.T.);
#3687 = ORIENTED_EDGE('',*,*,#3688,.F.);
#3688 = EDGE_CURVE('',#3689,#3255,#3691,.T.);
#3689 = VERTEX_POINT('',#3690);
#3690 = CARTESIAN_POINT('',(0.15,1.1,0.12));
#3691 = LINE('',#3692,#3693);
#3692 = CARTESIAN_POINT('',(0.15,1.1,22.015721));
#3693 = VECTOR('',#3694,1.);
#3694 = DIRECTION('',(0.,0.,-1.));
#3695 = ORIENTED_EDGE('',*,*,#3696,.F.);
#3696 = EDGE_CURVE('',#3113,#3689,#3697,.T.);
#3697 = LINE('',#3698,#3699);
#3698 = CARTESIAN_POINT('',(0.15,1.1,0.12));
#3699 = VECTOR('',#3700,1.);
#3700 = DIRECTION('',(0.,1.,0.));
#3701 = PLANE('',#3702);
#3702 = AXIS2_PLACEMENT_3D('',#3703,#3704,#3705);
#3703 = CARTESIAN_POINT('',(0.15,0.95289,0.13686));
#3704 = DIRECTION('',(1.,0.,0.));
#3705 = DIRECTION('',(0.,0.,-1.));
#3706 = ADVANCED_FACE('',(#3707),#3725,.T.);
#3707 = FACE_BOUND('',#3708,.T.);
#3708 = EDGE_LOOP('',(#3709,#3717,#3718,#3719));
#3709 = ORIENTED_EDGE('',*,*,#3710,.F.);
#3710 = EDGE_CURVE('',#3121,#3711,#3713,.T.);
#3711 = VERTEX_POINT('',#3712);
#3712 = CARTESIAN_POINT('',(-0.15,1.1,0.12));
#3713 = LINE('',#3714,#3715);
#3714 = CARTESIAN_POINT('',(-0.15,1.1,0.12));
#3715 = VECTOR('',#3716,1.);
#3716 = DIRECTION('',(-0.,1.,0.));
#3717 = ORIENTED_EDGE('',*,*,#3120,.T.);
#3718 = ORIENTED_EDGE('',*,*,#3696,.T.);
#3719 = ORIENTED_EDGE('',*,*,#3720,.T.);
#3720 = EDGE_CURVE('',#3689,#3711,#3721,.T.);
#3721 = LINE('',#3722,#3723);
#3722 = CARTESIAN_POINT('',(55.238908,1.1,0.12));
#3723 = VECTOR('',#3724,1.);
#3724 = DIRECTION('',(-1.,0.,0.));
#3725 = PLANE('',#3726);
#3726 = AXIS2_PLACEMENT_3D('',#3727,#3728,#3729);
#3727 = CARTESIAN_POINT('',(-0.17136,0.95289,0.12));
#3728 = DIRECTION('',(0.,-0.,1.));
#3729 = DIRECTION('',(1.,0.,0.));
#3730 = ADVANCED_FACE('',(#3731),#3742,.T.);
#3731 = FACE_BOUND('',#3732,.T.);
#3732 = EDGE_LOOP('',(#3733,#3734,#3735,#3741));
#3733 = ORIENTED_EDGE('',*,*,#3128,.F.);
#3734 = ORIENTED_EDGE('',*,*,#3710,.T.);
#3735 = ORIENTED_EDGE('',*,*,#3736,.F.);
#3736 = EDGE_CURVE('',#3247,#3711,#3737,.T.);
#3737 = LINE('',#3738,#3739);
#3738 = CARTESIAN_POINT('',(-0.15,1.1,22.015721));
#3739 = VECTOR('',#3740,1.);
#3740 = DIRECTION('',(0.,0.,1.));
#3741 = ORIENTED_EDGE('',*,*,#3246,.T.);
#3742 = PLANE('',#3743);
#3743 = AXIS2_PLACEMENT_3D('',#3744,#3745,#3746);
#3744 = CARTESIAN_POINT('',(-0.15,0.95289,-1.686E-02));
#3745 = DIRECTION('',(-1.,0.,0.));
#3746 = DIRECTION('',(0.,0.,1.));
#3747 = ADVANCED_FACE('',(#3748),#3754,.T.);
#3748 = FACE_BOUND('',#3749,.T.);
#3749 = EDGE_LOOP('',(#3750,#3751,#3752,#3753));
#3750 = ORIENTED_EDGE('',*,*,#3254,.T.);
#3751 = ORIENTED_EDGE('',*,*,#3736,.T.);
#3752 = ORIENTED_EDGE('',*,*,#3720,.F.);
#3753 = ORIENTED_EDGE('',*,*,#3688,.T.);
#3754 = PLANE('',#3755);
#3755 = AXIS2_PLACEMENT_3D('',#3756,#3757,#3758);
#3756 = CARTESIAN_POINT('',(-0.17136,1.1,0.13686));
#3757 = DIRECTION('',(-0.,1.,0.));
#3758 = DIRECTION('',(1.,0.,0.));
#3759 = ADVANCED_FACE('',(#3760),#3776,.F.);
#3760 = FACE_BOUND('',#3761,.F.);
#3761 = EDGE_LOOP('',(#3762,#3763,#3769,#3770));
#3762 = ORIENTED_EDGE('',*,*,#2606,.T.);
#3763 = ORIENTED_EDGE('',*,*,#3764,.F.);
#3764 = EDGE_CURVE('',#2434,#2609,#3765,.T.);
#3765 = LINE('',#3766,#3767);
#3766 = CARTESIAN_POINT('',(0.33,0.19,0.31));
#3767 = VECTOR('',#3768,1.);
#3768 = DIRECTION('',(0.,-0.,1.));
#3769 = ORIENTED_EDGE('',*,*,#2441,.T.);
#3770 = ORIENTED_EDGE('',*,*,#3771,.F.);
#3771 = EDGE_CURVE('',#2607,#2442,#3772,.T.);
#3772 = LINE('',#3773,#3774);
#3773 = CARTESIAN_POINT('',(0.3,0.22,0.69));
#3774 = VECTOR('',#3775,1.);
#3775 = DIRECTION('',(0.,0.,-1.));
#3776 = CYLINDRICAL_SURFACE('',#3777,2.999999999998E-02);
#3777 = AXIS2_PLACEMENT_3D('',#3778,#3779,#3780);
#3778 = CARTESIAN_POINT('',(0.3,0.19,-0.1615));
#3779 = DIRECTION('',(0.,-0.,1.));
#3780 = DIRECTION('',(1.,0.,0.));
#3781 = ADVANCED_FACE('',(#3782),#3788,.T.);
#3782 = FACE_BOUND('',#3783,.T.);
#3783 = EDGE_LOOP('',(#3784,#3785,#3786,#3787));
#3784 = ORIENTED_EDGE('',*,*,#3764,.F.);
#3785 = ORIENTED_EDGE('',*,*,#2433,.F.);
#3786 = ORIENTED_EDGE('',*,*,#2561,.F.);
#3787 = ORIENTED_EDGE('',*,*,#2617,.F.);
#3788 = PLANE('',#3789);
#3789 = AXIS2_PLACEMENT_3D('',#3790,#3791,#3792);
#3790 = CARTESIAN_POINT('',(0.33,-0.21336,0.28664));
#3791 = DIRECTION('',(-1.,0.,0.));
#3792 = DIRECTION('',(0.,0.,1.));
#3793 = ADVANCED_FACE('',(#3794),#3805,.T.);
#3794 = FACE_BOUND('',#3795,.T.);
#3795 = EDGE_LOOP('',(#3796,#3797,#3798,#3799));
#3796 = ORIENTED_EDGE('',*,*,#2450,.F.);
#3797 = ORIENTED_EDGE('',*,*,#3771,.F.);
#3798 = ORIENTED_EDGE('',*,*,#2651,.F.);
#3799 = ORIENTED_EDGE('',*,*,#3800,.F.);
#3800 = EDGE_CURVE('',#2451,#2643,#3801,.T.);
#3801 = LINE('',#3802,#3803);
#3802 = CARTESIAN_POINT('',(-0.3,0.22,0.31));
#3803 = VECTOR('',#3804,1.);
#3804 = DIRECTION('',(0.,-0.,1.));
#3805 = PLANE('',#3806);
#3806 = AXIS2_PLACEMENT_3D('',#3807,#3808,#3809);
#3807 = CARTESIAN_POINT('',(0.32886,0.22,0.71336));
#3808 = DIRECTION('',(0.,-1.,-0.));
#3809 = DIRECTION('',(-1.,0.,-0.));
#3810 = ADVANCED_FACE('',(#3811),#3822,.F.);
#3811 = FACE_BOUND('',#3812,.F.);
#3812 = EDGE_LOOP('',(#3813,#3814,#3820,#3821));
#3813 = ORIENTED_EDGE('',*,*,#2458,.T.);
#3814 = ORIENTED_EDGE('',*,*,#3815,.F.);
#3815 = EDGE_CURVE('',#2635,#2459,#3816,.T.);
#3816 = LINE('',#3817,#3818);
#3817 = CARTESIAN_POINT('',(-0.33,0.19,0.69));
#3818 = VECTOR('',#3819,1.);
#3819 = DIRECTION('',(0.,0.,-1.));
#3820 = ORIENTED_EDGE('',*,*,#2642,.T.);
#3821 = ORIENTED_EDGE('',*,*,#3800,.F.);
#3822 = CYLINDRICAL_SURFACE('',#3823,3.000000000006E-02);
#3823 = AXIS2_PLACEMENT_3D('',#3824,#3825,#3826);
#3824 = CARTESIAN_POINT('',(-0.3,0.19,1.161499999999));
#3825 = DIRECTION('',(0.,0.,-1.));
#3826 = DIRECTION('',(-1.,-0.,-0.));
#3827 = ADVANCED_FACE('',(#3828),#3839,.T.);
#3828 = FACE_BOUND('',#3829,.T.);
#3829 = EDGE_LOOP('',(#3830,#3831,#3832,#3833));
#3830 = ORIENTED_EDGE('',*,*,#2467,.F.);
#3831 = ORIENTED_EDGE('',*,*,#3815,.F.);
#3832 = ORIENTED_EDGE('',*,*,#2634,.F.);
#3833 = ORIENTED_EDGE('',*,*,#3834,.F.);
#3834 = EDGE_CURVE('',#2468,#2626,#3835,.T.);
#3835 = LINE('',#3836,#3837);
#3836 = CARTESIAN_POINT('',(-0.33,-0.19,0.31));
#3837 = VECTOR('',#3838,1.);
#3838 = DIRECTION('',(0.,-0.,1.));
#3839 = PLANE('',#3840);
#3840 = AXIS2_PLACEMENT_3D('',#3841,#3842,#3843);
#3841 = CARTESIAN_POINT('',(-0.33,-0.21336,0.71336));
#3842 = DIRECTION('',(1.,0.,0.));
#3843 = DIRECTION('',(0.,0.,-1.));
#3844 = ADVANCED_FACE('',(#3845),#3851,.F.);
#3845 = FACE_BOUND('',#3846,.F.);
#3846 = EDGE_LOOP('',(#3847,#3848,#3849,#3850));
#3847 = ORIENTED_EDGE('',*,*,#2625,.T.);
#3848 = ORIENTED_EDGE('',*,*,#3834,.F.);
#3849 = ORIENTED_EDGE('',*,*,#2475,.T.);
#3850 = ORIENTED_EDGE('',*,*,#2539,.F.);
#3851 = CYLINDRICAL_SURFACE('',#3852,3.000000000005E-02);
#3852 = AXIS2_PLACEMENT_3D('',#3853,#3854,#3855);
#3853 = CARTESIAN_POINT('',(-0.3,-0.19,1.161499999999));
#3854 = DIRECTION('',(0.,0.,-1.));
#3855 = DIRECTION('',(-1.,-0.,-0.));
#3856 = ADVANCED_FACE('',(#3857),#3875,.F.);
#3857 = FACE_BOUND('',#3858,.F.);
#3858 = EDGE_LOOP('',(#3859,#3860,#3867,#3868));
#3859 = ORIENTED_EDGE('',*,*,#3030,.T.);
#3860 = ORIENTED_EDGE('',*,*,#3861,.T.);
#3861 = EDGE_CURVE('',#3014,#2503,#3862,.T.);
#3862 = CIRCLE('',#3863,3.000000000002E-02);
#3863 = AXIS2_PLACEMENT_3D('',#3864,#3865,#3866);
#3864 = CARTESIAN_POINT('',(-0.168579768968,0.2,0.34));
#3865 = DIRECTION('',(0.,-1.,0.));
#3866 = DIRECTION('',(1.,0.,0.));
#3867 = ORIENTED_EDGE('',*,*,#2510,.F.);
#3868 = ORIENTED_EDGE('',*,*,#3869,.T.);
#3869 = EDGE_CURVE('',#2485,#3023,#3870,.T.);
#3870 = CIRCLE('',#3871,3.000000000002E-02);
#3871 = AXIS2_PLACEMENT_3D('',#3872,#3873,#3874);
#3872 = CARTESIAN_POINT('',(-0.168579768968,-0.2,0.34));
#3873 = DIRECTION('',(0.,1.,-0.));
#3874 = DIRECTION('',(1.,0.,0.));
#3875 = CYLINDRICAL_SURFACE('',#3876,3.000000000002E-02);
#3876 = AXIS2_PLACEMENT_3D('',#3877,#3878,#3879);
#3877 = CARTESIAN_POINT('',(-0.168579768968,-0.7,0.34));
#3878 = DIRECTION('',(0.,1.,-0.));
#3879 = DIRECTION('',(1.,0.,0.));
#3880 = ADVANCED_FACE('',(#3881),#3900,.T.);
#3881 = FACE_BOUND('',#3882,.T.);
#3882 = EDGE_LOOP('',(#3883,#3891,#3897,#3898,#3899));
#3883 = ORIENTED_EDGE('',*,*,#3884,.F.);
#3884 = EDGE_CURVE('',#3885,#2889,#3887,.T.);
#3885 = VERTEX_POINT('',#3886);
#3886 = CARTESIAN_POINT('',(-0.218790606058,-0.2,0.547690618321));
#3887 = LINE('',#3888,#3889);
#3888 = CARTESIAN_POINT('',(-0.218790606058,-0.2,0.547690618321));
#3889 = VECTOR('',#3890,1.);
#3890 = DIRECTION('',(0.911544292711,0.,0.411201899834));
#3891 = ORIENTED_EDGE('',*,*,#3892,.T.);
#3892 = EDGE_CURVE('',#3885,#2487,#3893,.T.);
#3893 = LINE('',#3894,#3895);
#3894 = CARTESIAN_POINT('',(6.212786051882,-0.2,22.015721));
#3895 = VECTOR('',#3896,1.);
#3896 = DIRECTION('',(-0.286986289829,0.,-0.957934689554));
#3897 = ORIENTED_EDGE('',*,*,#2484,.F.);
#3898 = ORIENTED_EDGE('',*,*,#3869,.T.);
#3899 = ORIENTED_EDGE('',*,*,#3022,.T.);
#3900 = PLANE('',#3901);
#3901 = AXIS2_PLACEMENT_3D('',#3902,#3903,#3904);
#3902 = CARTESIAN_POINT('',(-0.107015,-0.2,0.61086));
#3903 = DIRECTION('',(0.,-1.,-0.));
#3904 = DIRECTION('',(-1.,0.,-0.));
#3905 = ADVANCED_FACE('',(#3906),#3919,.T.);
#3906 = FACE_BOUND('',#3907,.T.);
#3907 = EDGE_LOOP('',(#3908,#3909,#3910,#3911,#3912));
#3908 = ORIENTED_EDGE('',*,*,#3884,.T.);
#3909 = ORIENTED_EDGE('',*,*,#2917,.F.);
#3910 = ORIENTED_EDGE('',*,*,#2697,.T.);
#3911 = ORIENTED_EDGE('',*,*,#2814,.F.);
#3912 = ORIENTED_EDGE('',*,*,#3913,.F.);
#3913 = EDGE_CURVE('',#3885,#2815,#3914,.T.);
#3914 = B_SPLINE_CURVE_WITH_KNOTS('',3,(#3915,#3916,#3917,#3918),
  .UNSPECIFIED.,.F.,.F.,(4,4),(0.,4.453324677342E-02),
  .PIECEWISE_BEZIER_KNOTS.);
#3915 = CARTESIAN_POINT('',(-0.218790606058,-0.2,0.547690618321));
#3916 = CARTESIAN_POINT('',(-0.214544610371,-0.2,0.56186337397));
#3917 = CARTESIAN_POINT('',(-0.210276518917,-0.198546037354,
    0.576109883324));
#3918 = CARTESIAN_POINT('',(-0.206115180982,-0.195606348544,
    0.59000005893));
#3919 = CYLINDRICAL_SURFACE('',#3920,0.12);
#3920 = AXIS2_PLACEMENT_3D('',#3921,#3922,#3923);
#3921 = CARTESIAN_POINT('',(-0.33857451378,-8.000000000002E-02,
    0.48779866446));
#3922 = DIRECTION('',(0.894427191,0.,0.4472135955));
#3923 = DIRECTION('',(0.4472135955,0.,-0.894427191));
#3924 = ADVANCED_FACE('',(#3925),#3946,.T.);
#3925 = FACE_BOUND('',#3926,.T.);
#3926 = EDGE_LOOP('',(#3927,#3936,#3942,#3943,#3944,#3945));
#3927 = ORIENTED_EDGE('',*,*,#3928,.T.);
#3928 = EDGE_CURVE('',#2824,#3929,#3931,.T.);
#3929 = VERTEX_POINT('',#3930);
#3930 = CARTESIAN_POINT('',(-0.218790606058,0.2,0.547690618321));
#3931 = B_SPLINE_CURVE_WITH_KNOTS('',3,(#3932,#3933,#3934,#3935),
  .UNSPECIFIED.,.F.,.F.,(4,4),(0.,4.453318363481E-02),
  .PIECEWISE_BEZIER_KNOTS.);
#3932 = CARTESIAN_POINT('',(-0.206115198651,0.195606361025,
    0.589999999954));
#3933 = CARTESIAN_POINT('',(-0.210276530972,0.198546041455,
    0.576109843083));
#3934 = CARTESIAN_POINT('',(-0.21454461635,0.2,0.561863354014));
#3935 = CARTESIAN_POINT('',(-0.218790606058,0.2,0.547690618321));
#3936 = ORIENTED_EDGE('',*,*,#3937,.F.);
#3937 = EDGE_CURVE('',#2495,#3929,#3938,.T.);
#3938 = LINE('',#3939,#3940);
#3939 = CARTESIAN_POINT('',(6.212786051882,0.2,22.015721));
#3940 = VECTOR('',#3941,1.);
#3941 = DIRECTION('',(0.286986289829,0.,0.957934689554));
#3942 = ORIENTED_EDGE('',*,*,#2494,.F.);
#3943 = ORIENTED_EDGE('',*,*,#3892,.F.);
#3944 = ORIENTED_EDGE('',*,*,#3913,.T.);
#3945 = ORIENTED_EDGE('',*,*,#2831,.T.);
#3946 = PLANE('',#3947);
#3947 = AXIS2_PLACEMENT_3D('',#3948,#3949,#3950);
#3948 = CARTESIAN_POINT('',(-0.296074750452,-0.22386,0.28972302373));
#3949 = DIRECTION('',(-0.957934689554,-0.,0.286986289829));
#3950 = DIRECTION('',(0.286986289829,0.,0.957934689554));
#3951 = ADVANCED_FACE('',(#3952),#3964,.T.);
#3952 = FACE_BOUND('',#3953,.T.);
#3953 = EDGE_LOOP('',(#3954,#3960,#3961,#3962,#3963));
#3954 = ORIENTED_EDGE('',*,*,#3955,.T.);
#3955 = EDGE_CURVE('',#2887,#3929,#3956,.T.);
#3956 = LINE('',#3957,#3958);
#3957 = CARTESIAN_POINT('',(-0.125000087007,0.2,0.589999960775));
#3958 = VECTOR('',#3959,1.);
#3959 = DIRECTION('',(-0.911544292623,0.,-0.411201900028));
#3960 = ORIENTED_EDGE('',*,*,#3928,.F.);
#3961 = ORIENTED_EDGE('',*,*,#2823,.F.);
#3962 = ORIENTED_EDGE('',*,*,#2715,.T.);
#3963 = ORIENTED_EDGE('',*,*,#2896,.F.);
#3964 = CYLINDRICAL_SURFACE('',#3965,0.12);
#3965 = AXIS2_PLACEMENT_3D('',#3966,#3967,#3968);
#3966 = CARTESIAN_POINT('',(-7.047339752674E-03,8.E-02,0.653562251474));
#3967 = DIRECTION('',(-0.894427191,0.,-0.4472135955));
#3968 = DIRECTION('',(-0.4472135955,-0.,0.894427191));
#3969 = ADVANCED_FACE('',(#3970),#3977,.T.);
#3970 = FACE_BOUND('',#3971,.T.);
#3971 = EDGE_LOOP('',(#3972,#3973,#3974,#3975,#3976));
#3972 = ORIENTED_EDGE('',*,*,#3955,.F.);
#3973 = ORIENTED_EDGE('',*,*,#3013,.T.);
#3974 = ORIENTED_EDGE('',*,*,#3861,.T.);
#3975 = ORIENTED_EDGE('',*,*,#2502,.F.);
#3976 = ORIENTED_EDGE('',*,*,#3937,.T.);
#3977 = PLANE('',#3978);
#3978 = AXIS2_PLACEMENT_3D('',#3979,#3980,#3981);
#3979 = CARTESIAN_POINT('',(-0.307984997825,0.2,0.61086219488));
#3980 = DIRECTION('',(-0.,1.,0.));
#3981 = DIRECTION('',(1.,0.,0.));
#3982 = ADVANCED_FACE('',(#3983),#3989,.T.);
#3983 = FACE_BOUND('',#3984,.T.);
#3984 = EDGE_LOOP('',(#3985,#3986,#3987,#3988));
#3985 = ORIENTED_EDGE('',*,*,#2586,.F.);
#3986 = ORIENTED_EDGE('',*,*,#2676,.T.);
#3987 = ORIENTED_EDGE('',*,*,#2758,.T.);
#3988 = ORIENTED_EDGE('',*,*,#2683,.F.);
#3989 = CONICAL_SURFACE('',#3990,0.567011148,0.239231599964);
#3990 = AXIS2_PLACEMENT_3D('',#3991,#3992,#3993);
#3991 = CARTESIAN_POINT('',(-7.105427357601E-15,4.440892098501E-16,
    0.2102542932));
#3992 = DIRECTION('',(-6.112864161287E-15,-7.163512689008E-15,-1.));
#3993 = DIRECTION('',(0.,1.,-7.163512689008E-15));
#3994 = ADVANCED_FACE('',(#3995),#4008,.F.);
#3995 = FACE_BOUND('',#3996,.F.);
#3996 = EDGE_LOOP('',(#3997,#3998,#3999,#4000,#4007));
#3997 = ORIENTED_EDGE('',*,*,#2845,.T.);
#3998 = ORIENTED_EDGE('',*,*,#2966,.F.);
#3999 = ORIENTED_EDGE('',*,*,#2863,.F.);
#4000 = ORIENTED_EDGE('',*,*,#4001,.F.);
#4001 = EDGE_CURVE('',#2774,#2855,#4002,.T.);
#4002 = CIRCLE('',#4003,0.72);
#4003 = AXIS2_PLACEMENT_3D('',#4004,#4005,#4006);
#4004 = CARTESIAN_POINT('',(-7.105427357601E-15,-2.264854970235E-14,
    0.62644746463));
#4005 = DIRECTION('',(0.,6.838386641552E-15,-1.));
#4006 = DIRECTION('',(-1.,0.,0.));
#4007 = ORIENTED_EDGE('',*,*,#2799,.F.);
#4008 = CONICAL_SURFACE('',#4009,0.817473484836,0.899475255779);
#4009 = AXIS2_PLACEMENT_3D('',#4010,#4011,#4012);
#4010 = CARTESIAN_POINT('',(-7.105427357601E-15,-1.931788062848E-14,
    0.703881053288));
#4011 = DIRECTION('',(0.,-1.36767732831E-14,1.));
#4012 = DIRECTION('',(0.,-1.,-1.36767732831E-14));
#4013 = ADVANCED_FACE('',(#4014),#4021,.F.);
#4014 = FACE_BOUND('',#4015,.F.);
#4015 = EDGE_LOOP('',(#4016,#4017,#4018,#4019,#4020));
#4016 = ORIENTED_EDGE('',*,*,#2773,.F.);
#4017 = ORIENTED_EDGE('',*,*,#4001,.T.);
#4018 = ORIENTED_EDGE('',*,*,#2854,.T.);
#4019 = ORIENTED_EDGE('',*,*,#2782,.T.);
#4020 = ORIENTED_EDGE('',*,*,#2737,.F.);
#4021 = CYLINDRICAL_SURFACE('',#4022,0.72);
#4022 = AXIS2_PLACEMENT_3D('',#4023,#4024,#4025);
#4023 = CARTESIAN_POINT('',(0.,-2.708944180085E-14,0.654108651245));
#4024 = DIRECTION('',(0.,0.,-1.));
#4025 = DIRECTION('',(-1.,-0.,-0.));
#4026 = ADVANCED_FACE('',(#4027),#4033,.T.);
#4027 = FACE_BOUND('',#4028,.T.);
#4028 = EDGE_LOOP('',(#4029,#4030,#4031,#4032));
#4029 = ORIENTED_EDGE('',*,*,#2999,.F.);
#4030 = ORIENTED_EDGE('',*,*,#2956,.F.);
#4031 = ORIENTED_EDGE('',*,*,#2992,.T.);
#4032 = ORIENTED_EDGE('',*,*,#3087,.T.);
#4033 = CYLINDRICAL_SURFACE('',#4034,0.84);
#4034 = AXIS2_PLACEMENT_3D('',#4035,#4036,#4037);
#4035 = CARTESIAN_POINT('',(1.42108547152E-14,-3.730349362741E-14,0.7155
    ));
#4036 = DIRECTION('',(0.,0.,-1.));
#4037 = DIRECTION('',(-1.,-0.,-0.));
#4038 = ( GEOMETRIC_REPRESENTATION_CONTEXT(3) 
GLOBAL_UNCERTAINTY_ASSIGNED_CONTEXT((#4042)) 
GLOBAL_UNIT_ASSIGNED_CONTEXT((#4039,#4040,#4041)) REPRESENTATION_CONTEXT
('Context #1','3D Context with UNIT and UNCERTAINTY') );
#4039 = ( LENGTH_UNIT() NAMED_UNIT(*) SI_UNIT(.MILLI.,.METRE.) );
#4040 = ( NAMED_UNIT(*) PLANE_ANGLE_UNIT() SI_UNIT($,.RADIAN.) );
#4041 = ( NAMED_UNIT(*) SI_UNIT($,.STERADIAN.) SOLID_ANGLE_UNIT() );
#4042 = UNCERTAINTY_MEASURE_WITH_UNIT(LENGTH_MEASURE(1.E-05),#4039,
  'distance_accuracy_value','confusion accuracy');
#4043 = CONTEXT_DEPENDENT_SHAPE_REPRESENTATION(#4044,#4046);
#4044 = ( REPRESENTATION_RELATIONSHIP('','',#2091,#10) 
REPRESENTATION_RELATIONSHIP_WITH_TRANSFORMATION(#4045) 
SHAPE_REPRESENTATION_RELATIONSHIP() );
#4045 = ITEM_DEFINED_TRANSFORMATION('','',#11,#31);
#4046 = PRODUCT_DEFINITION_SHAPE('Placement','Placement of an item',
  #4047);
#4047 = NEXT_ASSEMBLY_USAGE_OCCURRENCE('5','J1','',#5,#2086,$);
#4048 = PRODUCT_RELATED_PRODUCT_CATEGORY('part',$,(#2088));
#4049 = SHAPE_DEFINITION_REPRESENTATION(#4050,#4056);
#4050 = PRODUCT_DEFINITION_SHAPE('','',#4051);
#4051 = PRODUCT_DEFINITION('design','',#4052,#4055);
#4052 = PRODUCT_DEFINITION_FORMATION('','',#4053);
#4053 = PRODUCT('Molex_SlimStack_505413-0610_2x3_P0.35mm_Vertical',
  'Molex_SlimStack_505413-0610_2x3_P0.35mm_Vertical','',(#4054));
#4054 = PRODUCT_CONTEXT('',#2,'mechanical');
#4055 = PRODUCT_DEFINITION_CONTEXT('part definition',#2,'design');
#4056 = SHAPE_REPRESENTATION('',(#11,#4057,#4061),#4065);
#4057 = AXIS2_PLACEMENT_3D('',#4058,#4059,#4060);
#4058 = CARTESIAN_POINT('',(0.,0.,0.));
#4059 = DIRECTION('',(0.,0.,1.));
#4060 = DIRECTION('',(1.,0.,-0.));
#4061 = AXIS2_PLACEMENT_3D('',#4062,#4063,#4064);
#4062 = CARTESIAN_POINT('',(0.,0.,0.));
#4063 = DIRECTION('',(0.,0.,1.));
#4064 = DIRECTION('',(1.,0.,-0.));
#4065 = ( GEOMETRIC_REPRESENTATION_CONTEXT(3) 
GLOBAL_UNCERTAINTY_ASSIGNED_CONTEXT((#4069)) 
GLOBAL_UNIT_ASSIGNED_CONTEXT((#4066,#4067,#4068)) REPRESENTATION_CONTEXT
('Context #1','3D Context with UNIT and UNCERTAINTY') );
#4066 = ( LENGTH_UNIT() NAMED_UNIT(*) SI_UNIT(.MILLI.,.METRE.) );
#4067 = ( NAMED_UNIT(*) PLANE_ANGLE_UNIT() SI_UNIT($,.RADIAN.) );
#4068 = ( NAMED_UNIT(*) SI_UNIT($,.STERADIAN.) SOLID_ANGLE_UNIT() );
#4069 = UNCERTAINTY_MEASURE_WITH_UNIT(LENGTH_MEASURE(2.E-06),#4066,
  'distance_accuracy_value','confusion accuracy');
#4070 = CONTEXT_DEPENDENT_SHAPE_REPRESENTATION(#4071,#4073);
#4071 = ( REPRESENTATION_RELATIONSHIP('','',#4056,#10) 
REPRESENTATION_RELATIONSHIP_WITH_TRANSFORMATION(#4072) 
SHAPE_REPRESENTATION_RELATIONSHIP() );
#4072 = ITEM_DEFINED_TRANSFORMATION('','',#11,#35);
#4073 = PRODUCT_DEFINITION_SHAPE('Placement','Placement of an item',
  #4074);
#4074 = NEXT_ASSEMBLY_USAGE_OCCURRENCE('8','J2','',#5,#4051,$);
#4075 = PRODUCT_RELATED_PRODUCT_CATEGORY('part',$,(#4053));
#4076 = SHAPE_DEFINITION_REPRESENTATION(#4077,#4083);
#4077 = PRODUCT_DEFINITION_SHAPE('','',#4078);
#4078 = PRODUCT_DEFINITION('design','',#4079,#4082);
#4079 = PRODUCT_DEFINITION_FORMATION('','',#4080);
#4080 = PRODUCT('SOLID','SOLID','',(#4081));
#4081 = PRODUCT_CONTEXT('',#2,'mechanical');
#4082 = PRODUCT_DEFINITION_CONTEXT('part definition',#2,'design');
#4083 = ADVANCED_BREP_SHAPE_REPRESENTATION('',(#11,#4084),#18889);
#4084 = MANIFOLD_SOLID_BREP('',#4085);
#4085 = CLOSED_SHELL('',(#4086,#4128,#4170,#4212,#4254,#4296,#4338,#4380
    ,#4422,#4464,#4506,#4548,#4976,#5009,#5089,#5129,#5169,#5200,#5224,
    #5255,#5288,#5328,#5433,#5515,#5612,#5644,#5675,#5706,#5746,#5809,
    #5881,#6035,#6091,#6147,#6203,#6346,#6393,#6446,#6478,#6510,#6674,
    #6737,#6768,#6808,#6855,#7154,#7186,#7227,#7259,#7291,#7315,#7340,
    #7381,#7413,#7445,#7462,#7474,#7782,#7799,#7816,#7828,#7860,#7892,
    #7924,#7956,#7980,#8005,#8037,#8069,#8101,#8118,#8130,#8147,#8164,
    #8176,#8263,#8280,#8292,#8309,#8321,#8353,#8385,#8410,#8442,#8466,
    #8491,#8523,#8548,#8580,#8597,#8609,#8626,#8643,#8655,#8672,#8684,
    #8750,#8767,#8779,#8796,#8808,#8825,#8837,#8854,#8879,#8906,#8935,
    #8960,#8982,#8999,#9011,#9028,#9053,#9070,#9087,#9099,#9130,#9254,
    #9294,#9318,#9343,#9360,#9385,#9409,#9426,#9500,#9512,#9529,#9546,
    #9563,#9580,#9605,#9645,#9792,#9823,#9845,#9883,#9921,#9952,#10073,
    #10132,#10155,#10172,#10189,#10206,#10223,#10240,#10273,#10337,
    #10385,#10457,#10515,#10571,#10620,#10651,#10691,#10723,#10762,
    #10793,#10925,#10956,#10987,#11009,#11026,#11043,#11060,#11093,
    #11117,#11143,#11169,#11181,#11205,#11236,#11267,#11288,#11305,
    #11321,#11333,#11370,#11394,#11411,#11428,#11461,#11593,#11617,
    #11642,#11681,#11692,#11716,#11734,#11781,#11837,#11893,#11907,
    #11947,#11993,#12026,#12037,#12054,#12072,#12204,#12221,#12233,
    #12257,#12362,#12421,#12500,#12525,#12596,#12621,#12638,#12655,
    #12679,#12696,#12721,#12743,#12765,#12789,#12801,#12836,#12860,
    #12891,#12923,#12956,#12973,#13013,#13031,#13070,#13101,#13198,
    #13231,#13289,#13314,#13370,#13382,#13399,#13416,#13433,#13450,
    #13462,#13486,#13503,#13520,#13537,#13554,#13566,#13583,#13650,
    #13675,#13733,#13750,#13767,#13784,#13801,#13818,#13830,#13849,
    #13872,#13889,#13901,#13920,#13932,#13951,#13973,#13990,#14021,
    #14038,#14131,#14197,#14276,#14301,#14372,#14397,#14414,#14426,
    #14443,#14460,#14478,#14620,#14762,#14775,#14792,#14809,#14821,
    #14839,#14856,#14881,#14898,#14922,#14934,#14951,#14968,#14980,
    #14992,#15004,#15021,#15038,#15050,#15081,#15155,#15186,#15210,
    #15235,#15252,#15297,#15314,#15331,#15348,#15360,#15391,#15465,
    #15489,#15556,#15573,#15590,#15607,#15624,#15641,#15658,#15670,
    #15701,#15775,#15806,#15830,#15855,#15872,#15917,#15934,#15951,
    #15968,#15980,#16011,#16085,#16116,#16140,#16164,#16188,#16212,
    #16237,#16254,#16278,#16290,#16321,#16395,#16426,#16450,#16475,
    #16492,#16537,#16554,#16571,#16588,#16600,#16631,#16705,#16736,
    #16760,#16784,#16808,#16832,#16857,#16874,#16898,#16910,#16922,
    #16934,#16951,#16968,#16980,#16997,#17014,#17026,#17043,#17060,
    #17077,#17089,#17106,#17123,#17140,#17157,#17169,#17197,#17229,
    #17260,#17284,#17310,#17322,#17340,#17362,#17379,#17393,#17407,
    #17421,#17437,#17449,#17463,#17475,#17492,#17509,#17521,#17538,
    #17555,#17567,#17584,#17601,#17613,#17645,#17685,#17710,#17727,
    #17751,#17770,#17788,#17801,#17818,#17830,#17847,#17860,#17871,
    #17909,#17920,#17937,#17954,#18063,#18080,#18097,#18114,#18131,
    #18200,#18217,#18234,#18251,#18263,#18280,#18297,#18309,#18327,
    #18339,#18356,#18373,#18390,#18407,#18419,#18430,#18441,#18458,
    #18475,#18487,#18554,#18579,#18637,#18654,#18671,#18688,#18705,
    #18722,#18734,#18792,#18809,#18826,#18843,#18860,#18877));
#4086 = ADVANCED_FACE('',(#4087),#4123,.T.);
#4087 = FACE_BOUND('',#4088,.T.);
#4088 = EDGE_LOOP('',(#4089,#4099,#4108,#4116));
#4089 = ORIENTED_EDGE('',*,*,#4090,.F.);
#4090 = EDGE_CURVE('',#4091,#4093,#4095,.T.);
#4091 = VERTEX_POINT('',#4092);
#4092 = CARTESIAN_POINT('',(0.62,0.2,0.555));
#4093 = VERTEX_POINT('',#4094);
#4094 = CARTESIAN_POINT('',(0.795,0.2,0.555));
#4095 = LINE('',#4096,#4097);
#4096 = CARTESIAN_POINT('',(0.7075,0.2,0.555));
#4097 = VECTOR('',#4098,1.);
#4098 = DIRECTION('',(1.,-0.,-0.));
#4099 = ORIENTED_EDGE('',*,*,#4100,.T.);
#4100 = EDGE_CURVE('',#4091,#4101,#4103,.T.);
#4101 = VERTEX_POINT('',#4102);
#4102 = CARTESIAN_POINT('',(0.62,0.257850884872,0.576056000119));
#4103 = CIRCLE('',#4104,9.E-02);
#4104 = AXIS2_PLACEMENT_3D('',#4105,#4106,#4107);
#4105 = CARTESIAN_POINT('',(0.62,0.2,0.645));
#4106 = DIRECTION('',(1.,0.,0.));
#4107 = DIRECTION('',(0.,-0.581129145978,-0.813811351416));
#4108 = ORIENTED_EDGE('',*,*,#4109,.T.);
#4109 = EDGE_CURVE('',#4101,#4110,#4112,.T.);
#4110 = VERTEX_POINT('',#4111);
#4111 = CARTESIAN_POINT('',(0.795,0.257850884872,0.576056000119));
#4112 = LINE('',#4113,#4114);
#4113 = CARTESIAN_POINT('',(0.62,0.257850884872,0.576056000119));
#4114 = VECTOR('',#4115,1.);
#4115 = DIRECTION('',(1.,0.,0.));
#4116 = ORIENTED_EDGE('',*,*,#4117,.F.);
#4117 = EDGE_CURVE('',#4093,#4110,#4118,.T.);
#4118 = CIRCLE('',#4119,9.E-02);
#4119 = AXIS2_PLACEMENT_3D('',#4120,#4121,#4122);
#4120 = CARTESIAN_POINT('',(0.795,0.2,0.645));
#4121 = DIRECTION('',(1.,0.,0.));
#4122 = DIRECTION('',(0.,-0.581129145978,-0.813811351416));
#4123 = CYLINDRICAL_SURFACE('',#4124,9.E-02);
#4124 = AXIS2_PLACEMENT_3D('',#4125,#4126,#4127);
#4125 = CARTESIAN_POINT('',(0.62,0.2,0.645));
#4126 = DIRECTION('',(-1.,0.,-0.));
#4127 = DIRECTION('',(0.,0.,-1.));
#4128 = ADVANCED_FACE('',(#4129),#4165,.T.);
#4129 = FACE_BOUND('',#4130,.T.);
#4130 = EDGE_LOOP('',(#4131,#4141,#4150,#4158));
#4131 = ORIENTED_EDGE('',*,*,#4132,.F.);
#4132 = EDGE_CURVE('',#4133,#4135,#4137,.T.);
#4133 = VERTEX_POINT('',#4134);
#4134 = CARTESIAN_POINT('',(-0.795,0.2,0.555));
#4135 = VERTEX_POINT('',#4136);
#4136 = CARTESIAN_POINT('',(-0.62,0.2,0.555));
#4137 = LINE('',#4138,#4139);
#4138 = CARTESIAN_POINT('',(-0.7075,0.2,0.555));
#4139 = VECTOR('',#4140,1.);
#4140 = DIRECTION('',(1.,-0.,-0.));
#4141 = ORIENTED_EDGE('',*,*,#4142,.T.);
#4142 = EDGE_CURVE('',#4133,#4143,#4145,.T.);
#4143 = VERTEX_POINT('',#4144);
#4144 = CARTESIAN_POINT('',(-0.795,0.257850884872,0.576056000119));
#4145 = CIRCLE('',#4146,9.E-02);
#4146 = AXIS2_PLACEMENT_3D('',#4147,#4148,#4149);
#4147 = CARTESIAN_POINT('',(-0.795,0.2,0.645));
#4148 = DIRECTION('',(1.,0.,0.));
#4149 = DIRECTION('',(0.,-0.581129145978,-0.813811351416));
#4150 = ORIENTED_EDGE('',*,*,#4151,.F.);
#4151 = EDGE_CURVE('',#4152,#4143,#4154,.T.);
#4152 = VERTEX_POINT('',#4153);
#4153 = CARTESIAN_POINT('',(-0.62,0.257850884872,0.576056000119));
#4154 = LINE('',#4155,#4156);
#4155 = CARTESIAN_POINT('',(-0.62,0.257850884872,0.576056000119));
#4156 = VECTOR('',#4157,1.);
#4157 = DIRECTION('',(-1.,0.,0.));
#4158 = ORIENTED_EDGE('',*,*,#4159,.F.);
#4159 = EDGE_CURVE('',#4135,#4152,#4160,.T.);
#4160 = CIRCLE('',#4161,9.E-02);
#4161 = AXIS2_PLACEMENT_3D('',#4162,#4163,#4164);
#4162 = CARTESIAN_POINT('',(-0.62,0.2,0.645));
#4163 = DIRECTION('',(1.,0.,0.));
#4164 = DIRECTION('',(0.,-0.581129145978,-0.813811351416));
#4165 = CYLINDRICAL_SURFACE('',#4166,9.E-02);
#4166 = AXIS2_PLACEMENT_3D('',#4167,#4168,#4169);
#4167 = CARTESIAN_POINT('',(-0.62,0.2,0.645));
#4168 = DIRECTION('',(-1.,0.,-0.));
#4169 = DIRECTION('',(0.,0.,-1.));
#4170 = ADVANCED_FACE('',(#4171),#4207,.T.);
#4171 = FACE_BOUND('',#4172,.T.);
#4172 = EDGE_LOOP('',(#4173,#4183,#4192,#4200));
#4173 = ORIENTED_EDGE('',*,*,#4174,.F.);
#4174 = EDGE_CURVE('',#4175,#4177,#4179,.T.);
#4175 = VERTEX_POINT('',#4176);
#4176 = CARTESIAN_POINT('',(0.795,0.2,-0.555));
#4177 = VERTEX_POINT('',#4178);
#4178 = CARTESIAN_POINT('',(0.62,0.2,-0.555));
#4179 = LINE('',#4180,#4181);
#4180 = CARTESIAN_POINT('',(0.7075,0.2,-0.555));
#4181 = VECTOR('',#4182,1.);
#4182 = DIRECTION('',(-1.,0.,-0.));
#4183 = ORIENTED_EDGE('',*,*,#4184,.T.);
#4184 = EDGE_CURVE('',#4175,#4185,#4187,.T.);
#4185 = VERTEX_POINT('',#4186);
#4186 = CARTESIAN_POINT('',(0.795,0.257850884872,-0.576056000119));
#4187 = CIRCLE('',#4188,9.E-02);
#4188 = AXIS2_PLACEMENT_3D('',#4189,#4190,#4191);
#4189 = CARTESIAN_POINT('',(0.795,0.2,-0.645));
#4190 = DIRECTION('',(-1.,0.,0.));
#4191 = DIRECTION('',(0.,-0.581129145978,0.813811351416));
#4192 = ORIENTED_EDGE('',*,*,#4193,.F.);
#4193 = EDGE_CURVE('',#4194,#4185,#4196,.T.);
#4194 = VERTEX_POINT('',#4195);
#4195 = CARTESIAN_POINT('',(0.62,0.257850884872,-0.576056000119));
#4196 = LINE('',#4197,#4198);
#4197 = CARTESIAN_POINT('',(0.62,0.257850884872,-0.576056000119));
#4198 = VECTOR('',#4199,1.);
#4199 = DIRECTION('',(1.,0.,0.));
#4200 = ORIENTED_EDGE('',*,*,#4201,.F.);
#4201 = EDGE_CURVE('',#4177,#4194,#4202,.T.);
#4202 = CIRCLE('',#4203,9.E-02);
#4203 = AXIS2_PLACEMENT_3D('',#4204,#4205,#4206);
#4204 = CARTESIAN_POINT('',(0.62,0.2,-0.645));
#4205 = DIRECTION('',(-1.,0.,0.));
#4206 = DIRECTION('',(0.,-0.581129145978,0.813811351416));
#4207 = CYLINDRICAL_SURFACE('',#4208,9.E-02);
#4208 = AXIS2_PLACEMENT_3D('',#4209,#4210,#4211);
#4209 = CARTESIAN_POINT('',(0.62,0.2,-0.645));
#4210 = DIRECTION('',(1.,-0.,0.));
#4211 = DIRECTION('',(0.,0.,1.));
#4212 = ADVANCED_FACE('',(#4213),#4249,.F.);
#4213 = FACE_BOUND('',#4214,.F.);
#4214 = EDGE_LOOP('',(#4215,#4226,#4234,#4243));
#4215 = ORIENTED_EDGE('',*,*,#4216,.F.);
#4216 = EDGE_CURVE('',#4217,#4219,#4221,.T.);
#4217 = VERTEX_POINT('',#4218);
#4218 = CARTESIAN_POINT('',(-0.62,0.219283628291,-0.622018666706));
#4219 = VERTEX_POINT('',#4220);
#4220 = CARTESIAN_POINT('',(-0.62,0.2,-0.615));
#4221 = CIRCLE('',#4222,3.E-02);
#4222 = AXIS2_PLACEMENT_3D('',#4223,#4224,#4225);
#4223 = CARTESIAN_POINT('',(-0.62,0.2,-0.645));
#4224 = DIRECTION('',(1.,0.,-0.));
#4225 = DIRECTION('',(0.,0.642787609687,0.766044443119));
#4226 = ORIENTED_EDGE('',*,*,#4227,.T.);
#4227 = EDGE_CURVE('',#4217,#4228,#4230,.T.);
#4228 = VERTEX_POINT('',#4229);
#4229 = CARTESIAN_POINT('',(-0.795,0.219283628291,-0.622018666706));
#4230 = LINE('',#4231,#4232);
#4231 = CARTESIAN_POINT('',(-0.62,0.219283628291,-0.622018666706));
#4232 = VECTOR('',#4233,1.);
#4233 = DIRECTION('',(-1.,0.,0.));
#4234 = ORIENTED_EDGE('',*,*,#4235,.T.);
#4235 = EDGE_CURVE('',#4228,#4236,#4238,.T.);
#4236 = VERTEX_POINT('',#4237);
#4237 = CARTESIAN_POINT('',(-0.795,0.2,-0.615));
#4238 = CIRCLE('',#4239,3.E-02);
#4239 = AXIS2_PLACEMENT_3D('',#4240,#4241,#4242);
#4240 = CARTESIAN_POINT('',(-0.795,0.2,-0.645));
#4241 = DIRECTION('',(1.,0.,-0.));
#4242 = DIRECTION('',(0.,0.642787609687,0.766044443119));
#4243 = ORIENTED_EDGE('',*,*,#4244,.T.);
#4244 = EDGE_CURVE('',#4236,#4219,#4245,.T.);
#4245 = LINE('',#4246,#4247);
#4246 = CARTESIAN_POINT('',(-0.7075,0.2,-0.615));
#4247 = VECTOR('',#4248,1.);
#4248 = DIRECTION('',(1.,-0.,-0.));
#4249 = CYLINDRICAL_SURFACE('',#4250,3.E-02);
#4250 = AXIS2_PLACEMENT_3D('',#4251,#4252,#4253);
#4251 = CARTESIAN_POINT('',(-0.62,0.2,-0.645));
#4252 = DIRECTION('',(1.,-0.,0.));
#4253 = DIRECTION('',(0.,0.,1.));
#4254 = ADVANCED_FACE('',(#4255),#4291,.T.);
#4255 = FACE_BOUND('',#4256,.T.);
#4256 = EDGE_LOOP('',(#4257,#4267,#4276,#4284));
#4257 = ORIENTED_EDGE('',*,*,#4258,.F.);
#4258 = EDGE_CURVE('',#4259,#4261,#4263,.T.);
#4259 = VERTEX_POINT('',#4260);
#4260 = CARTESIAN_POINT('',(-0.62,0.2,-0.555));
#4261 = VERTEX_POINT('',#4262);
#4262 = CARTESIAN_POINT('',(-0.795,0.2,-0.555));
#4263 = LINE('',#4264,#4265);
#4264 = CARTESIAN_POINT('',(-0.7075,0.2,-0.555));
#4265 = VECTOR('',#4266,1.);
#4266 = DIRECTION('',(-1.,0.,-0.));
#4267 = ORIENTED_EDGE('',*,*,#4268,.T.);
#4268 = EDGE_CURVE('',#4259,#4269,#4271,.T.);
#4269 = VERTEX_POINT('',#4270);
#4270 = CARTESIAN_POINT('',(-0.62,0.257850884872,-0.576056000119));
#4271 = CIRCLE('',#4272,9.E-02);
#4272 = AXIS2_PLACEMENT_3D('',#4273,#4274,#4275);
#4273 = CARTESIAN_POINT('',(-0.62,0.2,-0.645));
#4274 = DIRECTION('',(-1.,0.,0.));
#4275 = DIRECTION('',(0.,-0.581129145978,0.813811351416));
#4276 = ORIENTED_EDGE('',*,*,#4277,.T.);
#4277 = EDGE_CURVE('',#4269,#4278,#4280,.T.);
#4278 = VERTEX_POINT('',#4279);
#4279 = CARTESIAN_POINT('',(-0.795,0.257850884872,-0.576056000119));
#4280 = LINE('',#4281,#4282);
#4281 = CARTESIAN_POINT('',(-0.62,0.257850884872,-0.576056000119));
#4282 = VECTOR('',#4283,1.);
#4283 = DIRECTION('',(-1.,0.,0.));
#4284 = ORIENTED_EDGE('',*,*,#4285,.F.);
#4285 = EDGE_CURVE('',#4261,#4278,#4286,.T.);
#4286 = CIRCLE('',#4287,9.E-02);
#4287 = AXIS2_PLACEMENT_3D('',#4288,#4289,#4290);
#4288 = CARTESIAN_POINT('',(-0.795,0.2,-0.645));
#4289 = DIRECTION('',(-1.,0.,0.));
#4290 = DIRECTION('',(0.,-0.581129145978,0.813811351416));
#4291 = CYLINDRICAL_SURFACE('',#4292,9.E-02);
#4292 = AXIS2_PLACEMENT_3D('',#4293,#4294,#4295);
#4293 = CARTESIAN_POINT('',(-0.62,0.2,-0.645));
#4294 = DIRECTION('',(1.,-0.,0.));
#4295 = DIRECTION('',(0.,0.,1.));
#4296 = ADVANCED_FACE('',(#4297),#4333,.T.);
#4297 = FACE_BOUND('',#4298,.T.);
#4298 = EDGE_LOOP('',(#4299,#4309,#4318,#4326));
#4299 = ORIENTED_EDGE('',*,*,#4300,.F.);
#4300 = EDGE_CURVE('',#4301,#4303,#4305,.T.);
#4301 = VERTEX_POINT('',#4302);
#4302 = CARTESIAN_POINT('',(-0.27,0.17,0.409828053652));
#4303 = VERTEX_POINT('',#4304);
#4304 = CARTESIAN_POINT('',(-0.43,0.17,0.409828053652));
#4305 = LINE('',#4306,#4307);
#4306 = CARTESIAN_POINT('',(-0.35,0.17,0.409828053652));
#4307 = VECTOR('',#4308,1.);
#4308 = DIRECTION('',(-1.,0.,-0.));
#4309 = ORIENTED_EDGE('',*,*,#4310,.F.);
#4310 = EDGE_CURVE('',#4311,#4301,#4313,.T.);
#4311 = VERTEX_POINT('',#4312);
#4312 = CARTESIAN_POINT('',(-0.27,0.257710276368,0.34));
#4313 = CIRCLE('',#4314,9.E-02);
#4314 = AXIS2_PLACEMENT_3D('',#4315,#4316,#4317);
#4315 = CARTESIAN_POINT('',(-0.27,0.17,0.319828053652));
#4316 = DIRECTION('',(1.,0.,-0.));
#4317 = DIRECTION('',(0.,0.974558626309,0.224132737203));
#4318 = ORIENTED_EDGE('',*,*,#4319,.F.);
#4319 = EDGE_CURVE('',#4320,#4311,#4322,.T.);
#4320 = VERTEX_POINT('',#4321);
#4321 = CARTESIAN_POINT('',(-0.43,0.257710276368,0.34));
#4322 = LINE('',#4323,#4324);
#4323 = CARTESIAN_POINT('',(-0.43,0.257710276368,0.34));
#4324 = VECTOR('',#4325,1.);
#4325 = DIRECTION('',(1.,0.,0.));
#4326 = ORIENTED_EDGE('',*,*,#4327,.T.);
#4327 = EDGE_CURVE('',#4320,#4303,#4328,.T.);
#4328 = CIRCLE('',#4329,9.E-02);
#4329 = AXIS2_PLACEMENT_3D('',#4330,#4331,#4332);
#4330 = CARTESIAN_POINT('',(-0.43,0.17,0.319828053652));
#4331 = DIRECTION('',(1.,0.,-0.));
#4332 = DIRECTION('',(0.,0.974558626309,0.224132737203));
#4333 = CYLINDRICAL_SURFACE('',#4334,9.E-02);
#4334 = AXIS2_PLACEMENT_3D('',#4335,#4336,#4337);
#4335 = CARTESIAN_POINT('',(-0.43,0.17,0.319828053652));
#4336 = DIRECTION('',(-1.,0.,-0.));
#4337 = DIRECTION('',(0.,0.,-1.));
#4338 = ADVANCED_FACE('',(#4339),#4375,.T.);
#4339 = FACE_BOUND('',#4340,.T.);
#4340 = EDGE_LOOP('',(#4341,#4351,#4360,#4368));
#4341 = ORIENTED_EDGE('',*,*,#4342,.F.);
#4342 = EDGE_CURVE('',#4343,#4345,#4347,.T.);
#4343 = VERTEX_POINT('',#4344);
#4344 = CARTESIAN_POINT('',(8.E-02,0.17,0.409828053652));
#4345 = VERTEX_POINT('',#4346);
#4346 = CARTESIAN_POINT('',(-8.E-02,0.17,0.409828053652));
#4347 = LINE('',#4348,#4349);
#4348 = CARTESIAN_POINT('',(0.,0.17,0.409828053652));
#4349 = VECTOR('',#4350,1.);
#4350 = DIRECTION('',(-1.,0.,-0.));
#4351 = ORIENTED_EDGE('',*,*,#4352,.F.);
#4352 = EDGE_CURVE('',#4353,#4343,#4355,.T.);
#4353 = VERTEX_POINT('',#4354);
#4354 = CARTESIAN_POINT('',(8.E-02,0.257710276368,0.34));
#4355 = CIRCLE('',#4356,9.E-02);
#4356 = AXIS2_PLACEMENT_3D('',#4357,#4358,#4359);
#4357 = CARTESIAN_POINT('',(8.E-02,0.17,0.319828053652));
#4358 = DIRECTION('',(1.,0.,-0.));
#4359 = DIRECTION('',(0.,0.974558626309,0.224132737203));
#4360 = ORIENTED_EDGE('',*,*,#4361,.F.);
#4361 = EDGE_CURVE('',#4362,#4353,#4364,.T.);
#4362 = VERTEX_POINT('',#4363);
#4363 = CARTESIAN_POINT('',(-8.E-02,0.257710276368,0.34));
#4364 = LINE('',#4365,#4366);
#4365 = CARTESIAN_POINT('',(-8.E-02,0.257710276368,0.34));
#4366 = VECTOR('',#4367,1.);
#4367 = DIRECTION('',(1.,0.,0.));
#4368 = ORIENTED_EDGE('',*,*,#4369,.T.);
#4369 = EDGE_CURVE('',#4362,#4345,#4370,.T.);
#4370 = CIRCLE('',#4371,9.E-02);
#4371 = AXIS2_PLACEMENT_3D('',#4372,#4373,#4374);
#4372 = CARTESIAN_POINT('',(-8.E-02,0.17,0.319828053652));
#4373 = DIRECTION('',(1.,0.,-0.));
#4374 = DIRECTION('',(0.,0.974558626309,0.224132737203));
#4375 = CYLINDRICAL_SURFACE('',#4376,9.E-02);
#4376 = AXIS2_PLACEMENT_3D('',#4377,#4378,#4379);
#4377 = CARTESIAN_POINT('',(-8.E-02,0.17,0.319828053652));
#4378 = DIRECTION('',(-1.,0.,-0.));
#4379 = DIRECTION('',(0.,0.,-1.));
#4380 = ADVANCED_FACE('',(#4381),#4417,.T.);
#4381 = FACE_BOUND('',#4382,.T.);
#4382 = EDGE_LOOP('',(#4383,#4393,#4402,#4410));
#4383 = ORIENTED_EDGE('',*,*,#4384,.F.);
#4384 = EDGE_CURVE('',#4385,#4387,#4389,.T.);
#4385 = VERTEX_POINT('',#4386);
#4386 = CARTESIAN_POINT('',(0.43,0.17,0.409828053652));
#4387 = VERTEX_POINT('',#4388);
#4388 = CARTESIAN_POINT('',(0.27,0.17,0.409828053652));
#4389 = LINE('',#4390,#4391);
#4390 = CARTESIAN_POINT('',(0.35,0.17,0.409828053652));
#4391 = VECTOR('',#4392,1.);
#4392 = DIRECTION('',(-1.,0.,-0.));
#4393 = ORIENTED_EDGE('',*,*,#4394,.F.);
#4394 = EDGE_CURVE('',#4395,#4385,#4397,.T.);
#4395 = VERTEX_POINT('',#4396);
#4396 = CARTESIAN_POINT('',(0.43,0.257710276368,0.34));
#4397 = CIRCLE('',#4398,9.E-02);
#4398 = AXIS2_PLACEMENT_3D('',#4399,#4400,#4401);
#4399 = CARTESIAN_POINT('',(0.43,0.17,0.319828053652));
#4400 = DIRECTION('',(1.,0.,-0.));
#4401 = DIRECTION('',(0.,0.974558626309,0.224132737203));
#4402 = ORIENTED_EDGE('',*,*,#4403,.F.);
#4403 = EDGE_CURVE('',#4404,#4395,#4406,.T.);
#4404 = VERTEX_POINT('',#4405);
#4405 = CARTESIAN_POINT('',(0.27,0.257710276368,0.34));
#4406 = LINE('',#4407,#4408);
#4407 = CARTESIAN_POINT('',(0.27,0.257710276368,0.34));
#4408 = VECTOR('',#4409,1.);
#4409 = DIRECTION('',(1.,0.,0.));
#4410 = ORIENTED_EDGE('',*,*,#4411,.T.);
#4411 = EDGE_CURVE('',#4404,#4387,#4412,.T.);
#4412 = CIRCLE('',#4413,9.E-02);
#4413 = AXIS2_PLACEMENT_3D('',#4414,#4415,#4416);
#4414 = CARTESIAN_POINT('',(0.27,0.17,0.319828053652));
#4415 = DIRECTION('',(1.,0.,-0.));
#4416 = DIRECTION('',(0.,0.974558626309,0.224132737203));
#4417 = CYLINDRICAL_SURFACE('',#4418,9.E-02);
#4418 = AXIS2_PLACEMENT_3D('',#4419,#4420,#4421);
#4419 = CARTESIAN_POINT('',(0.27,0.17,0.319828053652));
#4420 = DIRECTION('',(-1.,0.,-0.));
#4421 = DIRECTION('',(0.,0.,-1.));
#4422 = ADVANCED_FACE('',(#4423),#4459,.T.);
#4423 = FACE_BOUND('',#4424,.T.);
#4424 = EDGE_LOOP('',(#4425,#4435,#4444,#4452));
#4425 = ORIENTED_EDGE('',*,*,#4426,.F.);
#4426 = EDGE_CURVE('',#4427,#4429,#4431,.T.);
#4427 = VERTEX_POINT('',#4428);
#4428 = CARTESIAN_POINT('',(-0.43,0.17,-0.409828053652));
#4429 = VERTEX_POINT('',#4430);
#4430 = CARTESIAN_POINT('',(-0.27,0.17,-0.409828053652));
#4431 = LINE('',#4432,#4433);
#4432 = CARTESIAN_POINT('',(-0.35,0.17,-0.409828053652));
#4433 = VECTOR('',#4434,1.);
#4434 = DIRECTION('',(1.,-0.,-0.));
#4435 = ORIENTED_EDGE('',*,*,#4436,.T.);
#4436 = EDGE_CURVE('',#4427,#4437,#4439,.T.);
#4437 = VERTEX_POINT('',#4438);
#4438 = CARTESIAN_POINT('',(-0.43,0.257710276368,-0.34));
#4439 = CIRCLE('',#4440,9.E-02);
#4440 = AXIS2_PLACEMENT_3D('',#4441,#4442,#4443);
#4441 = CARTESIAN_POINT('',(-0.43,0.17,-0.319828053652));
#4442 = DIRECTION('',(1.,0.,0.));
#4443 = DIRECTION('',(0.,-0.32312890736,-0.946354959425));
#4444 = ORIENTED_EDGE('',*,*,#4445,.T.);
#4445 = EDGE_CURVE('',#4437,#4446,#4448,.T.);
#4446 = VERTEX_POINT('',#4447);
#4447 = CARTESIAN_POINT('',(-0.27,0.257710276368,-0.34));
#4448 = LINE('',#4449,#4450);
#4449 = CARTESIAN_POINT('',(-0.43,0.257710276368,-0.34));
#4450 = VECTOR('',#4451,1.);
#4451 = DIRECTION('',(1.,0.,0.));
#4452 = ORIENTED_EDGE('',*,*,#4453,.F.);
#4453 = EDGE_CURVE('',#4429,#4446,#4454,.T.);
#4454 = CIRCLE('',#4455,9.E-02);
#4455 = AXIS2_PLACEMENT_3D('',#4456,#4457,#4458);
#4456 = CARTESIAN_POINT('',(-0.27,0.17,-0.319828053652));
#4457 = DIRECTION('',(1.,0.,0.));
#4458 = DIRECTION('',(0.,-0.32312890736,-0.946354959425));
#4459 = CYLINDRICAL_SURFACE('',#4460,9.E-02);
#4460 = AXIS2_PLACEMENT_3D('',#4461,#4462,#4463);
#4461 = CARTESIAN_POINT('',(-0.43,0.17,-0.319828053652));
#4462 = DIRECTION('',(-1.,0.,-0.));
#4463 = DIRECTION('',(0.,0.,-1.));
#4464 = ADVANCED_FACE('',(#4465),#4501,.T.);
#4465 = FACE_BOUND('',#4466,.T.);
#4466 = EDGE_LOOP('',(#4467,#4477,#4486,#4494));
#4467 = ORIENTED_EDGE('',*,*,#4468,.F.);
#4468 = EDGE_CURVE('',#4469,#4471,#4473,.T.);
#4469 = VERTEX_POINT('',#4470);
#4470 = CARTESIAN_POINT('',(-8.E-02,0.17,-0.409828053652));
#4471 = VERTEX_POINT('',#4472);
#4472 = CARTESIAN_POINT('',(8.E-02,0.17,-0.409828053652));
#4473 = LINE('',#4474,#4475);
#4474 = CARTESIAN_POINT('',(0.,0.17,-0.409828053652));
#4475 = VECTOR('',#4476,1.);
#4476 = DIRECTION('',(1.,-0.,-0.));
#4477 = ORIENTED_EDGE('',*,*,#4478,.T.);
#4478 = EDGE_CURVE('',#4469,#4479,#4481,.T.);
#4479 = VERTEX_POINT('',#4480);
#4480 = CARTESIAN_POINT('',(-8.E-02,0.257710276368,-0.34));
#4481 = CIRCLE('',#4482,9.E-02);
#4482 = AXIS2_PLACEMENT_3D('',#4483,#4484,#4485);
#4483 = CARTESIAN_POINT('',(-8.E-02,0.17,-0.319828053652));
#4484 = DIRECTION('',(1.,0.,0.));
#4485 = DIRECTION('',(0.,-0.32312890736,-0.946354959425));
#4486 = ORIENTED_EDGE('',*,*,#4487,.T.);
#4487 = EDGE_CURVE('',#4479,#4488,#4490,.T.);
#4488 = VERTEX_POINT('',#4489);
#4489 = CARTESIAN_POINT('',(8.E-02,0.257710276368,-0.34));
#4490 = LINE('',#4491,#4492);
#4491 = CARTESIAN_POINT('',(-8.E-02,0.257710276368,-0.34));
#4492 = VECTOR('',#4493,1.);
#4493 = DIRECTION('',(1.,0.,0.));
#4494 = ORIENTED_EDGE('',*,*,#4495,.F.);
#4495 = EDGE_CURVE('',#4471,#4488,#4496,.T.);
#4496 = CIRCLE('',#4497,9.E-02);
#4497 = AXIS2_PLACEMENT_3D('',#4498,#4499,#4500);
#4498 = CARTESIAN_POINT('',(8.E-02,0.17,-0.319828053652));
#4499 = DIRECTION('',(1.,0.,0.));
#4500 = DIRECTION('',(0.,-0.32312890736,-0.946354959425));
#4501 = CYLINDRICAL_SURFACE('',#4502,9.E-02);
#4502 = AXIS2_PLACEMENT_3D('',#4503,#4504,#4505);
#4503 = CARTESIAN_POINT('',(-8.E-02,0.17,-0.319828053652));
#4504 = DIRECTION('',(-1.,0.,-0.));
#4505 = DIRECTION('',(0.,0.,-1.));
#4506 = ADVANCED_FACE('',(#4507),#4543,.T.);
#4507 = FACE_BOUND('',#4508,.T.);
#4508 = EDGE_LOOP('',(#4509,#4519,#4528,#4536));
#4509 = ORIENTED_EDGE('',*,*,#4510,.F.);
#4510 = EDGE_CURVE('',#4511,#4513,#4515,.T.);
#4511 = VERTEX_POINT('',#4512);
#4512 = CARTESIAN_POINT('',(0.27,0.17,-0.409828053652));
#4513 = VERTEX_POINT('',#4514);
#4514 = CARTESIAN_POINT('',(0.43,0.17,-0.409828053652));
#4515 = LINE('',#4516,#4517);
#4516 = CARTESIAN_POINT('',(0.35,0.17,-0.409828053652));
#4517 = VECTOR('',#4518,1.);
#4518 = DIRECTION('',(1.,-0.,-0.));
#4519 = ORIENTED_EDGE('',*,*,#4520,.T.);
#4520 = EDGE_CURVE('',#4511,#4521,#4523,.T.);
#4521 = VERTEX_POINT('',#4522);
#4522 = CARTESIAN_POINT('',(0.27,0.257710276368,-0.34));
#4523 = CIRCLE('',#4524,9.E-02);
#4524 = AXIS2_PLACEMENT_3D('',#4525,#4526,#4527);
#4525 = CARTESIAN_POINT('',(0.27,0.17,-0.319828053652));
#4526 = DIRECTION('',(1.,0.,0.));
#4527 = DIRECTION('',(0.,-0.32312890736,-0.946354959425));
#4528 = ORIENTED_EDGE('',*,*,#4529,.T.);
#4529 = EDGE_CURVE('',#4521,#4530,#4532,.T.);
#4530 = VERTEX_POINT('',#4531);
#4531 = CARTESIAN_POINT('',(0.43,0.257710276368,-0.34));
#4532 = LINE('',#4533,#4534);
#4533 = CARTESIAN_POINT('',(0.27,0.257710276368,-0.34));
#4534 = VECTOR('',#4535,1.);
#4535 = DIRECTION('',(1.,0.,0.));
#4536 = ORIENTED_EDGE('',*,*,#4537,.F.);
#4537 = EDGE_CURVE('',#4513,#4530,#4538,.T.);
#4538 = CIRCLE('',#4539,9.E-02);
#4539 = AXIS2_PLACEMENT_3D('',#4540,#4541,#4542);
#4540 = CARTESIAN_POINT('',(0.43,0.17,-0.319828053652));
#4541 = DIRECTION('',(1.,0.,0.));
#4542 = DIRECTION('',(0.,-0.32312890736,-0.946354959425));
#4543 = CYLINDRICAL_SURFACE('',#4544,9.E-02);
#4544 = AXIS2_PLACEMENT_3D('',#4545,#4546,#4547);
#4545 = CARTESIAN_POINT('',(0.27,0.17,-0.319828053652));
#4546 = DIRECTION('',(-1.,0.,-0.));
#4547 = DIRECTION('',(0.,0.,-1.));
#4548 = ADVANCED_FACE('',(#4549),#4971,.F.);
#4549 = FACE_BOUND('',#4550,.T.);
#4550 = EDGE_LOOP('',(#4551,#4561,#4569,#4577,#4586,#4594,#4602,#4610,
    #4618,#4626,#4634,#4642,#4650,#4658,#4667,#4675,#4683,#4691,#4699,
    #4707,#4715,#4723,#4731,#4739,#4747,#4755,#4763,#4771,#4779,#4787,
    #4796,#4804,#4812,#4820,#4828,#4836,#4844,#4852,#4860,#4868,#4877,
    #4885,#4893,#4901,#4909,#4917,#4925,#4933,#4941,#4949,#4957,#4965));
#4551 = ORIENTED_EDGE('',*,*,#4552,.T.);
#4552 = EDGE_CURVE('',#4553,#4555,#4557,.T.);
#4553 = VERTEX_POINT('',#4554);
#4554 = CARTESIAN_POINT('',(1.5,-0.33,0.595));
#4555 = VERTEX_POINT('',#4556);
#4556 = CARTESIAN_POINT('',(1.5,-0.33,0.615));
#4557 = LINE('',#4558,#4559);
#4558 = CARTESIAN_POINT('',(1.5,-0.33,0.595));
#4559 = VECTOR('',#4560,1.);
#4560 = DIRECTION('',(0.,-1.820765760385E-12,1.));
#4561 = ORIENTED_EDGE('',*,*,#4562,.F.);
#4562 = EDGE_CURVE('',#4563,#4555,#4565,.T.);
#4563 = VERTEX_POINT('',#4564);
#4564 = CARTESIAN_POINT('',(1.65,-0.33,0.615));
#4565 = LINE('',#4566,#4567);
#4566 = CARTESIAN_POINT('',(1.65,-0.33,0.615));
#4567 = VECTOR('',#4568,1.);
#4568 = DIRECTION('',(-1.,0.,0.));
#4569 = ORIENTED_EDGE('',*,*,#4570,.F.);
#4570 = EDGE_CURVE('',#4571,#4563,#4573,.T.);
#4571 = VERTEX_POINT('',#4572);
#4572 = CARTESIAN_POINT('',(1.65,-0.33,0.973205080757));
#4573 = LINE('',#4574,#4575);
#4574 = CARTESIAN_POINT('',(1.65,-0.33,0.973205080757));
#4575 = VECTOR('',#4576,1.);
#4576 = DIRECTION('',(0.,0.,-1.));
#4577 = ORIENTED_EDGE('',*,*,#4578,.F.);
#4578 = EDGE_CURVE('',#4579,#4571,#4581,.T.);
#4579 = VERTEX_POINT('',#4580);
#4580 = CARTESIAN_POINT('',(1.55,-0.33,1.));
#4581 = CIRCLE('',#4582,0.2);
#4582 = AXIS2_PLACEMENT_3D('',#4583,#4584,#4585);
#4583 = CARTESIAN_POINT('',(1.55,-0.33,0.8));
#4584 = DIRECTION('',(0.,1.,0.));
#4585 = DIRECTION('',(0.,-0.,1.));
#4586 = ORIENTED_EDGE('',*,*,#4587,.F.);
#4587 = EDGE_CURVE('',#4588,#4579,#4590,.T.);
#4588 = VERTEX_POINT('',#4589);
#4589 = CARTESIAN_POINT('',(1.265,-0.33,1.));
#4590 = LINE('',#4591,#4592);
#4591 = CARTESIAN_POINT('',(1.265,-0.33,1.));
#4592 = VECTOR('',#4593,1.);
#4593 = DIRECTION('',(1.,0.,0.));
#4594 = ORIENTED_EDGE('',*,*,#4595,.T.);
#4595 = EDGE_CURVE('',#4588,#4596,#4598,.T.);
#4596 = VERTEX_POINT('',#4597);
#4597 = CARTESIAN_POINT('',(1.265,-0.33,0.88));
#4598 = LINE('',#4599,#4600);
#4599 = CARTESIAN_POINT('',(1.265,-0.33,1.));
#4600 = VECTOR('',#4601,1.);
#4601 = DIRECTION('',(0.,0.,-1.));
#4602 = ORIENTED_EDGE('',*,*,#4603,.T.);
#4603 = EDGE_CURVE('',#4596,#4604,#4606,.T.);
#4604 = VERTEX_POINT('',#4605);
#4605 = CARTESIAN_POINT('',(0.525,-0.33,0.88));
#4606 = LINE('',#4607,#4608);
#4607 = CARTESIAN_POINT('',(1.265,-0.33,0.88));
#4608 = VECTOR('',#4609,1.);
#4609 = DIRECTION('',(-1.,0.,0.));
#4610 = ORIENTED_EDGE('',*,*,#4611,.F.);
#4611 = EDGE_CURVE('',#4612,#4604,#4614,.T.);
#4612 = VERTEX_POINT('',#4613);
#4613 = CARTESIAN_POINT('',(0.525,-0.33,0.76));
#4614 = LINE('',#4615,#4616);
#4615 = CARTESIAN_POINT('',(0.525,-0.33,0.76));
#4616 = VECTOR('',#4617,1.);
#4617 = DIRECTION('',(0.,0.,1.));
#4618 = ORIENTED_EDGE('',*,*,#4619,.F.);
#4619 = EDGE_CURVE('',#4620,#4612,#4622,.T.);
#4620 = VERTEX_POINT('',#4621);
#4621 = CARTESIAN_POINT('',(-0.525,-0.33,0.76));
#4622 = LINE('',#4623,#4624);
#4623 = CARTESIAN_POINT('',(-0.525,-0.33,0.76));
#4624 = VECTOR('',#4625,1.);
#4625 = DIRECTION('',(1.,0.,0.));
#4626 = ORIENTED_EDGE('',*,*,#4627,.F.);
#4627 = EDGE_CURVE('',#4628,#4620,#4630,.T.);
#4628 = VERTEX_POINT('',#4629);
#4629 = CARTESIAN_POINT('',(-0.525,-0.33,0.88));
#4630 = LINE('',#4631,#4632);
#4631 = CARTESIAN_POINT('',(-0.525,-0.33,0.88));
#4632 = VECTOR('',#4633,1.);
#4633 = DIRECTION('',(0.,0.,-1.));
#4634 = ORIENTED_EDGE('',*,*,#4635,.T.);
#4635 = EDGE_CURVE('',#4628,#4636,#4638,.T.);
#4636 = VERTEX_POINT('',#4637);
#4637 = CARTESIAN_POINT('',(-1.265,-0.33,0.88));
#4638 = LINE('',#4639,#4640);
#4639 = CARTESIAN_POINT('',(-0.525,-0.33,0.88));
#4640 = VECTOR('',#4641,1.);
#4641 = DIRECTION('',(-1.,0.,0.));
#4642 = ORIENTED_EDGE('',*,*,#4643,.F.);
#4643 = EDGE_CURVE('',#4644,#4636,#4646,.T.);
#4644 = VERTEX_POINT('',#4645);
#4645 = CARTESIAN_POINT('',(-1.265,-0.33,1.));
#4646 = LINE('',#4647,#4648);
#4647 = CARTESIAN_POINT('',(-1.265,-0.33,1.));
#4648 = VECTOR('',#4649,1.);
#4649 = DIRECTION('',(0.,0.,-1.));
#4650 = ORIENTED_EDGE('',*,*,#4651,.F.);
#4651 = EDGE_CURVE('',#4652,#4644,#4654,.T.);
#4652 = VERTEX_POINT('',#4653);
#4653 = CARTESIAN_POINT('',(-1.55,-0.33,1.));
#4654 = LINE('',#4655,#4656);
#4655 = CARTESIAN_POINT('',(-1.55,-0.33,1.));
#4656 = VECTOR('',#4657,1.);
#4657 = DIRECTION('',(1.,0.,0.));
#4658 = ORIENTED_EDGE('',*,*,#4659,.F.);
#4659 = EDGE_CURVE('',#4660,#4652,#4662,.T.);
#4660 = VERTEX_POINT('',#4661);
#4661 = CARTESIAN_POINT('',(-1.65,-0.33,0.973205080757));
#4662 = CIRCLE('',#4663,0.2);
#4663 = AXIS2_PLACEMENT_3D('',#4664,#4665,#4666);
#4664 = CARTESIAN_POINT('',(-1.55,-0.33,0.8));
#4665 = DIRECTION('',(0.,1.,0.));
#4666 = DIRECTION('',(-0.5,0.,0.866025403784));
#4667 = ORIENTED_EDGE('',*,*,#4668,.T.);
#4668 = EDGE_CURVE('',#4660,#4669,#4671,.T.);
#4669 = VERTEX_POINT('',#4670);
#4670 = CARTESIAN_POINT('',(-1.65,-0.33,0.615));
#4671 = LINE('',#4672,#4673);
#4672 = CARTESIAN_POINT('',(-1.65,-0.33,0.973205080757));
#4673 = VECTOR('',#4674,1.);
#4674 = DIRECTION('',(0.,0.,-1.));
#4675 = ORIENTED_EDGE('',*,*,#4676,.T.);
#4676 = EDGE_CURVE('',#4669,#4677,#4679,.T.);
#4677 = VERTEX_POINT('',#4678);
#4678 = CARTESIAN_POINT('',(-1.5,-0.33,0.615));
#4679 = LINE('',#4680,#4681);
#4680 = CARTESIAN_POINT('',(-1.65,-0.33,0.615));
#4681 = VECTOR('',#4682,1.);
#4682 = DIRECTION('',(1.,0.,0.));
#4683 = ORIENTED_EDGE('',*,*,#4684,.T.);
#4684 = EDGE_CURVE('',#4677,#4685,#4687,.T.);
#4685 = VERTEX_POINT('',#4686);
#4686 = CARTESIAN_POINT('',(-1.5,-0.33,0.595));
#4687 = LINE('',#4688,#4689);
#4688 = CARTESIAN_POINT('',(-1.5,-0.33,0.615));
#4689 = VECTOR('',#4690,1.);
#4690 = DIRECTION('',(0.,1.820765760385E-12,-1.));
#4691 = ORIENTED_EDGE('',*,*,#4692,.T.);
#4692 = EDGE_CURVE('',#4685,#4693,#4695,.T.);
#4693 = VERTEX_POINT('',#4694);
#4694 = CARTESIAN_POINT('',(-1.5,-0.33,0.37));
#4695 = LINE('',#4696,#4697);
#4696 = CARTESIAN_POINT('',(-1.5,-0.33,0.595));
#4697 = VECTOR('',#4698,1.);
#4698 = DIRECTION('',(0.,5.403085386509E-14,-1.));
#4699 = ORIENTED_EDGE('',*,*,#4700,.T.);
#4700 = EDGE_CURVE('',#4693,#4701,#4703,.T.);
#4701 = VERTEX_POINT('',#4702);
#4702 = CARTESIAN_POINT('',(-1.58,-0.33,0.37));
#4703 = LINE('',#4704,#4705);
#4704 = CARTESIAN_POINT('',(-1.5,-0.33,0.37));
#4705 = VECTOR('',#4706,1.);
#4706 = DIRECTION('',(-1.,-6.071532165919E-13,-4.024558464266E-14));
#4707 = ORIENTED_EDGE('',*,*,#4708,.T.);
#4708 = EDGE_CURVE('',#4701,#4709,#4711,.T.);
#4709 = VERTEX_POINT('',#4710);
#4710 = CARTESIAN_POINT('',(-1.58,-0.33,0.35));
#4711 = LINE('',#4712,#4713);
#4712 = CARTESIAN_POINT('',(-1.58,-0.33,0.37));
#4713 = VECTOR('',#4714,1.);
#4714 = DIRECTION('',(0.,0.,-1.));
#4715 = ORIENTED_EDGE('',*,*,#4716,.F.);
#4716 = EDGE_CURVE('',#4717,#4709,#4719,.T.);
#4717 = VERTEX_POINT('',#4718);
#4718 = CARTESIAN_POINT('',(-1.65,-0.33,0.35));
#4719 = LINE('',#4720,#4721);
#4720 = CARTESIAN_POINT('',(-1.65,-0.33,0.35));
#4721 = VECTOR('',#4722,1.);
#4722 = DIRECTION('',(1.,0.,0.));
#4723 = ORIENTED_EDGE('',*,*,#4724,.T.);
#4724 = EDGE_CURVE('',#4717,#4725,#4727,.T.);
#4725 = VERTEX_POINT('',#4726);
#4726 = CARTESIAN_POINT('',(-1.65,-0.33,-0.35));
#4727 = LINE('',#4728,#4729);
#4728 = CARTESIAN_POINT('',(-1.65,-0.33,0.35));
#4729 = VECTOR('',#4730,1.);
#4730 = DIRECTION('',(0.,0.,-1.));
#4731 = ORIENTED_EDGE('',*,*,#4732,.T.);
#4732 = EDGE_CURVE('',#4725,#4733,#4735,.T.);
#4733 = VERTEX_POINT('',#4734);
#4734 = CARTESIAN_POINT('',(-1.58,-0.33,-0.35));
#4735 = LINE('',#4736,#4737);
#4736 = CARTESIAN_POINT('',(-1.65,-0.33,-0.35));
#4737 = VECTOR('',#4738,1.);
#4738 = DIRECTION('',(1.,0.,0.));
#4739 = ORIENTED_EDGE('',*,*,#4740,.T.);
#4740 = EDGE_CURVE('',#4733,#4741,#4743,.T.);
#4741 = VERTEX_POINT('',#4742);
#4742 = CARTESIAN_POINT('',(-1.58,-0.33,-0.37));
#4743 = LINE('',#4744,#4745);
#4744 = CARTESIAN_POINT('',(-1.58,-0.33,-0.35));
#4745 = VECTOR('',#4746,1.);
#4746 = DIRECTION('',(0.,0.,-1.));
#4747 = ORIENTED_EDGE('',*,*,#4748,.F.);
#4748 = EDGE_CURVE('',#4749,#4741,#4751,.T.);
#4749 = VERTEX_POINT('',#4750);
#4750 = CARTESIAN_POINT('',(-1.5,-0.33,-0.37));
#4751 = LINE('',#4752,#4753);
#4752 = CARTESIAN_POINT('',(-1.5,-0.33,-0.37));
#4753 = VECTOR('',#4754,1.);
#4754 = DIRECTION('',(-1.,-8.257283745656E-14,0.));
#4755 = ORIENTED_EDGE('',*,*,#4756,.T.);
#4756 = EDGE_CURVE('',#4749,#4757,#4759,.T.);
#4757 = VERTEX_POINT('',#4758);
#4758 = CARTESIAN_POINT('',(-1.5,-0.33,-0.595));
#4759 = LINE('',#4760,#4761);
#4760 = CARTESIAN_POINT('',(-1.5,-0.33,-0.37));
#4761 = VECTOR('',#4762,1.);
#4762 = DIRECTION('',(8.48703823269E-14,0.,-1.));
#4763 = ORIENTED_EDGE('',*,*,#4764,.T.);
#4764 = EDGE_CURVE('',#4757,#4765,#4767,.T.);
#4765 = VERTEX_POINT('',#4766);
#4766 = CARTESIAN_POINT('',(-1.5,-0.33,-0.615));
#4767 = LINE('',#4768,#4769);
#4768 = CARTESIAN_POINT('',(-1.5,-0.33,-0.595));
#4769 = VECTOR('',#4770,1.);
#4770 = DIRECTION('',(2.209343819003E-12,-3.524958103184E-13,-1.));
#4771 = ORIENTED_EDGE('',*,*,#4772,.F.);
#4772 = EDGE_CURVE('',#4773,#4765,#4775,.T.);
#4773 = VERTEX_POINT('',#4774);
#4774 = CARTESIAN_POINT('',(-1.65,-0.33,-0.615));
#4775 = LINE('',#4776,#4777);
#4776 = CARTESIAN_POINT('',(-1.65,-0.33,-0.615));
#4777 = VECTOR('',#4778,1.);
#4778 = DIRECTION('',(1.,0.,0.));
#4779 = ORIENTED_EDGE('',*,*,#4780,.T.);
#4780 = EDGE_CURVE('',#4773,#4781,#4783,.T.);
#4781 = VERTEX_POINT('',#4782);
#4782 = CARTESIAN_POINT('',(-1.65,-0.33,-0.973205080757));
#4783 = LINE('',#4784,#4785);
#4784 = CARTESIAN_POINT('',(-1.65,-0.33,-0.615));
#4785 = VECTOR('',#4786,1.);
#4786 = DIRECTION('',(0.,0.,-1.));
#4787 = ORIENTED_EDGE('',*,*,#4788,.F.);
#4788 = EDGE_CURVE('',#4789,#4781,#4791,.T.);
#4789 = VERTEX_POINT('',#4790);
#4790 = CARTESIAN_POINT('',(-1.55,-0.33,-1.));
#4791 = CIRCLE('',#4792,0.2);
#4792 = AXIS2_PLACEMENT_3D('',#4793,#4794,#4795);
#4793 = CARTESIAN_POINT('',(-1.55,-0.33,-0.8));
#4794 = DIRECTION('',(0.,1.,0.));
#4795 = DIRECTION('',(0.,0.,-1.));
#4796 = ORIENTED_EDGE('',*,*,#4797,.F.);
#4797 = EDGE_CURVE('',#4798,#4789,#4800,.T.);
#4798 = VERTEX_POINT('',#4799);
#4799 = CARTESIAN_POINT('',(-1.265,-0.33,-1.));
#4800 = LINE('',#4801,#4802);
#4801 = CARTESIAN_POINT('',(-1.265,-0.33,-1.));
#4802 = VECTOR('',#4803,1.);
#4803 = DIRECTION('',(-1.,0.,0.));
#4804 = ORIENTED_EDGE('',*,*,#4805,.T.);
#4805 = EDGE_CURVE('',#4798,#4806,#4808,.T.);
#4806 = VERTEX_POINT('',#4807);
#4807 = CARTESIAN_POINT('',(-1.265,-0.33,-0.88));
#4808 = LINE('',#4809,#4810);
#4809 = CARTESIAN_POINT('',(-1.265,-0.33,-1.));
#4810 = VECTOR('',#4811,1.);
#4811 = DIRECTION('',(0.,0.,1.));
#4812 = ORIENTED_EDGE('',*,*,#4813,.T.);
#4813 = EDGE_CURVE('',#4806,#4814,#4816,.T.);
#4814 = VERTEX_POINT('',#4815);
#4815 = CARTESIAN_POINT('',(-0.525,-0.33,-0.88));
#4816 = LINE('',#4817,#4818);
#4817 = CARTESIAN_POINT('',(-1.265,-0.33,-0.88));
#4818 = VECTOR('',#4819,1.);
#4819 = DIRECTION('',(1.,0.,0.));
#4820 = ORIENTED_EDGE('',*,*,#4821,.F.);
#4821 = EDGE_CURVE('',#4822,#4814,#4824,.T.);
#4822 = VERTEX_POINT('',#4823);
#4823 = CARTESIAN_POINT('',(-0.525,-0.33,-0.76));
#4824 = LINE('',#4825,#4826);
#4825 = CARTESIAN_POINT('',(-0.525,-0.33,-0.76));
#4826 = VECTOR('',#4827,1.);
#4827 = DIRECTION('',(0.,0.,-1.));
#4828 = ORIENTED_EDGE('',*,*,#4829,.F.);
#4829 = EDGE_CURVE('',#4830,#4822,#4832,.T.);
#4830 = VERTEX_POINT('',#4831);
#4831 = CARTESIAN_POINT('',(0.525,-0.33,-0.76));
#4832 = LINE('',#4833,#4834);
#4833 = CARTESIAN_POINT('',(0.525,-0.33,-0.76));
#4834 = VECTOR('',#4835,1.);
#4835 = DIRECTION('',(-1.,0.,0.));
#4836 = ORIENTED_EDGE('',*,*,#4837,.F.);
#4837 = EDGE_CURVE('',#4838,#4830,#4840,.T.);
#4838 = VERTEX_POINT('',#4839);
#4839 = CARTESIAN_POINT('',(0.525,-0.33,-0.88));
#4840 = LINE('',#4841,#4842);
#4841 = CARTESIAN_POINT('',(0.525,-0.33,-0.88));
#4842 = VECTOR('',#4843,1.);
#4843 = DIRECTION('',(0.,0.,1.));
#4844 = ORIENTED_EDGE('',*,*,#4845,.T.);
#4845 = EDGE_CURVE('',#4838,#4846,#4848,.T.);
#4846 = VERTEX_POINT('',#4847);
#4847 = CARTESIAN_POINT('',(1.265,-0.33,-0.88));
#4848 = LINE('',#4849,#4850);
#4849 = CARTESIAN_POINT('',(0.525,-0.33,-0.88));
#4850 = VECTOR('',#4851,1.);
#4851 = DIRECTION('',(1.,0.,0.));
#4852 = ORIENTED_EDGE('',*,*,#4853,.F.);
#4853 = EDGE_CURVE('',#4854,#4846,#4856,.T.);
#4854 = VERTEX_POINT('',#4855);
#4855 = CARTESIAN_POINT('',(1.265,-0.33,-1.));
#4856 = LINE('',#4857,#4858);
#4857 = CARTESIAN_POINT('',(1.265,-0.33,-1.));
#4858 = VECTOR('',#4859,1.);
#4859 = DIRECTION('',(0.,0.,1.));
#4860 = ORIENTED_EDGE('',*,*,#4861,.F.);
#4861 = EDGE_CURVE('',#4862,#4854,#4864,.T.);
#4862 = VERTEX_POINT('',#4863);
#4863 = CARTESIAN_POINT('',(1.55,-0.33,-1.));
#4864 = LINE('',#4865,#4866);
#4865 = CARTESIAN_POINT('',(1.55,-0.33,-1.));
#4866 = VECTOR('',#4867,1.);
#4867 = DIRECTION('',(-1.,0.,0.));
#4868 = ORIENTED_EDGE('',*,*,#4869,.F.);
#4869 = EDGE_CURVE('',#4870,#4862,#4872,.T.);
#4870 = VERTEX_POINT('',#4871);
#4871 = CARTESIAN_POINT('',(1.65,-0.33,-0.973205080757));
#4872 = CIRCLE('',#4873,0.2);
#4873 = AXIS2_PLACEMENT_3D('',#4874,#4875,#4876);
#4874 = CARTESIAN_POINT('',(1.55,-0.33,-0.8));
#4875 = DIRECTION('',(0.,1.,0.));
#4876 = DIRECTION('',(0.5,0.,-0.866025403784));
#4877 = ORIENTED_EDGE('',*,*,#4878,.F.);
#4878 = EDGE_CURVE('',#4879,#4870,#4881,.T.);
#4879 = VERTEX_POINT('',#4880);
#4880 = CARTESIAN_POINT('',(1.65,-0.33,-0.615));
#4881 = LINE('',#4882,#4883);
#4882 = CARTESIAN_POINT('',(1.65,-0.33,-0.615));
#4883 = VECTOR('',#4884,1.);
#4884 = DIRECTION('',(0.,0.,-1.));
#4885 = ORIENTED_EDGE('',*,*,#4886,.T.);
#4886 = EDGE_CURVE('',#4879,#4887,#4889,.T.);
#4887 = VERTEX_POINT('',#4888);
#4888 = CARTESIAN_POINT('',(1.5,-0.33,-0.615));
#4889 = LINE('',#4890,#4891);
#4890 = CARTESIAN_POINT('',(1.65,-0.33,-0.615));
#4891 = VECTOR('',#4892,1.);
#4892 = DIRECTION('',(-1.,0.,0.));
#4893 = ORIENTED_EDGE('',*,*,#4894,.T.);
#4894 = EDGE_CURVE('',#4887,#4895,#4897,.T.);
#4895 = VERTEX_POINT('',#4896);
#4896 = CARTESIAN_POINT('',(1.5,-0.33,-0.595));
#4897 = LINE('',#4898,#4899);
#4898 = CARTESIAN_POINT('',(1.5,-0.33,-0.615));
#4899 = VECTOR('',#4900,1.);
#4900 = DIRECTION('',(0.,1.817990202823E-12,1.));
#4901 = ORIENTED_EDGE('',*,*,#4902,.T.);
#4902 = EDGE_CURVE('',#4895,#4903,#4905,.T.);
#4903 = VERTEX_POINT('',#4904);
#4904 = CARTESIAN_POINT('',(1.5,-0.33,-0.37));
#4905 = LINE('',#4906,#4907);
#4906 = CARTESIAN_POINT('',(1.5,-0.33,-0.595));
#4907 = VECTOR('',#4908,1.);
#4908 = DIRECTION('',(0.,5.37841376374E-14,1.));
#4909 = ORIENTED_EDGE('',*,*,#4910,.T.);
#4910 = EDGE_CURVE('',#4903,#4911,#4913,.T.);
#4911 = VERTEX_POINT('',#4912);
#4912 = CARTESIAN_POINT('',(1.58,-0.33,-0.37));
#4913 = LINE('',#4914,#4915);
#4914 = CARTESIAN_POINT('',(1.5,-0.33,-0.37));
#4915 = VECTOR('',#4916,1.);
#4916 = DIRECTION('',(1.,-6.057654378111E-13,0.));
#4917 = ORIENTED_EDGE('',*,*,#4918,.F.);
#4918 = EDGE_CURVE('',#4919,#4911,#4921,.T.);
#4919 = VERTEX_POINT('',#4920);
#4920 = CARTESIAN_POINT('',(1.58,-0.33,-0.35));
#4921 = LINE('',#4922,#4923);
#4922 = CARTESIAN_POINT('',(1.58,-0.33,-0.35));
#4923 = VECTOR('',#4924,1.);
#4924 = DIRECTION('',(0.,0.,-1.));
#4925 = ORIENTED_EDGE('',*,*,#4926,.F.);
#4926 = EDGE_CURVE('',#4927,#4919,#4929,.T.);
#4927 = VERTEX_POINT('',#4928);
#4928 = CARTESIAN_POINT('',(1.65,-0.33,-0.35));
#4929 = LINE('',#4930,#4931);
#4930 = CARTESIAN_POINT('',(1.65,-0.33,-0.35));
#4931 = VECTOR('',#4932,1.);
#4932 = DIRECTION('',(-1.,0.,0.));
#4933 = ORIENTED_EDGE('',*,*,#4934,.F.);
#4934 = EDGE_CURVE('',#4935,#4927,#4937,.T.);
#4935 = VERTEX_POINT('',#4936);
#4936 = CARTESIAN_POINT('',(1.65,-0.33,0.35));
#4937 = LINE('',#4938,#4939);
#4938 = CARTESIAN_POINT('',(1.65,-0.33,0.35));
#4939 = VECTOR('',#4940,1.);
#4940 = DIRECTION('',(0.,0.,-1.));
#4941 = ORIENTED_EDGE('',*,*,#4942,.T.);
#4942 = EDGE_CURVE('',#4935,#4943,#4945,.T.);
#4943 = VERTEX_POINT('',#4944);
#4944 = CARTESIAN_POINT('',(1.58,-0.33,0.35));
#4945 = LINE('',#4946,#4947);
#4946 = CARTESIAN_POINT('',(1.65,-0.33,0.35));
#4947 = VECTOR('',#4948,1.);
#4948 = DIRECTION('',(-1.,0.,0.));
#4949 = ORIENTED_EDGE('',*,*,#4950,.F.);
#4950 = EDGE_CURVE('',#4951,#4943,#4953,.T.);
#4951 = VERTEX_POINT('',#4952);
#4952 = CARTESIAN_POINT('',(1.58,-0.33,0.37));
#4953 = LINE('',#4954,#4955);
#4954 = CARTESIAN_POINT('',(1.58,-0.33,0.37));
#4955 = VECTOR('',#4956,1.);
#4956 = DIRECTION('',(0.,0.,-1.));
#4957 = ORIENTED_EDGE('',*,*,#4958,.F.);
#4958 = EDGE_CURVE('',#4959,#4951,#4961,.T.);
#4959 = VERTEX_POINT('',#4960);
#4960 = CARTESIAN_POINT('',(1.5,-0.33,0.37));
#4961 = LINE('',#4962,#4963);
#4962 = CARTESIAN_POINT('',(1.5,-0.33,0.37));
#4963 = VECTOR('',#4964,1.);
#4964 = DIRECTION('',(1.,-6.071532165919E-13,-4.440892098501E-14));
#4965 = ORIENTED_EDGE('',*,*,#4966,.T.);
#4966 = EDGE_CURVE('',#4959,#4553,#4967,.T.);
#4967 = LINE('',#4968,#4969);
#4968 = CARTESIAN_POINT('',(1.5,-0.33,0.37));
#4969 = VECTOR('',#4970,1.);
#4970 = DIRECTION('',(0.,-5.403085386509E-14,1.));
#4971 = PLANE('',#4972);
#4972 = AXIS2_PLACEMENT_3D('',#4973,#4974,#4975);
#4973 = CARTESIAN_POINT('',(0.,-0.33,0.));
#4974 = DIRECTION('',(-0.,1.,0.));
#4975 = DIRECTION('',(1.,0.,0.));
#4976 = ADVANCED_FACE('',(#4977),#5004,.T.);
#4977 = FACE_BOUND('',#4978,.T.);
#4978 = EDGE_LOOP('',(#4979,#4980,#4989,#4997));
#4979 = ORIENTED_EDGE('',*,*,#4966,.F.);
#4980 = ORIENTED_EDGE('',*,*,#4981,.F.);
#4981 = EDGE_CURVE('',#4982,#4959,#4984,.T.);
#4982 = VERTEX_POINT('',#4983);
#4983 = CARTESIAN_POINT('',(1.566332495807,-0.35,0.37));
#4984 = CIRCLE('',#4985,0.12);
#4985 = AXIS2_PLACEMENT_3D('',#4986,#4987,#4988);
#4986 = CARTESIAN_POINT('',(1.566332495807,-0.23,0.37));
#4987 = DIRECTION('',(-0.,0.,-1.));
#4988 = DIRECTION('',(-1.826316875508E-12,-1.,0.));
#4989 = ORIENTED_EDGE('',*,*,#4990,.T.);
#4990 = EDGE_CURVE('',#4982,#4991,#4993,.T.);
#4991 = VERTEX_POINT('',#4992);
#4992 = CARTESIAN_POINT('',(1.566332495807,-0.35,0.595));
#4993 = LINE('',#4994,#4995);
#4994 = CARTESIAN_POINT('',(1.566332495807,-0.35,0.37));
#4995 = VECTOR('',#4996,1.);
#4996 = DIRECTION('',(0.,0.,1.));
#4997 = ORIENTED_EDGE('',*,*,#4998,.F.);
#4998 = EDGE_CURVE('',#4553,#4991,#4999,.T.);
#4999 = CIRCLE('',#5000,0.12);
#5000 = AXIS2_PLACEMENT_3D('',#5001,#5002,#5003);
#5001 = CARTESIAN_POINT('',(1.566332495807,-0.23,0.595));
#5002 = DIRECTION('',(0.,0.,1.));
#5003 = DIRECTION('',(-0.552770798394,-0.833333333333,0.));
#5004 = CYLINDRICAL_SURFACE('',#5005,0.12);
#5005 = AXIS2_PLACEMENT_3D('',#5006,#5007,#5008);
#5006 = CARTESIAN_POINT('',(1.566332495807,-0.23,-3.6072));
#5007 = DIRECTION('',(0.,-0.,-1.));
#5008 = DIRECTION('',(-0.552770798394,-0.833333333332,0.));
#5009 = ADVANCED_FACE('',(#5010),#5084,.T.);
#5010 = FACE_BOUND('',#5011,.T.);
#5011 = EDGE_LOOP('',(#5012,#5020,#5028,#5036,#5044,#5052,#5061,#5069,
    #5077,#5083));
#5012 = ORIENTED_EDGE('',*,*,#5013,.T.);
#5013 = EDGE_CURVE('',#4991,#5014,#5016,.T.);
#5014 = VERTEX_POINT('',#5015);
#5015 = CARTESIAN_POINT('',(1.67,-0.35,0.595));
#5016 = LINE('',#5017,#5018);
#5017 = CARTESIAN_POINT('',(1.566332495807,-0.35,0.595));
#5018 = VECTOR('',#5019,1.);
#5019 = DIRECTION('',(1.,0.,0.));
#5020 = ORIENTED_EDGE('',*,*,#5021,.F.);
#5021 = EDGE_CURVE('',#5022,#5014,#5024,.T.);
#5022 = VERTEX_POINT('',#5023);
#5023 = CARTESIAN_POINT('',(1.69,-0.33,0.595));
#5024 = LINE('',#5025,#5026);
#5025 = CARTESIAN_POINT('',(1.69,-0.33,0.595));
#5026 = VECTOR('',#5027,1.);
#5027 = DIRECTION('',(-0.707106781187,-0.707106781187,0.));
#5028 = ORIENTED_EDGE('',*,*,#5029,.F.);
#5029 = EDGE_CURVE('',#5030,#5022,#5032,.T.);
#5030 = VERTEX_POINT('',#5031);
#5031 = CARTESIAN_POINT('',(1.73,-0.33,0.595));
#5032 = LINE('',#5033,#5034);
#5033 = CARTESIAN_POINT('',(1.73,-0.33,0.595));
#5034 = VECTOR('',#5035,1.);
#5035 = DIRECTION('',(-1.,0.,0.));
#5036 = ORIENTED_EDGE('',*,*,#5037,.F.);
#5037 = EDGE_CURVE('',#5038,#5030,#5040,.T.);
#5038 = VERTEX_POINT('',#5039);
#5039 = CARTESIAN_POINT('',(1.73,-0.27,0.595));
#5040 = LINE('',#5041,#5042);
#5041 = CARTESIAN_POINT('',(1.73,-0.27,0.595));
#5042 = VECTOR('',#5043,1.);
#5043 = DIRECTION('',(0.,-1.,0.));
#5044 = ORIENTED_EDGE('',*,*,#5045,.F.);
#5045 = EDGE_CURVE('',#5046,#5038,#5048,.T.);
#5046 = VERTEX_POINT('',#5047);
#5047 = CARTESIAN_POINT('',(1.62,-0.27,0.595));
#5048 = LINE('',#5049,#5050);
#5049 = CARTESIAN_POINT('',(1.62,-0.27,0.595));
#5050 = VECTOR('',#5051,1.);
#5051 = DIRECTION('',(1.,0.,0.));
#5052 = ORIENTED_EDGE('',*,*,#5053,.T.);
#5053 = EDGE_CURVE('',#5046,#5054,#5056,.T.);
#5054 = VERTEX_POINT('',#5055);
#5055 = CARTESIAN_POINT('',(1.58,-0.23,0.595));
#5056 = CIRCLE('',#5057,4.E-02);
#5057 = AXIS2_PLACEMENT_3D('',#5058,#5059,#5060);
#5058 = CARTESIAN_POINT('',(1.62,-0.23,0.595));
#5059 = DIRECTION('',(0.,0.,-1.));
#5060 = DIRECTION('',(0.,-1.,0.));
#5061 = ORIENTED_EDGE('',*,*,#5062,.F.);
#5062 = EDGE_CURVE('',#5063,#5054,#5065,.T.);
#5063 = VERTEX_POINT('',#5064);
#5064 = CARTESIAN_POINT('',(1.58,-3.5E-02,0.595));
#5065 = LINE('',#5066,#5067);
#5066 = CARTESIAN_POINT('',(1.58,-3.5E-02,0.595));
#5067 = VECTOR('',#5068,1.);
#5068 = DIRECTION('',(0.,-1.,0.));
#5069 = ORIENTED_EDGE('',*,*,#5070,.F.);
#5070 = EDGE_CURVE('',#5071,#5063,#5073,.T.);
#5071 = VERTEX_POINT('',#5072);
#5072 = CARTESIAN_POINT('',(1.5,-3.5E-02,0.595));
#5073 = LINE('',#5074,#5075);
#5074 = CARTESIAN_POINT('',(1.5,-3.5E-02,0.595));
#5075 = VECTOR('',#5076,1.);
#5076 = DIRECTION('',(1.,0.,0.));
#5077 = ORIENTED_EDGE('',*,*,#5078,.F.);
#5078 = EDGE_CURVE('',#4553,#5071,#5079,.T.);
#5079 = LINE('',#5080,#5081);
#5080 = CARTESIAN_POINT('',(1.5,-0.33,0.595));
#5081 = VECTOR('',#5082,1.);
#5082 = DIRECTION('',(0.,1.,0.));
#5083 = ORIENTED_EDGE('',*,*,#4998,.T.);
#5084 = PLANE('',#5085);
#5085 = AXIS2_PLACEMENT_3D('',#5086,#5087,#5088);
#5086 = CARTESIAN_POINT('',(1.5,-2.E-02,0.595));
#5087 = DIRECTION('',(0.,0.,1.));
#5088 = DIRECTION('',(1.,0.,-0.));
#5089 = ADVANCED_FACE('',(#5090),#5124,.F.);
#5090 = FACE_BOUND('',#5091,.T.);
#5091 = EDGE_LOOP('',(#5092,#5102,#5110,#5118));
#5092 = ORIENTED_EDGE('',*,*,#5093,.F.);
#5093 = EDGE_CURVE('',#5094,#5096,#5098,.T.);
#5094 = VERTEX_POINT('',#5095);
#5095 = CARTESIAN_POINT('',(1.5,2.E-02,0.88));
#5096 = VERTEX_POINT('',#5097);
#5097 = CARTESIAN_POINT('',(1.5,2.E-02,0.75));
#5098 = LINE('',#5099,#5100);
#5099 = CARTESIAN_POINT('',(1.5,2.E-02,0.88));
#5100 = VECTOR('',#5101,1.);
#5101 = DIRECTION('',(0.,0.,-1.));
#5102 = ORIENTED_EDGE('',*,*,#5103,.T.);
#5103 = EDGE_CURVE('',#5094,#5104,#5106,.T.);
#5104 = VERTEX_POINT('',#5105);
#5105 = CARTESIAN_POINT('',(1.5,-1.E-02,0.88));
#5106 = LINE('',#5107,#5108);
#5107 = CARTESIAN_POINT('',(1.5,2.E-02,0.88));
#5108 = VECTOR('',#5109,1.);
#5109 = DIRECTION('',(0.,-1.,2.960594732334E-14));
#5110 = ORIENTED_EDGE('',*,*,#5111,.F.);
#5111 = EDGE_CURVE('',#5112,#5104,#5114,.T.);
#5112 = VERTEX_POINT('',#5113);
#5113 = CARTESIAN_POINT('',(1.5,-1.E-02,0.75));
#5114 = LINE('',#5115,#5116);
#5115 = CARTESIAN_POINT('',(1.5,-1.E-02,0.75));
#5116 = VECTOR('',#5117,1.);
#5117 = DIRECTION('',(0.,0.,1.));
#5118 = ORIENTED_EDGE('',*,*,#5119,.F.);
#5119 = EDGE_CURVE('',#5096,#5112,#5120,.T.);
#5120 = LINE('',#5121,#5122);
#5121 = CARTESIAN_POINT('',(1.5,2.E-02,0.75));
#5122 = VECTOR('',#5123,1.);
#5123 = DIRECTION('',(0.,-1.,0.));
#5124 = PLANE('',#5125);
#5125 = AXIS2_PLACEMENT_3D('',#5126,#5127,#5128);
#5126 = CARTESIAN_POINT('',(1.5,0.33,-0.615));
#5127 = DIRECTION('',(-1.,0.,0.));
#5128 = DIRECTION('',(0.,0.,1.));
#5129 = ADVANCED_FACE('',(#5130),#5164,.F.);
#5130 = FACE_BOUND('',#5131,.T.);
#5131 = EDGE_LOOP('',(#5132,#5142,#5150,#5158));
#5132 = ORIENTED_EDGE('',*,*,#5133,.T.);
#5133 = EDGE_CURVE('',#5134,#5136,#5138,.T.);
#5134 = VERTEX_POINT('',#5135);
#5135 = CARTESIAN_POINT('',(1.5,2.E-02,-0.88));
#5136 = VERTEX_POINT('',#5137);
#5137 = CARTESIAN_POINT('',(1.5,2.E-02,-0.75));
#5138 = LINE('',#5139,#5140);
#5139 = CARTESIAN_POINT('',(1.5,2.E-02,-0.88));
#5140 = VECTOR('',#5141,1.);
#5141 = DIRECTION('',(0.,0.,1.));
#5142 = ORIENTED_EDGE('',*,*,#5143,.T.);
#5143 = EDGE_CURVE('',#5136,#5144,#5146,.T.);
#5144 = VERTEX_POINT('',#5145);
#5145 = CARTESIAN_POINT('',(1.5,-1.E-02,-0.75));
#5146 = LINE('',#5147,#5148);
#5147 = CARTESIAN_POINT('',(1.5,2.E-02,-0.75));
#5148 = VECTOR('',#5149,1.);
#5149 = DIRECTION('',(0.,-1.,0.));
#5150 = ORIENTED_EDGE('',*,*,#5151,.F.);
#5151 = EDGE_CURVE('',#5152,#5144,#5154,.T.);
#5152 = VERTEX_POINT('',#5153);
#5153 = CARTESIAN_POINT('',(1.5,-1.E-02,-0.88));
#5154 = LINE('',#5155,#5156);
#5155 = CARTESIAN_POINT('',(1.5,-1.E-02,-0.88));
#5156 = VECTOR('',#5157,1.);
#5157 = DIRECTION('',(0.,0.,1.));
#5158 = ORIENTED_EDGE('',*,*,#5159,.F.);
#5159 = EDGE_CURVE('',#5134,#5152,#5160,.T.);
#5160 = LINE('',#5161,#5162);
#5161 = CARTESIAN_POINT('',(1.5,2.E-02,-0.88));
#5162 = VECTOR('',#5163,1.);
#5163 = DIRECTION('',(0.,-1.,0.));
#5164 = PLANE('',#5165);
#5165 = AXIS2_PLACEMENT_3D('',#5166,#5167,#5168);
#5166 = CARTESIAN_POINT('',(1.5,0.33,-0.615));
#5167 = DIRECTION('',(-1.,0.,0.));
#5168 = DIRECTION('',(0.,0.,1.));
#5169 = ADVANCED_FACE('',(#5170),#5195,.F.);
#5170 = FACE_BOUND('',#5171,.T.);
#5171 = EDGE_LOOP('',(#5172,#5180,#5188,#5194));
#5172 = ORIENTED_EDGE('',*,*,#5173,.F.);
#5173 = EDGE_CURVE('',#5174,#4887,#5176,.T.);
#5174 = VERTEX_POINT('',#5175);
#5175 = CARTESIAN_POINT('',(1.5,-3.5E-02,-0.615));
#5176 = LINE('',#5177,#5178);
#5177 = CARTESIAN_POINT('',(1.5,-3.5E-02,-0.615));
#5178 = VECTOR('',#5179,1.);
#5179 = DIRECTION('',(0.,-1.,0.));
#5180 = ORIENTED_EDGE('',*,*,#5181,.F.);
#5181 = EDGE_CURVE('',#5182,#5174,#5184,.T.);
#5182 = VERTEX_POINT('',#5183);
#5183 = CARTESIAN_POINT('',(1.5,-3.5E-02,-0.595));
#5184 = LINE('',#5185,#5186);
#5185 = CARTESIAN_POINT('',(1.5,-3.5E-02,-0.595));
#5186 = VECTOR('',#5187,1.);
#5187 = DIRECTION('',(0.,0.,-1.));
#5188 = ORIENTED_EDGE('',*,*,#5189,.F.);
#5189 = EDGE_CURVE('',#4895,#5182,#5190,.T.);
#5190 = LINE('',#5191,#5192);
#5191 = CARTESIAN_POINT('',(1.5,-0.33,-0.595));
#5192 = VECTOR('',#5193,1.);
#5193 = DIRECTION('',(0.,1.,0.));
#5194 = ORIENTED_EDGE('',*,*,#4894,.F.);
#5195 = PLANE('',#5196);
#5196 = AXIS2_PLACEMENT_3D('',#5197,#5198,#5199);
#5197 = CARTESIAN_POINT('',(1.5,0.33,-0.615));
#5198 = DIRECTION('',(-1.,0.,0.));
#5199 = DIRECTION('',(0.,0.,1.));
#5200 = ADVANCED_FACE('',(#5201),#5219,.F.);
#5201 = FACE_BOUND('',#5202,.T.);
#5202 = EDGE_LOOP('',(#5203,#5204,#5212,#5218));
#5203 = ORIENTED_EDGE('',*,*,#5078,.T.);
#5204 = ORIENTED_EDGE('',*,*,#5205,.F.);
#5205 = EDGE_CURVE('',#5206,#5071,#5208,.T.);
#5206 = VERTEX_POINT('',#5207);
#5207 = CARTESIAN_POINT('',(1.5,-3.5E-02,0.615));
#5208 = LINE('',#5209,#5210);
#5209 = CARTESIAN_POINT('',(1.5,-3.5E-02,0.615));
#5210 = VECTOR('',#5211,1.);
#5211 = DIRECTION('',(0.,0.,-1.));
#5212 = ORIENTED_EDGE('',*,*,#5213,.T.);
#5213 = EDGE_CURVE('',#5206,#4555,#5214,.T.);
#5214 = LINE('',#5215,#5216);
#5215 = CARTESIAN_POINT('',(1.5,-3.5E-02,0.615));
#5216 = VECTOR('',#5217,1.);
#5217 = DIRECTION('',(0.,-1.,0.));
#5218 = ORIENTED_EDGE('',*,*,#4552,.F.);
#5219 = PLANE('',#5220);
#5220 = AXIS2_PLACEMENT_3D('',#5221,#5222,#5223);
#5221 = CARTESIAN_POINT('',(1.5,0.33,-0.615));
#5222 = DIRECTION('',(-1.,0.,0.));
#5223 = DIRECTION('',(0.,0.,1.));
#5224 = ADVANCED_FACE('',(#5225),#5250,.F.);
#5225 = FACE_BOUND('',#5226,.T.);
#5226 = EDGE_LOOP('',(#5227,#5235,#5243,#5249));
#5227 = ORIENTED_EDGE('',*,*,#5228,.F.);
#5228 = EDGE_CURVE('',#5229,#5112,#5231,.T.);
#5229 = VERTEX_POINT('',#5230);
#5230 = CARTESIAN_POINT('',(1.58,-1.E-02,0.75));
#5231 = LINE('',#5232,#5233);
#5232 = CARTESIAN_POINT('',(1.58,-1.E-02,0.75));
#5233 = VECTOR('',#5234,1.);
#5234 = DIRECTION('',(-1.,0.,0.));
#5235 = ORIENTED_EDGE('',*,*,#5236,.F.);
#5236 = EDGE_CURVE('',#5237,#5229,#5239,.T.);
#5237 = VERTEX_POINT('',#5238);
#5238 = CARTESIAN_POINT('',(1.58,2.E-02,0.75));
#5239 = LINE('',#5240,#5241);
#5240 = CARTESIAN_POINT('',(1.58,2.E-02,0.75));
#5241 = VECTOR('',#5242,1.);
#5242 = DIRECTION('',(0.,-1.,0.));
#5243 = ORIENTED_EDGE('',*,*,#5244,.F.);
#5244 = EDGE_CURVE('',#5096,#5237,#5245,.T.);
#5245 = LINE('',#5246,#5247);
#5246 = CARTESIAN_POINT('',(1.5,2.E-02,0.75));
#5247 = VECTOR('',#5248,1.);
#5248 = DIRECTION('',(1.,0.,0.));
#5249 = ORIENTED_EDGE('',*,*,#5119,.T.);
#5250 = PLANE('',#5251);
#5251 = AXIS2_PLACEMENT_3D('',#5252,#5253,#5254);
#5252 = CARTESIAN_POINT('',(0.,0.,0.75));
#5253 = DIRECTION('',(0.,0.,-1.));
#5254 = DIRECTION('',(0.,-1.,0.));
#5255 = ADVANCED_FACE('',(#5256),#5283,.F.);
#5256 = FACE_BOUND('',#5257,.T.);
#5257 = EDGE_LOOP('',(#5258,#5268,#5277));
#5258 = ORIENTED_EDGE('',*,*,#5259,.F.);
#5259 = EDGE_CURVE('',#5260,#5262,#5264,.T.);
#5260 = VERTEX_POINT('',#5261);
#5261 = CARTESIAN_POINT('',(1.578321595662,0.33,0.75));
#5262 = VERTEX_POINT('',#5263);
#5263 = CARTESIAN_POINT('',(1.411191602831,0.33,0.75));
#5264 = LINE('',#5265,#5266);
#5265 = CARTESIAN_POINT('',(1.578321595662,0.33,0.75));
#5266 = VECTOR('',#5267,1.);
#5267 = DIRECTION('',(-1.,0.,0.));
#5268 = ORIENTED_EDGE('',*,*,#5269,.F.);
#5269 = EDGE_CURVE('',#5270,#5260,#5272,.T.);
#5270 = VERTEX_POINT('',#5271);
#5271 = CARTESIAN_POINT('',(1.411191602831,0.419625454917,0.75));
#5272 = CIRCLE('',#5273,0.12);
#5273 = AXIS2_PLACEMENT_3D('',#5274,#5275,#5276);
#5274 = CARTESIAN_POINT('',(1.46,0.31,0.75));
#5275 = DIRECTION('',(0.,0.,-1.));
#5276 = DIRECTION('',(-0.406736643076,0.913545457643,0.));
#5277 = ORIENTED_EDGE('',*,*,#5278,.F.);
#5278 = EDGE_CURVE('',#5262,#5270,#5279,.T.);
#5279 = LINE('',#5280,#5281);
#5280 = CARTESIAN_POINT('',(1.411191602831,0.33,0.75));
#5281 = VECTOR('',#5282,1.);
#5282 = DIRECTION('',(0.,1.,0.));
#5283 = PLANE('',#5284);
#5284 = AXIS2_PLACEMENT_3D('',#5285,#5286,#5287);
#5285 = CARTESIAN_POINT('',(0.,0.,0.75));
#5286 = DIRECTION('',(0.,0.,-1.));
#5287 = DIRECTION('',(0.,-1.,0.));
#5288 = ADVANCED_FACE('',(#5289),#5323,.T.);
#5289 = FACE_BOUND('',#5290,.T.);
#5290 = EDGE_LOOP('',(#5291,#5299,#5307,#5315,#5321,#5322));
#5291 = ORIENTED_EDGE('',*,*,#5292,.F.);
#5292 = EDGE_CURVE('',#5293,#5237,#5295,.T.);
#5293 = VERTEX_POINT('',#5294);
#5294 = CARTESIAN_POINT('',(1.58,2.E-02,0.97));
#5295 = LINE('',#5296,#5297);
#5296 = CARTESIAN_POINT('',(1.58,2.E-02,0.97));
#5297 = VECTOR('',#5298,1.);
#5298 = DIRECTION('',(0.,0.,-1.));
#5299 = ORIENTED_EDGE('',*,*,#5300,.T.);
#5300 = EDGE_CURVE('',#5293,#5301,#5303,.T.);
#5301 = VERTEX_POINT('',#5302);
#5302 = CARTESIAN_POINT('',(1.246209542351,2.E-02,0.97));
#5303 = LINE('',#5304,#5305);
#5304 = CARTESIAN_POINT('',(1.58,2.E-02,0.97));
#5305 = VECTOR('',#5306,1.);
#5306 = DIRECTION('',(-1.,0.,0.));
#5307 = ORIENTED_EDGE('',*,*,#5308,.F.);
#5308 = EDGE_CURVE('',#5309,#5301,#5311,.T.);
#5309 = VERTEX_POINT('',#5310);
#5310 = CARTESIAN_POINT('',(1.246209542351,2.E-02,0.88));
#5311 = LINE('',#5312,#5313);
#5312 = CARTESIAN_POINT('',(1.246209542351,2.E-02,0.88));
#5313 = VECTOR('',#5314,1.);
#5314 = DIRECTION('',(0.,0.,1.));
#5315 = ORIENTED_EDGE('',*,*,#5316,.F.);
#5316 = EDGE_CURVE('',#5094,#5309,#5317,.T.);
#5317 = LINE('',#5318,#5319);
#5318 = CARTESIAN_POINT('',(1.5,2.E-02,0.88));
#5319 = VECTOR('',#5320,1.);
#5320 = DIRECTION('',(-1.,0.,0.));
#5321 = ORIENTED_EDGE('',*,*,#5093,.T.);
#5322 = ORIENTED_EDGE('',*,*,#5244,.T.);
#5323 = PLANE('',#5324);
#5324 = AXIS2_PLACEMENT_3D('',#5325,#5326,#5327);
#5325 = CARTESIAN_POINT('',(1.5,2.E-02,0.97));
#5326 = DIRECTION('',(0.,-1.,0.));
#5327 = DIRECTION('',(0.,0.,-1.));
#5328 = ADVANCED_FACE('',(#5329),#5428,.F.);
#5329 = FACE_BOUND('',#5330,.T.);
#5330 = EDGE_LOOP('',(#5331,#5341,#5349,#5357,#5363,#5364,#5372,#5378,
    #5379,#5380,#5389,#5397,#5406,#5414,#5422));
#5331 = ORIENTED_EDGE('',*,*,#5332,.F.);
#5332 = EDGE_CURVE('',#5333,#5335,#5337,.T.);
#5333 = VERTEX_POINT('',#5334);
#5334 = CARTESIAN_POINT('',(0.59,0.19,0.88));
#5335 = VERTEX_POINT('',#5336);
#5336 = CARTESIAN_POINT('',(0.62,0.19,0.88));
#5337 = LINE('',#5338,#5339);
#5338 = CARTESIAN_POINT('',(0.59,0.19,0.88));
#5339 = VECTOR('',#5340,1.);
#5340 = DIRECTION('',(1.,0.,1.110223024625E-14));
#5341 = ORIENTED_EDGE('',*,*,#5342,.T.);
#5342 = EDGE_CURVE('',#5333,#5343,#5345,.T.);
#5343 = VERTEX_POINT('',#5344);
#5344 = CARTESIAN_POINT('',(0.59,-0.18,0.88));
#5345 = LINE('',#5346,#5347);
#5346 = CARTESIAN_POINT('',(0.59,0.19,0.88));
#5347 = VECTOR('',#5348,1.);
#5348 = DIRECTION('',(0.,-1.,0.));
#5349 = ORIENTED_EDGE('',*,*,#5350,.F.);
#5350 = EDGE_CURVE('',#5351,#5343,#5353,.T.);
#5351 = VERTEX_POINT('',#5352);
#5352 = CARTESIAN_POINT('',(0.525,-0.18,0.88));
#5353 = LINE('',#5354,#5355);
#5354 = CARTESIAN_POINT('',(0.525,-0.18,0.88));
#5355 = VECTOR('',#5356,1.);
#5356 = DIRECTION('',(1.,0.,0.));
#5357 = ORIENTED_EDGE('',*,*,#5358,.T.);
#5358 = EDGE_CURVE('',#5351,#4604,#5359,.T.);
#5359 = LINE('',#5360,#5361);
#5360 = CARTESIAN_POINT('',(0.525,-0.18,0.88));
#5361 = VECTOR('',#5362,1.);
#5362 = DIRECTION('',(0.,-1.,0.));
#5363 = ORIENTED_EDGE('',*,*,#4603,.F.);
#5364 = ORIENTED_EDGE('',*,*,#5365,.F.);
#5365 = EDGE_CURVE('',#5366,#4596,#5368,.T.);
#5366 = VERTEX_POINT('',#5367);
#5367 = CARTESIAN_POINT('',(1.265,-1.E-02,0.88));
#5368 = LINE('',#5369,#5370);
#5369 = CARTESIAN_POINT('',(1.265,-1.E-02,0.88));
#5370 = VECTOR('',#5371,1.);
#5371 = DIRECTION('',(0.,-1.,0.));
#5372 = ORIENTED_EDGE('',*,*,#5373,.F.);
#5373 = EDGE_CURVE('',#5104,#5366,#5374,.T.);
#5374 = LINE('',#5375,#5376);
#5375 = CARTESIAN_POINT('',(1.5,-1.E-02,0.88));
#5376 = VECTOR('',#5377,1.);
#5377 = DIRECTION('',(-1.,0.,0.));
#5378 = ORIENTED_EDGE('',*,*,#5103,.F.);
#5379 = ORIENTED_EDGE('',*,*,#5316,.T.);
#5380 = ORIENTED_EDGE('',*,*,#5381,.T.);
#5381 = EDGE_CURVE('',#5309,#5382,#5384,.T.);
#5382 = VERTEX_POINT('',#5383);
#5383 = CARTESIAN_POINT('',(1.177929076513,-6.939901553669E-03,0.88));
#5384 = CIRCLE('',#5385,0.1);
#5385 = AXIS2_PLACEMENT_3D('',#5386,#5387,#5388);
#5386 = CARTESIAN_POINT('',(1.246209542351,-8.E-02,0.88));
#5387 = DIRECTION('',(0.,-0.,1.));
#5388 = DIRECTION('',(0.,1.,0.));
#5389 = ORIENTED_EDGE('',*,*,#5390,.F.);
#5390 = EDGE_CURVE('',#5391,#5382,#5393,.T.);
#5391 = VERTEX_POINT('',#5392);
#5392 = CARTESIAN_POINT('',(1.032280465838,-0.143060098446,0.88));
#5393 = LINE('',#5394,#5395);
#5394 = CARTESIAN_POINT('',(1.032280465838,-0.143060098446,0.88));
#5395 = VECTOR('',#5396,1.);
#5396 = DIRECTION('',(0.730600984463,0.682804658377,0.));
#5397 = ORIENTED_EDGE('',*,*,#5398,.F.);
#5398 = EDGE_CURVE('',#5399,#5391,#5401,.T.);
#5399 = VERTEX_POINT('',#5400);
#5400 = CARTESIAN_POINT('',(0.964,-0.17,0.88));
#5401 = CIRCLE('',#5402,0.1);
#5402 = AXIS2_PLACEMENT_3D('',#5403,#5404,#5405);
#5403 = CARTESIAN_POINT('',(0.964,-7.E-02,0.88));
#5404 = DIRECTION('',(0.,0.,1.));
#5405 = DIRECTION('',(0.,-1.,0.));
#5406 = ORIENTED_EDGE('',*,*,#5407,.F.);
#5407 = EDGE_CURVE('',#5408,#5399,#5410,.T.);
#5408 = VERTEX_POINT('',#5409);
#5409 = CARTESIAN_POINT('',(0.67,-0.17,0.88));
#5410 = LINE('',#5411,#5412);
#5411 = CARTESIAN_POINT('',(0.67,-0.17,0.88));
#5412 = VECTOR('',#5413,1.);
#5413 = DIRECTION('',(1.,0.,0.));
#5414 = ORIENTED_EDGE('',*,*,#5415,.F.);
#5415 = EDGE_CURVE('',#5416,#5408,#5418,.T.);
#5416 = VERTEX_POINT('',#5417);
#5417 = CARTESIAN_POINT('',(0.62,-0.12,0.88));
#5418 = LINE('',#5419,#5420);
#5419 = CARTESIAN_POINT('',(0.62,-0.12,0.88));
#5420 = VECTOR('',#5421,1.);
#5421 = DIRECTION('',(0.707106781187,-0.707106781186,0.));
#5422 = ORIENTED_EDGE('',*,*,#5423,.F.);
#5423 = EDGE_CURVE('',#5335,#5416,#5424,.T.);
#5424 = LINE('',#5425,#5426);
#5425 = CARTESIAN_POINT('',(0.62,0.19,0.88));
#5426 = VECTOR('',#5427,1.);
#5427 = DIRECTION('',(0.,-1.,0.));
#5428 = PLANE('',#5429);
#5429 = AXIS2_PLACEMENT_3D('',#5430,#5431,#5432);
#5430 = CARTESIAN_POINT('',(1.265,0.33,0.88));
#5431 = DIRECTION('',(0.,0.,-1.));
#5432 = DIRECTION('',(0.,-1.,0.));
#5433 = ADVANCED_FACE('',(#5434),#5510,.F.);
#5434 = FACE_BOUND('',#5435,.T.);
#5435 = EDGE_LOOP('',(#5436,#5446,#5454,#5462,#5470,#5478,#5487,#5495,
    #5504));
#5436 = ORIENTED_EDGE('',*,*,#5437,.F.);
#5437 = EDGE_CURVE('',#5438,#5440,#5442,.T.);
#5438 = VERTEX_POINT('',#5439);
#5439 = CARTESIAN_POINT('',(1.0253078203,0.33,0.88));
#5440 = VERTEX_POINT('',#5441);
#5441 = CARTESIAN_POINT('',(1.13,0.33,0.88));
#5442 = LINE('',#5443,#5444);
#5443 = CARTESIAN_POINT('',(1.0253078203,0.33,0.88));
#5444 = VECTOR('',#5445,1.);
#5445 = DIRECTION('',(1.,0.,0.));
#5446 = ORIENTED_EDGE('',*,*,#5447,.F.);
#5447 = EDGE_CURVE('',#5448,#5438,#5450,.T.);
#5448 = VERTEX_POINT('',#5449);
#5449 = CARTESIAN_POINT('',(0.8275,0.33,0.88));
#5450 = LINE('',#5451,#5452);
#5451 = CARTESIAN_POINT('',(0.8275,0.33,0.88));
#5452 = VECTOR('',#5453,1.);
#5453 = DIRECTION('',(1.,0.,0.));
#5454 = ORIENTED_EDGE('',*,*,#5455,.T.);
#5455 = EDGE_CURVE('',#5448,#5456,#5458,.T.);
#5456 = VERTEX_POINT('',#5457);
#5457 = CARTESIAN_POINT('',(0.8275,0.19,0.88));
#5458 = LINE('',#5459,#5460);
#5459 = CARTESIAN_POINT('',(0.8275,0.33,0.88));
#5460 = VECTOR('',#5461,1.);
#5461 = DIRECTION('',(0.,-1.,0.));
#5462 = ORIENTED_EDGE('',*,*,#5463,.F.);
#5463 = EDGE_CURVE('',#5464,#5456,#5466,.T.);
#5464 = VERTEX_POINT('',#5465);
#5465 = CARTESIAN_POINT('',(0.795,0.19,0.88));
#5466 = LINE('',#5467,#5468);
#5467 = CARTESIAN_POINT('',(0.795,0.19,0.88));
#5468 = VECTOR('',#5469,1.);
#5469 = DIRECTION('',(1.,0.,0.));
#5470 = ORIENTED_EDGE('',*,*,#5471,.T.);
#5471 = EDGE_CURVE('',#5464,#5472,#5474,.T.);
#5472 = VERTEX_POINT('',#5473);
#5473 = CARTESIAN_POINT('',(0.795,0.17,0.88));
#5474 = LINE('',#5475,#5476);
#5475 = CARTESIAN_POINT('',(0.795,0.19,0.88));
#5476 = VECTOR('',#5477,1.);
#5477 = DIRECTION('',(0.,-1.,0.));
#5478 = ORIENTED_EDGE('',*,*,#5479,.T.);
#5479 = EDGE_CURVE('',#5472,#5480,#5482,.T.);
#5480 = VERTEX_POINT('',#5481);
#5481 = CARTESIAN_POINT('',(0.835,0.13,0.88));
#5482 = CIRCLE('',#5483,4.E-02);
#5483 = AXIS2_PLACEMENT_3D('',#5484,#5485,#5486);
#5484 = CARTESIAN_POINT('',(0.835,0.17,0.88));
#5485 = DIRECTION('',(0.,0.,1.));
#5486 = DIRECTION('',(-1.,0.,0.));
#5487 = ORIENTED_EDGE('',*,*,#5488,.F.);
#5488 = EDGE_CURVE('',#5489,#5480,#5491,.T.);
#5489 = VERTEX_POINT('',#5490);
#5490 = CARTESIAN_POINT('',(0.90021809153,0.13,0.88));
#5491 = LINE('',#5492,#5493);
#5492 = CARTESIAN_POINT('',(0.90021809153,0.13,0.88));
#5493 = VECTOR('',#5494,1.);
#5494 = DIRECTION('',(-1.,0.,0.));
#5495 = ORIENTED_EDGE('',*,*,#5496,.T.);
#5496 = EDGE_CURVE('',#5489,#5497,#5499,.T.);
#5497 = VERTEX_POINT('',#5498);
#5498 = CARTESIAN_POINT('',(0.927530277865,0.140775960621,0.88));
#5499 = CIRCLE('',#5500,4.E-02);
#5500 = AXIS2_PLACEMENT_3D('',#5501,#5502,#5503);
#5501 = CARTESIAN_POINT('',(0.90021809153,0.17,0.88));
#5502 = DIRECTION('',(0.,0.,1.));
#5503 = DIRECTION('',(0.,-1.,0.));
#5504 = ORIENTED_EDGE('',*,*,#5505,.F.);
#5505 = EDGE_CURVE('',#5440,#5497,#5506,.T.);
#5506 = LINE('',#5507,#5508);
#5507 = CARTESIAN_POINT('',(1.13,0.33,0.88));
#5508 = VECTOR('',#5509,1.);
#5509 = DIRECTION('',(-0.730600984463,-0.682804658377,0.));
#5510 = PLANE('',#5511);
#5511 = AXIS2_PLACEMENT_3D('',#5512,#5513,#5514);
#5512 = CARTESIAN_POINT('',(1.265,0.33,0.88));
#5513 = DIRECTION('',(0.,0.,-1.));
#5514 = DIRECTION('',(0.,-1.,0.));
#5515 = ADVANCED_FACE('',(#5516),#5607,.T.);
#5516 = FACE_BOUND('',#5517,.T.);
#5517 = EDGE_LOOP('',(#5518,#5526,#5534,#5543,#5551,#5560,#5566,#5567,
    #5576,#5584,#5592,#5600,#5606));
#5518 = ORIENTED_EDGE('',*,*,#5519,.T.);
#5519 = EDGE_CURVE('',#5416,#5520,#5522,.T.);
#5520 = VERTEX_POINT('',#5521);
#5521 = CARTESIAN_POINT('',(0.62,-0.12,0.97));
#5522 = LINE('',#5523,#5524);
#5523 = CARTESIAN_POINT('',(0.62,-0.12,0.88));
#5524 = VECTOR('',#5525,1.);
#5525 = DIRECTION('',(0.,0.,1.));
#5526 = ORIENTED_EDGE('',*,*,#5527,.F.);
#5527 = EDGE_CURVE('',#5528,#5520,#5530,.T.);
#5528 = VERTEX_POINT('',#5529);
#5529 = CARTESIAN_POINT('',(0.62,0.21,0.97));
#5530 = LINE('',#5531,#5532);
#5531 = CARTESIAN_POINT('',(0.62,0.21,0.97));
#5532 = VECTOR('',#5533,1.);
#5533 = DIRECTION('',(0.,-1.,0.));
#5534 = ORIENTED_EDGE('',*,*,#5535,.F.);
#5535 = EDGE_CURVE('',#5536,#5528,#5538,.T.);
#5536 = VERTEX_POINT('',#5537);
#5537 = CARTESIAN_POINT('',(0.62,0.33,0.85));
#5538 = CIRCLE('',#5539,0.12);
#5539 = AXIS2_PLACEMENT_3D('',#5540,#5541,#5542);
#5540 = CARTESIAN_POINT('',(0.62,0.21,0.85));
#5541 = DIRECTION('',(1.,0.,0.));
#5542 = DIRECTION('',(-0.,1.,0.));
#5543 = ORIENTED_EDGE('',*,*,#5544,.F.);
#5544 = EDGE_CURVE('',#5545,#5536,#5547,.T.);
#5545 = VERTEX_POINT('',#5546);
#5546 = CARTESIAN_POINT('',(0.62,0.33,0.678563985247));
#5547 = LINE('',#5548,#5549);
#5548 = CARTESIAN_POINT('',(0.62,0.33,0.678563985247));
#5549 = VECTOR('',#5550,1.);
#5550 = DIRECTION('',(0.,0.,1.));
#5551 = ORIENTED_EDGE('',*,*,#5552,.F.);
#5552 = EDGE_CURVE('',#5553,#5545,#5555,.T.);
#5553 = VERTEX_POINT('',#5554);
#5554 = CARTESIAN_POINT('',(0.62,0.297850884872,0.609619985366));
#5555 = CIRCLE('',#5556,9.E-02);
#5556 = AXIS2_PLACEMENT_3D('',#5557,#5558,#5559);
#5557 = CARTESIAN_POINT('',(0.62,0.24,0.678563985247));
#5558 = DIRECTION('',(1.,0.,0.));
#5559 = DIRECTION('',(0.,0.642787609686,-0.766044443119));
#5560 = ORIENTED_EDGE('',*,*,#5561,.F.);
#5561 = EDGE_CURVE('',#4101,#5553,#5562,.T.);
#5562 = LINE('',#5563,#5564);
#5563 = CARTESIAN_POINT('',(0.62,0.257850884872,0.576056000119));
#5564 = VECTOR('',#5565,1.);
#5565 = DIRECTION('',(0.,0.766044443119,0.642787609686));
#5566 = ORIENTED_EDGE('',*,*,#4100,.F.);
#5567 = ORIENTED_EDGE('',*,*,#5568,.F.);
#5568 = EDGE_CURVE('',#5569,#4091,#5571,.T.);
#5569 = VERTEX_POINT('',#5570);
#5570 = CARTESIAN_POINT('',(0.62,0.147698376862,0.571756978372));
#5571 = CIRCLE('',#5572,9.E-02);
#5572 = AXIS2_PLACEMENT_3D('',#5573,#5574,#5575);
#5573 = CARTESIAN_POINT('',(0.62,0.2,0.645));
#5574 = DIRECTION('',(1.,0.,0.));
#5575 = DIRECTION('',(0.,-0.581129145978,-0.813811351416));
#5576 = ORIENTED_EDGE('',*,*,#5577,.F.);
#5577 = EDGE_CURVE('',#5578,#5569,#5580,.T.);
#5578 = VERTEX_POINT('',#5579);
#5579 = CARTESIAN_POINT('',(0.62,6.8E-02,0.62866826328));
#5580 = LINE('',#5581,#5582);
#5581 = CARTESIAN_POINT('',(0.62,6.8E-02,0.62866826328));
#5582 = VECTOR('',#5583,1.);
#5583 = DIRECTION('',(0.,0.813811351416,-0.581129145978));
#5584 = ORIENTED_EDGE('',*,*,#5585,.F.);
#5585 = EDGE_CURVE('',#5586,#5578,#5588,.T.);
#5586 = VERTEX_POINT('',#5587);
#5587 = CARTESIAN_POINT('',(0.62,6.8E-02,0.63));
#5588 = LINE('',#5589,#5590);
#5589 = CARTESIAN_POINT('',(0.62,6.8E-02,0.63));
#5590 = VECTOR('',#5591,1.);
#5591 = DIRECTION('',(0.,0.,-1.));
#5592 = ORIENTED_EDGE('',*,*,#5593,.F.);
#5593 = EDGE_CURVE('',#5594,#5586,#5596,.T.);
#5594 = VERTEX_POINT('',#5595);
#5595 = CARTESIAN_POINT('',(0.62,0.21,0.63));
#5596 = LINE('',#5597,#5598);
#5597 = CARTESIAN_POINT('',(0.62,0.21,0.63));
#5598 = VECTOR('',#5599,1.);
#5599 = DIRECTION('',(0.,-1.,0.));
#5600 = ORIENTED_EDGE('',*,*,#5601,.F.);
#5601 = EDGE_CURVE('',#5335,#5594,#5602,.T.);
#5602 = LINE('',#5603,#5604);
#5603 = CARTESIAN_POINT('',(0.62,0.19,0.88));
#5604 = VECTOR('',#5605,1.);
#5605 = DIRECTION('',(0.,7.974522228289E-02,-0.996815278536));
#5606 = ORIENTED_EDGE('',*,*,#5423,.T.);
#5607 = PLANE('',#5608);
#5608 = AXIS2_PLACEMENT_3D('',#5609,#5610,#5611);
#5609 = CARTESIAN_POINT('',(0.62,0.21,0.88));
#5610 = DIRECTION('',(-1.,0.,0.));
#5611 = DIRECTION('',(0.,0.,1.));
#5612 = ADVANCED_FACE('',(#5613),#5639,.F.);
#5613 = FACE_BOUND('',#5614,.T.);
#5614 = EDGE_LOOP('',(#5615,#5623,#5631,#5637,#5638));
#5615 = ORIENTED_EDGE('',*,*,#5616,.F.);
#5616 = EDGE_CURVE('',#5617,#5594,#5619,.T.);
#5617 = VERTEX_POINT('',#5618);
#5618 = CARTESIAN_POINT('',(0.5725,0.21,0.63));
#5619 = LINE('',#5620,#5621);
#5620 = CARTESIAN_POINT('',(0.5725,0.21,0.63));
#5621 = VECTOR('',#5622,1.);
#5622 = DIRECTION('',(1.,0.,0.));
#5623 = ORIENTED_EDGE('',*,*,#5624,.F.);
#5624 = EDGE_CURVE('',#5625,#5617,#5627,.T.);
#5625 = VERTEX_POINT('',#5626);
#5626 = CARTESIAN_POINT('',(0.5725,0.19,0.88));
#5627 = LINE('',#5628,#5629);
#5628 = CARTESIAN_POINT('',(0.5725,0.19,0.88));
#5629 = VECTOR('',#5630,1.);
#5630 = DIRECTION('',(0.,7.974522228289E-02,-0.996815278536));
#5631 = ORIENTED_EDGE('',*,*,#5632,.T.);
#5632 = EDGE_CURVE('',#5625,#5333,#5633,.T.);
#5633 = LINE('',#5634,#5635);
#5634 = CARTESIAN_POINT('',(0.5725,0.19,0.88));
#5635 = VECTOR('',#5636,1.);
#5636 = DIRECTION('',(1.,0.,2.537652627715E-14));
#5637 = ORIENTED_EDGE('',*,*,#5332,.T.);
#5638 = ORIENTED_EDGE('',*,*,#5601,.T.);
#5639 = PLANE('',#5640);
#5640 = AXIS2_PLACEMENT_3D('',#5641,#5642,#5643);
#5641 = CARTESIAN_POINT('',(0.5725,0.19,0.88));
#5642 = DIRECTION('',(0.,-0.996815278536,-7.974522228289E-02));
#5643 = DIRECTION('',(0.,7.974522228289E-02,-0.996815278536));
#5644 = ADVANCED_FACE('',(#5645),#5670,.F.);
#5645 = FACE_BOUND('',#5646,.T.);
#5646 = EDGE_LOOP('',(#5647,#5648,#5656,#5664));
#5647 = ORIENTED_EDGE('',*,*,#5463,.T.);
#5648 = ORIENTED_EDGE('',*,*,#5649,.T.);
#5649 = EDGE_CURVE('',#5456,#5650,#5652,.T.);
#5650 = VERTEX_POINT('',#5651);
#5651 = CARTESIAN_POINT('',(0.8275,0.21,0.63));
#5652 = LINE('',#5653,#5654);
#5653 = CARTESIAN_POINT('',(0.8275,0.19,0.88));
#5654 = VECTOR('',#5655,1.);
#5655 = DIRECTION('',(0.,7.974522228289E-02,-0.996815278536));
#5656 = ORIENTED_EDGE('',*,*,#5657,.F.);
#5657 = EDGE_CURVE('',#5658,#5650,#5660,.T.);
#5658 = VERTEX_POINT('',#5659);
#5659 = CARTESIAN_POINT('',(0.795,0.21,0.63));
#5660 = LINE('',#5661,#5662);
#5661 = CARTESIAN_POINT('',(0.795,0.21,0.63));
#5662 = VECTOR('',#5663,1.);
#5663 = DIRECTION('',(1.,0.,0.));
#5664 = ORIENTED_EDGE('',*,*,#5665,.F.);
#5665 = EDGE_CURVE('',#5464,#5658,#5666,.T.);
#5666 = LINE('',#5667,#5668);
#5667 = CARTESIAN_POINT('',(0.795,0.19,0.88));
#5668 = VECTOR('',#5669,1.);
#5669 = DIRECTION('',(0.,7.974522228289E-02,-0.996815278536));
#5670 = PLANE('',#5671);
#5671 = AXIS2_PLACEMENT_3D('',#5672,#5673,#5674);
#5672 = CARTESIAN_POINT('',(0.5725,0.19,0.88));
#5673 = DIRECTION('',(0.,-0.996815278536,-7.974522228289E-02));
#5674 = DIRECTION('',(0.,7.974522228289E-02,-0.996815278536));
#5675 = ADVANCED_FACE('',(#5676),#5701,.F.);
#5676 = FACE_BOUND('',#5677,.T.);
#5677 = EDGE_LOOP('',(#5678,#5686,#5687,#5695));
#5678 = ORIENTED_EDGE('',*,*,#5679,.T.);
#5679 = EDGE_CURVE('',#5680,#5333,#5682,.T.);
#5680 = VERTEX_POINT('',#5681);
#5681 = CARTESIAN_POINT('',(0.59,0.33,0.88));
#5682 = LINE('',#5683,#5684);
#5683 = CARTESIAN_POINT('',(0.59,0.33,0.88));
#5684 = VECTOR('',#5685,1.);
#5685 = DIRECTION('',(0.,-1.,0.));
#5686 = ORIENTED_EDGE('',*,*,#5632,.F.);
#5687 = ORIENTED_EDGE('',*,*,#5688,.F.);
#5688 = EDGE_CURVE('',#5689,#5625,#5691,.T.);
#5689 = VERTEX_POINT('',#5690);
#5690 = CARTESIAN_POINT('',(0.5725,0.33,0.88));
#5691 = LINE('',#5692,#5693);
#5692 = CARTESIAN_POINT('',(0.5725,0.33,0.88));
#5693 = VECTOR('',#5694,1.);
#5694 = DIRECTION('',(0.,-1.,0.));
#5695 = ORIENTED_EDGE('',*,*,#5696,.T.);
#5696 = EDGE_CURVE('',#5689,#5680,#5697,.T.);
#5697 = LINE('',#5698,#5699);
#5698 = CARTESIAN_POINT('',(0.5725,0.33,0.88));
#5699 = VECTOR('',#5700,1.);
#5700 = DIRECTION('',(1.,0.,0.));
#5701 = PLANE('',#5702);
#5702 = AXIS2_PLACEMENT_3D('',#5703,#5704,#5705);
#5703 = CARTESIAN_POINT('',(0.5725,0.33,0.88));
#5704 = DIRECTION('',(0.,0.,1.));
#5705 = DIRECTION('',(1.,0.,-0.));
#5706 = ADVANCED_FACE('',(#5707),#5741,.T.);
#5707 = FACE_BOUND('',#5708,.T.);
#5708 = EDGE_LOOP('',(#5709,#5719,#5727,#5735));
#5709 = ORIENTED_EDGE('',*,*,#5710,.F.);
#5710 = EDGE_CURVE('',#5711,#5713,#5715,.T.);
#5711 = VERTEX_POINT('',#5712);
#5712 = CARTESIAN_POINT('',(0.575,0.33,0.34));
#5713 = VERTEX_POINT('',#5714);
#5714 = CARTESIAN_POINT('',(-0.575,0.33,0.34));
#5715 = LINE('',#5716,#5717);
#5716 = CARTESIAN_POINT('',(0.575,0.33,0.34));
#5717 = VECTOR('',#5718,1.);
#5718 = DIRECTION('',(-1.,0.,0.));
#5719 = ORIENTED_EDGE('',*,*,#5720,.T.);
#5720 = EDGE_CURVE('',#5711,#5721,#5723,.T.);
#5721 = VERTEX_POINT('',#5722);
#5722 = CARTESIAN_POINT('',(0.575,0.33,-0.34));
#5723 = LINE('',#5724,#5725);
#5724 = CARTESIAN_POINT('',(0.575,0.33,0.34));
#5725 = VECTOR('',#5726,1.);
#5726 = DIRECTION('',(0.,0.,-1.));
#5727 = ORIENTED_EDGE('',*,*,#5728,.F.);
#5728 = EDGE_CURVE('',#5729,#5721,#5731,.T.);
#5729 = VERTEX_POINT('',#5730);
#5730 = CARTESIAN_POINT('',(-0.575,0.33,-0.34));
#5731 = LINE('',#5732,#5733);
#5732 = CARTESIAN_POINT('',(-0.575,0.33,-0.34));
#5733 = VECTOR('',#5734,1.);
#5734 = DIRECTION('',(1.,0.,0.));
#5735 = ORIENTED_EDGE('',*,*,#5736,.T.);
#5736 = EDGE_CURVE('',#5729,#5713,#5737,.T.);
#5737 = LINE('',#5738,#5739);
#5738 = CARTESIAN_POINT('',(-0.575,0.33,-0.34));
#5739 = VECTOR('',#5740,1.);
#5740 = DIRECTION('',(0.,0.,1.));
#5741 = PLANE('',#5742);
#5742 = AXIS2_PLACEMENT_3D('',#5743,#5744,#5745);
#5743 = CARTESIAN_POINT('',(0.,0.33,0.));
#5744 = DIRECTION('',(-0.,1.,0.));
#5745 = DIRECTION('',(1.,0.,0.));
#5746 = ADVANCED_FACE('',(#5747),#5804,.T.);
#5747 = FACE_BOUND('',#5748,.T.);
#5748 = EDGE_LOOP('',(#5749,#5759,#5767,#5775,#5781,#5782,#5790,#5798));
#5749 = ORIENTED_EDGE('',*,*,#5750,.T.);
#5750 = EDGE_CURVE('',#5751,#5753,#5755,.T.);
#5751 = VERTEX_POINT('',#5752);
#5752 = CARTESIAN_POINT('',(-0.5725,0.33,0.88));
#5753 = VERTEX_POINT('',#5754);
#5754 = CARTESIAN_POINT('',(-0.59,0.33,0.88));
#5755 = LINE('',#5756,#5757);
#5756 = CARTESIAN_POINT('',(-0.5725,0.33,0.88));
#5757 = VECTOR('',#5758,1.);
#5758 = DIRECTION('',(-1.,0.,0.));
#5759 = ORIENTED_EDGE('',*,*,#5760,.F.);
#5760 = EDGE_CURVE('',#5761,#5753,#5763,.T.);
#5761 = VERTEX_POINT('',#5762);
#5762 = CARTESIAN_POINT('',(-0.59,0.33,1.));
#5763 = LINE('',#5764,#5765);
#5764 = CARTESIAN_POINT('',(-0.59,0.33,1.));
#5765 = VECTOR('',#5766,1.);
#5766 = DIRECTION('',(0.,0.,-1.));
#5767 = ORIENTED_EDGE('',*,*,#5768,.T.);
#5768 = EDGE_CURVE('',#5761,#5769,#5771,.T.);
#5769 = VERTEX_POINT('',#5770);
#5770 = CARTESIAN_POINT('',(0.59,0.33,1.));
#5771 = LINE('',#5772,#5773);
#5772 = CARTESIAN_POINT('',(-0.59,0.33,1.));
#5773 = VECTOR('',#5774,1.);
#5774 = DIRECTION('',(1.,0.,0.));
#5775 = ORIENTED_EDGE('',*,*,#5776,.T.);
#5776 = EDGE_CURVE('',#5769,#5680,#5777,.T.);
#5777 = LINE('',#5778,#5779);
#5778 = CARTESIAN_POINT('',(0.59,0.33,1.));
#5779 = VECTOR('',#5780,1.);
#5780 = DIRECTION('',(0.,0.,-1.));
#5781 = ORIENTED_EDGE('',*,*,#5696,.F.);
#5782 = ORIENTED_EDGE('',*,*,#5783,.T.);
#5783 = EDGE_CURVE('',#5689,#5784,#5786,.T.);
#5784 = VERTEX_POINT('',#5785);
#5785 = CARTESIAN_POINT('',(0.5725,0.33,0.63));
#5786 = LINE('',#5787,#5788);
#5787 = CARTESIAN_POINT('',(0.5725,0.33,0.88));
#5788 = VECTOR('',#5789,1.);
#5789 = DIRECTION('',(0.,0.,-1.));
#5790 = ORIENTED_EDGE('',*,*,#5791,.F.);
#5791 = EDGE_CURVE('',#5792,#5784,#5794,.T.);
#5792 = VERTEX_POINT('',#5793);
#5793 = CARTESIAN_POINT('',(-0.5725,0.33,0.63));
#5794 = LINE('',#5795,#5796);
#5795 = CARTESIAN_POINT('',(-0.5725,0.33,0.63));
#5796 = VECTOR('',#5797,1.);
#5797 = DIRECTION('',(1.,0.,0.));
#5798 = ORIENTED_EDGE('',*,*,#5799,.F.);
#5799 = EDGE_CURVE('',#5751,#5792,#5800,.T.);
#5800 = LINE('',#5801,#5802);
#5801 = CARTESIAN_POINT('',(-0.5725,0.33,0.88));
#5802 = VECTOR('',#5803,1.);
#5803 = DIRECTION('',(0.,0.,-1.));
#5804 = PLANE('',#5805);
#5805 = AXIS2_PLACEMENT_3D('',#5806,#5807,#5808);
#5806 = CARTESIAN_POINT('',(0.,0.33,0.));
#5807 = DIRECTION('',(-0.,1.,0.));
#5808 = DIRECTION('',(1.,0.,0.));
#5809 = ADVANCED_FACE('',(#5810),#5876,.T.);
#5810 = FACE_BOUND('',#5811,.T.);
#5811 = EDGE_LOOP('',(#5812,#5822,#5830,#5838,#5846,#5854,#5862,#5870));
#5812 = ORIENTED_EDGE('',*,*,#5813,.F.);
#5813 = EDGE_CURVE('',#5814,#5816,#5818,.T.);
#5814 = VERTEX_POINT('',#5815);
#5815 = CARTESIAN_POINT('',(0.5725,0.33,-0.63));
#5816 = VERTEX_POINT('',#5817);
#5817 = CARTESIAN_POINT('',(-0.5725,0.33,-0.63));
#5818 = LINE('',#5819,#5820);
#5819 = CARTESIAN_POINT('',(0.5725,0.33,-0.63));
#5820 = VECTOR('',#5821,1.);
#5821 = DIRECTION('',(-1.,0.,0.));
#5822 = ORIENTED_EDGE('',*,*,#5823,.T.);
#5823 = EDGE_CURVE('',#5814,#5824,#5826,.T.);
#5824 = VERTEX_POINT('',#5825);
#5825 = CARTESIAN_POINT('',(0.5725,0.33,-0.88));
#5826 = LINE('',#5827,#5828);
#5827 = CARTESIAN_POINT('',(0.5725,0.33,-0.63));
#5828 = VECTOR('',#5829,1.);
#5829 = DIRECTION('',(0.,0.,-1.));
#5830 = ORIENTED_EDGE('',*,*,#5831,.T.);
#5831 = EDGE_CURVE('',#5824,#5832,#5834,.T.);
#5832 = VERTEX_POINT('',#5833);
#5833 = CARTESIAN_POINT('',(0.59,0.33,-0.88));
#5834 = LINE('',#5835,#5836);
#5835 = CARTESIAN_POINT('',(0.5725,0.33,-0.88));
#5836 = VECTOR('',#5837,1.);
#5837 = DIRECTION('',(1.,0.,0.));
#5838 = ORIENTED_EDGE('',*,*,#5839,.F.);
#5839 = EDGE_CURVE('',#5840,#5832,#5842,.T.);
#5840 = VERTEX_POINT('',#5841);
#5841 = CARTESIAN_POINT('',(0.59,0.33,-1.));
#5842 = LINE('',#5843,#5844);
#5843 = CARTESIAN_POINT('',(0.59,0.33,-1.));
#5844 = VECTOR('',#5845,1.);
#5845 = DIRECTION('',(0.,0.,1.));
#5846 = ORIENTED_EDGE('',*,*,#5847,.T.);
#5847 = EDGE_CURVE('',#5840,#5848,#5850,.T.);
#5848 = VERTEX_POINT('',#5849);
#5849 = CARTESIAN_POINT('',(-0.59,0.33,-1.));
#5850 = LINE('',#5851,#5852);
#5851 = CARTESIAN_POINT('',(0.59,0.33,-1.));
#5852 = VECTOR('',#5853,1.);
#5853 = DIRECTION('',(-1.,0.,0.));
#5854 = ORIENTED_EDGE('',*,*,#5855,.T.);
#5855 = EDGE_CURVE('',#5848,#5856,#5858,.T.);
#5856 = VERTEX_POINT('',#5857);
#5857 = CARTESIAN_POINT('',(-0.59,0.33,-0.88));
#5858 = LINE('',#5859,#5860);
#5859 = CARTESIAN_POINT('',(-0.59,0.33,-1.));
#5860 = VECTOR('',#5861,1.);
#5861 = DIRECTION('',(0.,0.,1.));
#5862 = ORIENTED_EDGE('',*,*,#5863,.F.);
#5863 = EDGE_CURVE('',#5864,#5856,#5866,.T.);
#5864 = VERTEX_POINT('',#5865);
#5865 = CARTESIAN_POINT('',(-0.5725,0.33,-0.88));
#5866 = LINE('',#5867,#5868);
#5867 = CARTESIAN_POINT('',(-0.5725,0.33,-0.88));
#5868 = VECTOR('',#5869,1.);
#5869 = DIRECTION('',(-1.,0.,0.));
#5870 = ORIENTED_EDGE('',*,*,#5871,.F.);
#5871 = EDGE_CURVE('',#5816,#5864,#5872,.T.);
#5872 = LINE('',#5873,#5874);
#5873 = CARTESIAN_POINT('',(-0.5725,0.33,-0.63));
#5874 = VECTOR('',#5875,1.);
#5875 = DIRECTION('',(0.,0.,-1.));
#5876 = PLANE('',#5877);
#5877 = AXIS2_PLACEMENT_3D('',#5878,#5879,#5880);
#5878 = CARTESIAN_POINT('',(0.,0.33,0.));
#5879 = DIRECTION('',(-0.,1.,0.));
#5880 = DIRECTION('',(1.,0.,0.));
#5881 = ADVANCED_FACE('',(#5882,#5996),#6030,.T.);
#5882 = FACE_BOUND('',#5883,.T.);
#5883 = EDGE_LOOP('',(#5884,#5894,#5902,#5910,#5918,#5926,#5934,#5942,
    #5950,#5958,#5966,#5974,#5982,#5990));
#5884 = ORIENTED_EDGE('',*,*,#5885,.F.);
#5885 = EDGE_CURVE('',#5886,#5888,#5890,.T.);
#5886 = VERTEX_POINT('',#5887);
#5887 = CARTESIAN_POINT('',(-1.2203,0.33,-0.787));
#5888 = VERTEX_POINT('',#5889);
#5889 = CARTESIAN_POINT('',(-1.2203,0.33,-0.631678404338));
#5890 = LINE('',#5891,#5892);
#5891 = CARTESIAN_POINT('',(-1.2203,0.33,-0.787));
#5892 = VECTOR('',#5893,1.);
#5893 = DIRECTION('',(0.,0.,1.));
#5894 = ORIENTED_EDGE('',*,*,#5895,.F.);
#5895 = EDGE_CURVE('',#5896,#5886,#5898,.T.);
#5896 = VERTEX_POINT('',#5897);
#5897 = CARTESIAN_POINT('',(-1.37,0.33,-0.97));
#5898 = LINE('',#5899,#5900);
#5899 = CARTESIAN_POINT('',(-1.37,0.33,-0.97));
#5900 = VECTOR('',#5901,1.);
#5901 = DIRECTION('',(0.633168690573,0.,0.774013830159));
#5902 = ORIENTED_EDGE('',*,*,#5903,.T.);
#5903 = EDGE_CURVE('',#5896,#5904,#5906,.T.);
#5904 = VERTEX_POINT('',#5905);
#5905 = CARTESIAN_POINT('',(-1.58,0.33,-0.97));
#5906 = LINE('',#5907,#5908);
#5907 = CARTESIAN_POINT('',(-1.37,0.33,-0.97));
#5908 = VECTOR('',#5909,1.);
#5909 = DIRECTION('',(-1.,0.,0.));
#5910 = ORIENTED_EDGE('',*,*,#5911,.T.);
#5911 = EDGE_CURVE('',#5904,#5912,#5914,.T.);
#5912 = VERTEX_POINT('',#5913);
#5913 = CARTESIAN_POINT('',(-1.58,0.33,0.97));
#5914 = LINE('',#5915,#5916);
#5915 = CARTESIAN_POINT('',(-1.58,0.33,-0.97));
#5916 = VECTOR('',#5917,1.);
#5917 = DIRECTION('',(0.,0.,1.));
#5918 = ORIENTED_EDGE('',*,*,#5919,.T.);
#5919 = EDGE_CURVE('',#5912,#5920,#5922,.T.);
#5920 = VERTEX_POINT('',#5921);
#5921 = CARTESIAN_POINT('',(-1.37,0.33,0.97));
#5922 = LINE('',#5923,#5924);
#5923 = CARTESIAN_POINT('',(-1.58,0.33,0.97));
#5924 = VECTOR('',#5925,1.);
#5925 = DIRECTION('',(1.,0.,0.));
#5926 = ORIENTED_EDGE('',*,*,#5927,.F.);
#5927 = EDGE_CURVE('',#5928,#5920,#5930,.T.);
#5928 = VERTEX_POINT('',#5929);
#5929 = CARTESIAN_POINT('',(-1.2203,0.33,0.787));
#5930 = LINE('',#5931,#5932);
#5931 = CARTESIAN_POINT('',(-1.2203,0.33,0.787));
#5932 = VECTOR('',#5933,1.);
#5933 = DIRECTION('',(-0.633168690573,0.,0.774013830159));
#5934 = ORIENTED_EDGE('',*,*,#5935,.F.);
#5935 = EDGE_CURVE('',#5936,#5928,#5938,.T.);
#5936 = VERTEX_POINT('',#5937);
#5937 = CARTESIAN_POINT('',(-1.2203,0.33,0.631678404338));
#5938 = LINE('',#5939,#5940);
#5939 = CARTESIAN_POINT('',(-1.2203,0.33,0.631678404338));
#5940 = VECTOR('',#5941,1.);
#5941 = DIRECTION('',(0.,0.,1.));
#5942 = ORIENTED_EDGE('',*,*,#5943,.F.);
#5943 = EDGE_CURVE('',#5944,#5936,#5946,.T.);
#5944 = VERTEX_POINT('',#5945);
#5945 = CARTESIAN_POINT('',(-1.232699145762,0.33,0.631678404338));
#5946 = LINE('',#5947,#5948);
#5947 = CARTESIAN_POINT('',(-1.232699145762,0.33,0.631678404338));
#5948 = VECTOR('',#5949,1.);
#5949 = DIRECTION('',(1.,0.,0.));
#5950 = ORIENTED_EDGE('',*,*,#5951,.T.);
#5951 = EDGE_CURVE('',#5944,#5952,#5954,.T.);
#5952 = VERTEX_POINT('',#5953);
#5953 = CARTESIAN_POINT('',(-1.232699145762,0.33,0.600627366954));
#5954 = LINE('',#5955,#5956);
#5955 = CARTESIAN_POINT('',(-1.232699145762,0.33,0.631678404338));
#5956 = VECTOR('',#5957,1.);
#5957 = DIRECTION('',(0.,0.,-1.));
#5958 = ORIENTED_EDGE('',*,*,#5959,.F.);
#5959 = EDGE_CURVE('',#5960,#5952,#5962,.T.);
#5960 = VERTEX_POINT('',#5961);
#5961 = CARTESIAN_POINT('',(-1.406577002055,0.33,0.746138239791));
#5962 = LINE('',#5963,#5964);
#5963 = CARTESIAN_POINT('',(-1.406577002055,0.33,0.746138239791));
#5964 = VECTOR('',#5965,1.);
#5965 = DIRECTION('',(0.766890702033,0.,-0.641777727204));
#5966 = ORIENTED_EDGE('',*,*,#5967,.T.);
#5967 = EDGE_CURVE('',#5960,#5968,#5970,.T.);
#5968 = VERTEX_POINT('',#5969);
#5969 = CARTESIAN_POINT('',(-1.406577002055,0.33,-0.746138239791));
#5970 = LINE('',#5971,#5972);
#5971 = CARTESIAN_POINT('',(-1.406577002055,0.33,0.746138239791));
#5972 = VECTOR('',#5973,1.);
#5973 = DIRECTION('',(0.,0.,-1.));
#5974 = ORIENTED_EDGE('',*,*,#5975,.F.);
#5975 = EDGE_CURVE('',#5976,#5968,#5978,.T.);
#5976 = VERTEX_POINT('',#5977);
#5977 = CARTESIAN_POINT('',(-1.232699145762,0.33,-0.600627366954));
#5978 = LINE('',#5979,#5980);
#5979 = CARTESIAN_POINT('',(-1.232699145762,0.33,-0.600627366954));
#5980 = VECTOR('',#5981,1.);
#5981 = DIRECTION('',(-0.766890702033,0.,-0.641777727204));
#5982 = ORIENTED_EDGE('',*,*,#5983,.T.);
#5983 = EDGE_CURVE('',#5976,#5984,#5986,.T.);
#5984 = VERTEX_POINT('',#5985);
#5985 = CARTESIAN_POINT('',(-1.232699145762,0.33,-0.631678404338));
#5986 = LINE('',#5987,#5988);
#5987 = CARTESIAN_POINT('',(-1.232699145762,0.33,-0.600627366954));
#5988 = VECTOR('',#5989,1.);
#5989 = DIRECTION('',(0.,0.,-1.));
#5990 = ORIENTED_EDGE('',*,*,#5991,.F.);
#5991 = EDGE_CURVE('',#5888,#5984,#5992,.T.);
#5992 = LINE('',#5993,#5994);
#5993 = CARTESIAN_POINT('',(-1.2203,0.33,-0.631678404338));
#5994 = VECTOR('',#5995,1.);
#5995 = DIRECTION('',(-1.,0.,0.));
#5996 = FACE_BOUND('',#5997,.T.);
#5997 = EDGE_LOOP('',(#5998,#6008,#6016,#6024));
#5998 = ORIENTED_EDGE('',*,*,#5999,.F.);
#5999 = EDGE_CURVE('',#6000,#6002,#6004,.T.);
#6000 = VERTEX_POINT('',#6001);
#6001 = CARTESIAN_POINT('',(-1.578321595662,0.33,-0.75));
#6002 = VERTEX_POINT('',#6003);
#6003 = CARTESIAN_POINT('',(-1.578321595662,0.33,0.75));
#6004 = LINE('',#6005,#6006);
#6005 = CARTESIAN_POINT('',(-1.578321595662,0.33,-0.75));
#6006 = VECTOR('',#6007,1.);
#6007 = DIRECTION('',(0.,0.,1.));
#6008 = ORIENTED_EDGE('',*,*,#6009,.T.);
#6009 = EDGE_CURVE('',#6000,#6010,#6012,.T.);
#6010 = VERTEX_POINT('',#6011);
#6011 = CARTESIAN_POINT('',(-1.494641016151,0.33,-0.75));
#6012 = LINE('',#6013,#6014);
#6013 = CARTESIAN_POINT('',(-1.578321595662,0.33,-0.75));
#6014 = VECTOR('',#6015,1.);
#6015 = DIRECTION('',(1.,0.,0.));
#6016 = ORIENTED_EDGE('',*,*,#6017,.T.);
#6017 = EDGE_CURVE('',#6010,#6018,#6020,.T.);
#6018 = VERTEX_POINT('',#6019);
#6019 = CARTESIAN_POINT('',(-1.494641016151,0.33,0.75));
#6020 = LINE('',#6021,#6022);
#6021 = CARTESIAN_POINT('',(-1.494641016151,0.33,-0.75));
#6022 = VECTOR('',#6023,1.);
#6023 = DIRECTION('',(0.,0.,1.));
#6024 = ORIENTED_EDGE('',*,*,#6025,.F.);
#6025 = EDGE_CURVE('',#6002,#6018,#6026,.T.);
#6026 = LINE('',#6027,#6028);
#6027 = CARTESIAN_POINT('',(-1.578321595662,0.33,0.75));
#6028 = VECTOR('',#6029,1.);
#6029 = DIRECTION('',(1.,0.,0.));
#6030 = PLANE('',#6031);
#6031 = AXIS2_PLACEMENT_3D('',#6032,#6033,#6034);
#6032 = CARTESIAN_POINT('',(0.,0.33,0.));
#6033 = DIRECTION('',(-0.,1.,0.));
#6034 = DIRECTION('',(1.,0.,0.));
#6035 = ADVANCED_FACE('',(#6036),#6086,.T.);
#6036 = FACE_BOUND('',#6037,.T.);
#6037 = EDGE_LOOP('',(#6038,#6048,#6056,#6064,#6072,#6080));
#6038 = ORIENTED_EDGE('',*,*,#6039,.F.);
#6039 = EDGE_CURVE('',#6040,#6042,#6044,.T.);
#6040 = VERTEX_POINT('',#6041);
#6041 = CARTESIAN_POINT('',(-0.9303,0.33,-0.63));
#6042 = VERTEX_POINT('',#6043);
#6043 = CARTESIAN_POINT('',(-0.9303,0.33,-0.631678404338));
#6044 = LINE('',#6045,#6046);
#6045 = CARTESIAN_POINT('',(-0.9303,0.33,-0.63));
#6046 = VECTOR('',#6047,1.);
#6047 = DIRECTION('',(-6.614753069234E-14,0.,-1.));
#6048 = ORIENTED_EDGE('',*,*,#6049,.F.);
#6049 = EDGE_CURVE('',#6050,#6040,#6052,.T.);
#6050 = VERTEX_POINT('',#6051);
#6051 = CARTESIAN_POINT('',(-0.8275,0.33,-0.63));
#6052 = LINE('',#6053,#6054);
#6053 = CARTESIAN_POINT('',(-0.8275,0.33,-0.63));
#6054 = VECTOR('',#6055,1.);
#6055 = DIRECTION('',(-1.,0.,0.));
#6056 = ORIENTED_EDGE('',*,*,#6057,.T.);
#6057 = EDGE_CURVE('',#6050,#6058,#6060,.T.);
#6058 = VERTEX_POINT('',#6059);
#6059 = CARTESIAN_POINT('',(-0.8275,0.33,-0.88));
#6060 = LINE('',#6061,#6062);
#6061 = CARTESIAN_POINT('',(-0.8275,0.33,-0.63));
#6062 = VECTOR('',#6063,1.);
#6063 = DIRECTION('',(0.,0.,-1.));
#6064 = ORIENTED_EDGE('',*,*,#6065,.T.);
#6065 = EDGE_CURVE('',#6058,#6066,#6068,.T.);
#6066 = VERTEX_POINT('',#6067);
#6067 = CARTESIAN_POINT('',(-1.0253078203,0.33,-0.88));
#6068 = LINE('',#6069,#6070);
#6069 = CARTESIAN_POINT('',(-0.8275,0.33,-0.88));
#6070 = VECTOR('',#6071,1.);
#6071 = DIRECTION('',(-1.,0.,0.));
#6072 = ORIENTED_EDGE('',*,*,#6073,.F.);
#6073 = EDGE_CURVE('',#6074,#6066,#6076,.T.);
#6074 = VERTEX_POINT('',#6075);
#6075 = CARTESIAN_POINT('',(-0.9303,0.33,-0.7897));
#6076 = LINE('',#6077,#6078);
#6077 = CARTESIAN_POINT('',(-0.9303,0.33,-0.7897));
#6078 = VECTOR('',#6079,1.);
#6079 = DIRECTION('',(-0.724837235836,0.,-0.688920156147));
#6080 = ORIENTED_EDGE('',*,*,#6081,.F.);
#6081 = EDGE_CURVE('',#6042,#6074,#6082,.T.);
#6082 = LINE('',#6083,#6084);
#6083 = CARTESIAN_POINT('',(-0.9303,0.33,-0.631678404338));
#6084 = VECTOR('',#6085,1.);
#6085 = DIRECTION('',(0.,0.,-1.));
#6086 = PLANE('',#6087);
#6087 = AXIS2_PLACEMENT_3D('',#6088,#6089,#6090);
#6088 = CARTESIAN_POINT('',(0.,0.33,0.));
#6089 = DIRECTION('',(-0.,1.,0.));
#6090 = DIRECTION('',(1.,0.,0.));
#6091 = ADVANCED_FACE('',(#6092),#6142,.T.);
#6092 = FACE_BOUND('',#6093,.T.);
#6093 = EDGE_LOOP('',(#6094,#6104,#6112,#6120,#6128,#6136));
#6094 = ORIENTED_EDGE('',*,*,#6095,.F.);
#6095 = EDGE_CURVE('',#6096,#6098,#6100,.T.);
#6096 = VERTEX_POINT('',#6097);
#6097 = CARTESIAN_POINT('',(-1.0253078203,0.33,0.88));
#6098 = VERTEX_POINT('',#6099);
#6099 = CARTESIAN_POINT('',(-0.9303,0.33,0.7897));
#6100 = LINE('',#6101,#6102);
#6101 = CARTESIAN_POINT('',(-1.0253078203,0.33,0.88));
#6102 = VECTOR('',#6103,1.);
#6103 = DIRECTION('',(0.724837235836,0.,-0.688920156147));
#6104 = ORIENTED_EDGE('',*,*,#6105,.T.);
#6105 = EDGE_CURVE('',#6096,#6106,#6108,.T.);
#6106 = VERTEX_POINT('',#6107);
#6107 = CARTESIAN_POINT('',(-0.8275,0.33,0.88));
#6108 = LINE('',#6109,#6110);
#6109 = CARTESIAN_POINT('',(-1.0253078203,0.33,0.88));
#6110 = VECTOR('',#6111,1.);
#6111 = DIRECTION('',(1.,0.,0.));
#6112 = ORIENTED_EDGE('',*,*,#6113,.T.);
#6113 = EDGE_CURVE('',#6106,#6114,#6116,.T.);
#6114 = VERTEX_POINT('',#6115);
#6115 = CARTESIAN_POINT('',(-0.8275,0.33,0.63));
#6116 = LINE('',#6117,#6118);
#6117 = CARTESIAN_POINT('',(-0.8275,0.33,0.88));
#6118 = VECTOR('',#6119,1.);
#6119 = DIRECTION('',(0.,0.,-1.));
#6120 = ORIENTED_EDGE('',*,*,#6121,.F.);
#6121 = EDGE_CURVE('',#6122,#6114,#6124,.T.);
#6122 = VERTEX_POINT('',#6123);
#6123 = CARTESIAN_POINT('',(-0.9303,0.33,0.63));
#6124 = LINE('',#6125,#6126);
#6125 = CARTESIAN_POINT('',(-0.9303,0.33,0.63));
#6126 = VECTOR('',#6127,1.);
#6127 = DIRECTION('',(1.,0.,0.));
#6128 = ORIENTED_EDGE('',*,*,#6129,.F.);
#6129 = EDGE_CURVE('',#6130,#6122,#6132,.T.);
#6130 = VERTEX_POINT('',#6131);
#6131 = CARTESIAN_POINT('',(-0.9303,0.33,0.631678404338));
#6132 = LINE('',#6133,#6134);
#6133 = CARTESIAN_POINT('',(-0.9303,0.33,0.631678404338));
#6134 = VECTOR('',#6135,1.);
#6135 = DIRECTION('',(6.614753069234E-14,0.,-1.));
#6136 = ORIENTED_EDGE('',*,*,#6137,.F.);
#6137 = EDGE_CURVE('',#6098,#6130,#6138,.T.);
#6138 = LINE('',#6139,#6140);
#6139 = CARTESIAN_POINT('',(-0.9303,0.33,0.7897));
#6140 = VECTOR('',#6141,1.);
#6141 = DIRECTION('',(0.,0.,-1.));
#6142 = PLANE('',#6143);
#6143 = AXIS2_PLACEMENT_3D('',#6144,#6145,#6146);
#6144 = CARTESIAN_POINT('',(0.,0.33,0.));
#6145 = DIRECTION('',(-0.,1.,0.));
#6146 = DIRECTION('',(1.,0.,0.));
#6147 = ADVANCED_FACE('',(#6148),#6198,.T.);
#6148 = FACE_BOUND('',#6149,.T.);
#6149 = EDGE_LOOP('',(#6150,#6160,#6168,#6176,#6184,#6192));
#6150 = ORIENTED_EDGE('',*,*,#6151,.F.);
#6151 = EDGE_CURVE('',#6152,#6154,#6156,.T.);
#6152 = VERTEX_POINT('',#6153);
#6153 = CARTESIAN_POINT('',(1.0253078203,0.33,-0.88));
#6154 = VERTEX_POINT('',#6155);
#6155 = CARTESIAN_POINT('',(0.9303,0.33,-0.7897));
#6156 = LINE('',#6157,#6158);
#6157 = CARTESIAN_POINT('',(1.0253078203,0.33,-0.88));
#6158 = VECTOR('',#6159,1.);
#6159 = DIRECTION('',(-0.724837235836,0.,0.688920156147));
#6160 = ORIENTED_EDGE('',*,*,#6161,.T.);
#6161 = EDGE_CURVE('',#6152,#6162,#6164,.T.);
#6162 = VERTEX_POINT('',#6163);
#6163 = CARTESIAN_POINT('',(0.8275,0.33,-0.88));
#6164 = LINE('',#6165,#6166);
#6165 = CARTESIAN_POINT('',(1.0253078203,0.33,-0.88));
#6166 = VECTOR('',#6167,1.);
#6167 = DIRECTION('',(-1.,0.,0.));
#6168 = ORIENTED_EDGE('',*,*,#6169,.F.);
#6169 = EDGE_CURVE('',#6170,#6162,#6172,.T.);
#6170 = VERTEX_POINT('',#6171);
#6171 = CARTESIAN_POINT('',(0.8275,0.33,-0.63));
#6172 = LINE('',#6173,#6174);
#6173 = CARTESIAN_POINT('',(0.8275,0.33,-0.63));
#6174 = VECTOR('',#6175,1.);
#6175 = DIRECTION('',(0.,0.,-1.));
#6176 = ORIENTED_EDGE('',*,*,#6177,.F.);
#6177 = EDGE_CURVE('',#6178,#6170,#6180,.T.);
#6178 = VERTEX_POINT('',#6179);
#6179 = CARTESIAN_POINT('',(0.9303,0.33,-0.63));
#6180 = LINE('',#6181,#6182);
#6181 = CARTESIAN_POINT('',(0.9303,0.33,-0.63));
#6182 = VECTOR('',#6183,1.);
#6183 = DIRECTION('',(-1.,0.,0.));
#6184 = ORIENTED_EDGE('',*,*,#6185,.F.);
#6185 = EDGE_CURVE('',#6186,#6178,#6188,.T.);
#6186 = VERTEX_POINT('',#6187);
#6187 = CARTESIAN_POINT('',(0.9303,0.33,-0.631678404338));
#6188 = LINE('',#6189,#6190);
#6189 = CARTESIAN_POINT('',(0.9303,0.33,-0.631678404338));
#6190 = VECTOR('',#6191,1.);
#6191 = DIRECTION('',(-6.614753069234E-14,0.,1.));
#6192 = ORIENTED_EDGE('',*,*,#6193,.F.);
#6193 = EDGE_CURVE('',#6154,#6186,#6194,.T.);
#6194 = LINE('',#6195,#6196);
#6195 = CARTESIAN_POINT('',(0.9303,0.33,-0.7897));
#6196 = VECTOR('',#6197,1.);
#6197 = DIRECTION('',(0.,0.,1.));
#6198 = PLANE('',#6199);
#6199 = AXIS2_PLACEMENT_3D('',#6200,#6201,#6202);
#6200 = CARTESIAN_POINT('',(0.,0.33,0.));
#6201 = DIRECTION('',(-0.,1.,0.));
#6202 = DIRECTION('',(1.,0.,0.));
#6203 = ADVANCED_FACE('',(#6204),#6341,.T.);
#6204 = FACE_BOUND('',#6205,.T.);
#6205 = EDGE_LOOP('',(#6206,#6216,#6224,#6232,#6240,#6248,#6254,#6255,
    #6263,#6271,#6279,#6287,#6295,#6303,#6311,#6319,#6327,#6335));
#6206 = ORIENTED_EDGE('',*,*,#6207,.F.);
#6207 = EDGE_CURVE('',#6208,#6210,#6212,.T.);
#6208 = VERTEX_POINT('',#6209);
#6209 = CARTESIAN_POINT('',(1.2203,0.33,-0.63));
#6210 = VERTEX_POINT('',#6211);
#6211 = CARTESIAN_POINT('',(1.2203,0.33,-0.631678404338));
#6212 = LINE('',#6213,#6214);
#6213 = CARTESIAN_POINT('',(1.2203,0.33,-0.63));
#6214 = VECTOR('',#6215,1.);
#6215 = DIRECTION('',(0.,0.,-1.));
#6216 = ORIENTED_EDGE('',*,*,#6217,.F.);
#6217 = EDGE_CURVE('',#6218,#6208,#6220,.T.);
#6218 = VERTEX_POINT('',#6219);
#6219 = CARTESIAN_POINT('',(1.245087352126,0.33,-0.63));
#6220 = LINE('',#6221,#6222);
#6221 = CARTESIAN_POINT('',(1.245087352126,0.33,-0.63));
#6222 = VECTOR('',#6223,1.);
#6223 = DIRECTION('',(-1.,0.,0.));
#6224 = ORIENTED_EDGE('',*,*,#6225,.F.);
#6225 = EDGE_CURVE('',#6226,#6218,#6228,.T.);
#6226 = VERTEX_POINT('',#6227);
#6227 = CARTESIAN_POINT('',(1.245087352126,0.33,-0.610994522148));
#6228 = LINE('',#6229,#6230);
#6229 = CARTESIAN_POINT('',(1.245087352126,0.33,-0.610994522148));
#6230 = VECTOR('',#6231,1.);
#6231 = DIRECTION('',(-2.336637959342E-14,0.,-1.));
#6232 = ORIENTED_EDGE('',*,*,#6233,.T.);
#6233 = EDGE_CURVE('',#6226,#6234,#6236,.T.);
#6234 = VERTEX_POINT('',#6235);
#6235 = CARTESIAN_POINT('',(1.411191602831,0.33,-0.75));
#6236 = LINE('',#6237,#6238);
#6237 = CARTESIAN_POINT('',(1.245087352126,0.33,-0.610994522148));
#6238 = VECTOR('',#6239,1.);
#6239 = DIRECTION('',(0.766890702033,0.,-0.641777727204));
#6240 = ORIENTED_EDGE('',*,*,#6241,.F.);
#6241 = EDGE_CURVE('',#6242,#6234,#6244,.T.);
#6242 = VERTEX_POINT('',#6243);
#6243 = CARTESIAN_POINT('',(1.578321595662,0.33,-0.75));
#6244 = LINE('',#6245,#6246);
#6245 = CARTESIAN_POINT('',(1.578321595662,0.33,-0.75));
#6246 = VECTOR('',#6247,1.);
#6247 = DIRECTION('',(-1.,0.,0.));
#6248 = ORIENTED_EDGE('',*,*,#6249,.F.);
#6249 = EDGE_CURVE('',#5260,#6242,#6250,.T.);
#6250 = LINE('',#6251,#6252);
#6251 = CARTESIAN_POINT('',(1.578321595662,0.33,0.75));
#6252 = VECTOR('',#6253,1.);
#6253 = DIRECTION('',(0.,0.,-1.));
#6254 = ORIENTED_EDGE('',*,*,#5259,.T.);
#6255 = ORIENTED_EDGE('',*,*,#6256,.T.);
#6256 = EDGE_CURVE('',#5262,#6257,#6259,.T.);
#6257 = VERTEX_POINT('',#6258);
#6258 = CARTESIAN_POINT('',(1.245087352126,0.33,0.610994522148));
#6259 = LINE('',#6260,#6261);
#6260 = CARTESIAN_POINT('',(1.411191602831,0.33,0.75));
#6261 = VECTOR('',#6262,1.);
#6262 = DIRECTION('',(-0.766890702033,0.,-0.641777727204));
#6263 = ORIENTED_EDGE('',*,*,#6264,.F.);
#6264 = EDGE_CURVE('',#6265,#6257,#6267,.T.);
#6265 = VERTEX_POINT('',#6266);
#6266 = CARTESIAN_POINT('',(1.245087352126,0.33,0.63));
#6267 = LINE('',#6268,#6269);
#6268 = CARTESIAN_POINT('',(1.245087352126,0.33,0.63));
#6269 = VECTOR('',#6270,1.);
#6270 = DIRECTION('',(1.168318979671E-14,0.,-1.));
#6271 = ORIENTED_EDGE('',*,*,#6272,.F.);
#6272 = EDGE_CURVE('',#6273,#6265,#6275,.T.);
#6273 = VERTEX_POINT('',#6274);
#6274 = CARTESIAN_POINT('',(1.2203,0.33,0.63));
#6275 = LINE('',#6276,#6277);
#6276 = CARTESIAN_POINT('',(1.2203,0.33,0.63));
#6277 = VECTOR('',#6278,1.);
#6278 = DIRECTION('',(1.,0.,0.));
#6279 = ORIENTED_EDGE('',*,*,#6280,.F.);
#6280 = EDGE_CURVE('',#6281,#6273,#6283,.T.);
#6281 = VERTEX_POINT('',#6282);
#6282 = CARTESIAN_POINT('',(1.2203,0.33,0.631678404338));
#6283 = LINE('',#6284,#6285);
#6284 = CARTESIAN_POINT('',(1.2203,0.33,0.631678404338));
#6285 = VECTOR('',#6286,1.);
#6286 = DIRECTION('',(0.,0.,-1.));
#6287 = ORIENTED_EDGE('',*,*,#6288,.F.);
#6288 = EDGE_CURVE('',#6289,#6281,#6291,.T.);
#6289 = VERTEX_POINT('',#6290);
#6290 = CARTESIAN_POINT('',(1.2203,0.33,0.787));
#6291 = LINE('',#6292,#6293);
#6292 = CARTESIAN_POINT('',(1.2203,0.33,0.787));
#6293 = VECTOR('',#6294,1.);
#6294 = DIRECTION('',(0.,0.,-1.));
#6295 = ORIENTED_EDGE('',*,*,#6296,.F.);
#6296 = EDGE_CURVE('',#6297,#6289,#6299,.T.);
#6297 = VERTEX_POINT('',#6298);
#6298 = CARTESIAN_POINT('',(1.37,0.33,0.97));
#6299 = LINE('',#6300,#6301);
#6300 = CARTESIAN_POINT('',(1.37,0.33,0.97));
#6301 = VECTOR('',#6302,1.);
#6302 = DIRECTION('',(-0.633168690573,0.,-0.774013830159));
#6303 = ORIENTED_EDGE('',*,*,#6304,.T.);
#6304 = EDGE_CURVE('',#6297,#6305,#6307,.T.);
#6305 = VERTEX_POINT('',#6306);
#6306 = CARTESIAN_POINT('',(1.58,0.33,0.97));
#6307 = LINE('',#6308,#6309);
#6308 = CARTESIAN_POINT('',(1.37,0.33,0.97));
#6309 = VECTOR('',#6310,1.);
#6310 = DIRECTION('',(1.,0.,0.));
#6311 = ORIENTED_EDGE('',*,*,#6312,.F.);
#6312 = EDGE_CURVE('',#6313,#6305,#6315,.T.);
#6313 = VERTEX_POINT('',#6314);
#6314 = CARTESIAN_POINT('',(1.58,0.33,-0.97));
#6315 = LINE('',#6316,#6317);
#6316 = CARTESIAN_POINT('',(1.58,0.33,-0.97));
#6317 = VECTOR('',#6318,1.);
#6318 = DIRECTION('',(0.,0.,1.));
#6319 = ORIENTED_EDGE('',*,*,#6320,.T.);
#6320 = EDGE_CURVE('',#6313,#6321,#6323,.T.);
#6321 = VERTEX_POINT('',#6322);
#6322 = CARTESIAN_POINT('',(1.37,0.33,-0.97));
#6323 = LINE('',#6324,#6325);
#6324 = CARTESIAN_POINT('',(1.58,0.33,-0.97));
#6325 = VECTOR('',#6326,1.);
#6326 = DIRECTION('',(-1.,0.,0.));
#6327 = ORIENTED_EDGE('',*,*,#6328,.F.);
#6328 = EDGE_CURVE('',#6329,#6321,#6331,.T.);
#6329 = VERTEX_POINT('',#6330);
#6330 = CARTESIAN_POINT('',(1.2203,0.33,-0.787));
#6331 = LINE('',#6332,#6333);
#6332 = CARTESIAN_POINT('',(1.2203,0.33,-0.787));
#6333 = VECTOR('',#6334,1.);
#6334 = DIRECTION('',(0.633168690573,0.,-0.774013830159));
#6335 = ORIENTED_EDGE('',*,*,#6336,.F.);
#6336 = EDGE_CURVE('',#6210,#6329,#6337,.T.);
#6337 = LINE('',#6338,#6339);
#6338 = CARTESIAN_POINT('',(1.2203,0.33,-0.631678404338));
#6339 = VECTOR('',#6340,1.);
#6340 = DIRECTION('',(0.,0.,-1.));
#6341 = PLANE('',#6342);
#6342 = AXIS2_PLACEMENT_3D('',#6343,#6344,#6345);
#6343 = CARTESIAN_POINT('',(0.,0.33,0.));
#6344 = DIRECTION('',(-0.,1.,0.));
#6345 = DIRECTION('',(1.,0.,0.));
#6346 = ADVANCED_FACE('',(#6347),#6388,.T.);
#6347 = FACE_BOUND('',#6348,.T.);
#6348 = EDGE_LOOP('',(#6349,#6359,#6367,#6373,#6374,#6382));
#6349 = ORIENTED_EDGE('',*,*,#6350,.F.);
#6350 = EDGE_CURVE('',#6351,#6353,#6355,.T.);
#6351 = VERTEX_POINT('',#6352);
#6352 = CARTESIAN_POINT('',(0.9303,0.33,0.63));
#6353 = VERTEX_POINT('',#6354);
#6354 = CARTESIAN_POINT('',(0.9303,0.33,0.631678404338));
#6355 = LINE('',#6356,#6357);
#6356 = CARTESIAN_POINT('',(0.9303,0.33,0.63));
#6357 = VECTOR('',#6358,1.);
#6358 = DIRECTION('',(6.614753069234E-14,0.,1.));
#6359 = ORIENTED_EDGE('',*,*,#6360,.F.);
#6360 = EDGE_CURVE('',#6361,#6351,#6363,.T.);
#6361 = VERTEX_POINT('',#6362);
#6362 = CARTESIAN_POINT('',(0.8275,0.33,0.63));
#6363 = LINE('',#6364,#6365);
#6364 = CARTESIAN_POINT('',(0.8275,0.33,0.63));
#6365 = VECTOR('',#6366,1.);
#6366 = DIRECTION('',(1.,0.,0.));
#6367 = ORIENTED_EDGE('',*,*,#6368,.F.);
#6368 = EDGE_CURVE('',#5448,#6361,#6369,.T.);
#6369 = LINE('',#6370,#6371);
#6370 = CARTESIAN_POINT('',(0.8275,0.33,0.88));
#6371 = VECTOR('',#6372,1.);
#6372 = DIRECTION('',(0.,0.,-1.));
#6373 = ORIENTED_EDGE('',*,*,#5447,.T.);
#6374 = ORIENTED_EDGE('',*,*,#6375,.F.);
#6375 = EDGE_CURVE('',#6376,#5438,#6378,.T.);
#6376 = VERTEX_POINT('',#6377);
#6377 = CARTESIAN_POINT('',(0.9303,0.33,0.7897));
#6378 = LINE('',#6379,#6380);
#6379 = CARTESIAN_POINT('',(0.9303,0.33,0.7897));
#6380 = VECTOR('',#6381,1.);
#6381 = DIRECTION('',(0.724837235836,0.,0.688920156147));
#6382 = ORIENTED_EDGE('',*,*,#6383,.F.);
#6383 = EDGE_CURVE('',#6353,#6376,#6384,.T.);
#6384 = LINE('',#6385,#6386);
#6385 = CARTESIAN_POINT('',(0.9303,0.33,0.631678404338));
#6386 = VECTOR('',#6387,1.);
#6387 = DIRECTION('',(0.,0.,1.));
#6388 = PLANE('',#6389);
#6389 = AXIS2_PLACEMENT_3D('',#6390,#6391,#6392);
#6390 = CARTESIAN_POINT('',(0.,0.33,0.));
#6391 = DIRECTION('',(-0.,1.,0.));
#6392 = DIRECTION('',(1.,0.,0.));
#6393 = ADVANCED_FACE('',(#6394),#6441,.T.);
#6394 = FACE_BOUND('',#6395,.T.);
#6395 = EDGE_LOOP('',(#6396,#6404,#6405,#6413,#6424,#6432));
#6396 = ORIENTED_EDGE('',*,*,#6397,.F.);
#6397 = EDGE_CURVE('',#5713,#6398,#6400,.T.);
#6398 = VERTEX_POINT('',#6399);
#6399 = CARTESIAN_POINT('',(-0.77,0.161,0.34));
#6400 = LINE('',#6401,#6402);
#6401 = CARTESIAN_POINT('',(-0.575,0.33,0.34));
#6402 = VECTOR('',#6403,1.);
#6403 = DIRECTION('',(-0.75568908279,-0.654930538418,0.));
#6404 = ORIENTED_EDGE('',*,*,#5736,.F.);
#6405 = ORIENTED_EDGE('',*,*,#6406,.F.);
#6406 = EDGE_CURVE('',#6407,#5729,#6409,.T.);
#6407 = VERTEX_POINT('',#6408);
#6408 = CARTESIAN_POINT('',(-0.77,0.161,-0.34));
#6409 = LINE('',#6410,#6411);
#6410 = CARTESIAN_POINT('',(-0.77,0.161,-0.34));
#6411 = VECTOR('',#6412,1.);
#6412 = DIRECTION('',(0.75568908279,0.654930538418,0.));
#6413 = ORIENTED_EDGE('',*,*,#6414,.T.);
#6414 = EDGE_CURVE('',#6407,#6415,#6417,.T.);
#6415 = VERTEX_POINT('',#6416);
#6416 = CARTESIAN_POINT('',(-0.8,0.135,-0.31));
#6417 = B_SPLINE_CURVE_WITH_KNOTS('',3,(#6418,#6419,#6420,#6421,#6422,
    #6423),.UNSPECIFIED.,.F.,.F.,(4,1,1,4),(0.,0.5,0.75,1.),
  .UNSPECIFIED.);
#6418 = CARTESIAN_POINT('',(-0.77,0.161,-0.34));
#6419 = CARTESIAN_POINT('',(-0.778778445414,0.153392013975,-0.34));
#6420 = CARTESIAN_POINT('',(-0.788446028787,0.145013441718,
    -0.33536835343));
#6421 = CARTESIAN_POINT('',(-0.79733104223,0.137313096734,
    -0.323892896683));
#6422 = CARTESIAN_POINT('',(-0.8,0.135,-0.315808238874));
#6423 = CARTESIAN_POINT('',(-0.8,0.135,-0.31));
#6424 = ORIENTED_EDGE('',*,*,#6425,.T.);
#6425 = EDGE_CURVE('',#6415,#6426,#6428,.T.);
#6426 = VERTEX_POINT('',#6427);
#6427 = CARTESIAN_POINT('',(-0.8,0.135,0.31));
#6428 = LINE('',#6429,#6430);
#6429 = CARTESIAN_POINT('',(-0.8,0.135,-0.31));
#6430 = VECTOR('',#6431,1.);
#6431 = DIRECTION('',(0.,0.,1.));
#6432 = ORIENTED_EDGE('',*,*,#6433,.T.);
#6433 = EDGE_CURVE('',#6426,#6398,#6434,.T.);
#6434 = B_SPLINE_CURVE_WITH_KNOTS('',3,(#6435,#6436,#6437,#6438,#6439,
    #6440),.UNSPECIFIED.,.F.,.F.,(4,1,1,4),(0.,0.25,0.5,1.),
  .UNSPECIFIED.);
#6435 = CARTESIAN_POINT('',(-0.8,0.135,0.31));
#6436 = CARTESIAN_POINT('',(-0.8,0.135,0.315808238874));
#6437 = CARTESIAN_POINT('',(-0.79733104223,0.137313096734,0.323892896683
    ));
#6438 = CARTESIAN_POINT('',(-0.788446028787,0.145013441718,0.33536835343
    ));
#6439 = CARTESIAN_POINT('',(-0.778778445414,0.153392013975,0.34));
#6440 = CARTESIAN_POINT('',(-0.77,0.161,0.34));
#6441 = PLANE('',#6442);
#6442 = AXIS2_PLACEMENT_3D('',#6443,#6444,#6445);
#6443 = CARTESIAN_POINT('',(-0.6875,0.2325,0.));
#6444 = DIRECTION('',(-0.654930538418,0.75568908279,0.));
#6445 = DIRECTION('',(0.,0.,1.));
#6446 = ADVANCED_FACE('',(#6447),#6473,.T.);
#6447 = FACE_BOUND('',#6448,.T.);
#6448 = EDGE_LOOP('',(#6449,#6457,#6458,#6466));
#6449 = ORIENTED_EDGE('',*,*,#6450,.T.);
#6450 = EDGE_CURVE('',#6451,#6398,#6453,.T.);
#6451 = VERTEX_POINT('',#6452);
#6452 = CARTESIAN_POINT('',(-0.77,-0.12,0.34));
#6453 = LINE('',#6454,#6455);
#6454 = CARTESIAN_POINT('',(-0.769999999962,-0.119999999997,
    0.339999999997));
#6455 = VECTOR('',#6456,1.);
#6456 = DIRECTION('',(-1.371405954411E-10,1.,1.011191921033E-11));
#6457 = ORIENTED_EDGE('',*,*,#6433,.F.);
#6458 = ORIENTED_EDGE('',*,*,#6459,.F.);
#6459 = EDGE_CURVE('',#6460,#6426,#6462,.T.);
#6460 = VERTEX_POINT('',#6461);
#6461 = CARTESIAN_POINT('',(-0.8,-0.12,0.310000000001));
#6462 = LINE('',#6463,#6464);
#6463 = CARTESIAN_POINT('',(-0.8,-0.12,0.310000000001));
#6464 = VECTOR('',#6465,1.);
#6465 = DIRECTION('',(-4.527968414158E-14,1.,-4.820762525554E-12));
#6466 = ORIENTED_EDGE('',*,*,#6467,.T.);
#6467 = EDGE_CURVE('',#6460,#6451,#6468,.T.);
#6468 = CIRCLE('',#6469,3.E-02);
#6469 = AXIS2_PLACEMENT_3D('',#6470,#6471,#6472);
#6470 = CARTESIAN_POINT('',(-0.77,-0.12,0.31));
#6471 = DIRECTION('',(0.,1.,0.));
#6472 = DIRECTION('',(-1.,0.,0.));
#6473 = CYLINDRICAL_SURFACE('',#6474,3.E-02);
#6474 = AXIS2_PLACEMENT_3D('',#6475,#6476,#6477);
#6475 = CARTESIAN_POINT('',(-0.77,-1.367035260326,0.31));
#6476 = DIRECTION('',(-0.,-1.,0.));
#6477 = DIRECTION('',(-1.,0.,0.));
#6478 = ADVANCED_FACE('',(#6479),#6505,.T.);
#6479 = FACE_BOUND('',#6480,.T.);
#6480 = EDGE_LOOP('',(#6481,#6489,#6490,#6498));
#6481 = ORIENTED_EDGE('',*,*,#6482,.T.);
#6482 = EDGE_CURVE('',#6483,#6451,#6485,.T.);
#6483 = VERTEX_POINT('',#6484);
#6484 = CARTESIAN_POINT('',(-0.77,-0.15,0.37));
#6485 = LINE('',#6486,#6487);
#6486 = CARTESIAN_POINT('',(-0.769999999897,-0.149999999992,
    0.369999999992));
#6487 = VECTOR('',#6488,1.);
#6488 = DIRECTION('',(-1.513862214336E-09,0.707106781187,-0.707106781187
    ));
#6489 = ORIENTED_EDGE('',*,*,#6467,.F.);
#6490 = ORIENTED_EDGE('',*,*,#6491,.F.);
#6491 = EDGE_CURVE('',#6492,#6460,#6494,.T.);
#6492 = VERTEX_POINT('',#6493);
#6493 = CARTESIAN_POINT('',(-0.83,-0.15,0.310000000003));
#6494 = LINE('',#6495,#6496);
#6495 = CARTESIAN_POINT('',(-0.83,-0.15,0.310000000003));
#6496 = VECTOR('',#6497,1.);
#6497 = DIRECTION('',(0.707106781187,0.707106781187,-4.828165151494E-11)
  );
#6498 = ORIENTED_EDGE('',*,*,#6499,.T.);
#6499 = EDGE_CURVE('',#6492,#6483,#6500,.T.);
#6500 = CIRCLE('',#6501,6.E-02);
#6501 = AXIS2_PLACEMENT_3D('',#6502,#6503,#6504);
#6502 = CARTESIAN_POINT('',(-0.77,-0.15,0.31));
#6503 = DIRECTION('',(0.,1.,0.));
#6504 = DIRECTION('',(-1.,0.,0.));
#6505 = CONICAL_SURFACE('',#6506,4.499999999432E-02,0.785398163397);
#6506 = AXIS2_PLACEMENT_3D('',#6507,#6508,#6509);
#6507 = CARTESIAN_POINT('',(-0.77,-0.134999999994,0.31));
#6508 = DIRECTION('',(-0.,-1.,-0.));
#6509 = DIRECTION('',(0.,0.,-1.));
#6510 = ADVANCED_FACE('',(#6511,#6609),#6669,.T.);
#6511 = FACE_BOUND('',#6512,.T.);
#6512 = EDGE_LOOP('',(#6513,#6523,#6531,#6539,#6547,#6555,#6563,#6571,
    #6579,#6587,#6595,#6603));
#6513 = ORIENTED_EDGE('',*,*,#6514,.T.);
#6514 = EDGE_CURVE('',#6515,#6517,#6519,.T.);
#6515 = VERTEX_POINT('',#6516);
#6516 = CARTESIAN_POINT('',(-1.295,-0.15,0.19));
#6517 = VERTEX_POINT('',#6518);
#6518 = CARTESIAN_POINT('',(-1.295,-0.15,0.63));
#6519 = LINE('',#6520,#6521);
#6520 = CARTESIAN_POINT('',(-1.295,-0.15,0.19));
#6521 = VECTOR('',#6522,1.);
#6522 = DIRECTION('',(0.,0.,1.));
#6523 = ORIENTED_EDGE('',*,*,#6524,.T.);
#6524 = EDGE_CURVE('',#6517,#6525,#6527,.T.);
#6525 = VERTEX_POINT('',#6526);
#6526 = CARTESIAN_POINT('',(1.295,-0.15,0.63));
#6527 = LINE('',#6528,#6529);
#6528 = CARTESIAN_POINT('',(-1.295,-0.15,0.63));
#6529 = VECTOR('',#6530,1.);
#6530 = DIRECTION('',(1.,0.,0.));
#6531 = ORIENTED_EDGE('',*,*,#6532,.T.);
#6532 = EDGE_CURVE('',#6525,#6533,#6535,.T.);
#6533 = VERTEX_POINT('',#6534);
#6534 = CARTESIAN_POINT('',(1.295,-0.15,0.19));
#6535 = LINE('',#6536,#6537);
#6536 = CARTESIAN_POINT('',(1.295,-0.15,0.63));
#6537 = VECTOR('',#6538,1.);
#6538 = DIRECTION('',(0.,0.,-1.));
#6539 = ORIENTED_EDGE('',*,*,#6540,.T.);
#6540 = EDGE_CURVE('',#6533,#6541,#6543,.T.);
#6541 = VERTEX_POINT('',#6542);
#6542 = CARTESIAN_POINT('',(1.19,-0.15,0.19));
#6543 = LINE('',#6544,#6545);
#6544 = CARTESIAN_POINT('',(1.295,-0.15,0.19));
#6545 = VECTOR('',#6546,1.);
#6546 = DIRECTION('',(-1.,0.,0.));
#6547 = ORIENTED_EDGE('',*,*,#6548,.F.);
#6548 = EDGE_CURVE('',#6549,#6541,#6551,.T.);
#6549 = VERTEX_POINT('',#6550);
#6550 = CARTESIAN_POINT('',(1.19,-0.15,-0.19));
#6551 = LINE('',#6552,#6553);
#6552 = CARTESIAN_POINT('',(1.19,-0.15,-0.19));
#6553 = VECTOR('',#6554,1.);
#6554 = DIRECTION('',(0.,0.,1.));
#6555 = ORIENTED_EDGE('',*,*,#6556,.F.);
#6556 = EDGE_CURVE('',#6557,#6549,#6559,.T.);
#6557 = VERTEX_POINT('',#6558);
#6558 = CARTESIAN_POINT('',(1.295,-0.15,-0.19));
#6559 = LINE('',#6560,#6561);
#6560 = CARTESIAN_POINT('',(1.295,-0.15,-0.19));
#6561 = VECTOR('',#6562,1.);
#6562 = DIRECTION('',(-1.,0.,0.));
#6563 = ORIENTED_EDGE('',*,*,#6564,.T.);
#6564 = EDGE_CURVE('',#6557,#6565,#6567,.T.);
#6565 = VERTEX_POINT('',#6566);
#6566 = CARTESIAN_POINT('',(1.295,-0.15,-0.63));
#6567 = LINE('',#6568,#6569);
#6568 = CARTESIAN_POINT('',(1.295,-0.15,-0.19));
#6569 = VECTOR('',#6570,1.);
#6570 = DIRECTION('',(0.,0.,-1.));
#6571 = ORIENTED_EDGE('',*,*,#6572,.T.);
#6572 = EDGE_CURVE('',#6565,#6573,#6575,.T.);
#6573 = VERTEX_POINT('',#6574);
#6574 = CARTESIAN_POINT('',(-1.295,-0.15,-0.63));
#6575 = LINE('',#6576,#6577);
#6576 = CARTESIAN_POINT('',(1.295,-0.15,-0.63));
#6577 = VECTOR('',#6578,1.);
#6578 = DIRECTION('',(-1.,0.,0.));
#6579 = ORIENTED_EDGE('',*,*,#6580,.T.);
#6580 = EDGE_CURVE('',#6573,#6581,#6583,.T.);
#6581 = VERTEX_POINT('',#6582);
#6582 = CARTESIAN_POINT('',(-1.295,-0.15,-0.19));
#6583 = LINE('',#6584,#6585);
#6584 = CARTESIAN_POINT('',(-1.295,-0.15,-0.63));
#6585 = VECTOR('',#6586,1.);
#6586 = DIRECTION('',(0.,0.,1.));
#6587 = ORIENTED_EDGE('',*,*,#6588,.T.);
#6588 = EDGE_CURVE('',#6581,#6589,#6591,.T.);
#6589 = VERTEX_POINT('',#6590);
#6590 = CARTESIAN_POINT('',(-1.19,-0.15,-0.19));
#6591 = LINE('',#6592,#6593);
#6592 = CARTESIAN_POINT('',(-1.295,-0.15,-0.19));
#6593 = VECTOR('',#6594,1.);
#6594 = DIRECTION('',(1.,0.,0.));
#6595 = ORIENTED_EDGE('',*,*,#6596,.F.);
#6596 = EDGE_CURVE('',#6597,#6589,#6599,.T.);
#6597 = VERTEX_POINT('',#6598);
#6598 = CARTESIAN_POINT('',(-1.19,-0.15,0.19));
#6599 = LINE('',#6600,#6601);
#6600 = CARTESIAN_POINT('',(-1.19,-0.15,0.19));
#6601 = VECTOR('',#6602,1.);
#6602 = DIRECTION('',(0.,0.,-1.));
#6603 = ORIENTED_EDGE('',*,*,#6604,.F.);
#6604 = EDGE_CURVE('',#6515,#6597,#6605,.T.);
#6605 = LINE('',#6606,#6607);
#6606 = CARTESIAN_POINT('',(-1.295,-0.15,0.19));
#6607 = VECTOR('',#6608,1.);
#6608 = DIRECTION('',(1.,0.,0.));
#6609 = FACE_BOUND('',#6610,.T.);
#6610 = EDGE_LOOP('',(#6611,#6621,#6630,#6638,#6647,#6653,#6654,#6662));
#6611 = ORIENTED_EDGE('',*,*,#6612,.F.);
#6612 = EDGE_CURVE('',#6613,#6615,#6617,.T.);
#6613 = VERTEX_POINT('',#6614);
#6614 = CARTESIAN_POINT('',(0.77,-0.15,-0.37));
#6615 = VERTEX_POINT('',#6616);
#6616 = CARTESIAN_POINT('',(-0.77,-0.15,-0.37));
#6617 = LINE('',#6618,#6619);
#6618 = CARTESIAN_POINT('',(0.769999999897,-0.149999999992,
    -0.369999999992));
#6619 = VECTOR('',#6620,1.);
#6620 = DIRECTION('',(-1.,-4.900409083165E-12,-4.900409083165E-12));
#6621 = ORIENTED_EDGE('',*,*,#6622,.F.);
#6622 = EDGE_CURVE('',#6623,#6613,#6625,.T.);
#6623 = VERTEX_POINT('',#6624);
#6624 = CARTESIAN_POINT('',(0.83,-0.15,-0.310000000003));
#6625 = CIRCLE('',#6626,6.E-02);
#6626 = AXIS2_PLACEMENT_3D('',#6627,#6628,#6629);
#6627 = CARTESIAN_POINT('',(0.77,-0.15,-0.31));
#6628 = DIRECTION('',(-0.,1.,0.));
#6629 = DIRECTION('',(1.,0.,0.));
#6630 = ORIENTED_EDGE('',*,*,#6631,.F.);
#6631 = EDGE_CURVE('',#6632,#6623,#6634,.T.);
#6632 = VERTEX_POINT('',#6633);
#6633 = CARTESIAN_POINT('',(0.83,-0.15,0.31));
#6634 = LINE('',#6635,#6636);
#6635 = CARTESIAN_POINT('',(0.829999999992,-0.149999999992,
    0.309999999897));
#6636 = VECTOR('',#6637,1.);
#6637 = DIRECTION('',(1.21719838529E-11,-1.21719838529E-11,-1.));
#6638 = ORIENTED_EDGE('',*,*,#6639,.F.);
#6639 = EDGE_CURVE('',#6640,#6632,#6642,.T.);
#6640 = VERTEX_POINT('',#6641);
#6641 = CARTESIAN_POINT('',(0.770000000003,-0.15,0.37));
#6642 = CIRCLE('',#6643,6.E-02);
#6643 = AXIS2_PLACEMENT_3D('',#6644,#6645,#6646);
#6644 = CARTESIAN_POINT('',(0.77,-0.15,0.31));
#6645 = DIRECTION('',(0.,1.,0.));
#6646 = DIRECTION('',(0.,-0.,1.));
#6647 = ORIENTED_EDGE('',*,*,#6648,.F.);
#6648 = EDGE_CURVE('',#6483,#6640,#6649,.T.);
#6649 = LINE('',#6650,#6651);
#6650 = CARTESIAN_POINT('',(-0.769999999897,-0.149999999992,
    0.369999999992));
#6651 = VECTOR('',#6652,1.);
#6652 = DIRECTION('',(1.,-4.900409083165E-12,4.900409083165E-12));
#6653 = ORIENTED_EDGE('',*,*,#6499,.F.);
#6654 = ORIENTED_EDGE('',*,*,#6655,.F.);
#6655 = EDGE_CURVE('',#6656,#6492,#6658,.T.);
#6656 = VERTEX_POINT('',#6657);
#6657 = CARTESIAN_POINT('',(-0.83,-0.15,-0.31));
#6658 = LINE('',#6659,#6660);
#6659 = CARTESIAN_POINT('',(-0.829999999992,-0.149999999992,
    -0.309999999897));
#6660 = VECTOR('',#6661,1.);
#6661 = DIRECTION('',(-1.21719838529E-11,-1.217211815407E-11,1.));
#6662 = ORIENTED_EDGE('',*,*,#6663,.F.);
#6663 = EDGE_CURVE('',#6615,#6656,#6664,.T.);
#6664 = CIRCLE('',#6665,6.E-02);
#6665 = AXIS2_PLACEMENT_3D('',#6666,#6667,#6668);
#6666 = CARTESIAN_POINT('',(-0.77,-0.15,-0.31));
#6667 = DIRECTION('',(0.,1.,0.));
#6668 = DIRECTION('',(0.,0.,-1.));
#6669 = PLANE('',#6670);
#6670 = AXIS2_PLACEMENT_3D('',#6671,#6672,#6673);
#6671 = CARTESIAN_POINT('',(0.,-0.15,0.));
#6672 = DIRECTION('',(-0.,1.,0.));
#6673 = DIRECTION('',(1.,0.,0.));
#6674 = ADVANCED_FACE('',(#6675),#6732,.T.);
#6675 = FACE_BOUND('',#6676,.T.);
#6676 = EDGE_LOOP('',(#6677,#6687,#6695,#6701,#6702,#6710,#6718,#6726));
#6677 = ORIENTED_EDGE('',*,*,#6678,.F.);
#6678 = EDGE_CURVE('',#6679,#6681,#6683,.T.);
#6679 = VERTEX_POINT('',#6680);
#6680 = CARTESIAN_POINT('',(-1.28,0.15,0.19));
#6681 = VERTEX_POINT('',#6682);
#6682 = CARTESIAN_POINT('',(-1.28,-3.5E-02,0.19));
#6683 = LINE('',#6684,#6685);
#6684 = CARTESIAN_POINT('',(-1.28,0.15,0.19));
#6685 = VECTOR('',#6686,1.);
#6686 = DIRECTION('',(0.,-1.,0.));
#6687 = ORIENTED_EDGE('',*,*,#6688,.F.);
#6688 = EDGE_CURVE('',#6689,#6679,#6691,.T.);
#6689 = VERTEX_POINT('',#6690);
#6690 = CARTESIAN_POINT('',(-1.295,0.15,0.19));
#6691 = LINE('',#6692,#6693);
#6692 = CARTESIAN_POINT('',(-1.295,0.15,0.19));
#6693 = VECTOR('',#6694,1.);
#6694 = DIRECTION('',(1.,0.,0.));
#6695 = ORIENTED_EDGE('',*,*,#6696,.F.);
#6696 = EDGE_CURVE('',#6515,#6689,#6697,.T.);
#6697 = LINE('',#6698,#6699);
#6698 = CARTESIAN_POINT('',(-1.295,-0.15,0.19));
#6699 = VECTOR('',#6700,1.);
#6700 = DIRECTION('',(0.,1.,0.));
#6701 = ORIENTED_EDGE('',*,*,#6604,.T.);
#6702 = ORIENTED_EDGE('',*,*,#6703,.T.);
#6703 = EDGE_CURVE('',#6597,#6704,#6706,.T.);
#6704 = VERTEX_POINT('',#6705);
#6705 = CARTESIAN_POINT('',(-1.19,0.15,0.19));
#6706 = LINE('',#6707,#6708);
#6707 = CARTESIAN_POINT('',(-1.19,-0.15,0.19));
#6708 = VECTOR('',#6709,1.);
#6709 = DIRECTION('',(0.,1.,0.));
#6710 = ORIENTED_EDGE('',*,*,#6711,.F.);
#6711 = EDGE_CURVE('',#6712,#6704,#6714,.T.);
#6712 = VERTEX_POINT('',#6713);
#6713 = CARTESIAN_POINT('',(-1.2,0.15,0.19));
#6714 = LINE('',#6715,#6716);
#6715 = CARTESIAN_POINT('',(-1.2,0.15,0.19));
#6716 = VECTOR('',#6717,1.);
#6717 = DIRECTION('',(1.,0.,0.));
#6718 = ORIENTED_EDGE('',*,*,#6719,.T.);
#6719 = EDGE_CURVE('',#6712,#6720,#6722,.T.);
#6720 = VERTEX_POINT('',#6721);
#6721 = CARTESIAN_POINT('',(-1.2,-3.5E-02,0.19));
#6722 = LINE('',#6723,#6724);
#6723 = CARTESIAN_POINT('',(-1.2,0.15,0.19));
#6724 = VECTOR('',#6725,1.);
#6725 = DIRECTION('',(0.,-1.,0.));
#6726 = ORIENTED_EDGE('',*,*,#6727,.F.);
#6727 = EDGE_CURVE('',#6681,#6720,#6728,.T.);
#6728 = LINE('',#6729,#6730);
#6729 = CARTESIAN_POINT('',(-1.28,-3.5E-02,0.19));
#6730 = VECTOR('',#6731,1.);
#6731 = DIRECTION('',(1.,0.,0.));
#6732 = PLANE('',#6733);
#6733 = AXIS2_PLACEMENT_3D('',#6734,#6735,#6736);
#6734 = CARTESIAN_POINT('',(-1.295,-0.15,0.19));
#6735 = DIRECTION('',(0.,0.,1.));
#6736 = DIRECTION('',(1.,0.,-0.));
#6737 = ADVANCED_FACE('',(#6738),#6763,.F.);
#6738 = FACE_BOUND('',#6739,.T.);
#6739 = EDGE_LOOP('',(#6740,#6750,#6756,#6757));
#6740 = ORIENTED_EDGE('',*,*,#6741,.F.);
#6741 = EDGE_CURVE('',#6742,#6744,#6746,.T.);
#6742 = VERTEX_POINT('',#6743);
#6743 = CARTESIAN_POINT('',(-1.28,-3.5E-02,0.63));
#6744 = VERTEX_POINT('',#6745);
#6745 = CARTESIAN_POINT('',(-1.2,-3.5E-02,0.63));
#6746 = LINE('',#6747,#6748);
#6747 = CARTESIAN_POINT('',(-1.28,-3.5E-02,0.63));
#6748 = VECTOR('',#6749,1.);
#6749 = DIRECTION('',(1.,0.,0.));
#6750 = ORIENTED_EDGE('',*,*,#6751,.T.);
#6751 = EDGE_CURVE('',#6742,#6681,#6752,.T.);
#6752 = LINE('',#6753,#6754);
#6753 = CARTESIAN_POINT('',(-1.28,-3.5E-02,0.63));
#6754 = VECTOR('',#6755,1.);
#6755 = DIRECTION('',(0.,0.,-1.));
#6756 = ORIENTED_EDGE('',*,*,#6727,.T.);
#6757 = ORIENTED_EDGE('',*,*,#6758,.F.);
#6758 = EDGE_CURVE('',#6744,#6720,#6759,.T.);
#6759 = LINE('',#6760,#6761);
#6760 = CARTESIAN_POINT('',(-1.2,-3.5E-02,0.63));
#6761 = VECTOR('',#6762,1.);
#6762 = DIRECTION('',(0.,0.,-1.));
#6763 = PLANE('',#6764);
#6764 = AXIS2_PLACEMENT_3D('',#6765,#6766,#6767);
#6765 = CARTESIAN_POINT('',(-1.28,-3.5E-02,0.75));
#6766 = DIRECTION('',(-0.,1.,0.));
#6767 = DIRECTION('',(1.,0.,0.));
#6768 = ADVANCED_FACE('',(#6769),#6803,.F.);
#6769 = FACE_BOUND('',#6770,.T.);
#6770 = EDGE_LOOP('',(#6771,#6781,#6789,#6797));
#6771 = ORIENTED_EDGE('',*,*,#6772,.F.);
#6772 = EDGE_CURVE('',#6773,#6775,#6777,.T.);
#6773 = VERTEX_POINT('',#6774);
#6774 = CARTESIAN_POINT('',(-1.28,-3.5E-02,-0.19));
#6775 = VERTEX_POINT('',#6776);
#6776 = CARTESIAN_POINT('',(-1.2,-3.5E-02,-0.19));
#6777 = LINE('',#6778,#6779);
#6778 = CARTESIAN_POINT('',(-1.28,-3.5E-02,-0.19));
#6779 = VECTOR('',#6780,1.);
#6780 = DIRECTION('',(1.,0.,0.));
#6781 = ORIENTED_EDGE('',*,*,#6782,.T.);
#6782 = EDGE_CURVE('',#6773,#6783,#6785,.T.);
#6783 = VERTEX_POINT('',#6784);
#6784 = CARTESIAN_POINT('',(-1.28,-3.5E-02,-0.63));
#6785 = LINE('',#6786,#6787);
#6786 = CARTESIAN_POINT('',(-1.28,-3.5E-02,-0.19));
#6787 = VECTOR('',#6788,1.);
#6788 = DIRECTION('',(0.,0.,-1.));
#6789 = ORIENTED_EDGE('',*,*,#6790,.T.);
#6790 = EDGE_CURVE('',#6783,#6791,#6793,.T.);
#6791 = VERTEX_POINT('',#6792);
#6792 = CARTESIAN_POINT('',(-1.2,-3.5E-02,-0.63));
#6793 = LINE('',#6794,#6795);
#6794 = CARTESIAN_POINT('',(-1.28,-3.5E-02,-0.63));
#6795 = VECTOR('',#6796,1.);
#6796 = DIRECTION('',(1.,0.,0.));
#6797 = ORIENTED_EDGE('',*,*,#6798,.F.);
#6798 = EDGE_CURVE('',#6775,#6791,#6799,.T.);
#6799 = LINE('',#6800,#6801);
#6800 = CARTESIAN_POINT('',(-1.2,-3.5E-02,-0.19));
#6801 = VECTOR('',#6802,1.);
#6802 = DIRECTION('',(0.,0.,-1.));
#6803 = PLANE('',#6804);
#6804 = AXIS2_PLACEMENT_3D('',#6805,#6806,#6807);
#6805 = CARTESIAN_POINT('',(-1.28,-3.5E-02,0.75));
#6806 = DIRECTION('',(-0.,1.,0.));
#6807 = DIRECTION('',(1.,0.,0.));
#6808 = ADVANCED_FACE('',(#6809),#6850,.F.);
#6809 = FACE_BOUND('',#6810,.T.);
#6810 = EDGE_LOOP('',(#6811,#6812,#6820,#6826,#6827,#6835,#6843,#6849));
#6811 = ORIENTED_EDGE('',*,*,#6719,.F.);
#6812 = ORIENTED_EDGE('',*,*,#6813,.T.);
#6813 = EDGE_CURVE('',#6712,#6814,#6816,.T.);
#6814 = VERTEX_POINT('',#6815);
#6815 = CARTESIAN_POINT('',(-1.2,0.15,-0.19));
#6816 = LINE('',#6817,#6818);
#6817 = CARTESIAN_POINT('',(-1.2,0.15,0.19));
#6818 = VECTOR('',#6819,1.);
#6819 = DIRECTION('',(0.,0.,-1.));
#6820 = ORIENTED_EDGE('',*,*,#6821,.T.);
#6821 = EDGE_CURVE('',#6814,#6775,#6822,.T.);
#6822 = LINE('',#6823,#6824);
#6823 = CARTESIAN_POINT('',(-1.2,0.15,-0.19));
#6824 = VECTOR('',#6825,1.);
#6825 = DIRECTION('',(0.,-1.,0.));
#6826 = ORIENTED_EDGE('',*,*,#6798,.T.);
#6827 = ORIENTED_EDGE('',*,*,#6828,.T.);
#6828 = EDGE_CURVE('',#6791,#6829,#6831,.T.);
#6829 = VERTEX_POINT('',#6830);
#6830 = CARTESIAN_POINT('',(-1.2,0.247667984057,-0.63));
#6831 = LINE('',#6832,#6833);
#6832 = CARTESIAN_POINT('',(-1.2,-3.5E-02,-0.63));
#6833 = VECTOR('',#6834,1.);
#6834 = DIRECTION('',(0.,1.,0.));
#6835 = ORIENTED_EDGE('',*,*,#6836,.F.);
#6836 = EDGE_CURVE('',#6837,#6829,#6839,.T.);
#6837 = VERTEX_POINT('',#6838);
#6838 = CARTESIAN_POINT('',(-1.2,0.247667984057,0.63));
#6839 = LINE('',#6840,#6841);
#6840 = CARTESIAN_POINT('',(-1.2,0.247667984057,0.63));
#6841 = VECTOR('',#6842,1.);
#6842 = DIRECTION('',(0.,0.,-1.));
#6843 = ORIENTED_EDGE('',*,*,#6844,.F.);
#6844 = EDGE_CURVE('',#6744,#6837,#6845,.T.);
#6845 = LINE('',#6846,#6847);
#6846 = CARTESIAN_POINT('',(-1.2,-3.5E-02,0.63));
#6847 = VECTOR('',#6848,1.);
#6848 = DIRECTION('',(0.,1.,0.));
#6849 = ORIENTED_EDGE('',*,*,#6758,.T.);
#6850 = PLANE('',#6851);
#6851 = AXIS2_PLACEMENT_3D('',#6852,#6853,#6854);
#6852 = CARTESIAN_POINT('',(-1.2,-3.5E-02,0.75));
#6853 = DIRECTION('',(-1.,0.,0.));
#6854 = DIRECTION('',(0.,0.,1.));
#6855 = ADVANCED_FACE('',(#6856,#7047,#7081,#7115),#7149,.F.);
#6856 = FACE_BOUND('',#6857,.T.);
#6857 = EDGE_LOOP('',(#6858,#6866,#6867,#6875,#6883,#6891,#6899,#6907,
    #6915,#6921,#6922,#6928,#6929,#6930,#6938,#6944,#6945,#6951,#6952,
    #6960,#6968,#6974,#6975,#6984,#6992,#7000,#7006,#7007,#7015,#7024,
    #7030,#7031,#7032,#7041));
#6858 = ORIENTED_EDGE('',*,*,#6859,.T.);
#6859 = EDGE_CURVE('',#6860,#6122,#6862,.T.);
#6860 = VERTEX_POINT('',#6861);
#6861 = CARTESIAN_POINT('',(-0.9303,0.31,0.63));
#6862 = LINE('',#6863,#6864);
#6863 = CARTESIAN_POINT('',(-0.9303,0.31,0.63));
#6864 = VECTOR('',#6865,1.);
#6865 = DIRECTION('',(-2.775557561563E-14,1.,0.));
#6866 = ORIENTED_EDGE('',*,*,#6121,.T.);
#6867 = ORIENTED_EDGE('',*,*,#6868,.T.);
#6868 = EDGE_CURVE('',#6114,#6869,#6871,.T.);
#6869 = VERTEX_POINT('',#6870);
#6870 = CARTESIAN_POINT('',(-0.8275,0.21,0.63));
#6871 = LINE('',#6872,#6873);
#6872 = CARTESIAN_POINT('',(-0.8275,0.33,0.63));
#6873 = VECTOR('',#6874,1.);
#6874 = DIRECTION('',(0.,-1.,0.));
#6875 = ORIENTED_EDGE('',*,*,#6876,.F.);
#6876 = EDGE_CURVE('',#6877,#6869,#6879,.T.);
#6877 = VERTEX_POINT('',#6878);
#6878 = CARTESIAN_POINT('',(-0.795,0.21,0.63));
#6879 = LINE('',#6880,#6881);
#6880 = CARTESIAN_POINT('',(-0.795,0.21,0.63));
#6881 = VECTOR('',#6882,1.);
#6882 = DIRECTION('',(-1.,0.,0.));
#6883 = ORIENTED_EDGE('',*,*,#6884,.T.);
#6884 = EDGE_CURVE('',#6877,#6885,#6887,.T.);
#6885 = VERTEX_POINT('',#6886);
#6886 = CARTESIAN_POINT('',(-0.795,6.8E-02,0.63));
#6887 = LINE('',#6888,#6889);
#6888 = CARTESIAN_POINT('',(-0.795,0.21,0.63));
#6889 = VECTOR('',#6890,1.);
#6890 = DIRECTION('',(0.,-1.,0.));
#6891 = ORIENTED_EDGE('',*,*,#6892,.F.);
#6892 = EDGE_CURVE('',#6893,#6885,#6895,.T.);
#6893 = VERTEX_POINT('',#6894);
#6894 = CARTESIAN_POINT('',(-0.62,6.8E-02,0.63));
#6895 = LINE('',#6896,#6897);
#6896 = CARTESIAN_POINT('',(-0.62,6.8E-02,0.63));
#6897 = VECTOR('',#6898,1.);
#6898 = DIRECTION('',(-1.,0.,0.));
#6899 = ORIENTED_EDGE('',*,*,#6900,.F.);
#6900 = EDGE_CURVE('',#6901,#6893,#6903,.T.);
#6901 = VERTEX_POINT('',#6902);
#6902 = CARTESIAN_POINT('',(-0.62,0.21,0.63));
#6903 = LINE('',#6904,#6905);
#6904 = CARTESIAN_POINT('',(-0.62,0.21,0.63));
#6905 = VECTOR('',#6906,1.);
#6906 = DIRECTION('',(0.,-1.,0.));
#6907 = ORIENTED_EDGE('',*,*,#6908,.F.);
#6908 = EDGE_CURVE('',#6909,#6901,#6911,.T.);
#6909 = VERTEX_POINT('',#6910);
#6910 = CARTESIAN_POINT('',(-0.5725,0.21,0.63));
#6911 = LINE('',#6912,#6913);
#6912 = CARTESIAN_POINT('',(-0.5725,0.21,0.63));
#6913 = VECTOR('',#6914,1.);
#6914 = DIRECTION('',(-1.,0.,0.));
#6915 = ORIENTED_EDGE('',*,*,#6916,.F.);
#6916 = EDGE_CURVE('',#5792,#6909,#6917,.T.);
#6917 = LINE('',#6918,#6919);
#6918 = CARTESIAN_POINT('',(-0.5725,0.33,0.63));
#6919 = VECTOR('',#6920,1.);
#6920 = DIRECTION('',(0.,-1.,0.));
#6921 = ORIENTED_EDGE('',*,*,#5791,.T.);
#6922 = ORIENTED_EDGE('',*,*,#6923,.T.);
#6923 = EDGE_CURVE('',#5784,#5617,#6924,.T.);
#6924 = LINE('',#6925,#6926);
#6925 = CARTESIAN_POINT('',(0.5725,0.33,0.63));
#6926 = VECTOR('',#6927,1.);
#6927 = DIRECTION('',(0.,-1.,0.));
#6928 = ORIENTED_EDGE('',*,*,#5616,.T.);
#6929 = ORIENTED_EDGE('',*,*,#5593,.T.);
#6930 = ORIENTED_EDGE('',*,*,#6931,.T.);
#6931 = EDGE_CURVE('',#5586,#6932,#6934,.T.);
#6932 = VERTEX_POINT('',#6933);
#6933 = CARTESIAN_POINT('',(0.795,6.8E-02,0.63));
#6934 = LINE('',#6935,#6936);
#6935 = CARTESIAN_POINT('',(0.62,6.8E-02,0.63));
#6936 = VECTOR('',#6937,1.);
#6937 = DIRECTION('',(1.,0.,0.));
#6938 = ORIENTED_EDGE('',*,*,#6939,.F.);
#6939 = EDGE_CURVE('',#5658,#6932,#6940,.T.);
#6940 = LINE('',#6941,#6942);
#6941 = CARTESIAN_POINT('',(0.795,0.21,0.63));
#6942 = VECTOR('',#6943,1.);
#6943 = DIRECTION('',(0.,-1.,0.));
#6944 = ORIENTED_EDGE('',*,*,#5657,.T.);
#6945 = ORIENTED_EDGE('',*,*,#6946,.F.);
#6946 = EDGE_CURVE('',#6361,#5650,#6947,.T.);
#6947 = LINE('',#6948,#6949);
#6948 = CARTESIAN_POINT('',(0.8275,0.33,0.63));
#6949 = VECTOR('',#6950,1.);
#6950 = DIRECTION('',(0.,-1.,0.));
#6951 = ORIENTED_EDGE('',*,*,#6360,.T.);
#6952 = ORIENTED_EDGE('',*,*,#6953,.F.);
#6953 = EDGE_CURVE('',#6954,#6351,#6956,.T.);
#6954 = VERTEX_POINT('',#6955);
#6955 = CARTESIAN_POINT('',(0.9303,0.31,0.63));
#6956 = LINE('',#6957,#6958);
#6957 = CARTESIAN_POINT('',(0.9303,0.31,0.63));
#6958 = VECTOR('',#6959,1.);
#6959 = DIRECTION('',(0.,1.,-1.665334536938E-14));
#6960 = ORIENTED_EDGE('',*,*,#6961,.F.);
#6961 = EDGE_CURVE('',#6962,#6954,#6964,.T.);
#6962 = VERTEX_POINT('',#6963);
#6963 = CARTESIAN_POINT('',(1.2203,0.31,0.63));
#6964 = LINE('',#6965,#6966);
#6965 = CARTESIAN_POINT('',(1.2203,0.31,0.63));
#6966 = VECTOR('',#6967,1.);
#6967 = DIRECTION('',(-1.,0.,0.));
#6968 = ORIENTED_EDGE('',*,*,#6969,.T.);
#6969 = EDGE_CURVE('',#6962,#6273,#6970,.T.);
#6970 = LINE('',#6971,#6972);
#6971 = CARTESIAN_POINT('',(1.2203,0.31,0.63));
#6972 = VECTOR('',#6973,1.);
#6973 = DIRECTION('',(1.110223024625E-14,1.,0.));
#6974 = ORIENTED_EDGE('',*,*,#6272,.T.);
#6975 = ORIENTED_EDGE('',*,*,#6976,.F.);
#6976 = EDGE_CURVE('',#6977,#6265,#6979,.T.);
#6977 = VERTEX_POINT('',#6978);
#6978 = CARTESIAN_POINT('',(1.22,0.256572557763,0.63));
#6979 = CIRCLE('',#6980,0.12);
#6980 = AXIS2_PLACEMENT_3D('',#6981,#6982,#6983);
#6981 = CARTESIAN_POINT('',(1.34,0.256572557763,0.63));
#6982 = DIRECTION('',(0.,0.,-1.));
#6983 = DIRECTION('',(-1.,0.,0.));
#6984 = ORIENTED_EDGE('',*,*,#6985,.F.);
#6985 = EDGE_CURVE('',#6986,#6977,#6988,.T.);
#6986 = VERTEX_POINT('',#6987);
#6987 = CARTESIAN_POINT('',(1.22,-3.5E-02,0.63));
#6988 = LINE('',#6989,#6990);
#6989 = CARTESIAN_POINT('',(1.22,-3.5E-02,0.63));
#6990 = VECTOR('',#6991,1.);
#6991 = DIRECTION('',(0.,1.,0.));
#6992 = ORIENTED_EDGE('',*,*,#6993,.F.);
#6993 = EDGE_CURVE('',#6994,#6986,#6996,.T.);
#6994 = VERTEX_POINT('',#6995);
#6995 = CARTESIAN_POINT('',(1.295,-3.5E-02,0.63));
#6996 = LINE('',#6997,#6998);
#6997 = CARTESIAN_POINT('',(1.295,-3.5E-02,0.63));
#6998 = VECTOR('',#6999,1.);
#6999 = DIRECTION('',(-1.,0.,0.));
#7000 = ORIENTED_EDGE('',*,*,#7001,.T.);
#7001 = EDGE_CURVE('',#6994,#6525,#7002,.T.);
#7002 = LINE('',#7003,#7004);
#7003 = CARTESIAN_POINT('',(1.295,-3.5E-02,0.63));
#7004 = VECTOR('',#7005,1.);
#7005 = DIRECTION('',(0.,-1.,0.));
#7006 = ORIENTED_EDGE('',*,*,#6524,.F.);
#7007 = ORIENTED_EDGE('',*,*,#7008,.F.);
#7008 = EDGE_CURVE('',#7009,#6517,#7011,.T.);
#7009 = VERTEX_POINT('',#7010);
#7010 = CARTESIAN_POINT('',(-1.295,0.278892974049,0.63));
#7011 = LINE('',#7012,#7013);
#7012 = CARTESIAN_POINT('',(-1.295,0.278892974049,0.63));
#7013 = VECTOR('',#7014,1.);
#7014 = DIRECTION('',(0.,-1.,0.));
#7015 = ORIENTED_EDGE('',*,*,#7016,.F.);
#7016 = EDGE_CURVE('',#7017,#7009,#7019,.T.);
#7017 = VERTEX_POINT('',#7018);
#7018 = CARTESIAN_POINT('',(-1.28,0.247667984057,0.63));
#7019 = CIRCLE('',#7020,4.E-02);
#7020 = AXIS2_PLACEMENT_3D('',#7021,#7022,#7023);
#7021 = CARTESIAN_POINT('',(-1.32,0.247667984057,0.63));
#7022 = DIRECTION('',(0.,0.,1.));
#7023 = DIRECTION('',(1.,0.,-0.));
#7024 = ORIENTED_EDGE('',*,*,#7025,.T.);
#7025 = EDGE_CURVE('',#7017,#6742,#7026,.T.);
#7026 = LINE('',#7027,#7028);
#7027 = CARTESIAN_POINT('',(-1.28,0.247667984057,0.63));
#7028 = VECTOR('',#7029,1.);
#7029 = DIRECTION('',(0.,-1.,0.));
#7030 = ORIENTED_EDGE('',*,*,#6741,.T.);
#7031 = ORIENTED_EDGE('',*,*,#6844,.T.);
#7032 = ORIENTED_EDGE('',*,*,#7033,.T.);
#7033 = EDGE_CURVE('',#6837,#7034,#7036,.T.);
#7034 = VERTEX_POINT('',#7035);
#7035 = CARTESIAN_POINT('',(-1.217458692282,0.31,0.63));
#7036 = CIRCLE('',#7037,0.12);
#7037 = AXIS2_PLACEMENT_3D('',#7038,#7039,#7040);
#7038 = CARTESIAN_POINT('',(-1.32,0.247667984057,0.63));
#7039 = DIRECTION('',(0.,0.,1.));
#7040 = DIRECTION('',(1.,-1.919760646748E-14,0.));
#7041 = ORIENTED_EDGE('',*,*,#7042,.F.);
#7042 = EDGE_CURVE('',#6860,#7034,#7043,.T.);
#7043 = LINE('',#7044,#7045);
#7044 = CARTESIAN_POINT('',(-0.9303,0.31,0.63));
#7045 = VECTOR('',#7046,1.);
#7046 = DIRECTION('',(-1.,0.,0.));
#7047 = FACE_BOUND('',#7048,.T.);
#7048 = EDGE_LOOP('',(#7049,#7059,#7067,#7075));
#7049 = ORIENTED_EDGE('',*,*,#7050,.T.);
#7050 = EDGE_CURVE('',#7051,#7053,#7055,.T.);
#7051 = VERTEX_POINT('',#7052);
#7052 = CARTESIAN_POINT('',(-8.E-02,0.105,0.63));
#7053 = VERTEX_POINT('',#7054);
#7054 = CARTESIAN_POINT('',(8.E-02,0.105,0.63));
#7055 = LINE('',#7056,#7057);
#7056 = CARTESIAN_POINT('',(-8.E-02,0.105,0.63));
#7057 = VECTOR('',#7058,1.);
#7058 = DIRECTION('',(1.,0.,0.));
#7059 = ORIENTED_EDGE('',*,*,#7060,.T.);
#7060 = EDGE_CURVE('',#7053,#7061,#7063,.T.);
#7061 = VERTEX_POINT('',#7062);
#7062 = CARTESIAN_POINT('',(8.E-02,0.2275,0.63));
#7063 = LINE('',#7064,#7065);
#7064 = CARTESIAN_POINT('',(8.E-02,0.105,0.63));
#7065 = VECTOR('',#7066,1.);
#7066 = DIRECTION('',(0.,1.,0.));
#7067 = ORIENTED_EDGE('',*,*,#7068,.F.);
#7068 = EDGE_CURVE('',#7069,#7061,#7071,.T.);
#7069 = VERTEX_POINT('',#7070);
#7070 = CARTESIAN_POINT('',(-8.E-02,0.2275,0.63));
#7071 = LINE('',#7072,#7073);
#7072 = CARTESIAN_POINT('',(-8.E-02,0.2275,0.63));
#7073 = VECTOR('',#7074,1.);
#7074 = DIRECTION('',(1.,0.,0.));
#7075 = ORIENTED_EDGE('',*,*,#7076,.F.);
#7076 = EDGE_CURVE('',#7051,#7069,#7077,.T.);
#7077 = LINE('',#7078,#7079);
#7078 = CARTESIAN_POINT('',(-8.E-02,0.105,0.63));
#7079 = VECTOR('',#7080,1.);
#7080 = DIRECTION('',(0.,1.,0.));
#7081 = FACE_BOUND('',#7082,.T.);
#7082 = EDGE_LOOP('',(#7083,#7093,#7101,#7109));
#7083 = ORIENTED_EDGE('',*,*,#7084,.T.);
#7084 = EDGE_CURVE('',#7085,#7087,#7089,.T.);
#7085 = VERTEX_POINT('',#7086);
#7086 = CARTESIAN_POINT('',(-0.43,0.105,0.63));
#7087 = VERTEX_POINT('',#7088);
#7088 = CARTESIAN_POINT('',(-0.27,0.105,0.63));
#7089 = LINE('',#7090,#7091);
#7090 = CARTESIAN_POINT('',(-0.43,0.105,0.63));
#7091 = VECTOR('',#7092,1.);
#7092 = DIRECTION('',(1.,0.,0.));
#7093 = ORIENTED_EDGE('',*,*,#7094,.T.);
#7094 = EDGE_CURVE('',#7087,#7095,#7097,.T.);
#7095 = VERTEX_POINT('',#7096);
#7096 = CARTESIAN_POINT('',(-0.27,0.2275,0.63));
#7097 = LINE('',#7098,#7099);
#7098 = CARTESIAN_POINT('',(-0.27,0.105,0.63));
#7099 = VECTOR('',#7100,1.);
#7100 = DIRECTION('',(0.,1.,0.));
#7101 = ORIENTED_EDGE('',*,*,#7102,.F.);
#7102 = EDGE_CURVE('',#7103,#7095,#7105,.T.);
#7103 = VERTEX_POINT('',#7104);
#7104 = CARTESIAN_POINT('',(-0.43,0.2275,0.63));
#7105 = LINE('',#7106,#7107);
#7106 = CARTESIAN_POINT('',(-0.43,0.2275,0.63));
#7107 = VECTOR('',#7108,1.);
#7108 = DIRECTION('',(1.,0.,0.));
#7109 = ORIENTED_EDGE('',*,*,#7110,.F.);
#7110 = EDGE_CURVE('',#7085,#7103,#7111,.T.);
#7111 = LINE('',#7112,#7113);
#7112 = CARTESIAN_POINT('',(-0.43,0.105,0.63));
#7113 = VECTOR('',#7114,1.);
#7114 = DIRECTION('',(0.,1.,0.));
#7115 = FACE_BOUND('',#7116,.T.);
#7116 = EDGE_LOOP('',(#7117,#7127,#7135,#7143));
#7117 = ORIENTED_EDGE('',*,*,#7118,.T.);
#7118 = EDGE_CURVE('',#7119,#7121,#7123,.T.);
#7119 = VERTEX_POINT('',#7120);
#7120 = CARTESIAN_POINT('',(0.27,0.105,0.63));
#7121 = VERTEX_POINT('',#7122);
#7122 = CARTESIAN_POINT('',(0.43,0.105,0.63));
#7123 = LINE('',#7124,#7125);
#7124 = CARTESIAN_POINT('',(0.27,0.105,0.63));
#7125 = VECTOR('',#7126,1.);
#7126 = DIRECTION('',(1.,0.,0.));
#7127 = ORIENTED_EDGE('',*,*,#7128,.T.);
#7128 = EDGE_CURVE('',#7121,#7129,#7131,.T.);
#7129 = VERTEX_POINT('',#7130);
#7130 = CARTESIAN_POINT('',(0.43,0.2275,0.63));
#7131 = LINE('',#7132,#7133);
#7132 = CARTESIAN_POINT('',(0.43,0.105,0.63));
#7133 = VECTOR('',#7134,1.);
#7134 = DIRECTION('',(0.,1.,0.));
#7135 = ORIENTED_EDGE('',*,*,#7136,.F.);
#7136 = EDGE_CURVE('',#7137,#7129,#7139,.T.);
#7137 = VERTEX_POINT('',#7138);
#7138 = CARTESIAN_POINT('',(0.27,0.2275,0.63));
#7139 = LINE('',#7140,#7141);
#7140 = CARTESIAN_POINT('',(0.27,0.2275,0.63));
#7141 = VECTOR('',#7142,1.);
#7142 = DIRECTION('',(1.,0.,0.));
#7143 = ORIENTED_EDGE('',*,*,#7144,.F.);
#7144 = EDGE_CURVE('',#7119,#7137,#7145,.T.);
#7145 = LINE('',#7146,#7147);
#7146 = CARTESIAN_POINT('',(0.27,0.105,0.63));
#7147 = VECTOR('',#7148,1.);
#7148 = DIRECTION('',(0.,1.,0.));
#7149 = PLANE('',#7150);
#7150 = AXIS2_PLACEMENT_3D('',#7151,#7152,#7153);
#7151 = CARTESIAN_POINT('',(-1.295,0.33,0.63));
#7152 = DIRECTION('',(0.,0.,1.));
#7153 = DIRECTION('',(1.,0.,-0.));
#7154 = ADVANCED_FACE('',(#7155),#7181,.F.);
#7155 = FACE_BOUND('',#7156,.T.);
#7156 = EDGE_LOOP('',(#7157,#7166,#7174,#7180));
#7157 = ORIENTED_EDGE('',*,*,#7158,.F.);
#7158 = EDGE_CURVE('',#7159,#7137,#7161,.T.);
#7159 = VERTEX_POINT('',#7160);
#7160 = CARTESIAN_POINT('',(0.27,0.1575,0.61));
#7161 = CIRCLE('',#7162,0.1325);
#7162 = AXIS2_PLACEMENT_3D('',#7163,#7164,#7165);
#7163 = CARTESIAN_POINT('',(0.27,0.1575,0.7425));
#7164 = DIRECTION('',(1.,0.,0.));
#7165 = DIRECTION('',(0.,0.,-1.));
#7166 = ORIENTED_EDGE('',*,*,#7167,.F.);
#7167 = EDGE_CURVE('',#7168,#7159,#7170,.T.);
#7168 = VERTEX_POINT('',#7169);
#7169 = CARTESIAN_POINT('',(0.27,0.125,0.61));
#7170 = LINE('',#7171,#7172);
#7171 = CARTESIAN_POINT('',(0.27,0.125,0.61));
#7172 = VECTOR('',#7173,1.);
#7173 = DIRECTION('',(0.,1.,0.));
#7174 = ORIENTED_EDGE('',*,*,#7175,.F.);
#7175 = EDGE_CURVE('',#7119,#7168,#7176,.T.);
#7176 = LINE('',#7177,#7178);
#7177 = CARTESIAN_POINT('',(0.27,0.105,0.63));
#7178 = VECTOR('',#7179,1.);
#7179 = DIRECTION('',(0.,0.707106781187,-0.707106781186));
#7180 = ORIENTED_EDGE('',*,*,#7144,.T.);
#7181 = PLANE('',#7182);
#7182 = AXIS2_PLACEMENT_3D('',#7183,#7184,#7185);
#7183 = CARTESIAN_POINT('',(0.27,-0.33,0.));
#7184 = DIRECTION('',(1.,0.,0.));
#7185 = DIRECTION('',(-0.,1.,0.));
#7186 = ADVANCED_FACE('',(#7187),#7222,.F.);
#7187 = FACE_BOUND('',#7188,.T.);
#7188 = EDGE_LOOP('',(#7189,#7199,#7207,#7216));
#7189 = ORIENTED_EDGE('',*,*,#7190,.F.);
#7190 = EDGE_CURVE('',#7191,#7193,#7195,.T.);
#7191 = VERTEX_POINT('',#7192);
#7192 = CARTESIAN_POINT('',(0.27,0.125,-0.61));
#7193 = VERTEX_POINT('',#7194);
#7194 = CARTESIAN_POINT('',(0.27,0.105,-0.63));
#7195 = LINE('',#7196,#7197);
#7196 = CARTESIAN_POINT('',(0.27,0.125,-0.61));
#7197 = VECTOR('',#7198,1.);
#7198 = DIRECTION('',(0.,-0.707106781187,-0.707106781186));
#7199 = ORIENTED_EDGE('',*,*,#7200,.F.);
#7200 = EDGE_CURVE('',#7201,#7191,#7203,.T.);
#7201 = VERTEX_POINT('',#7202);
#7202 = CARTESIAN_POINT('',(0.27,0.1575,-0.61));
#7203 = LINE('',#7204,#7205);
#7204 = CARTESIAN_POINT('',(0.27,0.1575,-0.61));
#7205 = VECTOR('',#7206,1.);
#7206 = DIRECTION('',(0.,-1.,0.));
#7207 = ORIENTED_EDGE('',*,*,#7208,.F.);
#7208 = EDGE_CURVE('',#7209,#7201,#7211,.T.);
#7209 = VERTEX_POINT('',#7210);
#7210 = CARTESIAN_POINT('',(0.27,0.2275,-0.63));
#7211 = CIRCLE('',#7212,0.1325);
#7212 = AXIS2_PLACEMENT_3D('',#7213,#7214,#7215);
#7213 = CARTESIAN_POINT('',(0.27,0.1575,-0.7425));
#7214 = DIRECTION('',(1.,0.,-0.));
#7215 = DIRECTION('',(0.,0.528301886792,0.849056603774));
#7216 = ORIENTED_EDGE('',*,*,#7217,.F.);
#7217 = EDGE_CURVE('',#7193,#7209,#7218,.T.);
#7218 = LINE('',#7219,#7220);
#7219 = CARTESIAN_POINT('',(0.27,0.105,-0.63));
#7220 = VECTOR('',#7221,1.);
#7221 = DIRECTION('',(0.,1.,0.));
#7222 = PLANE('',#7223);
#7223 = AXIS2_PLACEMENT_3D('',#7224,#7225,#7226);
#7224 = CARTESIAN_POINT('',(0.27,-0.33,0.));
#7225 = DIRECTION('',(1.,0.,0.));
#7226 = DIRECTION('',(-0.,1.,0.));
#7227 = ADVANCED_FACE('',(#7228),#7254,.F.);
#7228 = FACE_BOUND('',#7229,.T.);
#7229 = EDGE_LOOP('',(#7230,#7239,#7247,#7253));
#7230 = ORIENTED_EDGE('',*,*,#7231,.F.);
#7231 = EDGE_CURVE('',#7232,#4511,#7234,.T.);
#7232 = VERTEX_POINT('',#7233);
#7233 = CARTESIAN_POINT('',(0.27,0.140918398338,-0.405));
#7234 = CIRCLE('',#7235,9.E-02);
#7235 = AXIS2_PLACEMENT_3D('',#7236,#7237,#7238);
#7236 = CARTESIAN_POINT('',(0.27,0.17,-0.319828053652));
#7237 = DIRECTION('',(1.,0.,0.));
#7238 = DIRECTION('',(0.,-0.32312890736,-0.946354959425));
#7239 = ORIENTED_EDGE('',*,*,#7240,.F.);
#7240 = EDGE_CURVE('',#7241,#7232,#7243,.T.);
#7241 = VERTEX_POINT('',#7242);
#7242 = CARTESIAN_POINT('',(0.27,-4.944857583726E-02,-0.34));
#7243 = LINE('',#7244,#7245);
#7244 = CARTESIAN_POINT('',(0.27,-4.944857583726E-02,-0.34));
#7245 = VECTOR('',#7246,1.);
#7246 = DIRECTION('',(0.,0.946354959425,-0.32312890736));
#7247 = ORIENTED_EDGE('',*,*,#7248,.T.);
#7248 = EDGE_CURVE('',#7241,#4521,#7249,.T.);
#7249 = LINE('',#7250,#7251);
#7250 = CARTESIAN_POINT('',(0.27,-4.944857583726E-02,-0.34));
#7251 = VECTOR('',#7252,1.);
#7252 = DIRECTION('',(0.,1.,0.));
#7253 = ORIENTED_EDGE('',*,*,#4520,.F.);
#7254 = PLANE('',#7255);
#7255 = AXIS2_PLACEMENT_3D('',#7256,#7257,#7258);
#7256 = CARTESIAN_POINT('',(0.27,-0.33,0.));
#7257 = DIRECTION('',(1.,0.,0.));
#7258 = DIRECTION('',(-0.,1.,0.));
#7259 = ADVANCED_FACE('',(#7260),#7286,.F.);
#7260 = FACE_BOUND('',#7261,.T.);
#7261 = EDGE_LOOP('',(#7262,#7272,#7279,#7280));
#7262 = ORIENTED_EDGE('',*,*,#7263,.F.);
#7263 = EDGE_CURVE('',#7264,#7266,#7268,.T.);
#7264 = VERTEX_POINT('',#7265);
#7265 = CARTESIAN_POINT('',(0.27,0.140918398338,0.405));
#7266 = VERTEX_POINT('',#7267);
#7267 = CARTESIAN_POINT('',(0.27,-4.944857583726E-02,0.34));
#7268 = LINE('',#7269,#7270);
#7269 = CARTESIAN_POINT('',(0.27,0.140918398338,0.405));
#7270 = VECTOR('',#7271,1.);
#7271 = DIRECTION('',(0.,-0.946354959425,-0.32312890736));
#7272 = ORIENTED_EDGE('',*,*,#7273,.F.);
#7273 = EDGE_CURVE('',#4387,#7264,#7274,.T.);
#7274 = CIRCLE('',#7275,9.E-02);
#7275 = AXIS2_PLACEMENT_3D('',#7276,#7277,#7278);
#7276 = CARTESIAN_POINT('',(0.27,0.17,0.319828053652));
#7277 = DIRECTION('',(1.,0.,-0.));
#7278 = DIRECTION('',(0.,0.974558626309,0.224132737203));
#7279 = ORIENTED_EDGE('',*,*,#4411,.F.);
#7280 = ORIENTED_EDGE('',*,*,#7281,.F.);
#7281 = EDGE_CURVE('',#7266,#4404,#7282,.T.);
#7282 = LINE('',#7283,#7284);
#7283 = CARTESIAN_POINT('',(0.27,-4.944857583726E-02,0.34));
#7284 = VECTOR('',#7285,1.);
#7285 = DIRECTION('',(0.,1.,0.));
#7286 = PLANE('',#7287);
#7287 = AXIS2_PLACEMENT_3D('',#7288,#7289,#7290);
#7288 = CARTESIAN_POINT('',(0.27,-0.33,0.));
#7289 = DIRECTION('',(1.,0.,0.));
#7290 = DIRECTION('',(-0.,1.,0.));
#7291 = ADVANCED_FACE('',(#7292),#7310,.T.);
#7292 = FACE_BOUND('',#7293,.T.);
#7293 = EDGE_LOOP('',(#7294,#7295,#7303,#7309));
#7294 = ORIENTED_EDGE('',*,*,#7175,.T.);
#7295 = ORIENTED_EDGE('',*,*,#7296,.T.);
#7296 = EDGE_CURVE('',#7168,#7297,#7299,.T.);
#7297 = VERTEX_POINT('',#7298);
#7298 = CARTESIAN_POINT('',(0.43,0.125,0.61));
#7299 = LINE('',#7300,#7301);
#7300 = CARTESIAN_POINT('',(0.27,0.125,0.61));
#7301 = VECTOR('',#7302,1.);
#7302 = DIRECTION('',(1.,0.,0.));
#7303 = ORIENTED_EDGE('',*,*,#7304,.F.);
#7304 = EDGE_CURVE('',#7121,#7297,#7305,.T.);
#7305 = LINE('',#7306,#7307);
#7306 = CARTESIAN_POINT('',(0.43,0.105,0.63));
#7307 = VECTOR('',#7308,1.);
#7308 = DIRECTION('',(0.,0.707106781187,-0.707106781186));
#7309 = ORIENTED_EDGE('',*,*,#7118,.F.);
#7310 = PLANE('',#7311);
#7311 = AXIS2_PLACEMENT_3D('',#7312,#7313,#7314);
#7312 = CARTESIAN_POINT('',(0.27,0.105,0.63));
#7313 = DIRECTION('',(0.,-0.707106781186,-0.707106781187));
#7314 = DIRECTION('',(0.,-0.707106781187,0.707106781186));
#7315 = ADVANCED_FACE('',(#7316),#7335,.T.);
#7316 = FACE_BOUND('',#7317,.T.);
#7317 = EDGE_LOOP('',(#7318,#7319,#7327,#7334));
#7318 = ORIENTED_EDGE('',*,*,#7304,.T.);
#7319 = ORIENTED_EDGE('',*,*,#7320,.T.);
#7320 = EDGE_CURVE('',#7297,#7321,#7323,.T.);
#7321 = VERTEX_POINT('',#7322);
#7322 = CARTESIAN_POINT('',(0.43,0.1575,0.61));
#7323 = LINE('',#7324,#7325);
#7324 = CARTESIAN_POINT('',(0.43,0.125,0.61));
#7325 = VECTOR('',#7326,1.);
#7326 = DIRECTION('',(0.,1.,0.));
#7327 = ORIENTED_EDGE('',*,*,#7328,.T.);
#7328 = EDGE_CURVE('',#7321,#7129,#7329,.T.);
#7329 = CIRCLE('',#7330,0.1325);
#7330 = AXIS2_PLACEMENT_3D('',#7331,#7332,#7333);
#7331 = CARTESIAN_POINT('',(0.43,0.1575,0.7425));
#7332 = DIRECTION('',(1.,0.,0.));
#7333 = DIRECTION('',(0.,0.,-1.));
#7334 = ORIENTED_EDGE('',*,*,#7128,.F.);
#7335 = PLANE('',#7336);
#7336 = AXIS2_PLACEMENT_3D('',#7337,#7338,#7339);
#7337 = CARTESIAN_POINT('',(0.43,-0.33,0.));
#7338 = DIRECTION('',(1.,0.,0.));
#7339 = DIRECTION('',(-0.,1.,0.));
#7340 = ADVANCED_FACE('',(#7341),#7376,.T.);
#7341 = FACE_BOUND('',#7342,.T.);
#7342 = EDGE_LOOP('',(#7343,#7354,#7362,#7370));
#7343 = ORIENTED_EDGE('',*,*,#7344,.T.);
#7344 = EDGE_CURVE('',#7345,#7347,#7349,.T.);
#7345 = VERTEX_POINT('',#7346);
#7346 = CARTESIAN_POINT('',(0.43,0.2275,-0.63));
#7347 = VERTEX_POINT('',#7348);
#7348 = CARTESIAN_POINT('',(0.43,0.1575,-0.61));
#7349 = CIRCLE('',#7350,0.1325);
#7350 = AXIS2_PLACEMENT_3D('',#7351,#7352,#7353);
#7351 = CARTESIAN_POINT('',(0.43,0.1575,-0.7425));
#7352 = DIRECTION('',(1.,0.,-0.));
#7353 = DIRECTION('',(0.,0.528301886792,0.849056603774));
#7354 = ORIENTED_EDGE('',*,*,#7355,.T.);
#7355 = EDGE_CURVE('',#7347,#7356,#7358,.T.);
#7356 = VERTEX_POINT('',#7357);
#7357 = CARTESIAN_POINT('',(0.43,0.125,-0.61));
#7358 = LINE('',#7359,#7360);
#7359 = CARTESIAN_POINT('',(0.43,0.1575,-0.61));
#7360 = VECTOR('',#7361,1.);
#7361 = DIRECTION('',(0.,-1.,0.));
#7362 = ORIENTED_EDGE('',*,*,#7363,.T.);
#7363 = EDGE_CURVE('',#7356,#7364,#7366,.T.);
#7364 = VERTEX_POINT('',#7365);
#7365 = CARTESIAN_POINT('',(0.43,0.105,-0.63));
#7366 = LINE('',#7367,#7368);
#7367 = CARTESIAN_POINT('',(0.43,0.125,-0.61));
#7368 = VECTOR('',#7369,1.);
#7369 = DIRECTION('',(0.,-0.707106781187,-0.707106781186));
#7370 = ORIENTED_EDGE('',*,*,#7371,.T.);
#7371 = EDGE_CURVE('',#7364,#7345,#7372,.T.);
#7372 = LINE('',#7373,#7374);
#7373 = CARTESIAN_POINT('',(0.43,0.105,-0.63));
#7374 = VECTOR('',#7375,1.);
#7375 = DIRECTION('',(0.,1.,0.));
#7376 = PLANE('',#7377);
#7377 = AXIS2_PLACEMENT_3D('',#7378,#7379,#7380);
#7378 = CARTESIAN_POINT('',(0.43,-0.33,0.));
#7379 = DIRECTION('',(1.,0.,0.));
#7380 = DIRECTION('',(-0.,1.,0.));
#7381 = ADVANCED_FACE('',(#7382),#7408,.T.);
#7382 = FACE_BOUND('',#7383,.T.);
#7383 = EDGE_LOOP('',(#7384,#7394,#7401,#7402));
#7384 = ORIENTED_EDGE('',*,*,#7385,.T.);
#7385 = EDGE_CURVE('',#7386,#7388,#7390,.T.);
#7386 = VERTEX_POINT('',#7387);
#7387 = CARTESIAN_POINT('',(0.43,-4.944857583726E-02,-0.34));
#7388 = VERTEX_POINT('',#7389);
#7389 = CARTESIAN_POINT('',(0.43,0.140918398338,-0.405));
#7390 = LINE('',#7391,#7392);
#7391 = CARTESIAN_POINT('',(0.43,-4.944857583726E-02,-0.34));
#7392 = VECTOR('',#7393,1.);
#7393 = DIRECTION('',(0.,0.946354959425,-0.32312890736));
#7394 = ORIENTED_EDGE('',*,*,#7395,.T.);
#7395 = EDGE_CURVE('',#7388,#4513,#7396,.T.);
#7396 = CIRCLE('',#7397,9.E-02);
#7397 = AXIS2_PLACEMENT_3D('',#7398,#7399,#7400);
#7398 = CARTESIAN_POINT('',(0.43,0.17,-0.319828053652));
#7399 = DIRECTION('',(1.,0.,0.));
#7400 = DIRECTION('',(0.,-0.32312890736,-0.946354959425));
#7401 = ORIENTED_EDGE('',*,*,#4537,.T.);
#7402 = ORIENTED_EDGE('',*,*,#7403,.F.);
#7403 = EDGE_CURVE('',#7386,#4530,#7404,.T.);
#7404 = LINE('',#7405,#7406);
#7405 = CARTESIAN_POINT('',(0.43,-4.944857583726E-02,-0.34));
#7406 = VECTOR('',#7407,1.);
#7407 = DIRECTION('',(0.,1.,0.));
#7408 = PLANE('',#7409);
#7409 = AXIS2_PLACEMENT_3D('',#7410,#7411,#7412);
#7410 = CARTESIAN_POINT('',(0.43,-0.33,0.));
#7411 = DIRECTION('',(1.,0.,0.));
#7412 = DIRECTION('',(-0.,1.,0.));
#7413 = ADVANCED_FACE('',(#7414),#7440,.T.);
#7414 = FACE_BOUND('',#7415,.T.);
#7415 = EDGE_LOOP('',(#7416,#7417,#7426,#7434));
#7416 = ORIENTED_EDGE('',*,*,#4394,.T.);
#7417 = ORIENTED_EDGE('',*,*,#7418,.T.);
#7418 = EDGE_CURVE('',#4385,#7419,#7421,.T.);
#7419 = VERTEX_POINT('',#7420);
#7420 = CARTESIAN_POINT('',(0.43,0.140918398338,0.405));
#7421 = CIRCLE('',#7422,9.E-02);
#7422 = AXIS2_PLACEMENT_3D('',#7423,#7424,#7425);
#7423 = CARTESIAN_POINT('',(0.43,0.17,0.319828053652));
#7424 = DIRECTION('',(1.,0.,-0.));
#7425 = DIRECTION('',(0.,0.974558626309,0.224132737203));
#7426 = ORIENTED_EDGE('',*,*,#7427,.T.);
#7427 = EDGE_CURVE('',#7419,#7428,#7430,.T.);
#7428 = VERTEX_POINT('',#7429);
#7429 = CARTESIAN_POINT('',(0.43,-4.944857583726E-02,0.34));
#7430 = LINE('',#7431,#7432);
#7431 = CARTESIAN_POINT('',(0.43,0.140918398338,0.405));
#7432 = VECTOR('',#7433,1.);
#7433 = DIRECTION('',(0.,-0.946354959425,-0.32312890736));
#7434 = ORIENTED_EDGE('',*,*,#7435,.T.);
#7435 = EDGE_CURVE('',#7428,#4395,#7436,.T.);
#7436 = LINE('',#7437,#7438);
#7437 = CARTESIAN_POINT('',(0.43,-4.944857583726E-02,0.34));
#7438 = VECTOR('',#7439,1.);
#7439 = DIRECTION('',(0.,1.,0.));
#7440 = PLANE('',#7441);
#7441 = AXIS2_PLACEMENT_3D('',#7442,#7443,#7444);
#7442 = CARTESIAN_POINT('',(0.43,-0.33,0.));
#7443 = DIRECTION('',(1.,0.,0.));
#7444 = DIRECTION('',(-0.,1.,0.));
#7445 = ADVANCED_FACE('',(#7446),#7457,.T.);
#7446 = FACE_BOUND('',#7447,.T.);
#7447 = EDGE_LOOP('',(#7448,#7449,#7455,#7456));
#7448 = ORIENTED_EDGE('',*,*,#7328,.F.);
#7449 = ORIENTED_EDGE('',*,*,#7450,.F.);
#7450 = EDGE_CURVE('',#7159,#7321,#7451,.T.);
#7451 = LINE('',#7452,#7453);
#7452 = CARTESIAN_POINT('',(0.27,0.1575,0.61));
#7453 = VECTOR('',#7454,1.);
#7454 = DIRECTION('',(1.,0.,0.));
#7455 = ORIENTED_EDGE('',*,*,#7158,.T.);
#7456 = ORIENTED_EDGE('',*,*,#7136,.T.);
#7457 = CYLINDRICAL_SURFACE('',#7458,0.1325);
#7458 = AXIS2_PLACEMENT_3D('',#7459,#7460,#7461);
#7459 = CARTESIAN_POINT('',(0.27,0.1575,0.7425));
#7460 = DIRECTION('',(-1.,0.,-0.));
#7461 = DIRECTION('',(0.,0.,-1.));
#7462 = ADVANCED_FACE('',(#7463),#7469,.T.);
#7463 = FACE_BOUND('',#7464,.T.);
#7464 = EDGE_LOOP('',(#7465,#7466,#7467,#7468));
#7465 = ORIENTED_EDGE('',*,*,#7450,.T.);
#7466 = ORIENTED_EDGE('',*,*,#7320,.F.);
#7467 = ORIENTED_EDGE('',*,*,#7296,.F.);
#7468 = ORIENTED_EDGE('',*,*,#7167,.T.);
#7469 = PLANE('',#7470);
#7470 = AXIS2_PLACEMENT_3D('',#7471,#7472,#7473);
#7471 = CARTESIAN_POINT('',(0.27,0.125,0.61));
#7472 = DIRECTION('',(0.,0.,-1.));
#7473 = DIRECTION('',(0.,-1.,0.));
#7474 = ADVANCED_FACE('',(#7475,#7659,#7693,#7727,#7761),#7777,.F.);
#7475 = FACE_BOUND('',#7476,.T.);
#7476 = EDGE_LOOP('',(#7477,#7486,#7487,#7488,#7496,#7505,#7511,#7512,
    #7520,#7528,#7536,#7543,#7544,#7552,#7560,#7566,#7567,#7575,#7583,
    #7591,#7599,#7607,#7615,#7621,#7622,#7630,#7638,#7644,#7645,#7653));
#7477 = ORIENTED_EDGE('',*,*,#7478,.F.);
#7478 = EDGE_CURVE('',#6829,#7479,#7481,.T.);
#7479 = VERTEX_POINT('',#7480);
#7480 = CARTESIAN_POINT('',(-1.217458692282,0.31,-0.63));
#7481 = CIRCLE('',#7482,0.12);
#7482 = AXIS2_PLACEMENT_3D('',#7483,#7484,#7485);
#7483 = CARTESIAN_POINT('',(-1.32,0.247667984057,-0.63));
#7484 = DIRECTION('',(0.,0.,1.));
#7485 = DIRECTION('',(1.,-3.862650939842E-14,0.));
#7486 = ORIENTED_EDGE('',*,*,#6828,.F.);
#7487 = ORIENTED_EDGE('',*,*,#6790,.F.);
#7488 = ORIENTED_EDGE('',*,*,#7489,.F.);
#7489 = EDGE_CURVE('',#7490,#6783,#7492,.T.);
#7490 = VERTEX_POINT('',#7491);
#7491 = CARTESIAN_POINT('',(-1.28,0.247667984057,-0.63));
#7492 = LINE('',#7493,#7494);
#7493 = CARTESIAN_POINT('',(-1.28,0.247667984057,-0.63));
#7494 = VECTOR('',#7495,1.);
#7495 = DIRECTION('',(0.,-1.,0.));
#7496 = ORIENTED_EDGE('',*,*,#7497,.T.);
#7497 = EDGE_CURVE('',#7490,#7498,#7500,.T.);
#7498 = VERTEX_POINT('',#7499);
#7499 = CARTESIAN_POINT('',(-1.295,0.278892974049,-0.63));
#7500 = CIRCLE('',#7501,4.E-02);
#7501 = AXIS2_PLACEMENT_3D('',#7502,#7503,#7504);
#7502 = CARTESIAN_POINT('',(-1.32,0.247667984057,-0.63));
#7503 = DIRECTION('',(0.,0.,1.));
#7504 = DIRECTION('',(1.,0.,-0.));
#7505 = ORIENTED_EDGE('',*,*,#7506,.T.);
#7506 = EDGE_CURVE('',#7498,#6573,#7507,.T.);
#7507 = LINE('',#7508,#7509);
#7508 = CARTESIAN_POINT('',(-1.295,0.278892974049,-0.63));
#7509 = VECTOR('',#7510,1.);
#7510 = DIRECTION('',(0.,-1.,0.));
#7511 = ORIENTED_EDGE('',*,*,#6572,.F.);
#7512 = ORIENTED_EDGE('',*,*,#7513,.F.);
#7513 = EDGE_CURVE('',#7514,#6565,#7516,.T.);
#7514 = VERTEX_POINT('',#7515);
#7515 = CARTESIAN_POINT('',(1.295,-3.5E-02,-0.63));
#7516 = LINE('',#7517,#7518);
#7517 = CARTESIAN_POINT('',(1.295,-3.5E-02,-0.63));
#7518 = VECTOR('',#7519,1.);
#7519 = DIRECTION('',(0.,-1.,0.));
#7520 = ORIENTED_EDGE('',*,*,#7521,.T.);
#7521 = EDGE_CURVE('',#7514,#7522,#7524,.T.);
#7522 = VERTEX_POINT('',#7523);
#7523 = CARTESIAN_POINT('',(1.22,-3.5E-02,-0.63));
#7524 = LINE('',#7525,#7526);
#7525 = CARTESIAN_POINT('',(1.295,-3.5E-02,-0.63));
#7526 = VECTOR('',#7527,1.);
#7527 = DIRECTION('',(-1.,0.,0.));
#7528 = ORIENTED_EDGE('',*,*,#7529,.T.);
#7529 = EDGE_CURVE('',#7522,#7530,#7532,.T.);
#7530 = VERTEX_POINT('',#7531);
#7531 = CARTESIAN_POINT('',(1.22,0.256572557763,-0.63));
#7532 = LINE('',#7533,#7534);
#7533 = CARTESIAN_POINT('',(1.22,-3.5E-02,-0.63));
#7534 = VECTOR('',#7535,1.);
#7535 = DIRECTION('',(0.,1.,0.));
#7536 = ORIENTED_EDGE('',*,*,#7537,.T.);
#7537 = EDGE_CURVE('',#7530,#6218,#7538,.T.);
#7538 = CIRCLE('',#7539,0.12);
#7539 = AXIS2_PLACEMENT_3D('',#7540,#7541,#7542);
#7540 = CARTESIAN_POINT('',(1.34,0.256572557763,-0.63));
#7541 = DIRECTION('',(0.,0.,-1.));
#7542 = DIRECTION('',(-1.,0.,0.));
#7543 = ORIENTED_EDGE('',*,*,#6217,.T.);
#7544 = ORIENTED_EDGE('',*,*,#7545,.F.);
#7545 = EDGE_CURVE('',#7546,#6208,#7548,.T.);
#7546 = VERTEX_POINT('',#7547);
#7547 = CARTESIAN_POINT('',(1.2203,0.31,-0.63));
#7548 = LINE('',#7549,#7550);
#7549 = CARTESIAN_POINT('',(1.2203,0.31,-0.63));
#7550 = VECTOR('',#7551,1.);
#7551 = DIRECTION('',(0.,1.,1.665334536938E-14));
#7552 = ORIENTED_EDGE('',*,*,#7553,.F.);
#7553 = EDGE_CURVE('',#7554,#7546,#7556,.T.);
#7554 = VERTEX_POINT('',#7555);
#7555 = CARTESIAN_POINT('',(0.9303,0.31,-0.63));
#7556 = LINE('',#7557,#7558);
#7557 = CARTESIAN_POINT('',(0.9303,0.31,-0.63));
#7558 = VECTOR('',#7559,1.);
#7559 = DIRECTION('',(1.,0.,0.));
#7560 = ORIENTED_EDGE('',*,*,#7561,.T.);
#7561 = EDGE_CURVE('',#7554,#6178,#7562,.T.);
#7562 = LINE('',#7563,#7564);
#7563 = CARTESIAN_POINT('',(0.9303,0.31,-0.63));
#7564 = VECTOR('',#7565,1.);
#7565 = DIRECTION('',(1.110223024625E-14,1.,2.22044604925E-14));
#7566 = ORIENTED_EDGE('',*,*,#6177,.T.);
#7567 = ORIENTED_EDGE('',*,*,#7568,.T.);
#7568 = EDGE_CURVE('',#6170,#7569,#7571,.T.);
#7569 = VERTEX_POINT('',#7570);
#7570 = CARTESIAN_POINT('',(0.8275,0.21,-0.63));
#7571 = LINE('',#7572,#7573);
#7572 = CARTESIAN_POINT('',(0.8275,0.33,-0.63));
#7573 = VECTOR('',#7574,1.);
#7574 = DIRECTION('',(0.,-1.,0.));
#7575 = ORIENTED_EDGE('',*,*,#7576,.F.);
#7576 = EDGE_CURVE('',#7577,#7569,#7579,.T.);
#7577 = VERTEX_POINT('',#7578);
#7578 = CARTESIAN_POINT('',(0.795,0.21,-0.63));
#7579 = LINE('',#7580,#7581);
#7580 = CARTESIAN_POINT('',(0.795,0.21,-0.63));
#7581 = VECTOR('',#7582,1.);
#7582 = DIRECTION('',(1.,0.,0.));
#7583 = ORIENTED_EDGE('',*,*,#7584,.T.);
#7584 = EDGE_CURVE('',#7577,#7585,#7587,.T.);
#7585 = VERTEX_POINT('',#7586);
#7586 = CARTESIAN_POINT('',(0.795,6.8E-02,-0.63));
#7587 = LINE('',#7588,#7589);
#7588 = CARTESIAN_POINT('',(0.795,0.21,-0.63));
#7589 = VECTOR('',#7590,1.);
#7590 = DIRECTION('',(0.,-1.,0.));
#7591 = ORIENTED_EDGE('',*,*,#7592,.F.);
#7592 = EDGE_CURVE('',#7593,#7585,#7595,.T.);
#7593 = VERTEX_POINT('',#7594);
#7594 = CARTESIAN_POINT('',(0.62,6.8E-02,-0.63));
#7595 = LINE('',#7596,#7597);
#7596 = CARTESIAN_POINT('',(0.62,6.8E-02,-0.63));
#7597 = VECTOR('',#7598,1.);
#7598 = DIRECTION('',(1.,0.,0.));
#7599 = ORIENTED_EDGE('',*,*,#7600,.F.);
#7600 = EDGE_CURVE('',#7601,#7593,#7603,.T.);
#7601 = VERTEX_POINT('',#7602);
#7602 = CARTESIAN_POINT('',(0.62,0.21,-0.63));
#7603 = LINE('',#7604,#7605);
#7604 = CARTESIAN_POINT('',(0.62,0.21,-0.63));
#7605 = VECTOR('',#7606,1.);
#7606 = DIRECTION('',(0.,-1.,0.));
#7607 = ORIENTED_EDGE('',*,*,#7608,.F.);
#7608 = EDGE_CURVE('',#7609,#7601,#7611,.T.);
#7609 = VERTEX_POINT('',#7610);
#7610 = CARTESIAN_POINT('',(0.5725,0.21,-0.63));
#7611 = LINE('',#7612,#7613);
#7612 = CARTESIAN_POINT('',(0.5725,0.21,-0.63));
#7613 = VECTOR('',#7614,1.);
#7614 = DIRECTION('',(1.,0.,0.));
#7615 = ORIENTED_EDGE('',*,*,#7616,.F.);
#7616 = EDGE_CURVE('',#5814,#7609,#7617,.T.);
#7617 = LINE('',#7618,#7619);
#7618 = CARTESIAN_POINT('',(0.5725,0.33,-0.63));
#7619 = VECTOR('',#7620,1.);
#7620 = DIRECTION('',(0.,-1.,0.));
#7621 = ORIENTED_EDGE('',*,*,#5813,.T.);
#7622 = ORIENTED_EDGE('',*,*,#7623,.T.);
#7623 = EDGE_CURVE('',#5816,#7624,#7626,.T.);
#7624 = VERTEX_POINT('',#7625);
#7625 = CARTESIAN_POINT('',(-0.5725,0.21,-0.63));
#7626 = LINE('',#7627,#7628);
#7627 = CARTESIAN_POINT('',(-0.5725,0.33,-0.63));
#7628 = VECTOR('',#7629,1.);
#7629 = DIRECTION('',(0.,-1.,0.));
#7630 = ORIENTED_EDGE('',*,*,#7631,.T.);
#7631 = EDGE_CURVE('',#7624,#7632,#7634,.T.);
#7632 = VERTEX_POINT('',#7633);
#7633 = CARTESIAN_POINT('',(-0.8275,0.21,-0.63));
#7634 = LINE('',#7635,#7636);
#7635 = CARTESIAN_POINT('',(-0.5725,0.21,-0.63));
#7636 = VECTOR('',#7637,1.);
#7637 = DIRECTION('',(-1.,0.,0.));
#7638 = ORIENTED_EDGE('',*,*,#7639,.F.);
#7639 = EDGE_CURVE('',#6050,#7632,#7640,.T.);
#7640 = LINE('',#7641,#7642);
#7641 = CARTESIAN_POINT('',(-0.8275,0.33,-0.63));
#7642 = VECTOR('',#7643,1.);
#7643 = DIRECTION('',(0.,-1.,0.));
#7644 = ORIENTED_EDGE('',*,*,#6049,.T.);
#7645 = ORIENTED_EDGE('',*,*,#7646,.F.);
#7646 = EDGE_CURVE('',#7647,#6040,#7649,.T.);
#7647 = VERTEX_POINT('',#7648);
#7648 = CARTESIAN_POINT('',(-0.9303,0.31,-0.63));
#7649 = LINE('',#7650,#7651);
#7650 = CARTESIAN_POINT('',(-0.9303,0.31,-0.63));
#7651 = VECTOR('',#7652,1.);
#7652 = DIRECTION('',(-1.110223024625E-14,1.,-1.110223024625E-14));
#7653 = ORIENTED_EDGE('',*,*,#7654,.F.);
#7654 = EDGE_CURVE('',#7479,#7647,#7655,.T.);
#7655 = LINE('',#7656,#7657);
#7656 = CARTESIAN_POINT('',(-1.217458692282,0.31,-0.63));
#7657 = VECTOR('',#7658,1.);
#7658 = DIRECTION('',(1.,0.,0.));
#7659 = FACE_BOUND('',#7660,.T.);
#7660 = EDGE_LOOP('',(#7661,#7671,#7679,#7687));
#7661 = ORIENTED_EDGE('',*,*,#7662,.T.);
#7662 = EDGE_CURVE('',#7663,#7665,#7667,.T.);
#7663 = VERTEX_POINT('',#7664);
#7664 = CARTESIAN_POINT('',(-8.E-02,0.2275,-0.63));
#7665 = VERTEX_POINT('',#7666);
#7666 = CARTESIAN_POINT('',(8.E-02,0.2275,-0.63));
#7667 = LINE('',#7668,#7669);
#7668 = CARTESIAN_POINT('',(-8.E-02,0.2275,-0.63));
#7669 = VECTOR('',#7670,1.);
#7670 = DIRECTION('',(1.,0.,0.));
#7671 = ORIENTED_EDGE('',*,*,#7672,.F.);
#7672 = EDGE_CURVE('',#7673,#7665,#7675,.T.);
#7673 = VERTEX_POINT('',#7674);
#7674 = CARTESIAN_POINT('',(8.E-02,0.105,-0.63));
#7675 = LINE('',#7676,#7677);
#7676 = CARTESIAN_POINT('',(8.E-02,0.105,-0.63));
#7677 = VECTOR('',#7678,1.);
#7678 = DIRECTION('',(0.,1.,0.));
#7679 = ORIENTED_EDGE('',*,*,#7680,.F.);
#7680 = EDGE_CURVE('',#7681,#7673,#7683,.T.);
#7681 = VERTEX_POINT('',#7682);
#7682 = CARTESIAN_POINT('',(-8.E-02,0.105,-0.63));
#7683 = LINE('',#7684,#7685);
#7684 = CARTESIAN_POINT('',(-8.E-02,0.105,-0.63));
#7685 = VECTOR('',#7686,1.);
#7686 = DIRECTION('',(1.,0.,0.));
#7687 = ORIENTED_EDGE('',*,*,#7688,.T.);
#7688 = EDGE_CURVE('',#7681,#7663,#7689,.T.);
#7689 = LINE('',#7690,#7691);
#7690 = CARTESIAN_POINT('',(-8.E-02,0.105,-0.63));
#7691 = VECTOR('',#7692,1.);
#7692 = DIRECTION('',(0.,1.,0.));
#7693 = FACE_BOUND('',#7694,.T.);
#7694 = EDGE_LOOP('',(#7695,#7705,#7713,#7721));
#7695 = ORIENTED_EDGE('',*,*,#7696,.T.);
#7696 = EDGE_CURVE('',#7697,#7699,#7701,.T.);
#7697 = VERTEX_POINT('',#7698);
#7698 = CARTESIAN_POINT('',(-0.43,0.2275,-0.63));
#7699 = VERTEX_POINT('',#7700);
#7700 = CARTESIAN_POINT('',(-0.27,0.2275,-0.63));
#7701 = LINE('',#7702,#7703);
#7702 = CARTESIAN_POINT('',(-0.43,0.2275,-0.63));
#7703 = VECTOR('',#7704,1.);
#7704 = DIRECTION('',(1.,0.,0.));
#7705 = ORIENTED_EDGE('',*,*,#7706,.F.);
#7706 = EDGE_CURVE('',#7707,#7699,#7709,.T.);
#7707 = VERTEX_POINT('',#7708);
#7708 = CARTESIAN_POINT('',(-0.27,0.105,-0.63));
#7709 = LINE('',#7710,#7711);
#7710 = CARTESIAN_POINT('',(-0.27,0.105,-0.63));
#7711 = VECTOR('',#7712,1.);
#7712 = DIRECTION('',(0.,1.,0.));
#7713 = ORIENTED_EDGE('',*,*,#7714,.F.);
#7714 = EDGE_CURVE('',#7715,#7707,#7717,.T.);
#7715 = VERTEX_POINT('',#7716);
#7716 = CARTESIAN_POINT('',(-0.43,0.105,-0.63));
#7717 = LINE('',#7718,#7719);
#7718 = CARTESIAN_POINT('',(-0.43,0.105,-0.63));
#7719 = VECTOR('',#7720,1.);
#7720 = DIRECTION('',(1.,0.,0.));
#7721 = ORIENTED_EDGE('',*,*,#7722,.T.);
#7722 = EDGE_CURVE('',#7715,#7697,#7723,.T.);
#7723 = LINE('',#7724,#7725);
#7724 = CARTESIAN_POINT('',(-0.43,0.105,-0.63));
#7725 = VECTOR('',#7726,1.);
#7726 = DIRECTION('',(0.,1.,0.));
#7727 = FACE_BOUND('',#7728,.T.);
#7728 = EDGE_LOOP('',(#7729,#7739,#7747,#7755));
#7729 = ORIENTED_EDGE('',*,*,#7730,.T.);
#7730 = EDGE_CURVE('',#7731,#7733,#7735,.T.);
#7731 = VERTEX_POINT('',#7732);
#7732 = CARTESIAN_POINT('',(-0.62,0.16938231398,-0.63));
#7733 = VERTEX_POINT('',#7734);
#7734 = CARTESIAN_POINT('',(-0.62,6.895097103431E-02,-0.63));
#7735 = LINE('',#7736,#7737);
#7736 = CARTESIAN_POINT('',(-0.62,0.16938231398,-0.63));
#7737 = VECTOR('',#7738,1.);
#7738 = DIRECTION('',(0.,-1.,0.));
#7739 = ORIENTED_EDGE('',*,*,#7740,.T.);
#7740 = EDGE_CURVE('',#7733,#7741,#7743,.T.);
#7741 = VERTEX_POINT('',#7742);
#7742 = CARTESIAN_POINT('',(-0.795,6.895097103431E-02,-0.63));
#7743 = LINE('',#7744,#7745);
#7744 = CARTESIAN_POINT('',(-0.62,6.895097103431E-02,-0.63));
#7745 = VECTOR('',#7746,1.);
#7746 = DIRECTION('',(-1.,0.,0.));
#7747 = ORIENTED_EDGE('',*,*,#7748,.F.);
#7748 = EDGE_CURVE('',#7749,#7741,#7751,.T.);
#7749 = VERTEX_POINT('',#7750);
#7750 = CARTESIAN_POINT('',(-0.795,0.16938231398,-0.63));
#7751 = LINE('',#7752,#7753);
#7752 = CARTESIAN_POINT('',(-0.795,0.16938231398,-0.63));
#7753 = VECTOR('',#7754,1.);
#7754 = DIRECTION('',(0.,-1.,0.));
#7755 = ORIENTED_EDGE('',*,*,#7756,.F.);
#7756 = EDGE_CURVE('',#7731,#7749,#7757,.T.);
#7757 = LINE('',#7758,#7759);
#7758 = CARTESIAN_POINT('',(-0.62,0.16938231398,-0.63));
#7759 = VECTOR('',#7760,1.);
#7760 = DIRECTION('',(-1.,0.,0.));
#7761 = FACE_BOUND('',#7762,.T.);
#7762 = EDGE_LOOP('',(#7763,#7769,#7770,#7776));
#7763 = ORIENTED_EDGE('',*,*,#7764,.T.);
#7764 = EDGE_CURVE('',#7209,#7345,#7765,.T.);
#7765 = LINE('',#7766,#7767);
#7766 = CARTESIAN_POINT('',(0.27,0.2275,-0.63));
#7767 = VECTOR('',#7768,1.);
#7768 = DIRECTION('',(1.,0.,0.));
#7769 = ORIENTED_EDGE('',*,*,#7371,.F.);
#7770 = ORIENTED_EDGE('',*,*,#7771,.F.);
#7771 = EDGE_CURVE('',#7193,#7364,#7772,.T.);
#7772 = LINE('',#7773,#7774);
#7773 = CARTESIAN_POINT('',(0.27,0.105,-0.63));
#7774 = VECTOR('',#7775,1.);
#7775 = DIRECTION('',(1.,0.,0.));
#7776 = ORIENTED_EDGE('',*,*,#7217,.T.);
#7777 = PLANE('',#7778);
#7778 = AXIS2_PLACEMENT_3D('',#7779,#7780,#7781);
#7779 = CARTESIAN_POINT('',(1.295,0.33,-0.63));
#7780 = DIRECTION('',(0.,0.,-1.));
#7781 = DIRECTION('',(0.,-1.,0.));
#7782 = ADVANCED_FACE('',(#7783),#7794,.T.);
#7783 = FACE_BOUND('',#7784,.T.);
#7784 = EDGE_LOOP('',(#7785,#7786,#7792,#7793));
#7785 = ORIENTED_EDGE('',*,*,#7363,.F.);
#7786 = ORIENTED_EDGE('',*,*,#7787,.F.);
#7787 = EDGE_CURVE('',#7191,#7356,#7788,.T.);
#7788 = LINE('',#7789,#7790);
#7789 = CARTESIAN_POINT('',(0.27,0.125,-0.61));
#7790 = VECTOR('',#7791,1.);
#7791 = DIRECTION('',(1.,0.,0.));
#7792 = ORIENTED_EDGE('',*,*,#7190,.T.);
#7793 = ORIENTED_EDGE('',*,*,#7771,.T.);
#7794 = PLANE('',#7795);
#7795 = AXIS2_PLACEMENT_3D('',#7796,#7797,#7798);
#7796 = CARTESIAN_POINT('',(0.27,0.125,-0.61));
#7797 = DIRECTION('',(0.,-0.707106781186,0.707106781187));
#7798 = DIRECTION('',(-1.,0.,0.));
#7799 = ADVANCED_FACE('',(#7800),#7811,.T.);
#7800 = FACE_BOUND('',#7801,.T.);
#7801 = EDGE_LOOP('',(#7802,#7803,#7804,#7810));
#7802 = ORIENTED_EDGE('',*,*,#7787,.T.);
#7803 = ORIENTED_EDGE('',*,*,#7355,.F.);
#7804 = ORIENTED_EDGE('',*,*,#7805,.F.);
#7805 = EDGE_CURVE('',#7201,#7347,#7806,.T.);
#7806 = LINE('',#7807,#7808);
#7807 = CARTESIAN_POINT('',(0.27,0.1575,-0.61));
#7808 = VECTOR('',#7809,1.);
#7809 = DIRECTION('',(1.,0.,0.));
#7810 = ORIENTED_EDGE('',*,*,#7200,.T.);
#7811 = PLANE('',#7812);
#7812 = AXIS2_PLACEMENT_3D('',#7813,#7814,#7815);
#7813 = CARTESIAN_POINT('',(0.27,0.1575,-0.61));
#7814 = DIRECTION('',(0.,0.,1.));
#7815 = DIRECTION('',(1.,0.,-0.));
#7816 = ADVANCED_FACE('',(#7817),#7823,.T.);
#7817 = FACE_BOUND('',#7818,.T.);
#7818 = EDGE_LOOP('',(#7819,#7820,#7821,#7822));
#7819 = ORIENTED_EDGE('',*,*,#7208,.T.);
#7820 = ORIENTED_EDGE('',*,*,#7805,.T.);
#7821 = ORIENTED_EDGE('',*,*,#7344,.F.);
#7822 = ORIENTED_EDGE('',*,*,#7764,.F.);
#7823 = CYLINDRICAL_SURFACE('',#7824,0.1325);
#7824 = AXIS2_PLACEMENT_3D('',#7825,#7826,#7827);
#7825 = CARTESIAN_POINT('',(0.27,0.1575,-0.7425));
#7826 = DIRECTION('',(-1.,0.,-0.));
#7827 = DIRECTION('',(0.,0.,-1.));
#7828 = ADVANCED_FACE('',(#7829),#7855,.F.);
#7829 = FACE_BOUND('',#7830,.T.);
#7830 = EDGE_LOOP('',(#7831,#7840,#7848,#7854));
#7831 = ORIENTED_EDGE('',*,*,#7832,.F.);
#7832 = EDGE_CURVE('',#7833,#7069,#7835,.T.);
#7833 = VERTEX_POINT('',#7834);
#7834 = CARTESIAN_POINT('',(-8.E-02,0.1575,0.61));
#7835 = CIRCLE('',#7836,0.1325);
#7836 = AXIS2_PLACEMENT_3D('',#7837,#7838,#7839);
#7837 = CARTESIAN_POINT('',(-8.E-02,0.1575,0.7425));
#7838 = DIRECTION('',(1.,0.,0.));
#7839 = DIRECTION('',(0.,0.,-1.));
#7840 = ORIENTED_EDGE('',*,*,#7841,.F.);
#7841 = EDGE_CURVE('',#7842,#7833,#7844,.T.);
#7842 = VERTEX_POINT('',#7843);
#7843 = CARTESIAN_POINT('',(-8.E-02,0.125,0.61));
#7844 = LINE('',#7845,#7846);
#7845 = CARTESIAN_POINT('',(-8.E-02,0.125,0.61));
#7846 = VECTOR('',#7847,1.);
#7847 = DIRECTION('',(0.,1.,0.));
#7848 = ORIENTED_EDGE('',*,*,#7849,.F.);
#7849 = EDGE_CURVE('',#7051,#7842,#7850,.T.);
#7850 = LINE('',#7851,#7852);
#7851 = CARTESIAN_POINT('',(-8.E-02,0.105,0.63));
#7852 = VECTOR('',#7853,1.);
#7853 = DIRECTION('',(0.,0.707106781187,-0.707106781186));
#7854 = ORIENTED_EDGE('',*,*,#7076,.T.);
#7855 = PLANE('',#7856);
#7856 = AXIS2_PLACEMENT_3D('',#7857,#7858,#7859);
#7857 = CARTESIAN_POINT('',(-8.E-02,-0.33,0.));
#7858 = DIRECTION('',(1.,0.,0.));
#7859 = DIRECTION('',(-0.,1.,0.));
#7860 = ADVANCED_FACE('',(#7861),#7887,.F.);
#7861 = FACE_BOUND('',#7862,.T.);
#7862 = EDGE_LOOP('',(#7863,#7871,#7879,#7886));
#7863 = ORIENTED_EDGE('',*,*,#7864,.F.);
#7864 = EDGE_CURVE('',#7865,#7681,#7867,.T.);
#7865 = VERTEX_POINT('',#7866);
#7866 = CARTESIAN_POINT('',(-8.E-02,0.125,-0.61));
#7867 = LINE('',#7868,#7869);
#7868 = CARTESIAN_POINT('',(-8.E-02,0.125,-0.61));
#7869 = VECTOR('',#7870,1.);
#7870 = DIRECTION('',(0.,-0.707106781187,-0.707106781186));
#7871 = ORIENTED_EDGE('',*,*,#7872,.F.);
#7872 = EDGE_CURVE('',#7873,#7865,#7875,.T.);
#7873 = VERTEX_POINT('',#7874);
#7874 = CARTESIAN_POINT('',(-8.E-02,0.1575,-0.61));
#7875 = LINE('',#7876,#7877);
#7876 = CARTESIAN_POINT('',(-8.E-02,0.1575,-0.61));
#7877 = VECTOR('',#7878,1.);
#7878 = DIRECTION('',(0.,-1.,0.));
#7879 = ORIENTED_EDGE('',*,*,#7880,.F.);
#7880 = EDGE_CURVE('',#7663,#7873,#7881,.T.);
#7881 = CIRCLE('',#7882,0.1325);
#7882 = AXIS2_PLACEMENT_3D('',#7883,#7884,#7885);
#7883 = CARTESIAN_POINT('',(-8.E-02,0.1575,-0.7425));
#7884 = DIRECTION('',(1.,0.,-0.));
#7885 = DIRECTION('',(0.,0.528301886792,0.849056603774));
#7886 = ORIENTED_EDGE('',*,*,#7688,.F.);
#7887 = PLANE('',#7888);
#7888 = AXIS2_PLACEMENT_3D('',#7889,#7890,#7891);
#7889 = CARTESIAN_POINT('',(-8.E-02,-0.33,0.));
#7890 = DIRECTION('',(1.,0.,0.));
#7891 = DIRECTION('',(-0.,1.,0.));
#7892 = ADVANCED_FACE('',(#7893),#7919,.F.);
#7893 = FACE_BOUND('',#7894,.T.);
#7894 = EDGE_LOOP('',(#7895,#7904,#7912,#7918));
#7895 = ORIENTED_EDGE('',*,*,#7896,.F.);
#7896 = EDGE_CURVE('',#7897,#4469,#7899,.T.);
#7897 = VERTEX_POINT('',#7898);
#7898 = CARTESIAN_POINT('',(-8.E-02,0.140918398338,-0.405));
#7899 = CIRCLE('',#7900,9.E-02);
#7900 = AXIS2_PLACEMENT_3D('',#7901,#7902,#7903);
#7901 = CARTESIAN_POINT('',(-8.E-02,0.17,-0.319828053652));
#7902 = DIRECTION('',(1.,0.,0.));
#7903 = DIRECTION('',(0.,-0.32312890736,-0.946354959425));
#7904 = ORIENTED_EDGE('',*,*,#7905,.F.);
#7905 = EDGE_CURVE('',#7906,#7897,#7908,.T.);
#7906 = VERTEX_POINT('',#7907);
#7907 = CARTESIAN_POINT('',(-8.E-02,-4.944857583726E-02,-0.34));
#7908 = LINE('',#7909,#7910);
#7909 = CARTESIAN_POINT('',(-8.E-02,-4.944857583726E-02,-0.34));
#7910 = VECTOR('',#7911,1.);
#7911 = DIRECTION('',(0.,0.946354959425,-0.32312890736));
#7912 = ORIENTED_EDGE('',*,*,#7913,.T.);
#7913 = EDGE_CURVE('',#7906,#4479,#7914,.T.);
#7914 = LINE('',#7915,#7916);
#7915 = CARTESIAN_POINT('',(-8.E-02,-4.944857583726E-02,-0.34));
#7916 = VECTOR('',#7917,1.);
#7917 = DIRECTION('',(0.,1.,0.));
#7918 = ORIENTED_EDGE('',*,*,#4478,.F.);
#7919 = PLANE('',#7920);
#7920 = AXIS2_PLACEMENT_3D('',#7921,#7922,#7923);
#7921 = CARTESIAN_POINT('',(-8.E-02,-0.33,0.));
#7922 = DIRECTION('',(1.,0.,0.));
#7923 = DIRECTION('',(-0.,1.,0.));
#7924 = ADVANCED_FACE('',(#7925),#7951,.F.);
#7925 = FACE_BOUND('',#7926,.T.);
#7926 = EDGE_LOOP('',(#7927,#7937,#7944,#7945));
#7927 = ORIENTED_EDGE('',*,*,#7928,.F.);
#7928 = EDGE_CURVE('',#7929,#7931,#7933,.T.);
#7929 = VERTEX_POINT('',#7930);
#7930 = CARTESIAN_POINT('',(-8.E-02,0.140918398338,0.405));
#7931 = VERTEX_POINT('',#7932);
#7932 = CARTESIAN_POINT('',(-8.E-02,-4.944857583726E-02,0.34));
#7933 = LINE('',#7934,#7935);
#7934 = CARTESIAN_POINT('',(-8.E-02,0.140918398338,0.405));
#7935 = VECTOR('',#7936,1.);
#7936 = DIRECTION('',(0.,-0.946354959425,-0.32312890736));
#7937 = ORIENTED_EDGE('',*,*,#7938,.F.);
#7938 = EDGE_CURVE('',#4345,#7929,#7939,.T.);
#7939 = CIRCLE('',#7940,9.E-02);
#7940 = AXIS2_PLACEMENT_3D('',#7941,#7942,#7943);
#7941 = CARTESIAN_POINT('',(-8.E-02,0.17,0.319828053652));
#7942 = DIRECTION('',(1.,0.,-0.));
#7943 = DIRECTION('',(0.,0.974558626309,0.224132737203));
#7944 = ORIENTED_EDGE('',*,*,#4369,.F.);
#7945 = ORIENTED_EDGE('',*,*,#7946,.F.);
#7946 = EDGE_CURVE('',#7931,#4362,#7947,.T.);
#7947 = LINE('',#7948,#7949);
#7948 = CARTESIAN_POINT('',(-8.E-02,-4.944857583726E-02,0.34));
#7949 = VECTOR('',#7950,1.);
#7950 = DIRECTION('',(0.,1.,0.));
#7951 = PLANE('',#7952);
#7952 = AXIS2_PLACEMENT_3D('',#7953,#7954,#7955);
#7953 = CARTESIAN_POINT('',(-8.E-02,-0.33,0.));
#7954 = DIRECTION('',(1.,0.,0.));
#7955 = DIRECTION('',(-0.,1.,0.));
#7956 = ADVANCED_FACE('',(#7957),#7975,.T.);
#7957 = FACE_BOUND('',#7958,.T.);
#7958 = EDGE_LOOP('',(#7959,#7960,#7968,#7974));
#7959 = ORIENTED_EDGE('',*,*,#7849,.T.);
#7960 = ORIENTED_EDGE('',*,*,#7961,.T.);
#7961 = EDGE_CURVE('',#7842,#7962,#7964,.T.);
#7962 = VERTEX_POINT('',#7963);
#7963 = CARTESIAN_POINT('',(8.E-02,0.125,0.61));
#7964 = LINE('',#7965,#7966);
#7965 = CARTESIAN_POINT('',(-8.E-02,0.125,0.61));
#7966 = VECTOR('',#7967,1.);
#7967 = DIRECTION('',(1.,0.,0.));
#7968 = ORIENTED_EDGE('',*,*,#7969,.F.);
#7969 = EDGE_CURVE('',#7053,#7962,#7970,.T.);
#7970 = LINE('',#7971,#7972);
#7971 = CARTESIAN_POINT('',(8.E-02,0.105,0.63));
#7972 = VECTOR('',#7973,1.);
#7973 = DIRECTION('',(0.,0.707106781187,-0.707106781186));
#7974 = ORIENTED_EDGE('',*,*,#7050,.F.);
#7975 = PLANE('',#7976);
#7976 = AXIS2_PLACEMENT_3D('',#7977,#7978,#7979);
#7977 = CARTESIAN_POINT('',(-8.E-02,0.105,0.63));
#7978 = DIRECTION('',(0.,-0.707106781186,-0.707106781187));
#7979 = DIRECTION('',(0.,-0.707106781187,0.707106781186));
#7980 = ADVANCED_FACE('',(#7981),#8000,.T.);
#7981 = FACE_BOUND('',#7982,.T.);
#7982 = EDGE_LOOP('',(#7983,#7984,#7992,#7999));
#7983 = ORIENTED_EDGE('',*,*,#7969,.T.);
#7984 = ORIENTED_EDGE('',*,*,#7985,.T.);
#7985 = EDGE_CURVE('',#7962,#7986,#7988,.T.);
#7986 = VERTEX_POINT('',#7987);
#7987 = CARTESIAN_POINT('',(8.E-02,0.1575,0.61));
#7988 = LINE('',#7989,#7990);
#7989 = CARTESIAN_POINT('',(8.E-02,0.125,0.61));
#7990 = VECTOR('',#7991,1.);
#7991 = DIRECTION('',(0.,1.,0.));
#7992 = ORIENTED_EDGE('',*,*,#7993,.T.);
#7993 = EDGE_CURVE('',#7986,#7061,#7994,.T.);
#7994 = CIRCLE('',#7995,0.1325);
#7995 = AXIS2_PLACEMENT_3D('',#7996,#7997,#7998);
#7996 = CARTESIAN_POINT('',(8.E-02,0.1575,0.7425));
#7997 = DIRECTION('',(1.,0.,0.));
#7998 = DIRECTION('',(0.,0.,-1.));
#7999 = ORIENTED_EDGE('',*,*,#7060,.F.);
#8000 = PLANE('',#8001);
#8001 = AXIS2_PLACEMENT_3D('',#8002,#8003,#8004);
#8002 = CARTESIAN_POINT('',(8.E-02,-0.33,0.));
#8003 = DIRECTION('',(1.,0.,0.));
#8004 = DIRECTION('',(-0.,1.,0.));
#8005 = ADVANCED_FACE('',(#8006),#8032,.T.);
#8006 = FACE_BOUND('',#8007,.T.);
#8007 = EDGE_LOOP('',(#8008,#8017,#8025,#8031));
#8008 = ORIENTED_EDGE('',*,*,#8009,.T.);
#8009 = EDGE_CURVE('',#7665,#8010,#8012,.T.);
#8010 = VERTEX_POINT('',#8011);
#8011 = CARTESIAN_POINT('',(8.E-02,0.1575,-0.61));
#8012 = CIRCLE('',#8013,0.1325);
#8013 = AXIS2_PLACEMENT_3D('',#8014,#8015,#8016);
#8014 = CARTESIAN_POINT('',(8.E-02,0.1575,-0.7425));
#8015 = DIRECTION('',(1.,0.,-0.));
#8016 = DIRECTION('',(0.,0.528301886792,0.849056603774));
#8017 = ORIENTED_EDGE('',*,*,#8018,.T.);
#8018 = EDGE_CURVE('',#8010,#8019,#8021,.T.);
#8019 = VERTEX_POINT('',#8020);
#8020 = CARTESIAN_POINT('',(8.E-02,0.125,-0.61));
#8021 = LINE('',#8022,#8023);
#8022 = CARTESIAN_POINT('',(8.E-02,0.1575,-0.61));
#8023 = VECTOR('',#8024,1.);
#8024 = DIRECTION('',(0.,-1.,0.));
#8025 = ORIENTED_EDGE('',*,*,#8026,.T.);
#8026 = EDGE_CURVE('',#8019,#7673,#8027,.T.);
#8027 = LINE('',#8028,#8029);
#8028 = CARTESIAN_POINT('',(8.E-02,0.125,-0.61));
#8029 = VECTOR('',#8030,1.);
#8030 = DIRECTION('',(0.,-0.707106781187,-0.707106781186));
#8031 = ORIENTED_EDGE('',*,*,#7672,.T.);
#8032 = PLANE('',#8033);
#8033 = AXIS2_PLACEMENT_3D('',#8034,#8035,#8036);
#8034 = CARTESIAN_POINT('',(8.E-02,-0.33,0.));
#8035 = DIRECTION('',(1.,0.,0.));
#8036 = DIRECTION('',(-0.,1.,0.));
#8037 = ADVANCED_FACE('',(#8038),#8064,.T.);
#8038 = FACE_BOUND('',#8039,.T.);
#8039 = EDGE_LOOP('',(#8040,#8050,#8057,#8058));
#8040 = ORIENTED_EDGE('',*,*,#8041,.T.);
#8041 = EDGE_CURVE('',#8042,#8044,#8046,.T.);
#8042 = VERTEX_POINT('',#8043);
#8043 = CARTESIAN_POINT('',(8.E-02,-4.944857583726E-02,-0.34));
#8044 = VERTEX_POINT('',#8045);
#8045 = CARTESIAN_POINT('',(8.E-02,0.140918398338,-0.405));
#8046 = LINE('',#8047,#8048);
#8047 = CARTESIAN_POINT('',(8.E-02,-4.944857583726E-02,-0.34));
#8048 = VECTOR('',#8049,1.);
#8049 = DIRECTION('',(0.,0.946354959425,-0.32312890736));
#8050 = ORIENTED_EDGE('',*,*,#8051,.T.);
#8051 = EDGE_CURVE('',#8044,#4471,#8052,.T.);
#8052 = CIRCLE('',#8053,9.E-02);
#8053 = AXIS2_PLACEMENT_3D('',#8054,#8055,#8056);
#8054 = CARTESIAN_POINT('',(8.E-02,0.17,-0.319828053652));
#8055 = DIRECTION('',(1.,0.,0.));
#8056 = DIRECTION('',(0.,-0.32312890736,-0.946354959425));
#8057 = ORIENTED_EDGE('',*,*,#4495,.T.);
#8058 = ORIENTED_EDGE('',*,*,#8059,.F.);
#8059 = EDGE_CURVE('',#8042,#4488,#8060,.T.);
#8060 = LINE('',#8061,#8062);
#8061 = CARTESIAN_POINT('',(8.E-02,-4.944857583726E-02,-0.34));
#8062 = VECTOR('',#8063,1.);
#8063 = DIRECTION('',(0.,1.,0.));
#8064 = PLANE('',#8065);
#8065 = AXIS2_PLACEMENT_3D('',#8066,#8067,#8068);
#8066 = CARTESIAN_POINT('',(8.E-02,-0.33,0.));
#8067 = DIRECTION('',(1.,0.,0.));
#8068 = DIRECTION('',(-0.,1.,0.));
#8069 = ADVANCED_FACE('',(#8070),#8096,.T.);
#8070 = FACE_BOUND('',#8071,.T.);
#8071 = EDGE_LOOP('',(#8072,#8073,#8082,#8090));
#8072 = ORIENTED_EDGE('',*,*,#4352,.T.);
#8073 = ORIENTED_EDGE('',*,*,#8074,.T.);
#8074 = EDGE_CURVE('',#4343,#8075,#8077,.T.);
#8075 = VERTEX_POINT('',#8076);
#8076 = CARTESIAN_POINT('',(8.E-02,0.140918398338,0.405));
#8077 = CIRCLE('',#8078,9.E-02);
#8078 = AXIS2_PLACEMENT_3D('',#8079,#8080,#8081);
#8079 = CARTESIAN_POINT('',(8.E-02,0.17,0.319828053652));
#8080 = DIRECTION('',(1.,0.,-0.));
#8081 = DIRECTION('',(0.,0.974558626309,0.224132737203));
#8082 = ORIENTED_EDGE('',*,*,#8083,.T.);
#8083 = EDGE_CURVE('',#8075,#8084,#8086,.T.);
#8084 = VERTEX_POINT('',#8085);
#8085 = CARTESIAN_POINT('',(8.E-02,-4.944857583726E-02,0.34));
#8086 = LINE('',#8087,#8088);
#8087 = CARTESIAN_POINT('',(8.E-02,0.140918398338,0.405));
#8088 = VECTOR('',#8089,1.);
#8089 = DIRECTION('',(0.,-0.946354959425,-0.32312890736));
#8090 = ORIENTED_EDGE('',*,*,#8091,.T.);
#8091 = EDGE_CURVE('',#8084,#4353,#8092,.T.);
#8092 = LINE('',#8093,#8094);
#8093 = CARTESIAN_POINT('',(8.E-02,-4.944857583726E-02,0.34));
#8094 = VECTOR('',#8095,1.);
#8095 = DIRECTION('',(0.,1.,0.));
#8096 = PLANE('',#8097);
#8097 = AXIS2_PLACEMENT_3D('',#8098,#8099,#8100);
#8098 = CARTESIAN_POINT('',(8.E-02,-0.33,0.));
#8099 = DIRECTION('',(1.,0.,0.));
#8100 = DIRECTION('',(-0.,1.,0.));
#8101 = ADVANCED_FACE('',(#8102),#8113,.T.);
#8102 = FACE_BOUND('',#8103,.T.);
#8103 = EDGE_LOOP('',(#8104,#8105,#8111,#8112));
#8104 = ORIENTED_EDGE('',*,*,#7993,.F.);
#8105 = ORIENTED_EDGE('',*,*,#8106,.F.);
#8106 = EDGE_CURVE('',#7833,#7986,#8107,.T.);
#8107 = LINE('',#8108,#8109);
#8108 = CARTESIAN_POINT('',(-8.E-02,0.1575,0.61));
#8109 = VECTOR('',#8110,1.);
#8110 = DIRECTION('',(1.,0.,0.));
#8111 = ORIENTED_EDGE('',*,*,#7832,.T.);
#8112 = ORIENTED_EDGE('',*,*,#7068,.T.);
#8113 = CYLINDRICAL_SURFACE('',#8114,0.1325);
#8114 = AXIS2_PLACEMENT_3D('',#8115,#8116,#8117);
#8115 = CARTESIAN_POINT('',(-8.E-02,0.1575,0.7425));
#8116 = DIRECTION('',(-1.,0.,-0.));
#8117 = DIRECTION('',(0.,0.,-1.));
#8118 = ADVANCED_FACE('',(#8119),#8125,.T.);
#8119 = FACE_BOUND('',#8120,.T.);
#8120 = EDGE_LOOP('',(#8121,#8122,#8123,#8124));
#8121 = ORIENTED_EDGE('',*,*,#8106,.T.);
#8122 = ORIENTED_EDGE('',*,*,#7985,.F.);
#8123 = ORIENTED_EDGE('',*,*,#7961,.F.);
#8124 = ORIENTED_EDGE('',*,*,#7841,.T.);
#8125 = PLANE('',#8126);
#8126 = AXIS2_PLACEMENT_3D('',#8127,#8128,#8129);
#8127 = CARTESIAN_POINT('',(-8.E-02,0.125,0.61));
#8128 = DIRECTION('',(0.,0.,-1.));
#8129 = DIRECTION('',(0.,-1.,0.));
#8130 = ADVANCED_FACE('',(#8131),#8142,.T.);
#8131 = FACE_BOUND('',#8132,.T.);
#8132 = EDGE_LOOP('',(#8133,#8134,#8140,#8141));
#8133 = ORIENTED_EDGE('',*,*,#8026,.F.);
#8134 = ORIENTED_EDGE('',*,*,#8135,.F.);
#8135 = EDGE_CURVE('',#7865,#8019,#8136,.T.);
#8136 = LINE('',#8137,#8138);
#8137 = CARTESIAN_POINT('',(-8.E-02,0.125,-0.61));
#8138 = VECTOR('',#8139,1.);
#8139 = DIRECTION('',(1.,0.,0.));
#8140 = ORIENTED_EDGE('',*,*,#7864,.T.);
#8141 = ORIENTED_EDGE('',*,*,#7680,.T.);
#8142 = PLANE('',#8143);
#8143 = AXIS2_PLACEMENT_3D('',#8144,#8145,#8146);
#8144 = CARTESIAN_POINT('',(-8.E-02,0.125,-0.61));
#8145 = DIRECTION('',(0.,-0.707106781186,0.707106781187));
#8146 = DIRECTION('',(-1.,0.,0.));
#8147 = ADVANCED_FACE('',(#8148),#8159,.T.);
#8148 = FACE_BOUND('',#8149,.T.);
#8149 = EDGE_LOOP('',(#8150,#8151,#8152,#8158));
#8150 = ORIENTED_EDGE('',*,*,#8135,.T.);
#8151 = ORIENTED_EDGE('',*,*,#8018,.F.);
#8152 = ORIENTED_EDGE('',*,*,#8153,.F.);
#8153 = EDGE_CURVE('',#7873,#8010,#8154,.T.);
#8154 = LINE('',#8155,#8156);
#8155 = CARTESIAN_POINT('',(-8.E-02,0.1575,-0.61));
#8156 = VECTOR('',#8157,1.);
#8157 = DIRECTION('',(1.,0.,0.));
#8158 = ORIENTED_EDGE('',*,*,#7872,.T.);
#8159 = PLANE('',#8160);
#8160 = AXIS2_PLACEMENT_3D('',#8161,#8162,#8163);
#8161 = CARTESIAN_POINT('',(-8.E-02,0.1575,-0.61));
#8162 = DIRECTION('',(0.,0.,1.));
#8163 = DIRECTION('',(1.,0.,-0.));
#8164 = ADVANCED_FACE('',(#8165),#8171,.T.);
#8165 = FACE_BOUND('',#8166,.T.);
#8166 = EDGE_LOOP('',(#8167,#8168,#8169,#8170));
#8167 = ORIENTED_EDGE('',*,*,#7880,.T.);
#8168 = ORIENTED_EDGE('',*,*,#8153,.T.);
#8169 = ORIENTED_EDGE('',*,*,#8009,.F.);
#8170 = ORIENTED_EDGE('',*,*,#7662,.F.);
#8171 = CYLINDRICAL_SURFACE('',#8172,0.1325);
#8172 = AXIS2_PLACEMENT_3D('',#8173,#8174,#8175);
#8173 = CARTESIAN_POINT('',(-8.E-02,0.1575,-0.7425));
#8174 = DIRECTION('',(-1.,0.,-0.));
#8175 = DIRECTION('',(0.,0.,-1.));
#8176 = ADVANCED_FACE('',(#8177,#8211,#8222,#8247),#8258,.F.);
#8177 = FACE_BOUND('',#8178,.T.);
#8178 = EDGE_LOOP('',(#8179,#8187,#8188,#8189,#8197,#8205));
#8179 = ORIENTED_EDGE('',*,*,#8180,.T.);
#8180 = EDGE_CURVE('',#8181,#6407,#8183,.T.);
#8181 = VERTEX_POINT('',#8182);
#8182 = CARTESIAN_POINT('',(-0.77,-0.12,-0.34));
#8183 = LINE('',#8184,#8185);
#8184 = CARTESIAN_POINT('',(-0.770000000001,-0.12,-0.34));
#8185 = VECTOR('',#8186,1.);
#8186 = DIRECTION('',(4.373725580997E-12,1.,-4.06950076642E-14));
#8187 = ORIENTED_EDGE('',*,*,#6406,.T.);
#8188 = ORIENTED_EDGE('',*,*,#5728,.T.);
#8189 = ORIENTED_EDGE('',*,*,#8190,.T.);
#8190 = EDGE_CURVE('',#5721,#8191,#8193,.T.);
#8191 = VERTEX_POINT('',#8192);
#8192 = CARTESIAN_POINT('',(0.77,0.161,-0.34));
#8193 = LINE('',#8194,#8195);
#8194 = CARTESIAN_POINT('',(0.575,0.33,-0.34));
#8195 = VECTOR('',#8196,1.);
#8196 = DIRECTION('',(0.75568908279,-0.654930538418,0.));
#8197 = ORIENTED_EDGE('',*,*,#8198,.F.);
#8198 = EDGE_CURVE('',#8199,#8191,#8201,.T.);
#8199 = VERTEX_POINT('',#8200);
#8200 = CARTESIAN_POINT('',(0.77,-0.12,-0.34));
#8201 = LINE('',#8202,#8203);
#8202 = CARTESIAN_POINT('',(0.769999999962,-0.119999999997,
    -0.339999999997));
#8203 = VECTOR('',#8204,1.);
#8204 = DIRECTION('',(1.371409905382E-10,1.,-1.011172166175E-11));
#8205 = ORIENTED_EDGE('',*,*,#8206,.T.);
#8206 = EDGE_CURVE('',#8199,#8181,#8207,.T.);
#8207 = LINE('',#8208,#8209);
#8208 = CARTESIAN_POINT('',(0.769999999962,-0.119999999997,
    -0.339999999997));
#8209 = VECTOR('',#8210,1.);
#8210 = DIRECTION('',(-1.,-1.837653406113E-12,-1.837635383012E-12));
#8211 = FACE_BOUND('',#8212,.T.);
#8212 = EDGE_LOOP('',(#8213,#8219,#8220,#8221));
#8213 = ORIENTED_EDGE('',*,*,#8214,.T.);
#8214 = EDGE_CURVE('',#7906,#8042,#8215,.T.);
#8215 = LINE('',#8216,#8217);
#8216 = CARTESIAN_POINT('',(-8.E-02,-4.944857583726E-02,-0.34));
#8217 = VECTOR('',#8218,1.);
#8218 = DIRECTION('',(1.,0.,0.));
#8219 = ORIENTED_EDGE('',*,*,#8059,.T.);
#8220 = ORIENTED_EDGE('',*,*,#4487,.F.);
#8221 = ORIENTED_EDGE('',*,*,#7913,.F.);
#8222 = FACE_BOUND('',#8223,.T.);
#8223 = EDGE_LOOP('',(#8224,#8234,#8240,#8241));
#8224 = ORIENTED_EDGE('',*,*,#8225,.T.);
#8225 = EDGE_CURVE('',#8226,#8228,#8230,.T.);
#8226 = VERTEX_POINT('',#8227);
#8227 = CARTESIAN_POINT('',(-0.43,-4.944857583726E-02,-0.34));
#8228 = VERTEX_POINT('',#8229);
#8229 = CARTESIAN_POINT('',(-0.27,-4.944857583726E-02,-0.34));
#8230 = LINE('',#8231,#8232);
#8231 = CARTESIAN_POINT('',(-0.43,-4.944857583726E-02,-0.34));
#8232 = VECTOR('',#8233,1.);
#8233 = DIRECTION('',(1.,0.,0.));
#8234 = ORIENTED_EDGE('',*,*,#8235,.T.);
#8235 = EDGE_CURVE('',#8228,#4446,#8236,.T.);
#8236 = LINE('',#8237,#8238);
#8237 = CARTESIAN_POINT('',(-0.27,-4.944857583726E-02,-0.34));
#8238 = VECTOR('',#8239,1.);
#8239 = DIRECTION('',(0.,1.,0.));
#8240 = ORIENTED_EDGE('',*,*,#4445,.F.);
#8241 = ORIENTED_EDGE('',*,*,#8242,.F.);
#8242 = EDGE_CURVE('',#8226,#4437,#8243,.T.);
#8243 = LINE('',#8244,#8245);
#8244 = CARTESIAN_POINT('',(-0.43,-4.944857583726E-02,-0.34));
#8245 = VECTOR('',#8246,1.);
#8246 = DIRECTION('',(0.,1.,0.));
#8247 = FACE_BOUND('',#8248,.T.);
#8248 = EDGE_LOOP('',(#8249,#8255,#8256,#8257));
#8249 = ORIENTED_EDGE('',*,*,#8250,.T.);
#8250 = EDGE_CURVE('',#7241,#7386,#8251,.T.);
#8251 = LINE('',#8252,#8253);
#8252 = CARTESIAN_POINT('',(0.27,-4.944857583726E-02,-0.34));
#8253 = VECTOR('',#8254,1.);
#8254 = DIRECTION('',(1.,0.,0.));
#8255 = ORIENTED_EDGE('',*,*,#7403,.T.);
#8256 = ORIENTED_EDGE('',*,*,#4529,.F.);
#8257 = ORIENTED_EDGE('',*,*,#7248,.F.);
#8258 = PLANE('',#8259);
#8259 = AXIS2_PLACEMENT_3D('',#8260,#8261,#8262);
#8260 = CARTESIAN_POINT('',(-0.8,0.33,-0.34));
#8261 = DIRECTION('',(0.,0.,1.));
#8262 = DIRECTION('',(1.,0.,-0.));
#8263 = ADVANCED_FACE('',(#8264),#8275,.T.);
#8264 = FACE_BOUND('',#8265,.T.);
#8265 = EDGE_LOOP('',(#8266,#8267,#8268,#8274));
#8266 = ORIENTED_EDGE('',*,*,#4510,.T.);
#8267 = ORIENTED_EDGE('',*,*,#7395,.F.);
#8268 = ORIENTED_EDGE('',*,*,#8269,.F.);
#8269 = EDGE_CURVE('',#7232,#7388,#8270,.T.);
#8270 = LINE('',#8271,#8272);
#8271 = CARTESIAN_POINT('',(0.27,0.140918398338,-0.405));
#8272 = VECTOR('',#8273,1.);
#8273 = DIRECTION('',(1.,0.,0.));
#8274 = ORIENTED_EDGE('',*,*,#7231,.T.);
#8275 = CYLINDRICAL_SURFACE('',#8276,9.E-02);
#8276 = AXIS2_PLACEMENT_3D('',#8277,#8278,#8279);
#8277 = CARTESIAN_POINT('',(0.27,0.17,-0.319828053652));
#8278 = DIRECTION('',(-1.,0.,-0.));
#8279 = DIRECTION('',(0.,0.,-1.));
#8280 = ADVANCED_FACE('',(#8281),#8287,.T.);
#8281 = FACE_BOUND('',#8282,.T.);
#8282 = EDGE_LOOP('',(#8283,#8284,#8285,#8286));
#8283 = ORIENTED_EDGE('',*,*,#7240,.T.);
#8284 = ORIENTED_EDGE('',*,*,#8269,.T.);
#8285 = ORIENTED_EDGE('',*,*,#7385,.F.);
#8286 = ORIENTED_EDGE('',*,*,#8250,.F.);
#8287 = PLANE('',#8288);
#8288 = AXIS2_PLACEMENT_3D('',#8289,#8290,#8291);
#8289 = CARTESIAN_POINT('',(0.27,-0.31,-0.251035815724));
#8290 = DIRECTION('',(0.,-0.32312890736,-0.946354959425));
#8291 = DIRECTION('',(0.,-0.946354959425,0.32312890736));
#8292 = ADVANCED_FACE('',(#8293),#8304,.T.);
#8293 = FACE_BOUND('',#8294,.T.);
#8294 = EDGE_LOOP('',(#8295,#8296,#8297,#8303));
#8295 = ORIENTED_EDGE('',*,*,#4468,.T.);
#8296 = ORIENTED_EDGE('',*,*,#8051,.F.);
#8297 = ORIENTED_EDGE('',*,*,#8298,.F.);
#8298 = EDGE_CURVE('',#7897,#8044,#8299,.T.);
#8299 = LINE('',#8300,#8301);
#8300 = CARTESIAN_POINT('',(-8.E-02,0.140918398338,-0.405));
#8301 = VECTOR('',#8302,1.);
#8302 = DIRECTION('',(1.,0.,0.));
#8303 = ORIENTED_EDGE('',*,*,#7896,.T.);
#8304 = CYLINDRICAL_SURFACE('',#8305,9.E-02);
#8305 = AXIS2_PLACEMENT_3D('',#8306,#8307,#8308);
#8306 = CARTESIAN_POINT('',(-8.E-02,0.17,-0.319828053652));
#8307 = DIRECTION('',(-1.,0.,-0.));
#8308 = DIRECTION('',(0.,0.,-1.));
#8309 = ADVANCED_FACE('',(#8310),#8316,.T.);
#8310 = FACE_BOUND('',#8311,.T.);
#8311 = EDGE_LOOP('',(#8312,#8313,#8314,#8315));
#8312 = ORIENTED_EDGE('',*,*,#7905,.T.);
#8313 = ORIENTED_EDGE('',*,*,#8298,.T.);
#8314 = ORIENTED_EDGE('',*,*,#8041,.F.);
#8315 = ORIENTED_EDGE('',*,*,#8214,.F.);
#8316 = PLANE('',#8317);
#8317 = AXIS2_PLACEMENT_3D('',#8318,#8319,#8320);
#8318 = CARTESIAN_POINT('',(-8.E-02,-0.31,-0.251035815724));
#8319 = DIRECTION('',(0.,-0.32312890736,-0.946354959425));
#8320 = DIRECTION('',(0.,-0.946354959425,0.32312890736));
#8321 = ADVANCED_FACE('',(#8322),#8348,.F.);
#8322 = FACE_BOUND('',#8323,.T.);
#8323 = EDGE_LOOP('',(#8324,#8333,#8341,#8347));
#8324 = ORIENTED_EDGE('',*,*,#8325,.F.);
#8325 = EDGE_CURVE('',#8326,#7103,#8328,.T.);
#8326 = VERTEX_POINT('',#8327);
#8327 = CARTESIAN_POINT('',(-0.43,0.1575,0.61));
#8328 = CIRCLE('',#8329,0.1325);
#8329 = AXIS2_PLACEMENT_3D('',#8330,#8331,#8332);
#8330 = CARTESIAN_POINT('',(-0.43,0.1575,0.7425));
#8331 = DIRECTION('',(1.,0.,0.));
#8332 = DIRECTION('',(0.,0.,-1.));
#8333 = ORIENTED_EDGE('',*,*,#8334,.F.);
#8334 = EDGE_CURVE('',#8335,#8326,#8337,.T.);
#8335 = VERTEX_POINT('',#8336);
#8336 = CARTESIAN_POINT('',(-0.43,0.125,0.61));
#8337 = LINE('',#8338,#8339);
#8338 = CARTESIAN_POINT('',(-0.43,0.125,0.61));
#8339 = VECTOR('',#8340,1.);
#8340 = DIRECTION('',(0.,1.,0.));
#8341 = ORIENTED_EDGE('',*,*,#8342,.F.);
#8342 = EDGE_CURVE('',#7085,#8335,#8343,.T.);
#8343 = LINE('',#8344,#8345);
#8344 = CARTESIAN_POINT('',(-0.43,0.105,0.63));
#8345 = VECTOR('',#8346,1.);
#8346 = DIRECTION('',(0.,0.707106781187,-0.707106781186));
#8347 = ORIENTED_EDGE('',*,*,#7110,.T.);
#8348 = PLANE('',#8349);
#8349 = AXIS2_PLACEMENT_3D('',#8350,#8351,#8352);
#8350 = CARTESIAN_POINT('',(-0.43,-0.33,0.));
#8351 = DIRECTION('',(1.,0.,0.));
#8352 = DIRECTION('',(-0.,1.,0.));
#8353 = ADVANCED_FACE('',(#8354),#8380,.F.);
#8354 = FACE_BOUND('',#8355,.T.);
#8355 = EDGE_LOOP('',(#8356,#8364,#8372,#8379));
#8356 = ORIENTED_EDGE('',*,*,#8357,.F.);
#8357 = EDGE_CURVE('',#8358,#7715,#8360,.T.);
#8358 = VERTEX_POINT('',#8359);
#8359 = CARTESIAN_POINT('',(-0.43,0.125,-0.61));
#8360 = LINE('',#8361,#8362);
#8361 = CARTESIAN_POINT('',(-0.43,0.125,-0.61));
#8362 = VECTOR('',#8363,1.);
#8363 = DIRECTION('',(0.,-0.707106781187,-0.707106781186));
#8364 = ORIENTED_EDGE('',*,*,#8365,.F.);
#8365 = EDGE_CURVE('',#8366,#8358,#8368,.T.);
#8366 = VERTEX_POINT('',#8367);
#8367 = CARTESIAN_POINT('',(-0.43,0.1575,-0.61));
#8368 = LINE('',#8369,#8370);
#8369 = CARTESIAN_POINT('',(-0.43,0.1575,-0.61));
#8370 = VECTOR('',#8371,1.);
#8371 = DIRECTION('',(0.,-1.,0.));
#8372 = ORIENTED_EDGE('',*,*,#8373,.F.);
#8373 = EDGE_CURVE('',#7697,#8366,#8374,.T.);
#8374 = CIRCLE('',#8375,0.1325);
#8375 = AXIS2_PLACEMENT_3D('',#8376,#8377,#8378);
#8376 = CARTESIAN_POINT('',(-0.43,0.1575,-0.7425));
#8377 = DIRECTION('',(1.,0.,-0.));
#8378 = DIRECTION('',(0.,0.528301886792,0.849056603774));
#8379 = ORIENTED_EDGE('',*,*,#7722,.F.);
#8380 = PLANE('',#8381);
#8381 = AXIS2_PLACEMENT_3D('',#8382,#8383,#8384);
#8382 = CARTESIAN_POINT('',(-0.43,-0.33,0.));
#8383 = DIRECTION('',(1.,0.,0.));
#8384 = DIRECTION('',(-0.,1.,0.));
#8385 = ADVANCED_FACE('',(#8386),#8405,.F.);
#8386 = FACE_BOUND('',#8387,.T.);
#8387 = EDGE_LOOP('',(#8388,#8397,#8403,#8404));
#8388 = ORIENTED_EDGE('',*,*,#8389,.F.);
#8389 = EDGE_CURVE('',#8390,#4427,#8392,.T.);
#8390 = VERTEX_POINT('',#8391);
#8391 = CARTESIAN_POINT('',(-0.43,0.140918398338,-0.405));
#8392 = CIRCLE('',#8393,9.E-02);
#8393 = AXIS2_PLACEMENT_3D('',#8394,#8395,#8396);
#8394 = CARTESIAN_POINT('',(-0.43,0.17,-0.319828053652));
#8395 = DIRECTION('',(1.,0.,0.));
#8396 = DIRECTION('',(0.,-0.32312890736,-0.946354959425));
#8397 = ORIENTED_EDGE('',*,*,#8398,.F.);
#8398 = EDGE_CURVE('',#8226,#8390,#8399,.T.);
#8399 = LINE('',#8400,#8401);
#8400 = CARTESIAN_POINT('',(-0.43,-4.944857583726E-02,-0.34));
#8401 = VECTOR('',#8402,1.);
#8402 = DIRECTION('',(0.,0.946354959425,-0.32312890736));
#8403 = ORIENTED_EDGE('',*,*,#8242,.T.);
#8404 = ORIENTED_EDGE('',*,*,#4436,.F.);
#8405 = PLANE('',#8406);
#8406 = AXIS2_PLACEMENT_3D('',#8407,#8408,#8409);
#8407 = CARTESIAN_POINT('',(-0.43,-0.33,0.));
#8408 = DIRECTION('',(1.,0.,0.));
#8409 = DIRECTION('',(-0.,1.,0.));
#8410 = ADVANCED_FACE('',(#8411),#8437,.F.);
#8411 = FACE_BOUND('',#8412,.T.);
#8412 = EDGE_LOOP('',(#8413,#8423,#8430,#8431));
#8413 = ORIENTED_EDGE('',*,*,#8414,.F.);
#8414 = EDGE_CURVE('',#8415,#8417,#8419,.T.);
#8415 = VERTEX_POINT('',#8416);
#8416 = CARTESIAN_POINT('',(-0.43,0.140918398338,0.405));
#8417 = VERTEX_POINT('',#8418);
#8418 = CARTESIAN_POINT('',(-0.43,-4.944857583726E-02,0.34));
#8419 = LINE('',#8420,#8421);
#8420 = CARTESIAN_POINT('',(-0.43,0.140918398338,0.405));
#8421 = VECTOR('',#8422,1.);
#8422 = DIRECTION('',(0.,-0.946354959425,-0.32312890736));
#8423 = ORIENTED_EDGE('',*,*,#8424,.F.);
#8424 = EDGE_CURVE('',#4303,#8415,#8425,.T.);
#8425 = CIRCLE('',#8426,9.E-02);
#8426 = AXIS2_PLACEMENT_3D('',#8427,#8428,#8429);
#8427 = CARTESIAN_POINT('',(-0.43,0.17,0.319828053652));
#8428 = DIRECTION('',(1.,0.,-0.));
#8429 = DIRECTION('',(0.,0.974558626309,0.224132737203));
#8430 = ORIENTED_EDGE('',*,*,#4327,.F.);
#8431 = ORIENTED_EDGE('',*,*,#8432,.F.);
#8432 = EDGE_CURVE('',#8417,#4320,#8433,.T.);
#8433 = LINE('',#8434,#8435);
#8434 = CARTESIAN_POINT('',(-0.43,-4.944857583726E-02,0.34));
#8435 = VECTOR('',#8436,1.);
#8436 = DIRECTION('',(0.,1.,0.));
#8437 = PLANE('',#8438);
#8438 = AXIS2_PLACEMENT_3D('',#8439,#8440,#8441);
#8439 = CARTESIAN_POINT('',(-0.43,-0.33,0.));
#8440 = DIRECTION('',(1.,0.,0.));
#8441 = DIRECTION('',(-0.,1.,0.));
#8442 = ADVANCED_FACE('',(#8443),#8461,.T.);
#8443 = FACE_BOUND('',#8444,.T.);
#8444 = EDGE_LOOP('',(#8445,#8446,#8454,#8460));
#8445 = ORIENTED_EDGE('',*,*,#8342,.T.);
#8446 = ORIENTED_EDGE('',*,*,#8447,.T.);
#8447 = EDGE_CURVE('',#8335,#8448,#8450,.T.);
#8448 = VERTEX_POINT('',#8449);
#8449 = CARTESIAN_POINT('',(-0.27,0.125,0.61));
#8450 = LINE('',#8451,#8452);
#8451 = CARTESIAN_POINT('',(-0.43,0.125,0.61));
#8452 = VECTOR('',#8453,1.);
#8453 = DIRECTION('',(1.,0.,0.));
#8454 = ORIENTED_EDGE('',*,*,#8455,.F.);
#8455 = EDGE_CURVE('',#7087,#8448,#8456,.T.);
#8456 = LINE('',#8457,#8458);
#8457 = CARTESIAN_POINT('',(-0.27,0.105,0.63));
#8458 = VECTOR('',#8459,1.);
#8459 = DIRECTION('',(0.,0.707106781187,-0.707106781186));
#8460 = ORIENTED_EDGE('',*,*,#7084,.F.);
#8461 = PLANE('',#8462);
#8462 = AXIS2_PLACEMENT_3D('',#8463,#8464,#8465);
#8463 = CARTESIAN_POINT('',(-0.43,0.105,0.63));
#8464 = DIRECTION('',(0.,-0.707106781186,-0.707106781187));
#8465 = DIRECTION('',(0.,-0.707106781187,0.707106781186));
#8466 = ADVANCED_FACE('',(#8467),#8486,.T.);
#8467 = FACE_BOUND('',#8468,.T.);
#8468 = EDGE_LOOP('',(#8469,#8470,#8478,#8485));
#8469 = ORIENTED_EDGE('',*,*,#8455,.T.);
#8470 = ORIENTED_EDGE('',*,*,#8471,.T.);
#8471 = EDGE_CURVE('',#8448,#8472,#8474,.T.);
#8472 = VERTEX_POINT('',#8473);
#8473 = CARTESIAN_POINT('',(-0.27,0.1575,0.61));
#8474 = LINE('',#8475,#8476);
#8475 = CARTESIAN_POINT('',(-0.27,0.125,0.61));
#8476 = VECTOR('',#8477,1.);
#8477 = DIRECTION('',(0.,1.,0.));
#8478 = ORIENTED_EDGE('',*,*,#8479,.T.);
#8479 = EDGE_CURVE('',#8472,#7095,#8480,.T.);
#8480 = CIRCLE('',#8481,0.1325);
#8481 = AXIS2_PLACEMENT_3D('',#8482,#8483,#8484);
#8482 = CARTESIAN_POINT('',(-0.27,0.1575,0.7425));
#8483 = DIRECTION('',(1.,0.,0.));
#8484 = DIRECTION('',(0.,0.,-1.));
#8485 = ORIENTED_EDGE('',*,*,#7094,.F.);
#8486 = PLANE('',#8487);
#8487 = AXIS2_PLACEMENT_3D('',#8488,#8489,#8490);
#8488 = CARTESIAN_POINT('',(-0.27,-0.33,0.));
#8489 = DIRECTION('',(1.,0.,0.));
#8490 = DIRECTION('',(-0.,1.,0.));
#8491 = ADVANCED_FACE('',(#8492),#8518,.T.);
#8492 = FACE_BOUND('',#8493,.T.);
#8493 = EDGE_LOOP('',(#8494,#8503,#8511,#8517));
#8494 = ORIENTED_EDGE('',*,*,#8495,.T.);
#8495 = EDGE_CURVE('',#7699,#8496,#8498,.T.);
#8496 = VERTEX_POINT('',#8497);
#8497 = CARTESIAN_POINT('',(-0.27,0.1575,-0.61));
#8498 = CIRCLE('',#8499,0.1325);
#8499 = AXIS2_PLACEMENT_3D('',#8500,#8501,#8502);
#8500 = CARTESIAN_POINT('',(-0.27,0.1575,-0.7425));
#8501 = DIRECTION('',(1.,0.,-0.));
#8502 = DIRECTION('',(0.,0.528301886792,0.849056603774));
#8503 = ORIENTED_EDGE('',*,*,#8504,.T.);
#8504 = EDGE_CURVE('',#8496,#8505,#8507,.T.);
#8505 = VERTEX_POINT('',#8506);
#8506 = CARTESIAN_POINT('',(-0.27,0.125,-0.61));
#8507 = LINE('',#8508,#8509);
#8508 = CARTESIAN_POINT('',(-0.27,0.1575,-0.61));
#8509 = VECTOR('',#8510,1.);
#8510 = DIRECTION('',(0.,-1.,0.));
#8511 = ORIENTED_EDGE('',*,*,#8512,.T.);
#8512 = EDGE_CURVE('',#8505,#7707,#8513,.T.);
#8513 = LINE('',#8514,#8515);
#8514 = CARTESIAN_POINT('',(-0.27,0.125,-0.61));
#8515 = VECTOR('',#8516,1.);
#8516 = DIRECTION('',(0.,-0.707106781187,-0.707106781186));
#8517 = ORIENTED_EDGE('',*,*,#7706,.T.);
#8518 = PLANE('',#8519);
#8519 = AXIS2_PLACEMENT_3D('',#8520,#8521,#8522);
#8520 = CARTESIAN_POINT('',(-0.27,-0.33,0.));
#8521 = DIRECTION('',(1.,0.,0.));
#8522 = DIRECTION('',(-0.,1.,0.));
#8523 = ADVANCED_FACE('',(#8524),#8543,.T.);
#8524 = FACE_BOUND('',#8525,.T.);
#8525 = EDGE_LOOP('',(#8526,#8534,#8541,#8542));
#8526 = ORIENTED_EDGE('',*,*,#8527,.T.);
#8527 = EDGE_CURVE('',#8228,#8528,#8530,.T.);
#8528 = VERTEX_POINT('',#8529);
#8529 = CARTESIAN_POINT('',(-0.27,0.140918398338,-0.405));
#8530 = LINE('',#8531,#8532);
#8531 = CARTESIAN_POINT('',(-0.27,-4.944857583726E-02,-0.34));
#8532 = VECTOR('',#8533,1.);
#8533 = DIRECTION('',(0.,0.946354959425,-0.32312890736));
#8534 = ORIENTED_EDGE('',*,*,#8535,.T.);
#8535 = EDGE_CURVE('',#8528,#4429,#8536,.T.);
#8536 = CIRCLE('',#8537,9.E-02);
#8537 = AXIS2_PLACEMENT_3D('',#8538,#8539,#8540);
#8538 = CARTESIAN_POINT('',(-0.27,0.17,-0.319828053652));
#8539 = DIRECTION('',(1.,0.,0.));
#8540 = DIRECTION('',(0.,-0.32312890736,-0.946354959425));
#8541 = ORIENTED_EDGE('',*,*,#4453,.T.);
#8542 = ORIENTED_EDGE('',*,*,#8235,.F.);
#8543 = PLANE('',#8544);
#8544 = AXIS2_PLACEMENT_3D('',#8545,#8546,#8547);
#8545 = CARTESIAN_POINT('',(-0.27,-0.33,0.));
#8546 = DIRECTION('',(1.,0.,0.));
#8547 = DIRECTION('',(-0.,1.,0.));
#8548 = ADVANCED_FACE('',(#8549),#8575,.T.);
#8549 = FACE_BOUND('',#8550,.T.);
#8550 = EDGE_LOOP('',(#8551,#8552,#8561,#8569));
#8551 = ORIENTED_EDGE('',*,*,#4310,.T.);
#8552 = ORIENTED_EDGE('',*,*,#8553,.T.);
#8553 = EDGE_CURVE('',#4301,#8554,#8556,.T.);
#8554 = VERTEX_POINT('',#8555);
#8555 = CARTESIAN_POINT('',(-0.27,0.140918398338,0.405));
#8556 = CIRCLE('',#8557,9.E-02);
#8557 = AXIS2_PLACEMENT_3D('',#8558,#8559,#8560);
#8558 = CARTESIAN_POINT('',(-0.27,0.17,0.319828053652));
#8559 = DIRECTION('',(1.,0.,-0.));
#8560 = DIRECTION('',(0.,0.974558626309,0.224132737203));
#8561 = ORIENTED_EDGE('',*,*,#8562,.T.);
#8562 = EDGE_CURVE('',#8554,#8563,#8565,.T.);
#8563 = VERTEX_POINT('',#8564);
#8564 = CARTESIAN_POINT('',(-0.27,-4.944857583726E-02,0.34));
#8565 = LINE('',#8566,#8567);
#8566 = CARTESIAN_POINT('',(-0.27,0.140918398338,0.405));
#8567 = VECTOR('',#8568,1.);
#8568 = DIRECTION('',(0.,-0.946354959425,-0.32312890736));
#8569 = ORIENTED_EDGE('',*,*,#8570,.T.);
#8570 = EDGE_CURVE('',#8563,#4311,#8571,.T.);
#8571 = LINE('',#8572,#8573);
#8572 = CARTESIAN_POINT('',(-0.27,-4.944857583726E-02,0.34));
#8573 = VECTOR('',#8574,1.);
#8574 = DIRECTION('',(0.,1.,0.));
#8575 = PLANE('',#8576);
#8576 = AXIS2_PLACEMENT_3D('',#8577,#8578,#8579);
#8577 = CARTESIAN_POINT('',(-0.27,-0.33,0.));
#8578 = DIRECTION('',(1.,0.,0.));
#8579 = DIRECTION('',(-0.,1.,0.));
#8580 = ADVANCED_FACE('',(#8581),#8592,.T.);
#8581 = FACE_BOUND('',#8582,.T.);
#8582 = EDGE_LOOP('',(#8583,#8584,#8590,#8591));
#8583 = ORIENTED_EDGE('',*,*,#8479,.F.);
#8584 = ORIENTED_EDGE('',*,*,#8585,.F.);
#8585 = EDGE_CURVE('',#8326,#8472,#8586,.T.);
#8586 = LINE('',#8587,#8588);
#8587 = CARTESIAN_POINT('',(-0.43,0.1575,0.61));
#8588 = VECTOR('',#8589,1.);
#8589 = DIRECTION('',(1.,0.,0.));
#8590 = ORIENTED_EDGE('',*,*,#8325,.T.);
#8591 = ORIENTED_EDGE('',*,*,#7102,.T.);
#8592 = CYLINDRICAL_SURFACE('',#8593,0.1325);
#8593 = AXIS2_PLACEMENT_3D('',#8594,#8595,#8596);
#8594 = CARTESIAN_POINT('',(-0.43,0.1575,0.7425));
#8595 = DIRECTION('',(-1.,0.,-0.));
#8596 = DIRECTION('',(0.,0.,-1.));
#8597 = ADVANCED_FACE('',(#8598),#8604,.T.);
#8598 = FACE_BOUND('',#8599,.T.);
#8599 = EDGE_LOOP('',(#8600,#8601,#8602,#8603));
#8600 = ORIENTED_EDGE('',*,*,#8585,.T.);
#8601 = ORIENTED_EDGE('',*,*,#8471,.F.);
#8602 = ORIENTED_EDGE('',*,*,#8447,.F.);
#8603 = ORIENTED_EDGE('',*,*,#8334,.T.);
#8604 = PLANE('',#8605);
#8605 = AXIS2_PLACEMENT_3D('',#8606,#8607,#8608);
#8606 = CARTESIAN_POINT('',(-0.43,0.125,0.61));
#8607 = DIRECTION('',(0.,0.,-1.));
#8608 = DIRECTION('',(0.,-1.,0.));
#8609 = ADVANCED_FACE('',(#8610),#8621,.T.);
#8610 = FACE_BOUND('',#8611,.T.);
#8611 = EDGE_LOOP('',(#8612,#8613,#8619,#8620));
#8612 = ORIENTED_EDGE('',*,*,#8512,.F.);
#8613 = ORIENTED_EDGE('',*,*,#8614,.F.);
#8614 = EDGE_CURVE('',#8358,#8505,#8615,.T.);
#8615 = LINE('',#8616,#8617);
#8616 = CARTESIAN_POINT('',(-0.43,0.125,-0.61));
#8617 = VECTOR('',#8618,1.);
#8618 = DIRECTION('',(1.,0.,0.));
#8619 = ORIENTED_EDGE('',*,*,#8357,.T.);
#8620 = ORIENTED_EDGE('',*,*,#7714,.T.);
#8621 = PLANE('',#8622);
#8622 = AXIS2_PLACEMENT_3D('',#8623,#8624,#8625);
#8623 = CARTESIAN_POINT('',(-0.43,0.125,-0.61));
#8624 = DIRECTION('',(0.,-0.707106781186,0.707106781187));
#8625 = DIRECTION('',(-1.,0.,0.));
#8626 = ADVANCED_FACE('',(#8627),#8638,.T.);
#8627 = FACE_BOUND('',#8628,.T.);
#8628 = EDGE_LOOP('',(#8629,#8630,#8631,#8637));
#8629 = ORIENTED_EDGE('',*,*,#8614,.T.);
#8630 = ORIENTED_EDGE('',*,*,#8504,.F.);
#8631 = ORIENTED_EDGE('',*,*,#8632,.F.);
#8632 = EDGE_CURVE('',#8366,#8496,#8633,.T.);
#8633 = LINE('',#8634,#8635);
#8634 = CARTESIAN_POINT('',(-0.43,0.1575,-0.61));
#8635 = VECTOR('',#8636,1.);
#8636 = DIRECTION('',(1.,0.,0.));
#8637 = ORIENTED_EDGE('',*,*,#8365,.T.);
#8638 = PLANE('',#8639);
#8639 = AXIS2_PLACEMENT_3D('',#8640,#8641,#8642);
#8640 = CARTESIAN_POINT('',(-0.43,0.1575,-0.61));
#8641 = DIRECTION('',(0.,0.,1.));
#8642 = DIRECTION('',(1.,0.,-0.));
#8643 = ADVANCED_FACE('',(#8644),#8650,.T.);
#8644 = FACE_BOUND('',#8645,.T.);
#8645 = EDGE_LOOP('',(#8646,#8647,#8648,#8649));
#8646 = ORIENTED_EDGE('',*,*,#8373,.T.);
#8647 = ORIENTED_EDGE('',*,*,#8632,.T.);
#8648 = ORIENTED_EDGE('',*,*,#8495,.F.);
#8649 = ORIENTED_EDGE('',*,*,#7696,.F.);
#8650 = CYLINDRICAL_SURFACE('',#8651,0.1325);
#8651 = AXIS2_PLACEMENT_3D('',#8652,#8653,#8654);
#8652 = CARTESIAN_POINT('',(-0.43,0.1575,-0.7425));
#8653 = DIRECTION('',(-1.,0.,-0.));
#8654 = DIRECTION('',(0.,0.,-1.));
#8655 = ADVANCED_FACE('',(#8656),#8667,.T.);
#8656 = FACE_BOUND('',#8657,.T.);
#8657 = EDGE_LOOP('',(#8658,#8659,#8660,#8666));
#8658 = ORIENTED_EDGE('',*,*,#4426,.T.);
#8659 = ORIENTED_EDGE('',*,*,#8535,.F.);
#8660 = ORIENTED_EDGE('',*,*,#8661,.F.);
#8661 = EDGE_CURVE('',#8390,#8528,#8662,.T.);
#8662 = LINE('',#8663,#8664);
#8663 = CARTESIAN_POINT('',(-0.43,0.140918398338,-0.405));
#8664 = VECTOR('',#8665,1.);
#8665 = DIRECTION('',(1.,0.,0.));
#8666 = ORIENTED_EDGE('',*,*,#8389,.T.);
#8667 = CYLINDRICAL_SURFACE('',#8668,9.E-02);
#8668 = AXIS2_PLACEMENT_3D('',#8669,#8670,#8671);
#8669 = CARTESIAN_POINT('',(-0.43,0.17,-0.319828053652));
#8670 = DIRECTION('',(-1.,0.,-0.));
#8671 = DIRECTION('',(0.,0.,-1.));
#8672 = ADVANCED_FACE('',(#8673),#8679,.T.);
#8673 = FACE_BOUND('',#8674,.T.);
#8674 = EDGE_LOOP('',(#8675,#8676,#8677,#8678));
#8675 = ORIENTED_EDGE('',*,*,#8398,.T.);
#8676 = ORIENTED_EDGE('',*,*,#8661,.T.);
#8677 = ORIENTED_EDGE('',*,*,#8527,.F.);
#8678 = ORIENTED_EDGE('',*,*,#8225,.F.);
#8679 = PLANE('',#8680);
#8680 = AXIS2_PLACEMENT_3D('',#8681,#8682,#8683);
#8681 = CARTESIAN_POINT('',(-0.43,-0.31,-0.251035815724));
#8682 = DIRECTION('',(0.,-0.32312890736,-0.946354959425));
#8683 = DIRECTION('',(0.,-0.946354959425,0.32312890736));
#8684 = ADVANCED_FACE('',(#8685,#8712,#8723,#8734),#8745,.F.);
#8685 = FACE_BOUND('',#8686,.T.);
#8686 = EDGE_LOOP('',(#8687,#8697,#8703,#8704,#8705,#8706));
#8687 = ORIENTED_EDGE('',*,*,#8688,.T.);
#8688 = EDGE_CURVE('',#8689,#8691,#8693,.T.);
#8689 = VERTEX_POINT('',#8690);
#8690 = CARTESIAN_POINT('',(0.770000000001,-0.12,0.34));
#8691 = VERTEX_POINT('',#8692);
#8692 = CARTESIAN_POINT('',(0.77,0.161,0.34));
#8693 = LINE('',#8694,#8695);
#8694 = CARTESIAN_POINT('',(0.770000000001,-0.12,0.34));
#8695 = VECTOR('',#8696,1.);
#8696 = DIRECTION('',(-4.373725580997E-12,1.,4.06950076642E-14));
#8697 = ORIENTED_EDGE('',*,*,#8698,.T.);
#8698 = EDGE_CURVE('',#8691,#5711,#8699,.T.);
#8699 = LINE('',#8700,#8701);
#8700 = CARTESIAN_POINT('',(0.77,0.161,0.34));
#8701 = VECTOR('',#8702,1.);
#8702 = DIRECTION('',(-0.75568908279,0.654930538418,0.));
#8703 = ORIENTED_EDGE('',*,*,#5710,.T.);
#8704 = ORIENTED_EDGE('',*,*,#6397,.T.);
#8705 = ORIENTED_EDGE('',*,*,#6450,.F.);
#8706 = ORIENTED_EDGE('',*,*,#8707,.T.);
#8707 = EDGE_CURVE('',#6451,#8689,#8708,.T.);
#8708 = LINE('',#8709,#8710);
#8709 = CARTESIAN_POINT('',(-0.769999999962,-0.119999999997,
    0.339999999997));
#8710 = VECTOR('',#8711,1.);
#8711 = DIRECTION('',(1.,-1.837680440764E-12,1.837635383012E-12));
#8712 = FACE_BOUND('',#8713,.T.);
#8713 = EDGE_LOOP('',(#8714,#8715,#8716,#8722));
#8714 = ORIENTED_EDGE('',*,*,#4361,.T.);
#8715 = ORIENTED_EDGE('',*,*,#8091,.F.);
#8716 = ORIENTED_EDGE('',*,*,#8717,.F.);
#8717 = EDGE_CURVE('',#7931,#8084,#8718,.T.);
#8718 = LINE('',#8719,#8720);
#8719 = CARTESIAN_POINT('',(-8.E-02,-4.944857583726E-02,0.34));
#8720 = VECTOR('',#8721,1.);
#8721 = DIRECTION('',(1.,0.,0.));
#8722 = ORIENTED_EDGE('',*,*,#7946,.T.);
#8723 = FACE_BOUND('',#8724,.T.);
#8724 = EDGE_LOOP('',(#8725,#8726,#8727,#8733));
#8725 = ORIENTED_EDGE('',*,*,#4319,.T.);
#8726 = ORIENTED_EDGE('',*,*,#8570,.F.);
#8727 = ORIENTED_EDGE('',*,*,#8728,.F.);
#8728 = EDGE_CURVE('',#8417,#8563,#8729,.T.);
#8729 = LINE('',#8730,#8731);
#8730 = CARTESIAN_POINT('',(-0.43,-4.944857583726E-02,0.34));
#8731 = VECTOR('',#8732,1.);
#8732 = DIRECTION('',(1.,0.,0.));
#8733 = ORIENTED_EDGE('',*,*,#8432,.T.);
#8734 = FACE_BOUND('',#8735,.T.);
#8735 = EDGE_LOOP('',(#8736,#8737,#8738,#8744));
#8736 = ORIENTED_EDGE('',*,*,#4403,.T.);
#8737 = ORIENTED_EDGE('',*,*,#7435,.F.);
#8738 = ORIENTED_EDGE('',*,*,#8739,.F.);
#8739 = EDGE_CURVE('',#7266,#7428,#8740,.T.);
#8740 = LINE('',#8741,#8742);
#8741 = CARTESIAN_POINT('',(0.27,-4.944857583726E-02,0.34));
#8742 = VECTOR('',#8743,1.);
#8743 = DIRECTION('',(1.,0.,0.));
#8744 = ORIENTED_EDGE('',*,*,#7281,.T.);
#8745 = PLANE('',#8746);
#8746 = AXIS2_PLACEMENT_3D('',#8747,#8748,#8749);
#8747 = CARTESIAN_POINT('',(0.8,0.33,0.34));
#8748 = DIRECTION('',(0.,0.,-1.));
#8749 = DIRECTION('',(0.,-1.,0.));
#8750 = ADVANCED_FACE('',(#8751),#8762,.T.);
#8751 = FACE_BOUND('',#8752,.T.);
#8752 = EDGE_LOOP('',(#8753,#8754,#8760,#8761));
#8753 = ORIENTED_EDGE('',*,*,#7427,.F.);
#8754 = ORIENTED_EDGE('',*,*,#8755,.F.);
#8755 = EDGE_CURVE('',#7264,#7419,#8756,.T.);
#8756 = LINE('',#8757,#8758);
#8757 = CARTESIAN_POINT('',(0.27,0.140918398338,0.405));
#8758 = VECTOR('',#8759,1.);
#8759 = DIRECTION('',(1.,0.,0.));
#8760 = ORIENTED_EDGE('',*,*,#7263,.T.);
#8761 = ORIENTED_EDGE('',*,*,#8739,.T.);
#8762 = PLANE('',#8763);
#8763 = AXIS2_PLACEMENT_3D('',#8764,#8765,#8766);
#8764 = CARTESIAN_POINT('',(0.27,0.140918398338,0.405));
#8765 = DIRECTION('',(0.,-0.32312890736,0.946354959425));
#8766 = DIRECTION('',(-1.,0.,0.));
#8767 = ADVANCED_FACE('',(#8768),#8774,.T.);
#8768 = FACE_BOUND('',#8769,.T.);
#8769 = EDGE_LOOP('',(#8770,#8771,#8772,#8773));
#8770 = ORIENTED_EDGE('',*,*,#4384,.T.);
#8771 = ORIENTED_EDGE('',*,*,#7273,.T.);
#8772 = ORIENTED_EDGE('',*,*,#8755,.T.);
#8773 = ORIENTED_EDGE('',*,*,#7418,.F.);
#8774 = CYLINDRICAL_SURFACE('',#8775,9.E-02);
#8775 = AXIS2_PLACEMENT_3D('',#8776,#8777,#8778);
#8776 = CARTESIAN_POINT('',(0.27,0.17,0.319828053652));
#8777 = DIRECTION('',(-1.,0.,-0.));
#8778 = DIRECTION('',(0.,0.,-1.));
#8779 = ADVANCED_FACE('',(#8780),#8791,.T.);
#8780 = FACE_BOUND('',#8781,.T.);
#8781 = EDGE_LOOP('',(#8782,#8783,#8789,#8790));
#8782 = ORIENTED_EDGE('',*,*,#8083,.F.);
#8783 = ORIENTED_EDGE('',*,*,#8784,.F.);
#8784 = EDGE_CURVE('',#7929,#8075,#8785,.T.);
#8785 = LINE('',#8786,#8787);
#8786 = CARTESIAN_POINT('',(-8.E-02,0.140918398338,0.405));
#8787 = VECTOR('',#8788,1.);
#8788 = DIRECTION('',(1.,0.,0.));
#8789 = ORIENTED_EDGE('',*,*,#7928,.T.);
#8790 = ORIENTED_EDGE('',*,*,#8717,.T.);
#8791 = PLANE('',#8792);
#8792 = AXIS2_PLACEMENT_3D('',#8793,#8794,#8795);
#8793 = CARTESIAN_POINT('',(-8.E-02,0.140918398338,0.405));
#8794 = DIRECTION('',(0.,-0.32312890736,0.946354959425));
#8795 = DIRECTION('',(-1.,0.,0.));
#8796 = ADVANCED_FACE('',(#8797),#8803,.T.);
#8797 = FACE_BOUND('',#8798,.T.);
#8798 = EDGE_LOOP('',(#8799,#8800,#8801,#8802));
#8799 = ORIENTED_EDGE('',*,*,#4342,.T.);
#8800 = ORIENTED_EDGE('',*,*,#7938,.T.);
#8801 = ORIENTED_EDGE('',*,*,#8784,.T.);
#8802 = ORIENTED_EDGE('',*,*,#8074,.F.);
#8803 = CYLINDRICAL_SURFACE('',#8804,9.E-02);
#8804 = AXIS2_PLACEMENT_3D('',#8805,#8806,#8807);
#8805 = CARTESIAN_POINT('',(-8.E-02,0.17,0.319828053652));
#8806 = DIRECTION('',(-1.,0.,-0.));
#8807 = DIRECTION('',(0.,0.,-1.));
#8808 = ADVANCED_FACE('',(#8809),#8820,.T.);
#8809 = FACE_BOUND('',#8810,.T.);
#8810 = EDGE_LOOP('',(#8811,#8812,#8818,#8819));
#8811 = ORIENTED_EDGE('',*,*,#8562,.F.);
#8812 = ORIENTED_EDGE('',*,*,#8813,.F.);
#8813 = EDGE_CURVE('',#8415,#8554,#8814,.T.);
#8814 = LINE('',#8815,#8816);
#8815 = CARTESIAN_POINT('',(-0.43,0.140918398338,0.405));
#8816 = VECTOR('',#8817,1.);
#8817 = DIRECTION('',(1.,0.,0.));
#8818 = ORIENTED_EDGE('',*,*,#8414,.T.);
#8819 = ORIENTED_EDGE('',*,*,#8728,.T.);
#8820 = PLANE('',#8821);
#8821 = AXIS2_PLACEMENT_3D('',#8822,#8823,#8824);
#8822 = CARTESIAN_POINT('',(-0.43,0.140918398338,0.405));
#8823 = DIRECTION('',(0.,-0.32312890736,0.946354959425));
#8824 = DIRECTION('',(-1.,0.,0.));
#8825 = ADVANCED_FACE('',(#8826),#8832,.T.);
#8826 = FACE_BOUND('',#8827,.T.);
#8827 = EDGE_LOOP('',(#8828,#8829,#8830,#8831));
#8828 = ORIENTED_EDGE('',*,*,#4300,.T.);
#8829 = ORIENTED_EDGE('',*,*,#8424,.T.);
#8830 = ORIENTED_EDGE('',*,*,#8813,.T.);
#8831 = ORIENTED_EDGE('',*,*,#8553,.F.);
#8832 = CYLINDRICAL_SURFACE('',#8833,9.E-02);
#8833 = AXIS2_PLACEMENT_3D('',#8834,#8835,#8836);
#8834 = CARTESIAN_POINT('',(-0.43,0.17,0.319828053652));
#8835 = DIRECTION('',(-1.,0.,-0.));
#8836 = DIRECTION('',(0.,0.,-1.));
#8837 = ADVANCED_FACE('',(#8838),#8849,.T.);
#8838 = FACE_BOUND('',#8839,.T.);
#8839 = EDGE_LOOP('',(#8840,#8846,#8847,#8848));
#8840 = ORIENTED_EDGE('',*,*,#8841,.T.);
#8841 = EDGE_CURVE('',#6640,#8689,#8842,.T.);
#8842 = LINE('',#8843,#8844);
#8843 = CARTESIAN_POINT('',(0.770000000003,-0.15,0.37));
#8844 = VECTOR('',#8845,1.);
#8845 = DIRECTION('',(-4.828034310456E-11,0.707106781187,-0.707106781187
    ));
#8846 = ORIENTED_EDGE('',*,*,#8707,.F.);
#8847 = ORIENTED_EDGE('',*,*,#6482,.F.);
#8848 = ORIENTED_EDGE('',*,*,#6648,.T.);
#8849 = PLANE('',#8850);
#8850 = AXIS2_PLACEMENT_3D('',#8851,#8852,#8853);
#8851 = CARTESIAN_POINT('',(0.,-0.135,0.355));
#8852 = DIRECTION('',(0.,0.707106781187,0.707106781187));
#8853 = DIRECTION('',(1.,0.,-0.));
#8854 = ADVANCED_FACE('',(#8855),#8874,.T.);
#8855 = FACE_BOUND('',#8856,.T.);
#8856 = EDGE_LOOP('',(#8857,#8865,#8872,#8873));
#8857 = ORIENTED_EDGE('',*,*,#8858,.T.);
#8858 = EDGE_CURVE('',#6632,#8859,#8861,.T.);
#8859 = VERTEX_POINT('',#8860);
#8860 = CARTESIAN_POINT('',(0.8,-0.12,0.31));
#8861 = LINE('',#8862,#8863);
#8862 = CARTESIAN_POINT('',(0.829999999992,-0.149999999992,
    0.309999999897));
#8863 = VECTOR('',#8864,1.);
#8864 = DIRECTION('',(-0.707106781187,0.707106781187,1.513862214336E-09)
  );
#8865 = ORIENTED_EDGE('',*,*,#8866,.F.);
#8866 = EDGE_CURVE('',#8689,#8859,#8867,.T.);
#8867 = CIRCLE('',#8868,3.E-02);
#8868 = AXIS2_PLACEMENT_3D('',#8869,#8870,#8871);
#8869 = CARTESIAN_POINT('',(0.77,-0.12,0.31));
#8870 = DIRECTION('',(0.,1.,0.));
#8871 = DIRECTION('',(0.,-0.,1.));
#8872 = ORIENTED_EDGE('',*,*,#8841,.F.);
#8873 = ORIENTED_EDGE('',*,*,#6639,.T.);
#8874 = CONICAL_SURFACE('',#8875,4.499999999432E-02,0.785398163397);
#8875 = AXIS2_PLACEMENT_3D('',#8876,#8877,#8878);
#8876 = CARTESIAN_POINT('',(0.77,-0.134999999994,0.31));
#8877 = DIRECTION('',(-0.,-1.,-0.));
#8878 = DIRECTION('',(0.,0.,-1.));
#8879 = ADVANCED_FACE('',(#8880),#8901,.T.);
#8880 = FACE_BOUND('',#8881,.T.);
#8881 = EDGE_LOOP('',(#8882,#8890,#8899,#8900));
#8882 = ORIENTED_EDGE('',*,*,#8883,.T.);
#8883 = EDGE_CURVE('',#8859,#8884,#8886,.T.);
#8884 = VERTEX_POINT('',#8885);
#8885 = CARTESIAN_POINT('',(0.8,0.135,0.31));
#8886 = LINE('',#8887,#8888);
#8887 = CARTESIAN_POINT('',(0.799999999997,-0.119999999997,
    0.309999999962));
#8888 = VECTOR('',#8889,1.);
#8889 = DIRECTION('',(1.114315611473E-11,1.,1.511239934952E-10));
#8890 = ORIENTED_EDGE('',*,*,#8891,.F.);
#8891 = EDGE_CURVE('',#8691,#8884,#8892,.T.);
#8892 = B_SPLINE_CURVE_WITH_KNOTS('',3,(#8893,#8894,#8895,#8896,#8897,
    #8898),.UNSPECIFIED.,.F.,.F.,(4,1,1,4),(0.,0.5,0.75,1.),
  .UNSPECIFIED.);
#8893 = CARTESIAN_POINT('',(0.77,0.161,0.34));
#8894 = CARTESIAN_POINT('',(0.778778445414,0.153392013975,0.34));
#8895 = CARTESIAN_POINT('',(0.788446028787,0.145013441718,0.33536835343)
  );
#8896 = CARTESIAN_POINT('',(0.79733104223,0.137313096734,0.323892896683)
  );
#8897 = CARTESIAN_POINT('',(0.8,0.135,0.315808238874));
#8898 = CARTESIAN_POINT('',(0.8,0.135,0.31));
#8899 = ORIENTED_EDGE('',*,*,#8688,.F.);
#8900 = ORIENTED_EDGE('',*,*,#8866,.T.);
#8901 = CYLINDRICAL_SURFACE('',#8902,3.E-02);
#8902 = AXIS2_PLACEMENT_3D('',#8903,#8904,#8905);
#8903 = CARTESIAN_POINT('',(0.77,-1.367035260326,0.31));
#8904 = DIRECTION('',(0.,-1.,0.));
#8905 = DIRECTION('',(0.,0.,1.));
#8906 = ADVANCED_FACE('',(#8907),#8930,.T.);
#8907 = FACE_BOUND('',#8908,.T.);
#8908 = EDGE_LOOP('',(#8909,#8917,#8926,#8927,#8928,#8929));
#8909 = ORIENTED_EDGE('',*,*,#8910,.T.);
#8910 = EDGE_CURVE('',#8884,#8911,#8913,.T.);
#8911 = VERTEX_POINT('',#8912);
#8912 = CARTESIAN_POINT('',(0.8,0.135,-0.31));
#8913 = LINE('',#8914,#8915);
#8914 = CARTESIAN_POINT('',(0.8,0.135,0.31));
#8915 = VECTOR('',#8916,1.);
#8916 = DIRECTION('',(0.,0.,-1.));
#8917 = ORIENTED_EDGE('',*,*,#8918,.T.);
#8918 = EDGE_CURVE('',#8911,#8191,#8919,.T.);
#8919 = B_SPLINE_CURVE_WITH_KNOTS('',3,(#8920,#8921,#8922,#8923,#8924,
    #8925),.UNSPECIFIED.,.F.,.F.,(4,1,1,4),(0.,0.25,0.5,1.),
  .UNSPECIFIED.);
#8920 = CARTESIAN_POINT('',(0.8,0.135,-0.31));
#8921 = CARTESIAN_POINT('',(0.8,0.135,-0.315808238874));
#8922 = CARTESIAN_POINT('',(0.79733104223,0.137313096734,-0.323892896683
    ));
#8923 = CARTESIAN_POINT('',(0.788446028787,0.145013441718,-0.33536835343
    ));
#8924 = CARTESIAN_POINT('',(0.778778445414,0.153392013975,-0.34));
#8925 = CARTESIAN_POINT('',(0.77,0.161,-0.34));
#8926 = ORIENTED_EDGE('',*,*,#8190,.F.);
#8927 = ORIENTED_EDGE('',*,*,#5720,.F.);
#8928 = ORIENTED_EDGE('',*,*,#8698,.F.);
#8929 = ORIENTED_EDGE('',*,*,#8891,.T.);
#8930 = PLANE('',#8931);
#8931 = AXIS2_PLACEMENT_3D('',#8932,#8933,#8934);
#8932 = CARTESIAN_POINT('',(0.6875,0.2325,0.));
#8933 = DIRECTION('',(0.654930538418,0.75568908279,0.));
#8934 = DIRECTION('',(0.,0.,-1.));
#8935 = ADVANCED_FACE('',(#8936),#8955,.T.);
#8936 = FACE_BOUND('',#8937,.T.);
#8937 = EDGE_LOOP('',(#8938,#8939,#8940,#8948));
#8938 = ORIENTED_EDGE('',*,*,#8198,.T.);
#8939 = ORIENTED_EDGE('',*,*,#8918,.F.);
#8940 = ORIENTED_EDGE('',*,*,#8941,.F.);
#8941 = EDGE_CURVE('',#8942,#8911,#8944,.T.);
#8942 = VERTEX_POINT('',#8943);
#8943 = CARTESIAN_POINT('',(0.8,-0.12,-0.310000000001));
#8944 = LINE('',#8945,#8946);
#8945 = CARTESIAN_POINT('',(0.8,-0.12,-0.310000000001));
#8946 = VECTOR('',#8947,1.);
#8947 = DIRECTION('',(4.527968414158E-14,1.,4.819891762397E-12));
#8948 = ORIENTED_EDGE('',*,*,#8949,.T.);
#8949 = EDGE_CURVE('',#8942,#8199,#8950,.T.);
#8950 = CIRCLE('',#8951,3.E-02);
#8951 = AXIS2_PLACEMENT_3D('',#8952,#8953,#8954);
#8952 = CARTESIAN_POINT('',(0.77,-0.12,-0.31));
#8953 = DIRECTION('',(-0.,1.,0.));
#8954 = DIRECTION('',(1.,0.,0.));
#8955 = CYLINDRICAL_SURFACE('',#8956,3.E-02);
#8956 = AXIS2_PLACEMENT_3D('',#8957,#8958,#8959);
#8957 = CARTESIAN_POINT('',(0.77,-1.367035260326,-0.31));
#8958 = DIRECTION('',(0.,-1.,0.));
#8959 = DIRECTION('',(1.,0.,0.));
#8960 = ADVANCED_FACE('',(#8961),#8977,.T.);
#8961 = FACE_BOUND('',#8962,.T.);
#8962 = EDGE_LOOP('',(#8963,#8969,#8970,#8976));
#8963 = ORIENTED_EDGE('',*,*,#8964,.T.);
#8964 = EDGE_CURVE('',#6613,#8199,#8965,.T.);
#8965 = LINE('',#8966,#8967);
#8966 = CARTESIAN_POINT('',(0.769999999897,-0.149999999992,
    -0.369999999992));
#8967 = VECTOR('',#8968,1.);
#8968 = DIRECTION('',(1.513864831157E-09,0.707106781187,0.707106781187)
  );
#8969 = ORIENTED_EDGE('',*,*,#8949,.F.);
#8970 = ORIENTED_EDGE('',*,*,#8971,.F.);
#8971 = EDGE_CURVE('',#6623,#8942,#8972,.T.);
#8972 = LINE('',#8973,#8974);
#8973 = CARTESIAN_POINT('',(0.83,-0.15,-0.310000000003));
#8974 = VECTOR('',#8975,1.);
#8975 = DIRECTION('',(-0.707106781187,0.707106781187,4.828165151494E-11)
  );
#8976 = ORIENTED_EDGE('',*,*,#6622,.T.);
#8977 = CONICAL_SURFACE('',#8978,4.499999999432E-02,0.785398163397);
#8978 = AXIS2_PLACEMENT_3D('',#8979,#8980,#8981);
#8979 = CARTESIAN_POINT('',(0.77,-0.134999999994,-0.31));
#8980 = DIRECTION('',(-0.,-1.,-0.));
#8981 = DIRECTION('',(0.,0.,-1.));
#8982 = ADVANCED_FACE('',(#8983),#8994,.T.);
#8983 = FACE_BOUND('',#8984,.T.);
#8984 = EDGE_LOOP('',(#8985,#8986,#8992,#8993));
#8985 = ORIENTED_EDGE('',*,*,#8971,.T.);
#8986 = ORIENTED_EDGE('',*,*,#8987,.F.);
#8987 = EDGE_CURVE('',#8859,#8942,#8988,.T.);
#8988 = LINE('',#8989,#8990);
#8989 = CARTESIAN_POINT('',(0.799999999997,-0.119999999997,
    0.309999999962));
#8990 = VECTOR('',#8991,1.);
#8991 = DIRECTION('',(4.564449177322E-12,-4.564471560851E-12,-1.));
#8992 = ORIENTED_EDGE('',*,*,#8858,.F.);
#8993 = ORIENTED_EDGE('',*,*,#6631,.T.);
#8994 = PLANE('',#8995);
#8995 = AXIS2_PLACEMENT_3D('',#8996,#8997,#8998);
#8996 = CARTESIAN_POINT('',(0.815,-0.135,0.));
#8997 = DIRECTION('',(0.707106781187,0.707106781187,0.));
#8998 = DIRECTION('',(0.,0.,-1.));
#8999 = ADVANCED_FACE('',(#9000),#9006,.F.);
#9000 = FACE_BOUND('',#9001,.T.);
#9001 = EDGE_LOOP('',(#9002,#9003,#9004,#9005));
#9002 = ORIENTED_EDGE('',*,*,#8941,.T.);
#9003 = ORIENTED_EDGE('',*,*,#8910,.F.);
#9004 = ORIENTED_EDGE('',*,*,#8883,.F.);
#9005 = ORIENTED_EDGE('',*,*,#8987,.T.);
#9006 = PLANE('',#9007);
#9007 = AXIS2_PLACEMENT_3D('',#9008,#9009,#9010);
#9008 = CARTESIAN_POINT('',(0.8,0.33,-0.34));
#9009 = DIRECTION('',(-1.,0.,0.));
#9010 = DIRECTION('',(0.,0.,1.));
#9011 = ADVANCED_FACE('',(#9012),#9023,.T.);
#9012 = FACE_BOUND('',#9013,.T.);
#9013 = EDGE_LOOP('',(#9014,#9020,#9021,#9022));
#9014 = ORIENTED_EDGE('',*,*,#9015,.T.);
#9015 = EDGE_CURVE('',#6615,#8181,#9016,.T.);
#9016 = LINE('',#9017,#9018);
#9017 = CARTESIAN_POINT('',(-0.770000000003,-0.15,-0.37));
#9018 = VECTOR('',#9019,1.);
#9019 = DIRECTION('',(4.828034310456E-11,0.707106781187,0.707106781187)
  );
#9020 = ORIENTED_EDGE('',*,*,#8206,.F.);
#9021 = ORIENTED_EDGE('',*,*,#8964,.F.);
#9022 = ORIENTED_EDGE('',*,*,#6612,.T.);
#9023 = PLANE('',#9024);
#9024 = AXIS2_PLACEMENT_3D('',#9025,#9026,#9027);
#9025 = CARTESIAN_POINT('',(0.,-0.135,-0.355));
#9026 = DIRECTION('',(0.,0.707106781187,-0.707106781187));
#9027 = DIRECTION('',(-1.,0.,0.));
#9028 = ADVANCED_FACE('',(#9029),#9048,.T.);
#9029 = FACE_BOUND('',#9030,.T.);
#9030 = EDGE_LOOP('',(#9031,#9039,#9046,#9047));
#9031 = ORIENTED_EDGE('',*,*,#9032,.T.);
#9032 = EDGE_CURVE('',#6656,#9033,#9035,.T.);
#9033 = VERTEX_POINT('',#9034);
#9034 = CARTESIAN_POINT('',(-0.8,-0.12,-0.31));
#9035 = LINE('',#9036,#9037);
#9036 = CARTESIAN_POINT('',(-0.829999999992,-0.149999999992,
    -0.309999999897));
#9037 = VECTOR('',#9038,1.);
#9038 = DIRECTION('',(0.707106781187,0.707106781187,-1.513862214336E-09)
  );
#9039 = ORIENTED_EDGE('',*,*,#9040,.F.);
#9040 = EDGE_CURVE('',#8181,#9033,#9041,.T.);
#9041 = CIRCLE('',#9042,3.E-02);
#9042 = AXIS2_PLACEMENT_3D('',#9043,#9044,#9045);
#9043 = CARTESIAN_POINT('',(-0.77,-0.12,-0.31));
#9044 = DIRECTION('',(0.,1.,0.));
#9045 = DIRECTION('',(0.,0.,-1.));
#9046 = ORIENTED_EDGE('',*,*,#9015,.F.);
#9047 = ORIENTED_EDGE('',*,*,#6663,.T.);
#9048 = CONICAL_SURFACE('',#9049,4.499999999432E-02,0.785398163397);
#9049 = AXIS2_PLACEMENT_3D('',#9050,#9051,#9052);
#9050 = CARTESIAN_POINT('',(-0.77,-0.134999999994,-0.31));
#9051 = DIRECTION('',(-0.,-1.,-0.));
#9052 = DIRECTION('',(0.,0.,-1.));
#9053 = ADVANCED_FACE('',(#9054),#9065,.T.);
#9054 = FACE_BOUND('',#9055,.T.);
#9055 = EDGE_LOOP('',(#9056,#9062,#9063,#9064));
#9056 = ORIENTED_EDGE('',*,*,#9057,.T.);
#9057 = EDGE_CURVE('',#9033,#6415,#9058,.T.);
#9058 = LINE('',#9059,#9060);
#9059 = CARTESIAN_POINT('',(-0.799999999997,-0.119999999997,
    -0.309999999962));
#9060 = VECTOR('',#9061,1.);
#9061 = DIRECTION('',(-1.114315611473E-11,1.,-1.511237758044E-10));
#9062 = ORIENTED_EDGE('',*,*,#6414,.F.);
#9063 = ORIENTED_EDGE('',*,*,#8180,.F.);
#9064 = ORIENTED_EDGE('',*,*,#9040,.T.);
#9065 = CYLINDRICAL_SURFACE('',#9066,3.E-02);
#9066 = AXIS2_PLACEMENT_3D('',#9067,#9068,#9069);
#9067 = CARTESIAN_POINT('',(-0.77,-1.367035260326,-0.31));
#9068 = DIRECTION('',(0.,-1.,-0.));
#9069 = DIRECTION('',(0.,0.,-1.));
#9070 = ADVANCED_FACE('',(#9071),#9082,.F.);
#9071 = FACE_BOUND('',#9072,.T.);
#9072 = EDGE_LOOP('',(#9073,#9074,#9075,#9076));
#9073 = ORIENTED_EDGE('',*,*,#6459,.T.);
#9074 = ORIENTED_EDGE('',*,*,#6425,.F.);
#9075 = ORIENTED_EDGE('',*,*,#9057,.F.);
#9076 = ORIENTED_EDGE('',*,*,#9077,.T.);
#9077 = EDGE_CURVE('',#9033,#6460,#9078,.T.);
#9078 = LINE('',#9079,#9080);
#9079 = CARTESIAN_POINT('',(-0.799999999997,-0.119999999997,
    -0.309999999962));
#9080 = VECTOR('',#9081,1.);
#9081 = DIRECTION('',(-4.564628245552E-12,-4.564538711437E-12,1.));
#9082 = PLANE('',#9083);
#9083 = AXIS2_PLACEMENT_3D('',#9084,#9085,#9086);
#9084 = CARTESIAN_POINT('',(-0.8,0.33,0.34));
#9085 = DIRECTION('',(1.,0.,0.));
#9086 = DIRECTION('',(-0.,1.,0.));
#9087 = ADVANCED_FACE('',(#9088),#9094,.T.);
#9088 = FACE_BOUND('',#9089,.T.);
#9089 = EDGE_LOOP('',(#9090,#9091,#9092,#9093));
#9090 = ORIENTED_EDGE('',*,*,#6491,.T.);
#9091 = ORIENTED_EDGE('',*,*,#9077,.F.);
#9092 = ORIENTED_EDGE('',*,*,#9032,.F.);
#9093 = ORIENTED_EDGE('',*,*,#6655,.T.);
#9094 = PLANE('',#9095);
#9095 = AXIS2_PLACEMENT_3D('',#9096,#9097,#9098);
#9096 = CARTESIAN_POINT('',(-0.815,-0.135,0.));
#9097 = DIRECTION('',(-0.707106781187,0.707106781187,0.));
#9098 = DIRECTION('',(0.,0.,1.));
#9099 = ADVANCED_FACE('',(#9100),#9125,.T.);
#9100 = FACE_BOUND('',#9101,.T.);
#9101 = EDGE_LOOP('',(#9102,#9103,#9111,#9119));
#9102 = ORIENTED_EDGE('',*,*,#7756,.T.);
#9103 = ORIENTED_EDGE('',*,*,#9104,.F.);
#9104 = EDGE_CURVE('',#9105,#7749,#9107,.T.);
#9105 = VERTEX_POINT('',#9106);
#9106 = CARTESIAN_POINT('',(-0.795,0.182566125621,-0.620585659457));
#9107 = LINE('',#9108,#9109);
#9108 = CARTESIAN_POINT('',(-0.795,0.182566125621,-0.620585659457));
#9109 = VECTOR('',#9110,1.);
#9110 = DIRECTION('',(1.370638666052E-14,-0.813811351416,-0.581129145979
    ));
#9111 = ORIENTED_EDGE('',*,*,#9112,.F.);
#9112 = EDGE_CURVE('',#9113,#9105,#9115,.T.);
#9113 = VERTEX_POINT('',#9114);
#9114 = CARTESIAN_POINT('',(-0.62,0.182566125621,-0.620585659457));
#9115 = LINE('',#9116,#9117);
#9116 = CARTESIAN_POINT('',(-0.62,0.182566125621,-0.620585659457));
#9117 = VECTOR('',#9118,1.);
#9118 = DIRECTION('',(-1.,0.,0.));
#9119 = ORIENTED_EDGE('',*,*,#9120,.T.);
#9120 = EDGE_CURVE('',#9113,#7731,#9121,.T.);
#9121 = LINE('',#9122,#9123);
#9122 = CARTESIAN_POINT('',(-0.62,0.182566125621,-0.620585659457));
#9123 = VECTOR('',#9124,1.);
#9124 = DIRECTION('',(0.,-0.813811351416,-0.581129145979));
#9125 = PLANE('',#9126);
#9126 = AXIS2_PLACEMENT_3D('',#9127,#9128,#9129);
#9127 = CARTESIAN_POINT('',(-0.62,0.182566125621,-0.620585659457));
#9128 = DIRECTION('',(0.,0.581129145979,-0.813811351416));
#9129 = DIRECTION('',(-1.,0.,0.));
#9130 = ADVANCED_FACE('',(#9131),#9249,.T.);
#9131 = FACE_BOUND('',#9132,.T.);
#9132 = EDGE_LOOP('',(#9133,#9143,#9152,#9158,#9159,#9168,#9176,#9182,
    #9183,#9184,#9191,#9192,#9200,#9209,#9217,#9225,#9234,#9242));
#9133 = ORIENTED_EDGE('',*,*,#9134,.F.);
#9134 = EDGE_CURVE('',#9135,#9137,#9139,.T.);
#9135 = VERTEX_POINT('',#9136);
#9136 = CARTESIAN_POINT('',(-0.62,0.33,-0.678563985247));
#9137 = VERTEX_POINT('',#9138);
#9138 = CARTESIAN_POINT('',(-0.62,0.33,-0.85));
#9139 = LINE('',#9140,#9141);
#9140 = CARTESIAN_POINT('',(-0.62,0.33,-0.678563985247));
#9141 = VECTOR('',#9142,1.);
#9142 = DIRECTION('',(0.,0.,-1.));
#9143 = ORIENTED_EDGE('',*,*,#9144,.F.);
#9144 = EDGE_CURVE('',#9145,#9135,#9147,.T.);
#9145 = VERTEX_POINT('',#9146);
#9146 = CARTESIAN_POINT('',(-0.62,0.297850884872,-0.609619985366));
#9147 = CIRCLE('',#9148,9.E-02);
#9148 = AXIS2_PLACEMENT_3D('',#9149,#9150,#9151);
#9149 = CARTESIAN_POINT('',(-0.62,0.24,-0.678563985247));
#9150 = DIRECTION('',(-1.,0.,0.));
#9151 = DIRECTION('',(0.,0.642787609687,0.766044443119));
#9152 = ORIENTED_EDGE('',*,*,#9153,.F.);
#9153 = EDGE_CURVE('',#4269,#9145,#9154,.T.);
#9154 = LINE('',#9155,#9156);
#9155 = CARTESIAN_POINT('',(-0.62,0.257850884872,-0.576056000119));
#9156 = VECTOR('',#9157,1.);
#9157 = DIRECTION('',(0.,0.766044443119,-0.642787609687));
#9158 = ORIENTED_EDGE('',*,*,#4268,.F.);
#9159 = ORIENTED_EDGE('',*,*,#9160,.F.);
#9160 = EDGE_CURVE('',#9161,#4259,#9163,.T.);
#9161 = VERTEX_POINT('',#9162);
#9162 = CARTESIAN_POINT('',(-0.62,0.147698376862,-0.571756978372));
#9163 = CIRCLE('',#9164,9.E-02);
#9164 = AXIS2_PLACEMENT_3D('',#9165,#9166,#9167);
#9165 = CARTESIAN_POINT('',(-0.62,0.2,-0.645));
#9166 = DIRECTION('',(-1.,0.,0.));
#9167 = DIRECTION('',(0.,-0.581129145978,0.813811351416));
#9168 = ORIENTED_EDGE('',*,*,#9169,.F.);
#9169 = EDGE_CURVE('',#9170,#9161,#9172,.T.);
#9170 = VERTEX_POINT('',#9171);
#9171 = CARTESIAN_POINT('',(-0.62,6.8E-02,-0.62866826328));
#9172 = LINE('',#9173,#9174);
#9173 = CARTESIAN_POINT('',(-0.62,6.8E-02,-0.62866826328));
#9174 = VECTOR('',#9175,1.);
#9175 = DIRECTION('',(0.,0.813811351416,0.581129145978));
#9176 = ORIENTED_EDGE('',*,*,#9177,.F.);
#9177 = EDGE_CURVE('',#7733,#9170,#9178,.T.);
#9178 = LINE('',#9179,#9180);
#9179 = CARTESIAN_POINT('',(-0.62,6.895097103431E-02,-0.63));
#9180 = VECTOR('',#9181,1.);
#9181 = DIRECTION('',(0.,-0.581129145978,0.813811351416));
#9182 = ORIENTED_EDGE('',*,*,#7730,.F.);
#9183 = ORIENTED_EDGE('',*,*,#9120,.F.);
#9184 = ORIENTED_EDGE('',*,*,#9185,.F.);
#9185 = EDGE_CURVE('',#4219,#9113,#9186,.T.);
#9186 = CIRCLE('',#9187,3.E-02);
#9187 = AXIS2_PLACEMENT_3D('',#9188,#9189,#9190);
#9188 = CARTESIAN_POINT('',(-0.62,0.2,-0.645));
#9189 = DIRECTION('',(1.,0.,-0.));
#9190 = DIRECTION('',(0.,0.642787609687,0.766044443119));
#9191 = ORIENTED_EDGE('',*,*,#4216,.F.);
#9192 = ORIENTED_EDGE('',*,*,#9193,.F.);
#9193 = EDGE_CURVE('',#9194,#4217,#9196,.T.);
#9194 = VERTEX_POINT('',#9195);
#9195 = CARTESIAN_POINT('',(-0.62,0.259283628291,-0.655582651953));
#9196 = LINE('',#9197,#9198);
#9197 = CARTESIAN_POINT('',(-0.62,0.259283628291,-0.655582651953));
#9198 = VECTOR('',#9199,1.);
#9199 = DIRECTION('',(0.,-0.766044443119,0.642787609687));
#9200 = ORIENTED_EDGE('',*,*,#9201,.F.);
#9201 = EDGE_CURVE('',#9202,#9194,#9204,.T.);
#9202 = VERTEX_POINT('',#9203);
#9203 = CARTESIAN_POINT('',(-0.62,0.27,-0.678563985247));
#9204 = CIRCLE('',#9205,3.E-02);
#9205 = AXIS2_PLACEMENT_3D('',#9206,#9207,#9208);
#9206 = CARTESIAN_POINT('',(-0.62,0.24,-0.678563985247));
#9207 = DIRECTION('',(1.,0.,0.));
#9208 = DIRECTION('',(-0.,1.,0.));
#9209 = ORIENTED_EDGE('',*,*,#9210,.F.);
#9210 = EDGE_CURVE('',#9211,#9202,#9213,.T.);
#9211 = VERTEX_POINT('',#9212);
#9212 = CARTESIAN_POINT('',(-0.62,0.27,-0.75));
#9213 = LINE('',#9214,#9215);
#9214 = CARTESIAN_POINT('',(-0.62,0.27,-0.75));
#9215 = VECTOR('',#9216,1.);
#9216 = DIRECTION('',(0.,0.,1.));
#9217 = ORIENTED_EDGE('',*,*,#9218,.F.);
#9218 = EDGE_CURVE('',#9219,#9211,#9221,.T.);
#9219 = VERTEX_POINT('',#9220);
#9220 = CARTESIAN_POINT('',(-0.62,0.2492777975,-0.8575666785));
#9221 = LINE('',#9222,#9223);
#9222 = CARTESIAN_POINT('',(-0.62,0.2492777975,-0.8575666785));
#9223 = VECTOR('',#9224,1.);
#9224 = DIRECTION('',(0.,0.189166962505,0.981944937508));
#9225 = ORIENTED_EDGE('',*,*,#9226,.F.);
#9226 = EDGE_CURVE('',#9227,#9219,#9229,.T.);
#9227 = VERTEX_POINT('',#9228);
#9228 = CARTESIAN_POINT('',(-0.62,0.21,-0.89));
#9229 = CIRCLE('',#9230,4.E-02);
#9230 = AXIS2_PLACEMENT_3D('',#9231,#9232,#9233);
#9231 = CARTESIAN_POINT('',(-0.62,0.21,-0.85));
#9232 = DIRECTION('',(1.,0.,0.));
#9233 = DIRECTION('',(0.,0.,-1.));
#9234 = ORIENTED_EDGE('',*,*,#9235,.T.);
#9235 = EDGE_CURVE('',#9227,#9236,#9238,.T.);
#9236 = VERTEX_POINT('',#9237);
#9237 = CARTESIAN_POINT('',(-0.62,0.21,-0.97));
#9238 = LINE('',#9239,#9240);
#9239 = CARTESIAN_POINT('',(-0.62,0.21,-0.89));
#9240 = VECTOR('',#9241,1.);
#9241 = DIRECTION('',(0.,0.,-1.));
#9242 = ORIENTED_EDGE('',*,*,#9243,.F.);
#9243 = EDGE_CURVE('',#9137,#9236,#9244,.T.);
#9244 = CIRCLE('',#9245,0.12);
#9245 = AXIS2_PLACEMENT_3D('',#9246,#9247,#9248);
#9246 = CARTESIAN_POINT('',(-0.62,0.21,-0.85));
#9247 = DIRECTION('',(-1.,0.,0.));
#9248 = DIRECTION('',(0.,1.,0.));
#9249 = PLANE('',#9250);
#9250 = AXIS2_PLACEMENT_3D('',#9251,#9252,#9253);
#9251 = CARTESIAN_POINT('',(-0.62,0.21,-0.88));
#9252 = DIRECTION('',(1.,0.,0.));
#9253 = DIRECTION('',(-0.,1.,0.));
#9254 = ADVANCED_FACE('',(#9255),#9289,.T.);
#9255 = FACE_BOUND('',#9256,.T.);
#9256 = EDGE_LOOP('',(#9257,#9265,#9273,#9282,#9288));
#9257 = ORIENTED_EDGE('',*,*,#9258,.T.);
#9258 = EDGE_CURVE('',#9236,#9259,#9261,.T.);
#9259 = VERTEX_POINT('',#9260);
#9260 = CARTESIAN_POINT('',(-0.7875,0.21,-0.97));
#9261 = LINE('',#9262,#9263);
#9262 = CARTESIAN_POINT('',(-0.62,0.21,-0.97));
#9263 = VECTOR('',#9264,1.);
#9264 = DIRECTION('',(-1.,0.,0.));
#9265 = ORIENTED_EDGE('',*,*,#9266,.T.);
#9266 = EDGE_CURVE('',#9259,#9267,#9269,.T.);
#9267 = VERTEX_POINT('',#9268);
#9268 = CARTESIAN_POINT('',(-0.795,0.21,-0.97));
#9269 = LINE('',#9270,#9271);
#9270 = CARTESIAN_POINT('',(-0.7875,0.21,-0.97));
#9271 = VECTOR('',#9272,1.);
#9272 = DIRECTION('',(-1.,0.,0.));
#9273 = ORIENTED_EDGE('',*,*,#9274,.F.);
#9274 = EDGE_CURVE('',#9275,#9267,#9277,.T.);
#9275 = VERTEX_POINT('',#9276);
#9276 = CARTESIAN_POINT('',(-0.795,0.33,-0.85));
#9277 = CIRCLE('',#9278,0.12);
#9278 = AXIS2_PLACEMENT_3D('',#9279,#9280,#9281);
#9279 = CARTESIAN_POINT('',(-0.795,0.21,-0.85));
#9280 = DIRECTION('',(-1.,0.,0.));
#9281 = DIRECTION('',(0.,1.,0.));
#9282 = ORIENTED_EDGE('',*,*,#9283,.F.);
#9283 = EDGE_CURVE('',#9137,#9275,#9284,.T.);
#9284 = LINE('',#9285,#9286);
#9285 = CARTESIAN_POINT('',(-0.62,0.33,-0.85));
#9286 = VECTOR('',#9287,1.);
#9287 = DIRECTION('',(-1.,0.,0.));
#9288 = ORIENTED_EDGE('',*,*,#9243,.T.);
#9289 = CYLINDRICAL_SURFACE('',#9290,0.12);
#9290 = AXIS2_PLACEMENT_3D('',#9291,#9292,#9293);
#9291 = CARTESIAN_POINT('',(-0.62,0.21,-0.85));
#9292 = DIRECTION('',(1.,-0.,0.));
#9293 = DIRECTION('',(0.,0.,1.));
#9294 = ADVANCED_FACE('',(#9295),#9313,.T.);
#9295 = FACE_BOUND('',#9296,.T.);
#9296 = EDGE_LOOP('',(#9297,#9298,#9306,#9312));
#9297 = ORIENTED_EDGE('',*,*,#9283,.T.);
#9298 = ORIENTED_EDGE('',*,*,#9299,.F.);
#9299 = EDGE_CURVE('',#9300,#9275,#9302,.T.);
#9300 = VERTEX_POINT('',#9301);
#9301 = CARTESIAN_POINT('',(-0.795,0.33,-0.678563985247));
#9302 = LINE('',#9303,#9304);
#9303 = CARTESIAN_POINT('',(-0.795,0.33,-0.678563985247));
#9304 = VECTOR('',#9305,1.);
#9305 = DIRECTION('',(0.,0.,-1.));
#9306 = ORIENTED_EDGE('',*,*,#9307,.F.);
#9307 = EDGE_CURVE('',#9135,#9300,#9308,.T.);
#9308 = LINE('',#9309,#9310);
#9309 = CARTESIAN_POINT('',(-0.62,0.33,-0.678563985247));
#9310 = VECTOR('',#9311,1.);
#9311 = DIRECTION('',(-1.,0.,0.));
#9312 = ORIENTED_EDGE('',*,*,#9134,.T.);
#9313 = PLANE('',#9314);
#9314 = AXIS2_PLACEMENT_3D('',#9315,#9316,#9317);
#9315 = CARTESIAN_POINT('',(-0.62,0.33,-0.678563985247));
#9316 = DIRECTION('',(-0.,1.,0.));
#9317 = DIRECTION('',(1.,0.,0.));
#9318 = ADVANCED_FACE('',(#9319),#9338,.T.);
#9319 = FACE_BOUND('',#9320,.T.);
#9320 = EDGE_LOOP('',(#9321,#9322,#9331,#9337));
#9321 = ORIENTED_EDGE('',*,*,#9307,.T.);
#9322 = ORIENTED_EDGE('',*,*,#9323,.F.);
#9323 = EDGE_CURVE('',#9324,#9300,#9326,.T.);
#9324 = VERTEX_POINT('',#9325);
#9325 = CARTESIAN_POINT('',(-0.795,0.297850884872,-0.609619985366));
#9326 = CIRCLE('',#9327,9.E-02);
#9327 = AXIS2_PLACEMENT_3D('',#9328,#9329,#9330);
#9328 = CARTESIAN_POINT('',(-0.795,0.24,-0.678563985247));
#9329 = DIRECTION('',(-1.,0.,0.));
#9330 = DIRECTION('',(0.,0.642787609687,0.766044443119));
#9331 = ORIENTED_EDGE('',*,*,#9332,.F.);
#9332 = EDGE_CURVE('',#9145,#9324,#9333,.T.);
#9333 = LINE('',#9334,#9335);
#9334 = CARTESIAN_POINT('',(-0.62,0.297850884872,-0.609619985366));
#9335 = VECTOR('',#9336,1.);
#9336 = DIRECTION('',(-1.,0.,0.));
#9337 = ORIENTED_EDGE('',*,*,#9144,.T.);
#9338 = CYLINDRICAL_SURFACE('',#9339,9.E-02);
#9339 = AXIS2_PLACEMENT_3D('',#9340,#9341,#9342);
#9340 = CARTESIAN_POINT('',(-0.62,0.24,-0.678563985247));
#9341 = DIRECTION('',(1.,-0.,0.));
#9342 = DIRECTION('',(0.,0.,1.));
#9343 = ADVANCED_FACE('',(#9344),#9355,.T.);
#9344 = FACE_BOUND('',#9345,.T.);
#9345 = EDGE_LOOP('',(#9346,#9347,#9353,#9354));
#9346 = ORIENTED_EDGE('',*,*,#9332,.T.);
#9347 = ORIENTED_EDGE('',*,*,#9348,.F.);
#9348 = EDGE_CURVE('',#4278,#9324,#9349,.T.);
#9349 = LINE('',#9350,#9351);
#9350 = CARTESIAN_POINT('',(-0.795,0.257850884872,-0.576056000119));
#9351 = VECTOR('',#9352,1.);
#9352 = DIRECTION('',(0.,0.766044443119,-0.642787609687));
#9353 = ORIENTED_EDGE('',*,*,#4277,.F.);
#9354 = ORIENTED_EDGE('',*,*,#9153,.T.);
#9355 = PLANE('',#9356);
#9356 = AXIS2_PLACEMENT_3D('',#9357,#9358,#9359);
#9357 = CARTESIAN_POINT('',(-0.62,0.257850884872,-0.576056000119));
#9358 = DIRECTION('',(0.,0.642787609687,0.766044443119));
#9359 = DIRECTION('',(1.,-0.,0.));
#9360 = ADVANCED_FACE('',(#9361),#9380,.T.);
#9361 = FACE_BOUND('',#9362,.T.);
#9362 = EDGE_LOOP('',(#9363,#9364,#9373,#9379));
#9363 = ORIENTED_EDGE('',*,*,#4258,.T.);
#9364 = ORIENTED_EDGE('',*,*,#9365,.F.);
#9365 = EDGE_CURVE('',#9366,#4261,#9368,.T.);
#9366 = VERTEX_POINT('',#9367);
#9367 = CARTESIAN_POINT('',(-0.795,0.147698376862,-0.571756978372));
#9368 = CIRCLE('',#9369,9.E-02);
#9369 = AXIS2_PLACEMENT_3D('',#9370,#9371,#9372);
#9370 = CARTESIAN_POINT('',(-0.795,0.2,-0.645));
#9371 = DIRECTION('',(-1.,0.,0.));
#9372 = DIRECTION('',(0.,-0.581129145978,0.813811351416));
#9373 = ORIENTED_EDGE('',*,*,#9374,.F.);
#9374 = EDGE_CURVE('',#9161,#9366,#9375,.T.);
#9375 = LINE('',#9376,#9377);
#9376 = CARTESIAN_POINT('',(-0.62,0.147698376862,-0.571756978372));
#9377 = VECTOR('',#9378,1.);
#9378 = DIRECTION('',(-1.,0.,0.));
#9379 = ORIENTED_EDGE('',*,*,#9160,.T.);
#9380 = CYLINDRICAL_SURFACE('',#9381,9.E-02);
#9381 = AXIS2_PLACEMENT_3D('',#9382,#9383,#9384);
#9382 = CARTESIAN_POINT('',(-0.62,0.2,-0.645));
#9383 = DIRECTION('',(1.,-0.,0.));
#9384 = DIRECTION('',(0.,0.,1.));
#9385 = ADVANCED_FACE('',(#9386),#9404,.T.);
#9386 = FACE_BOUND('',#9387,.T.);
#9387 = EDGE_LOOP('',(#9388,#9389,#9397,#9403));
#9388 = ORIENTED_EDGE('',*,*,#9374,.T.);
#9389 = ORIENTED_EDGE('',*,*,#9390,.F.);
#9390 = EDGE_CURVE('',#9391,#9366,#9393,.T.);
#9391 = VERTEX_POINT('',#9392);
#9392 = CARTESIAN_POINT('',(-0.795,6.8E-02,-0.62866826328));
#9393 = LINE('',#9394,#9395);
#9394 = CARTESIAN_POINT('',(-0.795,6.8E-02,-0.62866826328));
#9395 = VECTOR('',#9396,1.);
#9396 = DIRECTION('',(0.,0.813811351416,0.581129145978));
#9397 = ORIENTED_EDGE('',*,*,#9398,.F.);
#9398 = EDGE_CURVE('',#9170,#9391,#9399,.T.);
#9399 = LINE('',#9400,#9401);
#9400 = CARTESIAN_POINT('',(-0.62,6.8E-02,-0.62866826328));
#9401 = VECTOR('',#9402,1.);
#9402 = DIRECTION('',(-1.,0.,0.));
#9403 = ORIENTED_EDGE('',*,*,#9169,.T.);
#9404 = PLANE('',#9405);
#9405 = AXIS2_PLACEMENT_3D('',#9406,#9407,#9408);
#9406 = CARTESIAN_POINT('',(-0.62,6.8E-02,-0.62866826328));
#9407 = DIRECTION('',(0.,-0.581129145978,0.813811351416));
#9408 = DIRECTION('',(-1.,0.,0.));
#9409 = ADVANCED_FACE('',(#9410),#9421,.T.);
#9410 = FACE_BOUND('',#9411,.T.);
#9411 = EDGE_LOOP('',(#9412,#9413,#9419,#9420));
#9412 = ORIENTED_EDGE('',*,*,#9398,.T.);
#9413 = ORIENTED_EDGE('',*,*,#9414,.F.);
#9414 = EDGE_CURVE('',#7741,#9391,#9415,.T.);
#9415 = LINE('',#9416,#9417);
#9416 = CARTESIAN_POINT('',(-0.795,6.895097103431E-02,-0.63));
#9417 = VECTOR('',#9418,1.);
#9418 = DIRECTION('',(-1.356892975435E-13,-0.581129145978,0.813811351416
    ));
#9419 = ORIENTED_EDGE('',*,*,#7740,.F.);
#9420 = ORIENTED_EDGE('',*,*,#9177,.T.);
#9421 = PLANE('',#9422);
#9422 = AXIS2_PLACEMENT_3D('',#9423,#9424,#9425);
#9423 = CARTESIAN_POINT('',(-0.62,0.102867748759,-0.677496944365));
#9424 = DIRECTION('',(0.,-0.813811351416,-0.581129145978));
#9425 = DIRECTION('',(0.,0.581129145978,-0.813811351416));
#9426 = ADVANCED_FACE('',(#9427),#9495,.T.);
#9427 = FACE_BOUND('',#9428,.T.);
#9428 = EDGE_LOOP('',(#9429,#9430,#9431,#9432,#9433,#9434,#9435,#9436,
    #9437,#9438,#9446,#9455,#9463,#9471,#9480,#9486,#9487,#9494));
#9429 = ORIENTED_EDGE('',*,*,#7748,.T.);
#9430 = ORIENTED_EDGE('',*,*,#9414,.T.);
#9431 = ORIENTED_EDGE('',*,*,#9390,.T.);
#9432 = ORIENTED_EDGE('',*,*,#9365,.T.);
#9433 = ORIENTED_EDGE('',*,*,#4285,.T.);
#9434 = ORIENTED_EDGE('',*,*,#9348,.T.);
#9435 = ORIENTED_EDGE('',*,*,#9323,.T.);
#9436 = ORIENTED_EDGE('',*,*,#9299,.T.);
#9437 = ORIENTED_EDGE('',*,*,#9274,.T.);
#9438 = ORIENTED_EDGE('',*,*,#9439,.T.);
#9439 = EDGE_CURVE('',#9267,#9440,#9442,.T.);
#9440 = VERTEX_POINT('',#9441);
#9441 = CARTESIAN_POINT('',(-0.795,0.21,-0.89));
#9442 = LINE('',#9443,#9444);
#9443 = CARTESIAN_POINT('',(-0.795,0.21,-0.97));
#9444 = VECTOR('',#9445,1.);
#9445 = DIRECTION('',(0.,0.,1.));
#9446 = ORIENTED_EDGE('',*,*,#9447,.T.);
#9447 = EDGE_CURVE('',#9440,#9448,#9450,.T.);
#9448 = VERTEX_POINT('',#9449);
#9449 = CARTESIAN_POINT('',(-0.795,0.2492777975,-0.8575666785));
#9450 = CIRCLE('',#9451,4.E-02);
#9451 = AXIS2_PLACEMENT_3D('',#9452,#9453,#9454);
#9452 = CARTESIAN_POINT('',(-0.795,0.21,-0.85));
#9453 = DIRECTION('',(1.,0.,0.));
#9454 = DIRECTION('',(0.,0.,-1.));
#9455 = ORIENTED_EDGE('',*,*,#9456,.T.);
#9456 = EDGE_CURVE('',#9448,#9457,#9459,.T.);
#9457 = VERTEX_POINT('',#9458);
#9458 = CARTESIAN_POINT('',(-0.795,0.27,-0.75));
#9459 = LINE('',#9460,#9461);
#9460 = CARTESIAN_POINT('',(-0.795,0.2492777975,-0.8575666785));
#9461 = VECTOR('',#9462,1.);
#9462 = DIRECTION('',(0.,0.189166962505,0.981944937508));
#9463 = ORIENTED_EDGE('',*,*,#9464,.T.);
#9464 = EDGE_CURVE('',#9457,#9465,#9467,.T.);
#9465 = VERTEX_POINT('',#9466);
#9466 = CARTESIAN_POINT('',(-0.795,0.27,-0.678563985247));
#9467 = LINE('',#9468,#9469);
#9468 = CARTESIAN_POINT('',(-0.795,0.27,-0.75));
#9469 = VECTOR('',#9470,1.);
#9470 = DIRECTION('',(0.,0.,1.));
#9471 = ORIENTED_EDGE('',*,*,#9472,.T.);
#9472 = EDGE_CURVE('',#9465,#9473,#9475,.T.);
#9473 = VERTEX_POINT('',#9474);
#9474 = CARTESIAN_POINT('',(-0.795,0.259283628291,-0.655582651953));
#9475 = CIRCLE('',#9476,3.E-02);
#9476 = AXIS2_PLACEMENT_3D('',#9477,#9478,#9479);
#9477 = CARTESIAN_POINT('',(-0.795,0.24,-0.678563985247));
#9478 = DIRECTION('',(1.,0.,0.));
#9479 = DIRECTION('',(-0.,1.,0.));
#9480 = ORIENTED_EDGE('',*,*,#9481,.T.);
#9481 = EDGE_CURVE('',#9473,#4228,#9482,.T.);
#9482 = LINE('',#9483,#9484);
#9483 = CARTESIAN_POINT('',(-0.795,0.259283628291,-0.655582651953));
#9484 = VECTOR('',#9485,1.);
#9485 = DIRECTION('',(0.,-0.766044443119,0.642787609687));
#9486 = ORIENTED_EDGE('',*,*,#4235,.T.);
#9487 = ORIENTED_EDGE('',*,*,#9488,.T.);
#9488 = EDGE_CURVE('',#4236,#9105,#9489,.T.);
#9489 = CIRCLE('',#9490,3.E-02);
#9490 = AXIS2_PLACEMENT_3D('',#9491,#9492,#9493);
#9491 = CARTESIAN_POINT('',(-0.795,0.2,-0.645));
#9492 = DIRECTION('',(1.,0.,-0.));
#9493 = DIRECTION('',(0.,0.642787609687,0.766044443119));
#9494 = ORIENTED_EDGE('',*,*,#9104,.T.);
#9495 = PLANE('',#9496);
#9496 = AXIS2_PLACEMENT_3D('',#9497,#9498,#9499);
#9497 = CARTESIAN_POINT('',(-0.795,0.17,-0.88));
#9498 = DIRECTION('',(-1.,0.,0.));
#9499 = DIRECTION('',(0.,0.,1.));
#9500 = ADVANCED_FACE('',(#9501),#9507,.F.);
#9501 = FACE_BOUND('',#9502,.F.);
#9502 = EDGE_LOOP('',(#9503,#9504,#9505,#9506));
#9503 = ORIENTED_EDGE('',*,*,#9488,.T.);
#9504 = ORIENTED_EDGE('',*,*,#9112,.F.);
#9505 = ORIENTED_EDGE('',*,*,#9185,.F.);
#9506 = ORIENTED_EDGE('',*,*,#4244,.F.);
#9507 = CYLINDRICAL_SURFACE('',#9508,3.E-02);
#9508 = AXIS2_PLACEMENT_3D('',#9509,#9510,#9511);
#9509 = CARTESIAN_POINT('',(-0.62,0.2,-0.645));
#9510 = DIRECTION('',(1.,-0.,0.));
#9511 = DIRECTION('',(0.,0.,1.));
#9512 = ADVANCED_FACE('',(#9513),#9524,.T.);
#9513 = FACE_BOUND('',#9514,.T.);
#9514 = EDGE_LOOP('',(#9515,#9516,#9517,#9523));
#9515 = ORIENTED_EDGE('',*,*,#4227,.T.);
#9516 = ORIENTED_EDGE('',*,*,#9481,.F.);
#9517 = ORIENTED_EDGE('',*,*,#9518,.F.);
#9518 = EDGE_CURVE('',#9194,#9473,#9519,.T.);
#9519 = LINE('',#9520,#9521);
#9520 = CARTESIAN_POINT('',(-0.62,0.259283628291,-0.655582651953));
#9521 = VECTOR('',#9522,1.);
#9522 = DIRECTION('',(-1.,0.,0.));
#9523 = ORIENTED_EDGE('',*,*,#9193,.T.);
#9524 = PLANE('',#9525);
#9525 = AXIS2_PLACEMENT_3D('',#9526,#9527,#9528);
#9526 = CARTESIAN_POINT('',(-0.62,0.259283628291,-0.655582651953));
#9527 = DIRECTION('',(0.,-0.642787609687,-0.766044443119));
#9528 = DIRECTION('',(0.,-0.766044443119,0.642787609687));
#9529 = ADVANCED_FACE('',(#9530),#9541,.F.);
#9530 = FACE_BOUND('',#9531,.F.);
#9531 = EDGE_LOOP('',(#9532,#9533,#9539,#9540));
#9532 = ORIENTED_EDGE('',*,*,#9201,.F.);
#9533 = ORIENTED_EDGE('',*,*,#9534,.T.);
#9534 = EDGE_CURVE('',#9202,#9465,#9535,.T.);
#9535 = LINE('',#9536,#9537);
#9536 = CARTESIAN_POINT('',(-0.62,0.27,-0.678563985247));
#9537 = VECTOR('',#9538,1.);
#9538 = DIRECTION('',(-1.,0.,0.));
#9539 = ORIENTED_EDGE('',*,*,#9472,.T.);
#9540 = ORIENTED_EDGE('',*,*,#9518,.F.);
#9541 = CYLINDRICAL_SURFACE('',#9542,3.E-02);
#9542 = AXIS2_PLACEMENT_3D('',#9543,#9544,#9545);
#9543 = CARTESIAN_POINT('',(-0.62,0.24,-0.678563985247));
#9544 = DIRECTION('',(1.,-0.,0.));
#9545 = DIRECTION('',(0.,0.,1.));
#9546 = ADVANCED_FACE('',(#9547),#9558,.T.);
#9547 = FACE_BOUND('',#9548,.T.);
#9548 = EDGE_LOOP('',(#9549,#9550,#9551,#9557));
#9549 = ORIENTED_EDGE('',*,*,#9534,.T.);
#9550 = ORIENTED_EDGE('',*,*,#9464,.F.);
#9551 = ORIENTED_EDGE('',*,*,#9552,.F.);
#9552 = EDGE_CURVE('',#9211,#9457,#9553,.T.);
#9553 = LINE('',#9554,#9555);
#9554 = CARTESIAN_POINT('',(-0.62,0.27,-0.75));
#9555 = VECTOR('',#9556,1.);
#9556 = DIRECTION('',(-1.,0.,0.));
#9557 = ORIENTED_EDGE('',*,*,#9210,.T.);
#9558 = PLANE('',#9559);
#9559 = AXIS2_PLACEMENT_3D('',#9560,#9561,#9562);
#9560 = CARTESIAN_POINT('',(-0.62,0.27,-0.75));
#9561 = DIRECTION('',(0.,-1.,0.));
#9562 = DIRECTION('',(0.,0.,-1.));
#9563 = ADVANCED_FACE('',(#9564),#9575,.T.);
#9564 = FACE_BOUND('',#9565,.T.);
#9565 = EDGE_LOOP('',(#9566,#9567,#9568,#9574));
#9566 = ORIENTED_EDGE('',*,*,#9552,.T.);
#9567 = ORIENTED_EDGE('',*,*,#9456,.F.);
#9568 = ORIENTED_EDGE('',*,*,#9569,.F.);
#9569 = EDGE_CURVE('',#9219,#9448,#9570,.T.);
#9570 = LINE('',#9571,#9572);
#9571 = CARTESIAN_POINT('',(-0.62,0.2492777975,-0.8575666785));
#9572 = VECTOR('',#9573,1.);
#9573 = DIRECTION('',(-1.,0.,0.));
#9574 = ORIENTED_EDGE('',*,*,#9218,.T.);
#9575 = PLANE('',#9576);
#9576 = AXIS2_PLACEMENT_3D('',#9577,#9578,#9579);
#9577 = CARTESIAN_POINT('',(-0.62,0.2492777975,-0.8575666785));
#9578 = DIRECTION('',(0.,-0.981944937508,0.189166962505));
#9579 = DIRECTION('',(-1.,0.,0.));
#9580 = ADVANCED_FACE('',(#9581),#9600,.F.);
#9581 = FACE_BOUND('',#9582,.F.);
#9582 = EDGE_LOOP('',(#9583,#9584,#9592,#9598,#9599));
#9583 = ORIENTED_EDGE('',*,*,#9226,.F.);
#9584 = ORIENTED_EDGE('',*,*,#9585,.T.);
#9585 = EDGE_CURVE('',#9227,#9586,#9588,.T.);
#9586 = VERTEX_POINT('',#9587);
#9587 = CARTESIAN_POINT('',(-0.7875,0.21,-0.89));
#9588 = LINE('',#9589,#9590);
#9589 = CARTESIAN_POINT('',(-0.62,0.21,-0.89));
#9590 = VECTOR('',#9591,1.);
#9591 = DIRECTION('',(-1.,0.,0.));
#9592 = ORIENTED_EDGE('',*,*,#9593,.T.);
#9593 = EDGE_CURVE('',#9586,#9440,#9594,.T.);
#9594 = LINE('',#9595,#9596);
#9595 = CARTESIAN_POINT('',(-0.7875,0.21,-0.89));
#9596 = VECTOR('',#9597,1.);
#9597 = DIRECTION('',(-1.,0.,0.));
#9598 = ORIENTED_EDGE('',*,*,#9447,.T.);
#9599 = ORIENTED_EDGE('',*,*,#9569,.F.);
#9600 = CYLINDRICAL_SURFACE('',#9601,4.E-02);
#9601 = AXIS2_PLACEMENT_3D('',#9602,#9603,#9604);
#9602 = CARTESIAN_POINT('',(-0.62,0.21,-0.85));
#9603 = DIRECTION('',(1.,-0.,0.));
#9604 = DIRECTION('',(0.,0.,1.));
#9605 = ADVANCED_FACE('',(#9606),#9640,.T.);
#9606 = FACE_BOUND('',#9607,.T.);
#9607 = EDGE_LOOP('',(#9608,#9616,#9624,#9632,#9638,#9639));
#9608 = ORIENTED_EDGE('',*,*,#9609,.F.);
#9609 = EDGE_CURVE('',#9610,#9586,#9612,.T.);
#9610 = VERTEX_POINT('',#9611);
#9611 = CARTESIAN_POINT('',(-0.7875,0.21,-0.88));
#9612 = LINE('',#9613,#9614);
#9613 = CARTESIAN_POINT('',(-0.7875,0.21,-0.88));
#9614 = VECTOR('',#9615,1.);
#9615 = DIRECTION('',(-1.110223024625E-14,0.,-1.));
#9616 = ORIENTED_EDGE('',*,*,#9617,.T.);
#9617 = EDGE_CURVE('',#9610,#9618,#9620,.T.);
#9618 = VERTEX_POINT('',#9619);
#9619 = CARTESIAN_POINT('',(-0.6125,0.21,-0.88));
#9620 = LINE('',#9621,#9622);
#9621 = CARTESIAN_POINT('',(-0.7875,0.21,-0.88));
#9622 = VECTOR('',#9623,1.);
#9623 = DIRECTION('',(1.,0.,0.));
#9624 = ORIENTED_EDGE('',*,*,#9625,.T.);
#9625 = EDGE_CURVE('',#9618,#9626,#9628,.T.);
#9626 = VERTEX_POINT('',#9627);
#9627 = CARTESIAN_POINT('',(-0.6125,0.21,-0.97));
#9628 = LINE('',#9629,#9630);
#9629 = CARTESIAN_POINT('',(-0.6125,0.21,-0.88));
#9630 = VECTOR('',#9631,1.);
#9631 = DIRECTION('',(0.,0.,-1.));
#9632 = ORIENTED_EDGE('',*,*,#9633,.F.);
#9633 = EDGE_CURVE('',#9236,#9626,#9634,.T.);
#9634 = LINE('',#9635,#9636);
#9635 = CARTESIAN_POINT('',(-0.62,0.21,-0.97));
#9636 = VECTOR('',#9637,1.);
#9637 = DIRECTION('',(1.,0.,0.));
#9638 = ORIENTED_EDGE('',*,*,#9235,.F.);
#9639 = ORIENTED_EDGE('',*,*,#9585,.T.);
#9640 = PLANE('',#9641);
#9641 = AXIS2_PLACEMENT_3D('',#9642,#9643,#9644);
#9642 = CARTESIAN_POINT('',(-0.7875,0.21,-0.88));
#9643 = DIRECTION('',(-0.,1.,0.));
#9644 = DIRECTION('',(1.,0.,0.));
#9645 = ADVANCED_FACE('',(#9646),#9787,.F.);
#9646 = FACE_BOUND('',#9647,.T.);
#9647 = EDGE_LOOP('',(#9648,#9659,#9667,#9676,#9682,#9683,#9684,#9692,
    #9700,#9708,#9717,#9725,#9734,#9742,#9748,#9749,#9757,#9765,#9773,
    #9781));
#9648 = ORIENTED_EDGE('',*,*,#9649,.T.);
#9649 = EDGE_CURVE('',#9650,#9652,#9654,.T.);
#9650 = VERTEX_POINT('',#9651);
#9651 = CARTESIAN_POINT('',(-0.919915551624,0.140293554215,-0.97));
#9652 = VERTEX_POINT('',#9653);
#9653 = CARTESIAN_POINT('',(-0.893128855695,0.13,-0.97));
#9654 = CIRCLE('',#9655,4.E-02);
#9655 = AXIS2_PLACEMENT_3D('',#9656,#9657,#9658);
#9656 = CARTESIAN_POINT('',(-0.893128855695,0.17,-0.97));
#9657 = DIRECTION('',(0.,0.,1.));
#9658 = DIRECTION('',(-0.669667398228,-0.742661144635,0.));
#9659 = ORIENTED_EDGE('',*,*,#9660,.T.);
#9660 = EDGE_CURVE('',#9652,#9661,#9663,.T.);
#9661 = VERTEX_POINT('',#9662);
#9662 = CARTESIAN_POINT('',(-0.8275,0.13,-0.97));
#9663 = LINE('',#9664,#9665);
#9664 = CARTESIAN_POINT('',(-0.893128855695,0.13,-0.97));
#9665 = VECTOR('',#9666,1.);
#9666 = DIRECTION('',(1.,0.,0.));
#9667 = ORIENTED_EDGE('',*,*,#9668,.T.);
#9668 = EDGE_CURVE('',#9661,#9669,#9671,.T.);
#9669 = VERTEX_POINT('',#9670);
#9670 = CARTESIAN_POINT('',(-0.7875,0.17,-0.97));
#9671 = CIRCLE('',#9672,4.E-02);
#9672 = AXIS2_PLACEMENT_3D('',#9673,#9674,#9675);
#9673 = CARTESIAN_POINT('',(-0.8275,0.17,-0.97));
#9674 = DIRECTION('',(0.,0.,1.));
#9675 = DIRECTION('',(0.,-1.,0.));
#9676 = ORIENTED_EDGE('',*,*,#9677,.T.);
#9677 = EDGE_CURVE('',#9669,#9259,#9678,.T.);
#9678 = LINE('',#9679,#9680);
#9679 = CARTESIAN_POINT('',(-0.7875,0.17,-0.97));
#9680 = VECTOR('',#9681,1.);
#9681 = DIRECTION('',(0.,1.,0.));
#9682 = ORIENTED_EDGE('',*,*,#9258,.F.);
#9683 = ORIENTED_EDGE('',*,*,#9633,.T.);
#9684 = ORIENTED_EDGE('',*,*,#9685,.T.);
#9685 = EDGE_CURVE('',#9626,#9686,#9688,.T.);
#9686 = VERTEX_POINT('',#9687);
#9687 = CARTESIAN_POINT('',(-0.6125,-0.12,-0.97));
#9688 = LINE('',#9689,#9690);
#9689 = CARTESIAN_POINT('',(-0.6125,0.21,-0.97));
#9690 = VECTOR('',#9691,1.);
#9691 = DIRECTION('',(0.,-1.,0.));
#9692 = ORIENTED_EDGE('',*,*,#9693,.T.);
#9693 = EDGE_CURVE('',#9686,#9694,#9696,.T.);
#9694 = VERTEX_POINT('',#9695);
#9695 = CARTESIAN_POINT('',(-0.6625,-0.17,-0.97));
#9696 = LINE('',#9697,#9698);
#9697 = CARTESIAN_POINT('',(-0.6125,-0.12,-0.97));
#9698 = VECTOR('',#9699,1.);
#9699 = DIRECTION('',(-0.707106781187,-0.707106781186,0.));
#9700 = ORIENTED_EDGE('',*,*,#9701,.T.);
#9701 = EDGE_CURVE('',#9694,#9702,#9704,.T.);
#9702 = VERTEX_POINT('',#9703);
#9703 = CARTESIAN_POINT('',(-0.964,-0.17,-0.97));
#9704 = LINE('',#9705,#9706);
#9705 = CARTESIAN_POINT('',(-0.6625,-0.17,-0.97));
#9706 = VECTOR('',#9707,1.);
#9707 = DIRECTION('',(-1.,0.,0.));
#9708 = ORIENTED_EDGE('',*,*,#9709,.T.);
#9709 = EDGE_CURVE('',#9702,#9710,#9712,.T.);
#9710 = VERTEX_POINT('',#9711);
#9711 = CARTESIAN_POINT('',(-1.030966739823,-0.144266114463,-0.97));
#9712 = CIRCLE('',#9713,0.1);
#9713 = AXIS2_PLACEMENT_3D('',#9714,#9715,#9716);
#9714 = CARTESIAN_POINT('',(-0.964,-7.E-02,-0.97));
#9715 = DIRECTION('',(0.,0.,-1.));
#9716 = DIRECTION('',(0.,-1.,0.));
#9717 = ORIENTED_EDGE('',*,*,#9718,.T.);
#9718 = EDGE_CURVE('',#9710,#9719,#9721,.T.);
#9719 = VERTEX_POINT('',#9720);
#9720 = CARTESIAN_POINT('',(-1.184598981703,-5.733885536508E-03,-0.97));
#9721 = LINE('',#9722,#9723);
#9722 = CARTESIAN_POINT('',(-1.030966739823,-0.144266114463,-0.97));
#9723 = VECTOR('',#9724,1.);
#9724 = DIRECTION('',(-0.742661144635,0.669667398228,0.));
#9725 = ORIENTED_EDGE('',*,*,#9726,.T.);
#9726 = EDGE_CURVE('',#9719,#9727,#9729,.T.);
#9727 = VERTEX_POINT('',#9728);
#9728 = CARTESIAN_POINT('',(-1.251565721526,2.E-02,-0.97));
#9729 = CIRCLE('',#9730,0.1);
#9730 = AXIS2_PLACEMENT_3D('',#9731,#9732,#9733);
#9731 = CARTESIAN_POINT('',(-1.251565721526,-8.E-02,-0.97));
#9732 = DIRECTION('',(0.,-0.,1.));
#9733 = DIRECTION('',(0.669667398228,0.742661144635,0.));
#9734 = ORIENTED_EDGE('',*,*,#9735,.F.);
#9735 = EDGE_CURVE('',#9736,#9727,#9738,.T.);
#9736 = VERTEX_POINT('',#9737);
#9737 = CARTESIAN_POINT('',(-1.58,2.E-02,-0.97));
#9738 = LINE('',#9739,#9740);
#9739 = CARTESIAN_POINT('',(-1.58,2.E-02,-0.97));
#9740 = VECTOR('',#9741,1.);
#9741 = DIRECTION('',(1.,0.,0.));
#9742 = ORIENTED_EDGE('',*,*,#9743,.T.);
#9743 = EDGE_CURVE('',#9736,#5904,#9744,.T.);
#9744 = LINE('',#9745,#9746);
#9745 = CARTESIAN_POINT('',(-1.58,2.E-02,-0.97));
#9746 = VECTOR('',#9747,1.);
#9747 = DIRECTION('',(0.,1.,0.));
#9748 = ORIENTED_EDGE('',*,*,#5903,.F.);
#9749 = ORIENTED_EDGE('',*,*,#9750,.T.);
#9750 = EDGE_CURVE('',#5896,#9751,#9753,.T.);
#9751 = VERTEX_POINT('',#9752);
#9752 = CARTESIAN_POINT('',(-1.37,0.43,-0.97));
#9753 = LINE('',#9754,#9755);
#9754 = CARTESIAN_POINT('',(-1.37,0.33,-0.97));
#9755 = VECTOR('',#9756,1.);
#9756 = DIRECTION('',(0.,1.,0.));
#9757 = ORIENTED_EDGE('',*,*,#9758,.F.);
#9758 = EDGE_CURVE('',#9759,#9751,#9761,.T.);
#9759 = VERTEX_POINT('',#9760);
#9760 = CARTESIAN_POINT('',(-1.12,0.43,-0.97));
#9761 = LINE('',#9762,#9763);
#9762 = CARTESIAN_POINT('',(-1.12,0.43,-0.97));
#9763 = VECTOR('',#9764,1.);
#9764 = DIRECTION('',(-1.,0.,0.));
#9765 = ORIENTED_EDGE('',*,*,#9766,.F.);
#9766 = EDGE_CURVE('',#9767,#9759,#9769,.T.);
#9767 = VERTEX_POINT('',#9768);
#9768 = CARTESIAN_POINT('',(-1.12,0.33,-0.97));
#9769 = LINE('',#9770,#9771);
#9770 = CARTESIAN_POINT('',(-1.12,0.33,-0.97));
#9771 = VECTOR('',#9772,1.);
#9772 = DIRECTION('',(0.,1.,0.));
#9773 = ORIENTED_EDGE('',*,*,#9774,.T.);
#9774 = EDGE_CURVE('',#9767,#9775,#9777,.T.);
#9775 = VERTEX_POINT('',#9776);
#9776 = CARTESIAN_POINT('',(-1.1303,0.33,-0.97));
#9777 = LINE('',#9778,#9779);
#9778 = CARTESIAN_POINT('',(-1.12,0.33,-0.97));
#9779 = VECTOR('',#9780,1.);
#9780 = DIRECTION('',(-1.,-1.077886431675E-14,0.));
#9781 = ORIENTED_EDGE('',*,*,#9782,.T.);
#9782 = EDGE_CURVE('',#9775,#9650,#9783,.T.);
#9783 = LINE('',#9784,#9785);
#9784 = CARTESIAN_POINT('',(-1.1303,0.33,-0.97));
#9785 = VECTOR('',#9786,1.);
#9786 = DIRECTION('',(0.742661144635,-0.669667398228,0.));
#9787 = PLANE('',#9788);
#9788 = AXIS2_PLACEMENT_3D('',#9789,#9790,#9791);
#9789 = CARTESIAN_POINT('',(-1.5,2.E-02,-0.97));
#9790 = DIRECTION('',(0.,0.,1.));
#9791 = DIRECTION('',(1.,0.,-0.));
#9792 = ADVANCED_FACE('',(#9793),#9818,.T.);
#9793 = FACE_BOUND('',#9794,.T.);
#9794 = EDGE_LOOP('',(#9795,#9805,#9811,#9812));
#9795 = ORIENTED_EDGE('',*,*,#9796,.T.);
#9796 = EDGE_CURVE('',#9797,#9799,#9801,.T.);
#9797 = VERTEX_POINT('',#9798);
#9798 = CARTESIAN_POINT('',(-1.1303,0.33,-0.88));
#9799 = VERTEX_POINT('',#9800);
#9800 = CARTESIAN_POINT('',(-0.919915551624,0.140293554215,-0.88));
#9801 = LINE('',#9802,#9803);
#9802 = CARTESIAN_POINT('',(-1.1303,0.33,-0.88));
#9803 = VECTOR('',#9804,1.);
#9804 = DIRECTION('',(0.742661144635,-0.669667398228,0.));
#9805 = ORIENTED_EDGE('',*,*,#9806,.T.);
#9806 = EDGE_CURVE('',#9799,#9650,#9807,.T.);
#9807 = LINE('',#9808,#9809);
#9808 = CARTESIAN_POINT('',(-0.919915551624,0.140293554215,-0.88));
#9809 = VECTOR('',#9810,1.);
#9810 = DIRECTION('',(0.,0.,-1.));
#9811 = ORIENTED_EDGE('',*,*,#9782,.F.);
#9812 = ORIENTED_EDGE('',*,*,#9813,.F.);
#9813 = EDGE_CURVE('',#9797,#9775,#9814,.T.);
#9814 = LINE('',#9815,#9816);
#9815 = CARTESIAN_POINT('',(-1.1303,0.33,-0.88));
#9816 = VECTOR('',#9817,1.);
#9817 = DIRECTION('',(0.,0.,-1.));
#9818 = PLANE('',#9819);
#9819 = AXIS2_PLACEMENT_3D('',#9820,#9821,#9822);
#9820 = CARTESIAN_POINT('',(-1.1303,0.33,-0.88));
#9821 = DIRECTION('',(0.669667398228,0.742661144635,0.));
#9822 = DIRECTION('',(0.,0.,-1.));
#9823 = ADVANCED_FACE('',(#9824),#9840,.F.);
#9824 = FACE_BOUND('',#9825,.T.);
#9825 = EDGE_LOOP('',(#9826,#9827,#9828,#9834));
#9826 = ORIENTED_EDGE('',*,*,#9813,.T.);
#9827 = ORIENTED_EDGE('',*,*,#9774,.F.);
#9828 = ORIENTED_EDGE('',*,*,#9829,.F.);
#9829 = EDGE_CURVE('',#6066,#9767,#9830,.T.);
#9830 = LINE('',#9831,#9832);
#9831 = CARTESIAN_POINT('',(-1.0253078203,0.33,-0.88));
#9832 = VECTOR('',#9833,1.);
#9833 = DIRECTION('',(-0.724837235836,0.,-0.688920156147));
#9834 = ORIENTED_EDGE('',*,*,#9835,.F.);
#9835 = EDGE_CURVE('',#9797,#6066,#9836,.T.);
#9836 = LINE('',#9837,#9838);
#9837 = CARTESIAN_POINT('',(-1.1303,0.33,-0.88));
#9838 = VECTOR('',#9839,1.);
#9839 = DIRECTION('',(1.,0.,0.));
#9840 = PLANE('',#9841);
#9841 = AXIS2_PLACEMENT_3D('',#9842,#9843,#9844);
#9842 = CARTESIAN_POINT('',(0.,0.33,0.));
#9843 = DIRECTION('',(-0.,1.,0.));
#9844 = DIRECTION('',(1.,0.,0.));
#9845 = ADVANCED_FACE('',(#9846),#9878,.F.);
#9846 = FACE_BOUND('',#9847,.T.);
#9847 = EDGE_LOOP('',(#9848,#9856,#9864,#9872));
#9848 = ORIENTED_EDGE('',*,*,#9849,.F.);
#9849 = EDGE_CURVE('',#9850,#6096,#9852,.T.);
#9850 = VERTEX_POINT('',#9851);
#9851 = CARTESIAN_POINT('',(-1.12,0.33,0.97));
#9852 = LINE('',#9853,#9854);
#9853 = CARTESIAN_POINT('',(-1.12,0.33,0.97));
#9854 = VECTOR('',#9855,1.);
#9855 = DIRECTION('',(0.724837235836,0.,-0.688920156147));
#9856 = ORIENTED_EDGE('',*,*,#9857,.F.);
#9857 = EDGE_CURVE('',#9858,#9850,#9860,.T.);
#9858 = VERTEX_POINT('',#9859);
#9859 = CARTESIAN_POINT('',(-1.13,0.33,0.97));
#9860 = LINE('',#9861,#9862);
#9861 = CARTESIAN_POINT('',(-1.13,0.33,0.97));
#9862 = VECTOR('',#9863,1.);
#9863 = DIRECTION('',(1.,0.,0.));
#9864 = ORIENTED_EDGE('',*,*,#9865,.F.);
#9865 = EDGE_CURVE('',#9866,#9858,#9868,.T.);
#9866 = VERTEX_POINT('',#9867);
#9867 = CARTESIAN_POINT('',(-1.13,0.33,0.88));
#9868 = LINE('',#9869,#9870);
#9869 = CARTESIAN_POINT('',(-1.13,0.33,0.88));
#9870 = VECTOR('',#9871,1.);
#9871 = DIRECTION('',(0.,0.,1.));
#9872 = ORIENTED_EDGE('',*,*,#9873,.F.);
#9873 = EDGE_CURVE('',#6096,#9866,#9874,.T.);
#9874 = LINE('',#9875,#9876);
#9875 = CARTESIAN_POINT('',(-1.0253078203,0.33,0.88));
#9876 = VECTOR('',#9877,1.);
#9877 = DIRECTION('',(-1.,0.,0.));
#9878 = PLANE('',#9879);
#9879 = AXIS2_PLACEMENT_3D('',#9880,#9881,#9882);
#9880 = CARTESIAN_POINT('',(0.,0.33,0.));
#9881 = DIRECTION('',(-0.,1.,0.));
#9882 = DIRECTION('',(1.,0.,0.));
#9883 = ADVANCED_FACE('',(#9884),#9916,.F.);
#9884 = FACE_BOUND('',#9885,.T.);
#9885 = EDGE_LOOP('',(#9886,#9894,#9902,#9910));
#9886 = ORIENTED_EDGE('',*,*,#9887,.F.);
#9887 = EDGE_CURVE('',#9888,#6152,#9890,.T.);
#9888 = VERTEX_POINT('',#9889);
#9889 = CARTESIAN_POINT('',(1.12,0.33,-0.97));
#9890 = LINE('',#9891,#9892);
#9891 = CARTESIAN_POINT('',(1.12,0.33,-0.97));
#9892 = VECTOR('',#9893,1.);
#9893 = DIRECTION('',(-0.724837235836,0.,0.688920156147));
#9894 = ORIENTED_EDGE('',*,*,#9895,.F.);
#9895 = EDGE_CURVE('',#9896,#9888,#9898,.T.);
#9896 = VERTEX_POINT('',#9897);
#9897 = CARTESIAN_POINT('',(1.13,0.33,-0.97));
#9898 = LINE('',#9899,#9900);
#9899 = CARTESIAN_POINT('',(1.13,0.33,-0.97));
#9900 = VECTOR('',#9901,1.);
#9901 = DIRECTION('',(-1.,0.,0.));
#9902 = ORIENTED_EDGE('',*,*,#9903,.F.);
#9903 = EDGE_CURVE('',#9904,#9896,#9906,.T.);
#9904 = VERTEX_POINT('',#9905);
#9905 = CARTESIAN_POINT('',(1.13,0.33,-0.88));
#9906 = LINE('',#9907,#9908);
#9907 = CARTESIAN_POINT('',(1.13,0.33,-0.88));
#9908 = VECTOR('',#9909,1.);
#9909 = DIRECTION('',(0.,0.,-1.));
#9910 = ORIENTED_EDGE('',*,*,#9911,.F.);
#9911 = EDGE_CURVE('',#6152,#9904,#9912,.T.);
#9912 = LINE('',#9913,#9914);
#9913 = CARTESIAN_POINT('',(1.0253078203,0.33,-0.88));
#9914 = VECTOR('',#9915,1.);
#9915 = DIRECTION('',(1.,0.,0.));
#9916 = PLANE('',#9917);
#9917 = AXIS2_PLACEMENT_3D('',#9918,#9919,#9920);
#9918 = CARTESIAN_POINT('',(0.,0.33,0.));
#9919 = DIRECTION('',(-0.,1.,0.));
#9920 = DIRECTION('',(1.,0.,0.));
#9921 = ADVANCED_FACE('',(#9922),#9947,.F.);
#9922 = FACE_BOUND('',#9923,.T.);
#9923 = EDGE_LOOP('',(#9924,#9932,#9940,#9946));
#9924 = ORIENTED_EDGE('',*,*,#9925,.T.);
#9925 = EDGE_CURVE('',#5440,#9926,#9928,.T.);
#9926 = VERTEX_POINT('',#9927);
#9927 = CARTESIAN_POINT('',(1.13,0.33,0.97));
#9928 = LINE('',#9929,#9930);
#9929 = CARTESIAN_POINT('',(1.13,0.33,0.88));
#9930 = VECTOR('',#9931,1.);
#9931 = DIRECTION('',(0.,0.,1.));
#9932 = ORIENTED_EDGE('',*,*,#9933,.F.);
#9933 = EDGE_CURVE('',#9934,#9926,#9936,.T.);
#9934 = VERTEX_POINT('',#9935);
#9935 = CARTESIAN_POINT('',(1.12,0.33,0.97));
#9936 = LINE('',#9937,#9938);
#9937 = CARTESIAN_POINT('',(1.12,0.33,0.97));
#9938 = VECTOR('',#9939,1.);
#9939 = DIRECTION('',(1.,0.,0.));
#9940 = ORIENTED_EDGE('',*,*,#9941,.F.);
#9941 = EDGE_CURVE('',#5438,#9934,#9942,.T.);
#9942 = LINE('',#9943,#9944);
#9943 = CARTESIAN_POINT('',(1.0253078203,0.33,0.88));
#9944 = VECTOR('',#9945,1.);
#9945 = DIRECTION('',(0.724837235836,0.,0.688920156147));
#9946 = ORIENTED_EDGE('',*,*,#5437,.T.);
#9947 = PLANE('',#9948);
#9948 = AXIS2_PLACEMENT_3D('',#9949,#9950,#9951);
#9949 = CARTESIAN_POINT('',(0.,0.33,0.));
#9950 = DIRECTION('',(-0.,1.,0.));
#9951 = DIRECTION('',(1.,0.,0.));
#9952 = ADVANCED_FACE('',(#9953),#10068,.F.);
#9953 = FACE_BOUND('',#9954,.T.);
#9954 = EDGE_LOOP('',(#9955,#9965,#9973,#9981,#9987,#9988,#9996,#10004,
    #10012,#10020,#10029,#10037,#10046,#10054,#10062));
#9955 = ORIENTED_EDGE('',*,*,#9956,.F.);
#9956 = EDGE_CURVE('',#9957,#9959,#9961,.T.);
#9957 = VERTEX_POINT('',#9958);
#9958 = CARTESIAN_POINT('',(-0.59,0.19,-0.88));
#9959 = VERTEX_POINT('',#9960);
#9960 = CARTESIAN_POINT('',(-0.6125,0.19,-0.88));
#9961 = LINE('',#9962,#9963);
#9962 = CARTESIAN_POINT('',(-0.59,0.19,-0.88));
#9963 = VECTOR('',#9964,1.);
#9964 = DIRECTION('',(-1.,0.,0.));
#9965 = ORIENTED_EDGE('',*,*,#9966,.T.);
#9966 = EDGE_CURVE('',#9957,#9967,#9969,.T.);
#9967 = VERTEX_POINT('',#9968);
#9968 = CARTESIAN_POINT('',(-0.59,-0.18,-0.88));
#9969 = LINE('',#9970,#9971);
#9970 = CARTESIAN_POINT('',(-0.59,0.19,-0.88));
#9971 = VECTOR('',#9972,1.);
#9972 = DIRECTION('',(0.,-1.,0.));
#9973 = ORIENTED_EDGE('',*,*,#9974,.F.);
#9974 = EDGE_CURVE('',#9975,#9967,#9977,.T.);
#9975 = VERTEX_POINT('',#9976);
#9976 = CARTESIAN_POINT('',(-0.525,-0.18,-0.88));
#9977 = LINE('',#9978,#9979);
#9978 = CARTESIAN_POINT('',(-0.525,-0.18,-0.88));
#9979 = VECTOR('',#9980,1.);
#9980 = DIRECTION('',(-1.,0.,0.));
#9981 = ORIENTED_EDGE('',*,*,#9982,.T.);
#9982 = EDGE_CURVE('',#9975,#4814,#9983,.T.);
#9983 = LINE('',#9984,#9985);
#9984 = CARTESIAN_POINT('',(-0.525,-0.18,-0.88));
#9985 = VECTOR('',#9986,1.);
#9986 = DIRECTION('',(0.,-1.,0.));
#9987 = ORIENTED_EDGE('',*,*,#4813,.F.);
#9988 = ORIENTED_EDGE('',*,*,#9989,.F.);
#9989 = EDGE_CURVE('',#9990,#4806,#9992,.T.);
#9990 = VERTEX_POINT('',#9991);
#9991 = CARTESIAN_POINT('',(-1.265,-1.E-02,-0.88));
#9992 = LINE('',#9993,#9994);
#9993 = CARTESIAN_POINT('',(-1.265,-1.E-02,-0.88));
#9994 = VECTOR('',#9995,1.);
#9995 = DIRECTION('',(0.,-1.,0.));
#9996 = ORIENTED_EDGE('',*,*,#9997,.F.);
#9997 = EDGE_CURVE('',#9998,#9990,#10000,.T.);
#9998 = VERTEX_POINT('',#9999);
#9999 = CARTESIAN_POINT('',(-1.5,-1.E-02,-0.88));
#10000 = LINE('',#10001,#10002);
#10001 = CARTESIAN_POINT('',(-1.5,-1.E-02,-0.88));
#10002 = VECTOR('',#10003,1.);
#10003 = DIRECTION('',(1.,0.,0.));
#10004 = ORIENTED_EDGE('',*,*,#10005,.F.);
#10005 = EDGE_CURVE('',#10006,#9998,#10008,.T.);
#10006 = VERTEX_POINT('',#10007);
#10007 = CARTESIAN_POINT('',(-1.5,2.E-02,-0.88));
#10008 = LINE('',#10009,#10010);
#10009 = CARTESIAN_POINT('',(-1.5,2.E-02,-0.88));
#10010 = VECTOR('',#10011,1.);
#10011 = DIRECTION('',(0.,-1.,0.));
#10012 = ORIENTED_EDGE('',*,*,#10013,.T.);
#10013 = EDGE_CURVE('',#10006,#10014,#10016,.T.);
#10014 = VERTEX_POINT('',#10015);
#10015 = CARTESIAN_POINT('',(-1.251565721526,2.E-02,-0.88));
#10016 = LINE('',#10017,#10018);
#10017 = CARTESIAN_POINT('',(-1.5,2.E-02,-0.88));
#10018 = VECTOR('',#10019,1.);
#10019 = DIRECTION('',(1.,0.,0.));
#10020 = ORIENTED_EDGE('',*,*,#10021,.T.);
#10021 = EDGE_CURVE('',#10014,#10022,#10024,.T.);
#10022 = VERTEX_POINT('',#10023);
#10023 = CARTESIAN_POINT('',(-1.184598981703,-5.733885536508E-03,-0.88)
  );
#10024 = CIRCLE('',#10025,0.1);
#10025 = AXIS2_PLACEMENT_3D('',#10026,#10027,#10028);
#10026 = CARTESIAN_POINT('',(-1.251565721526,-8.E-02,-0.88));
#10027 = DIRECTION('',(0.,0.,-1.));
#10028 = DIRECTION('',(0.,1.,0.));
#10029 = ORIENTED_EDGE('',*,*,#10030,.F.);
#10030 = EDGE_CURVE('',#10031,#10022,#10033,.T.);
#10031 = VERTEX_POINT('',#10032);
#10032 = CARTESIAN_POINT('',(-1.030966739823,-0.144266114463,-0.88));
#10033 = LINE('',#10034,#10035);
#10034 = CARTESIAN_POINT('',(-1.030966739823,-0.144266114463,-0.88));
#10035 = VECTOR('',#10036,1.);
#10036 = DIRECTION('',(-0.742661144635,0.669667398228,0.));
#10037 = ORIENTED_EDGE('',*,*,#10038,.F.);
#10038 = EDGE_CURVE('',#10039,#10031,#10041,.T.);
#10039 = VERTEX_POINT('',#10040);
#10040 = CARTESIAN_POINT('',(-0.964,-0.17,-0.88));
#10041 = CIRCLE('',#10042,0.1);
#10042 = AXIS2_PLACEMENT_3D('',#10043,#10044,#10045);
#10043 = CARTESIAN_POINT('',(-0.964,-7.E-02,-0.88));
#10044 = DIRECTION('',(0.,0.,-1.));
#10045 = DIRECTION('',(0.,-1.,0.));
#10046 = ORIENTED_EDGE('',*,*,#10047,.F.);
#10047 = EDGE_CURVE('',#10048,#10039,#10050,.T.);
#10048 = VERTEX_POINT('',#10049);
#10049 = CARTESIAN_POINT('',(-0.6625,-0.17,-0.88));
#10050 = LINE('',#10051,#10052);
#10051 = CARTESIAN_POINT('',(-0.6625,-0.17,-0.88));
#10052 = VECTOR('',#10053,1.);
#10053 = DIRECTION('',(-1.,0.,0.));
#10054 = ORIENTED_EDGE('',*,*,#10055,.F.);
#10055 = EDGE_CURVE('',#10056,#10048,#10058,.T.);
#10056 = VERTEX_POINT('',#10057);
#10057 = CARTESIAN_POINT('',(-0.6125,-0.12,-0.88));
#10058 = LINE('',#10059,#10060);
#10059 = CARTESIAN_POINT('',(-0.6125,-0.12,-0.88));
#10060 = VECTOR('',#10061,1.);
#10061 = DIRECTION('',(-0.707106781187,-0.707106781186,0.));
#10062 = ORIENTED_EDGE('',*,*,#10063,.F.);
#10063 = EDGE_CURVE('',#9959,#10056,#10064,.T.);
#10064 = LINE('',#10065,#10066);
#10065 = CARTESIAN_POINT('',(-0.6125,0.19,-0.88));
#10066 = VECTOR('',#10067,1.);
#10067 = DIRECTION('',(0.,-1.,0.));
#10068 = PLANE('',#10069);
#10069 = AXIS2_PLACEMENT_3D('',#10070,#10071,#10072);
#10070 = CARTESIAN_POINT('',(-1.265,0.33,-0.88));
#10071 = DIRECTION('',(0.,0.,1.));
#10072 = DIRECTION('',(1.,0.,-0.));
#10073 = ADVANCED_FACE('',(#10074),#10127,.F.);
#10074 = FACE_BOUND('',#10075,.T.);
#10075 = EDGE_LOOP('',(#10076,#10077,#10078,#10086,#10094,#10102,#10111,
    #10119,#10126));
#10076 = ORIENTED_EDGE('',*,*,#9835,.T.);
#10077 = ORIENTED_EDGE('',*,*,#6065,.F.);
#10078 = ORIENTED_EDGE('',*,*,#10079,.T.);
#10079 = EDGE_CURVE('',#6058,#10080,#10082,.T.);
#10080 = VERTEX_POINT('',#10081);
#10081 = CARTESIAN_POINT('',(-0.8275,0.19,-0.88));
#10082 = LINE('',#10083,#10084);
#10083 = CARTESIAN_POINT('',(-0.8275,0.33,-0.88));
#10084 = VECTOR('',#10085,1.);
#10085 = DIRECTION('',(0.,-1.,0.));
#10086 = ORIENTED_EDGE('',*,*,#10087,.F.);
#10087 = EDGE_CURVE('',#10088,#10080,#10090,.T.);
#10088 = VERTEX_POINT('',#10089);
#10089 = CARTESIAN_POINT('',(-0.7875,0.19,-0.88));
#10090 = LINE('',#10091,#10092);
#10091 = CARTESIAN_POINT('',(-0.7875,0.19,-0.88));
#10092 = VECTOR('',#10093,1.);
#10093 = DIRECTION('',(-1.,0.,0.));
#10094 = ORIENTED_EDGE('',*,*,#10095,.F.);
#10095 = EDGE_CURVE('',#10096,#10088,#10098,.T.);
#10096 = VERTEX_POINT('',#10097);
#10097 = CARTESIAN_POINT('',(-0.7875,0.17,-0.88));
#10098 = LINE('',#10099,#10100);
#10099 = CARTESIAN_POINT('',(-0.7875,0.17,-0.88));
#10100 = VECTOR('',#10101,1.);
#10101 = DIRECTION('',(0.,1.,0.));
#10102 = ORIENTED_EDGE('',*,*,#10103,.T.);
#10103 = EDGE_CURVE('',#10096,#10104,#10106,.T.);
#10104 = VERTEX_POINT('',#10105);
#10105 = CARTESIAN_POINT('',(-0.8275,0.13,-0.88));
#10106 = CIRCLE('',#10107,4.E-02);
#10107 = AXIS2_PLACEMENT_3D('',#10108,#10109,#10110);
#10108 = CARTESIAN_POINT('',(-0.8275,0.17,-0.88));
#10109 = DIRECTION('',(0.,0.,-1.));
#10110 = DIRECTION('',(1.,2.012279232133E-14,0.));
#10111 = ORIENTED_EDGE('',*,*,#10112,.F.);
#10112 = EDGE_CURVE('',#10113,#10104,#10115,.T.);
#10113 = VERTEX_POINT('',#10114);
#10114 = CARTESIAN_POINT('',(-0.893128855695,0.13,-0.88));
#10115 = LINE('',#10116,#10117);
#10116 = CARTESIAN_POINT('',(-0.893128855695,0.13,-0.88));
#10117 = VECTOR('',#10118,1.);
#10118 = DIRECTION('',(1.,0.,0.));
#10119 = ORIENTED_EDGE('',*,*,#10120,.T.);
#10120 = EDGE_CURVE('',#10113,#9799,#10121,.T.);
#10121 = CIRCLE('',#10122,4.E-02);
#10122 = AXIS2_PLACEMENT_3D('',#10123,#10124,#10125);
#10123 = CARTESIAN_POINT('',(-0.893128855695,0.17,-0.88));
#10124 = DIRECTION('',(0.,0.,-1.));
#10125 = DIRECTION('',(0.,-1.,0.));
#10126 = ORIENTED_EDGE('',*,*,#9796,.F.);
#10127 = PLANE('',#10128);
#10128 = AXIS2_PLACEMENT_3D('',#10129,#10130,#10131);
#10129 = CARTESIAN_POINT('',(-1.265,0.33,-0.88));
#10130 = DIRECTION('',(0.,0.,1.));
#10131 = DIRECTION('',(1.,0.,-0.));
#10132 = ADVANCED_FACE('',(#10133),#10150,.T.);
#10133 = FACE_BOUND('',#10134,.T.);
#10134 = EDGE_LOOP('',(#10135,#10136,#10137,#10143,#10144));
#10135 = ORIENTED_EDGE('',*,*,#9685,.F.);
#10136 = ORIENTED_EDGE('',*,*,#9625,.F.);
#10137 = ORIENTED_EDGE('',*,*,#10138,.T.);
#10138 = EDGE_CURVE('',#9618,#9959,#10139,.T.);
#10139 = LINE('',#10140,#10141);
#10140 = CARTESIAN_POINT('',(-0.6125,0.21,-0.88));
#10141 = VECTOR('',#10142,1.);
#10142 = DIRECTION('',(0.,-1.,-1.110223024625E-14));
#10143 = ORIENTED_EDGE('',*,*,#10063,.T.);
#10144 = ORIENTED_EDGE('',*,*,#10145,.T.);
#10145 = EDGE_CURVE('',#10056,#9686,#10146,.T.);
#10146 = LINE('',#10147,#10148);
#10147 = CARTESIAN_POINT('',(-0.6125,-0.12,-0.88));
#10148 = VECTOR('',#10149,1.);
#10149 = DIRECTION('',(0.,0.,-1.));
#10150 = PLANE('',#10151);
#10151 = AXIS2_PLACEMENT_3D('',#10152,#10153,#10154);
#10152 = CARTESIAN_POINT('',(-0.6125,0.21,-0.88));
#10153 = DIRECTION('',(1.,0.,0.));
#10154 = DIRECTION('',(-0.,1.,0.));
#10155 = ADVANCED_FACE('',(#10156),#10167,.T.);
#10156 = FACE_BOUND('',#10157,.T.);
#10157 = EDGE_LOOP('',(#10158,#10159,#10165,#10166));
#10158 = ORIENTED_EDGE('',*,*,#10055,.T.);
#10159 = ORIENTED_EDGE('',*,*,#10160,.T.);
#10160 = EDGE_CURVE('',#10048,#9694,#10161,.T.);
#10161 = LINE('',#10162,#10163);
#10162 = CARTESIAN_POINT('',(-0.6625,-0.17,-0.88));
#10163 = VECTOR('',#10164,1.);
#10164 = DIRECTION('',(0.,0.,-1.));
#10165 = ORIENTED_EDGE('',*,*,#9693,.F.);
#10166 = ORIENTED_EDGE('',*,*,#10145,.F.);
#10167 = PLANE('',#10168);
#10168 = AXIS2_PLACEMENT_3D('',#10169,#10170,#10171);
#10169 = CARTESIAN_POINT('',(-0.6125,-0.12,-0.88));
#10170 = DIRECTION('',(0.707106781186,-0.707106781187,0.));
#10171 = DIRECTION('',(0.,0.,-1.));
#10172 = ADVANCED_FACE('',(#10173),#10184,.T.);
#10173 = FACE_BOUND('',#10174,.T.);
#10174 = EDGE_LOOP('',(#10175,#10176,#10182,#10183));
#10175 = ORIENTED_EDGE('',*,*,#10047,.T.);
#10176 = ORIENTED_EDGE('',*,*,#10177,.T.);
#10177 = EDGE_CURVE('',#10039,#9702,#10178,.T.);
#10178 = LINE('',#10179,#10180);
#10179 = CARTESIAN_POINT('',(-0.964,-0.17,-0.88));
#10180 = VECTOR('',#10181,1.);
#10181 = DIRECTION('',(0.,0.,-1.));
#10182 = ORIENTED_EDGE('',*,*,#9701,.F.);
#10183 = ORIENTED_EDGE('',*,*,#10160,.F.);
#10184 = PLANE('',#10185);
#10185 = AXIS2_PLACEMENT_3D('',#10186,#10187,#10188);
#10186 = CARTESIAN_POINT('',(-0.6625,-0.17,-0.88));
#10187 = DIRECTION('',(0.,-1.,0.));
#10188 = DIRECTION('',(0.,0.,-1.));
#10189 = ADVANCED_FACE('',(#10190),#10201,.T.);
#10190 = FACE_BOUND('',#10191,.T.);
#10191 = EDGE_LOOP('',(#10192,#10193,#10199,#10200));
#10192 = ORIENTED_EDGE('',*,*,#10038,.T.);
#10193 = ORIENTED_EDGE('',*,*,#10194,.T.);
#10194 = EDGE_CURVE('',#10031,#9710,#10195,.T.);
#10195 = LINE('',#10196,#10197);
#10196 = CARTESIAN_POINT('',(-1.030966739823,-0.144266114463,-0.88));
#10197 = VECTOR('',#10198,1.);
#10198 = DIRECTION('',(0.,0.,-1.));
#10199 = ORIENTED_EDGE('',*,*,#9709,.F.);
#10200 = ORIENTED_EDGE('',*,*,#10177,.F.);
#10201 = CYLINDRICAL_SURFACE('',#10202,0.1);
#10202 = AXIS2_PLACEMENT_3D('',#10203,#10204,#10205);
#10203 = CARTESIAN_POINT('',(-0.964,-7.E-02,-0.88));
#10204 = DIRECTION('',(0.,0.,1.));
#10205 = DIRECTION('',(-1.,0.,0.));
#10206 = ADVANCED_FACE('',(#10207),#10218,.T.);
#10207 = FACE_BOUND('',#10208,.T.);
#10208 = EDGE_LOOP('',(#10209,#10210,#10216,#10217));
#10209 = ORIENTED_EDGE('',*,*,#10030,.T.);
#10210 = ORIENTED_EDGE('',*,*,#10211,.T.);
#10211 = EDGE_CURVE('',#10022,#9719,#10212,.T.);
#10212 = LINE('',#10213,#10214);
#10213 = CARTESIAN_POINT('',(-1.184598981703,-5.733885536508E-03,-0.88)
  );
#10214 = VECTOR('',#10215,1.);
#10215 = DIRECTION('',(0.,0.,-1.));
#10216 = ORIENTED_EDGE('',*,*,#9718,.F.);
#10217 = ORIENTED_EDGE('',*,*,#10194,.F.);
#10218 = PLANE('',#10219);
#10219 = AXIS2_PLACEMENT_3D('',#10220,#10221,#10222);
#10220 = CARTESIAN_POINT('',(-1.030966739823,-0.144266114463,-0.88));
#10221 = DIRECTION('',(-0.669667398228,-0.742661144635,0.));
#10222 = DIRECTION('',(-0.742661144635,0.669667398228,0.));
#10223 = ADVANCED_FACE('',(#10224),#10235,.F.);
#10224 = FACE_BOUND('',#10225,.F.);
#10225 = EDGE_LOOP('',(#10226,#10227,#10228,#10234));
#10226 = ORIENTED_EDGE('',*,*,#10211,.T.);
#10227 = ORIENTED_EDGE('',*,*,#9726,.T.);
#10228 = ORIENTED_EDGE('',*,*,#10229,.F.);
#10229 = EDGE_CURVE('',#10014,#9727,#10230,.T.);
#10230 = LINE('',#10231,#10232);
#10231 = CARTESIAN_POINT('',(-1.251565721526,2.E-02,-0.88));
#10232 = VECTOR('',#10233,1.);
#10233 = DIRECTION('',(0.,0.,-1.));
#10234 = ORIENTED_EDGE('',*,*,#10021,.T.);
#10235 = CYLINDRICAL_SURFACE('',#10236,0.1);
#10236 = AXIS2_PLACEMENT_3D('',#10237,#10238,#10239);
#10237 = CARTESIAN_POINT('',(-1.251565721526,-8.E-02,-0.88));
#10238 = DIRECTION('',(0.,0.,1.));
#10239 = DIRECTION('',(-1.,0.,0.));
#10240 = ADVANCED_FACE('',(#10241),#10268,.F.);
#10241 = FACE_BOUND('',#10242,.T.);
#10242 = EDGE_LOOP('',(#10243,#10253,#10259,#10260,#10261,#10262));
#10243 = ORIENTED_EDGE('',*,*,#10244,.T.);
#10244 = EDGE_CURVE('',#10245,#10247,#10249,.T.);
#10245 = VERTEX_POINT('',#10246);
#10246 = CARTESIAN_POINT('',(-1.5,2.E-02,-0.635));
#10247 = VERTEX_POINT('',#10248);
#10248 = CARTESIAN_POINT('',(-1.58,2.E-02,-0.635));
#10249 = LINE('',#10250,#10251);
#10250 = CARTESIAN_POINT('',(-1.5,2.E-02,-0.635));
#10251 = VECTOR('',#10252,1.);
#10252 = DIRECTION('',(-1.,0.,0.));
#10253 = ORIENTED_EDGE('',*,*,#10254,.T.);
#10254 = EDGE_CURVE('',#10247,#9736,#10255,.T.);
#10255 = LINE('',#10256,#10257);
#10256 = CARTESIAN_POINT('',(-1.58,2.E-02,-0.635));
#10257 = VECTOR('',#10258,1.);
#10258 = DIRECTION('',(0.,0.,-1.));
#10259 = ORIENTED_EDGE('',*,*,#9735,.T.);
#10260 = ORIENTED_EDGE('',*,*,#10229,.F.);
#10261 = ORIENTED_EDGE('',*,*,#10013,.F.);
#10262 = ORIENTED_EDGE('',*,*,#10263,.T.);
#10263 = EDGE_CURVE('',#10006,#10245,#10264,.T.);
#10264 = LINE('',#10265,#10266);
#10265 = CARTESIAN_POINT('',(-1.5,2.E-02,-0.88));
#10266 = VECTOR('',#10267,1.);
#10267 = DIRECTION('',(0.,0.,1.));
#10268 = PLANE('',#10269);
#10269 = AXIS2_PLACEMENT_3D('',#10270,#10271,#10272);
#10270 = CARTESIAN_POINT('',(-1.5,2.E-02,-0.635));
#10271 = DIRECTION('',(-0.,1.,0.));
#10272 = DIRECTION('',(1.,0.,0.));
#10273 = ADVANCED_FACE('',(#10274),#10332,.F.);
#10274 = FACE_BOUND('',#10275,.T.);
#10275 = EDGE_LOOP('',(#10276,#10286,#10294,#10303,#10309,#10310,#10318,
    #10326));
#10276 = ORIENTED_EDGE('',*,*,#10277,.F.);
#10277 = EDGE_CURVE('',#10278,#10280,#10282,.T.);
#10278 = VERTEX_POINT('',#10279);
#10279 = CARTESIAN_POINT('',(-1.5,2.E-02,0.88));
#10280 = VERTEX_POINT('',#10281);
#10281 = CARTESIAN_POINT('',(-1.5,-1.E-02,0.88));
#10282 = LINE('',#10283,#10284);
#10283 = CARTESIAN_POINT('',(-1.5,2.E-02,0.88));
#10284 = VECTOR('',#10285,1.);
#10285 = DIRECTION('',(0.,-1.,1.110223024625E-14));
#10286 = ORIENTED_EDGE('',*,*,#10287,.T.);
#10287 = EDGE_CURVE('',#10278,#10288,#10290,.T.);
#10288 = VERTEX_POINT('',#10289);
#10289 = CARTESIAN_POINT('',(-1.5,2.E-02,0.635));
#10290 = LINE('',#10291,#10292);
#10291 = CARTESIAN_POINT('',(-1.5,2.E-02,0.88));
#10292 = VECTOR('',#10293,1.);
#10293 = DIRECTION('',(0.,0.,-1.));
#10294 = ORIENTED_EDGE('',*,*,#10295,.F.);
#10295 = EDGE_CURVE('',#10296,#10288,#10298,.T.);
#10296 = VERTEX_POINT('',#10297);
#10297 = CARTESIAN_POINT('',(-1.5,-2.E-02,0.595));
#10298 = CIRCLE('',#10299,4.E-02);
#10299 = AXIS2_PLACEMENT_3D('',#10300,#10301,#10302);
#10300 = CARTESIAN_POINT('',(-1.5,-2.E-02,0.635));
#10301 = DIRECTION('',(1.,0.,0.));
#10302 = DIRECTION('',(0.,1.804112415016E-14,-1.));
#10303 = ORIENTED_EDGE('',*,*,#10304,.F.);
#10304 = EDGE_CURVE('',#4685,#10296,#10305,.T.);
#10305 = LINE('',#10306,#10307);
#10306 = CARTESIAN_POINT('',(-1.5,-0.33,0.595));
#10307 = VECTOR('',#10308,1.);
#10308 = DIRECTION('',(0.,1.,0.));
#10309 = ORIENTED_EDGE('',*,*,#4684,.F.);
#10310 = ORIENTED_EDGE('',*,*,#10311,.F.);
#10311 = EDGE_CURVE('',#10312,#4677,#10314,.T.);
#10312 = VERTEX_POINT('',#10313);
#10313 = CARTESIAN_POINT('',(-1.5,-6.E-02,0.615));
#10314 = LINE('',#10315,#10316);
#10315 = CARTESIAN_POINT('',(-1.5,-6.E-02,0.615));
#10316 = VECTOR('',#10317,1.);
#10317 = DIRECTION('',(0.,-1.,0.));
#10318 = ORIENTED_EDGE('',*,*,#10319,.T.);
#10319 = EDGE_CURVE('',#10312,#10320,#10322,.T.);
#10320 = VERTEX_POINT('',#10321);
#10321 = CARTESIAN_POINT('',(-1.5,-1.E-02,0.665));
#10322 = LINE('',#10323,#10324);
#10323 = CARTESIAN_POINT('',(-1.5,-6.E-02,0.615));
#10324 = VECTOR('',#10325,1.);
#10325 = DIRECTION('',(0.,0.707106781187,0.707106781187));
#10326 = ORIENTED_EDGE('',*,*,#10327,.F.);
#10327 = EDGE_CURVE('',#10280,#10320,#10328,.T.);
#10328 = LINE('',#10329,#10330);
#10329 = CARTESIAN_POINT('',(-1.5,-1.E-02,0.88));
#10330 = VECTOR('',#10331,1.);
#10331 = DIRECTION('',(0.,0.,-1.));
#10332 = PLANE('',#10333);
#10333 = AXIS2_PLACEMENT_3D('',#10334,#10335,#10336);
#10334 = CARTESIAN_POINT('',(-1.5,0.33,-0.35));
#10335 = DIRECTION('',(1.,0.,0.));
#10336 = DIRECTION('',(-0.,1.,0.));
#10337 = ADVANCED_FACE('',(#10338),#10380,.F.);
#10338 = FACE_BOUND('',#10339,.T.);
#10339 = EDGE_LOOP('',(#10340,#10341,#10349,#10356,#10357,#10358,#10366,
    #10374));
#10340 = ORIENTED_EDGE('',*,*,#4764,.F.);
#10341 = ORIENTED_EDGE('',*,*,#10342,.T.);
#10342 = EDGE_CURVE('',#4757,#10343,#10345,.T.);
#10343 = VERTEX_POINT('',#10344);
#10344 = CARTESIAN_POINT('',(-1.5,-2.E-02,-0.595));
#10345 = LINE('',#10346,#10347);
#10346 = CARTESIAN_POINT('',(-1.5,-0.33,-0.595));
#10347 = VECTOR('',#10348,1.);
#10348 = DIRECTION('',(1.432545838226E-13,1.,0.));
#10349 = ORIENTED_EDGE('',*,*,#10350,.F.);
#10350 = EDGE_CURVE('',#10245,#10343,#10351,.T.);
#10351 = CIRCLE('',#10352,4.E-02);
#10352 = AXIS2_PLACEMENT_3D('',#10353,#10354,#10355);
#10353 = CARTESIAN_POINT('',(-1.5,-2.E-02,-0.635));
#10354 = DIRECTION('',(1.,0.,0.));
#10355 = DIRECTION('',(-0.,1.,0.));
#10356 = ORIENTED_EDGE('',*,*,#10263,.F.);
#10357 = ORIENTED_EDGE('',*,*,#10005,.T.);
#10358 = ORIENTED_EDGE('',*,*,#10359,.F.);
#10359 = EDGE_CURVE('',#10360,#9998,#10362,.T.);
#10360 = VERTEX_POINT('',#10361);
#10361 = CARTESIAN_POINT('',(-1.5,-1.E-02,-0.665));
#10362 = LINE('',#10363,#10364);
#10363 = CARTESIAN_POINT('',(-1.5,-1.E-02,-0.665));
#10364 = VECTOR('',#10365,1.);
#10365 = DIRECTION('',(0.,0.,-1.));
#10366 = ORIENTED_EDGE('',*,*,#10367,.T.);
#10367 = EDGE_CURVE('',#10360,#10368,#10370,.T.);
#10368 = VERTEX_POINT('',#10369);
#10369 = CARTESIAN_POINT('',(-1.5,-6.E-02,-0.615));
#10370 = LINE('',#10371,#10372);
#10371 = CARTESIAN_POINT('',(-1.5,-1.E-02,-0.665));
#10372 = VECTOR('',#10373,1.);
#10373 = DIRECTION('',(0.,-0.707106781187,0.707106781187));
#10374 = ORIENTED_EDGE('',*,*,#10375,.T.);
#10375 = EDGE_CURVE('',#10368,#4765,#10376,.T.);
#10376 = LINE('',#10377,#10378);
#10377 = CARTESIAN_POINT('',(-1.5,-6.E-02,-0.615));
#10378 = VECTOR('',#10379,1.);
#10379 = DIRECTION('',(0.,-1.,0.));
#10380 = PLANE('',#10381);
#10381 = AXIS2_PLACEMENT_3D('',#10382,#10383,#10384);
#10382 = CARTESIAN_POINT('',(-1.5,0.33,-0.35));
#10383 = DIRECTION('',(1.,0.,0.));
#10384 = DIRECTION('',(-0.,1.,0.));
#10385 = ADVANCED_FACE('',(#10386),#10452,.T.);
#10386 = FACE_BOUND('',#10387,.T.);
#10387 = EDGE_LOOP('',(#10388,#10398,#10407,#10415,#10423,#10429,#10430,
    #10438,#10446));
#10388 = ORIENTED_EDGE('',*,*,#10389,.T.);
#10389 = EDGE_CURVE('',#10390,#10392,#10394,.T.);
#10390 = VERTEX_POINT('',#10391);
#10391 = CARTESIAN_POINT('',(1.75,-1.E-02,-0.665));
#10392 = VERTEX_POINT('',#10393);
#10393 = CARTESIAN_POINT('',(1.75,-1.E-02,-0.8));
#10394 = LINE('',#10395,#10396);
#10395 = CARTESIAN_POINT('',(1.75,-1.E-02,-0.665));
#10396 = VECTOR('',#10397,1.);
#10397 = DIRECTION('',(0.,0.,-1.));
#10398 = ORIENTED_EDGE('',*,*,#10399,.T.);
#10399 = EDGE_CURVE('',#10392,#10400,#10402,.T.);
#10400 = VERTEX_POINT('',#10401);
#10401 = CARTESIAN_POINT('',(1.55,-1.E-02,-1.));
#10402 = CIRCLE('',#10403,0.2);
#10403 = AXIS2_PLACEMENT_3D('',#10404,#10405,#10406);
#10404 = CARTESIAN_POINT('',(1.55,-1.E-02,-0.8));
#10405 = DIRECTION('',(-0.,1.,0.));
#10406 = DIRECTION('',(1.,0.,0.));
#10407 = ORIENTED_EDGE('',*,*,#10408,.T.);
#10408 = EDGE_CURVE('',#10400,#10409,#10411,.T.);
#10409 = VERTEX_POINT('',#10410);
#10410 = CARTESIAN_POINT('',(1.265,-1.E-02,-1.));
#10411 = LINE('',#10412,#10413);
#10412 = CARTESIAN_POINT('',(1.55,-1.E-02,-1.));
#10413 = VECTOR('',#10414,1.);
#10414 = DIRECTION('',(-1.,0.,0.));
#10415 = ORIENTED_EDGE('',*,*,#10416,.F.);
#10416 = EDGE_CURVE('',#10417,#10409,#10419,.T.);
#10417 = VERTEX_POINT('',#10418);
#10418 = CARTESIAN_POINT('',(1.265,-1.E-02,-0.88));
#10419 = LINE('',#10420,#10421);
#10420 = CARTESIAN_POINT('',(1.265,-1.E-02,-0.88));
#10421 = VECTOR('',#10422,1.);
#10422 = DIRECTION('',(0.,0.,-1.));
#10423 = ORIENTED_EDGE('',*,*,#10424,.T.);
#10424 = EDGE_CURVE('',#10417,#5152,#10425,.T.);
#10425 = LINE('',#10426,#10427);
#10426 = CARTESIAN_POINT('',(1.265,-1.E-02,-0.88));
#10427 = VECTOR('',#10428,1.);
#10428 = DIRECTION('',(1.,0.,0.));
#10429 = ORIENTED_EDGE('',*,*,#5151,.T.);
#10430 = ORIENTED_EDGE('',*,*,#10431,.F.);
#10431 = EDGE_CURVE('',#10432,#5144,#10434,.T.);
#10432 = VERTEX_POINT('',#10433);
#10433 = CARTESIAN_POINT('',(1.58,-1.E-02,-0.75));
#10434 = LINE('',#10435,#10436);
#10435 = CARTESIAN_POINT('',(1.58,-1.E-02,-0.75));
#10436 = VECTOR('',#10437,1.);
#10437 = DIRECTION('',(-1.,0.,0.));
#10438 = ORIENTED_EDGE('',*,*,#10439,.F.);
#10439 = EDGE_CURVE('',#10440,#10432,#10442,.T.);
#10440 = VERTEX_POINT('',#10441);
#10441 = CARTESIAN_POINT('',(1.58,-1.E-02,-0.665));
#10442 = LINE('',#10443,#10444);
#10443 = CARTESIAN_POINT('',(1.58,-1.E-02,-0.665));
#10444 = VECTOR('',#10445,1.);
#10445 = DIRECTION('',(0.,0.,-1.));
#10446 = ORIENTED_EDGE('',*,*,#10447,.F.);
#10447 = EDGE_CURVE('',#10390,#10440,#10448,.T.);
#10448 = LINE('',#10449,#10450);
#10449 = CARTESIAN_POINT('',(1.75,-1.E-02,-0.665));
#10450 = VECTOR('',#10451,1.);
#10451 = DIRECTION('',(-1.,0.,0.));
#10452 = PLANE('',#10453);
#10453 = AXIS2_PLACEMENT_3D('',#10454,#10455,#10456);
#10454 = CARTESIAN_POINT('',(0.,-1.E-02,0.));
#10455 = DIRECTION('',(-0.,1.,0.));
#10456 = DIRECTION('',(1.,0.,0.));
#10457 = ADVANCED_FACE('',(#10458),#10510,.T.);
#10458 = FACE_BOUND('',#10459,.T.);
#10459 = EDGE_LOOP('',(#10460,#10468,#10469,#10470,#10471,#10479,#10487,
    #10496,#10504));
#10460 = ORIENTED_EDGE('',*,*,#10461,.F.);
#10461 = EDGE_CURVE('',#5229,#10462,#10464,.T.);
#10462 = VERTEX_POINT('',#10463);
#10463 = CARTESIAN_POINT('',(1.58,-1.E-02,0.665));
#10464 = LINE('',#10465,#10466);
#10465 = CARTESIAN_POINT('',(1.58,-1.E-02,0.75));
#10466 = VECTOR('',#10467,1.);
#10467 = DIRECTION('',(0.,0.,-1.));
#10468 = ORIENTED_EDGE('',*,*,#5228,.T.);
#10469 = ORIENTED_EDGE('',*,*,#5111,.T.);
#10470 = ORIENTED_EDGE('',*,*,#5373,.T.);
#10471 = ORIENTED_EDGE('',*,*,#10472,.F.);
#10472 = EDGE_CURVE('',#10473,#5366,#10475,.T.);
#10473 = VERTEX_POINT('',#10474);
#10474 = CARTESIAN_POINT('',(1.265,-1.E-02,1.));
#10475 = LINE('',#10476,#10477);
#10476 = CARTESIAN_POINT('',(1.265,-1.E-02,1.));
#10477 = VECTOR('',#10478,1.);
#10478 = DIRECTION('',(0.,0.,-1.));
#10479 = ORIENTED_EDGE('',*,*,#10480,.T.);
#10480 = EDGE_CURVE('',#10473,#10481,#10483,.T.);
#10481 = VERTEX_POINT('',#10482);
#10482 = CARTESIAN_POINT('',(1.55,-1.E-02,1.));
#10483 = LINE('',#10484,#10485);
#10484 = CARTESIAN_POINT('',(1.265,-1.E-02,1.));
#10485 = VECTOR('',#10486,1.);
#10486 = DIRECTION('',(1.,0.,0.));
#10487 = ORIENTED_EDGE('',*,*,#10488,.T.);
#10488 = EDGE_CURVE('',#10481,#10489,#10491,.T.);
#10489 = VERTEX_POINT('',#10490);
#10490 = CARTESIAN_POINT('',(1.75,-1.E-02,0.8));
#10491 = CIRCLE('',#10492,0.2);
#10492 = AXIS2_PLACEMENT_3D('',#10493,#10494,#10495);
#10493 = CARTESIAN_POINT('',(1.55,-1.E-02,0.8));
#10494 = DIRECTION('',(0.,1.,0.));
#10495 = DIRECTION('',(0.,-0.,1.));
#10496 = ORIENTED_EDGE('',*,*,#10497,.T.);
#10497 = EDGE_CURVE('',#10489,#10498,#10500,.T.);
#10498 = VERTEX_POINT('',#10499);
#10499 = CARTESIAN_POINT('',(1.75,-1.E-02,0.665));
#10500 = LINE('',#10501,#10502);
#10501 = CARTESIAN_POINT('',(1.75,-1.E-02,0.8));
#10502 = VECTOR('',#10503,1.);
#10503 = DIRECTION('',(0.,0.,-1.));
#10504 = ORIENTED_EDGE('',*,*,#10505,.F.);
#10505 = EDGE_CURVE('',#10462,#10498,#10506,.T.);
#10506 = LINE('',#10507,#10508);
#10507 = CARTESIAN_POINT('',(1.58,-1.E-02,0.665));
#10508 = VECTOR('',#10509,1.);
#10509 = DIRECTION('',(1.,0.,0.));
#10510 = PLANE('',#10511);
#10511 = AXIS2_PLACEMENT_3D('',#10512,#10513,#10514);
#10512 = CARTESIAN_POINT('',(0.,-1.E-02,0.));
#10513 = DIRECTION('',(-0.,1.,0.));
#10514 = DIRECTION('',(1.,0.,0.));
#10515 = ADVANCED_FACE('',(#10516),#10566,.T.);
#10516 = FACE_BOUND('',#10517,.T.);
#10517 = EDGE_LOOP('',(#10518,#10528,#10537,#10545,#10553,#10559,#10560)
  );
#10518 = ORIENTED_EDGE('',*,*,#10519,.T.);
#10519 = EDGE_CURVE('',#10520,#10522,#10524,.T.);
#10520 = VERTEX_POINT('',#10521);
#10521 = CARTESIAN_POINT('',(-1.75,-1.E-02,0.665));
#10522 = VERTEX_POINT('',#10523);
#10523 = CARTESIAN_POINT('',(-1.75,-1.E-02,0.8));
#10524 = LINE('',#10525,#10526);
#10525 = CARTESIAN_POINT('',(-1.75,-1.E-02,0.665));
#10526 = VECTOR('',#10527,1.);
#10527 = DIRECTION('',(0.,0.,1.));
#10528 = ORIENTED_EDGE('',*,*,#10529,.T.);
#10529 = EDGE_CURVE('',#10522,#10530,#10532,.T.);
#10530 = VERTEX_POINT('',#10531);
#10531 = CARTESIAN_POINT('',(-1.55,-1.E-02,1.));
#10532 = CIRCLE('',#10533,0.2);
#10533 = AXIS2_PLACEMENT_3D('',#10534,#10535,#10536);
#10534 = CARTESIAN_POINT('',(-1.55,-1.E-02,0.8));
#10535 = DIRECTION('',(0.,1.,0.));
#10536 = DIRECTION('',(-1.,0.,-1.054711873394E-14));
#10537 = ORIENTED_EDGE('',*,*,#10538,.T.);
#10538 = EDGE_CURVE('',#10530,#10539,#10541,.T.);
#10539 = VERTEX_POINT('',#10540);
#10540 = CARTESIAN_POINT('',(-1.265,-1.E-02,1.));
#10541 = LINE('',#10542,#10543);
#10542 = CARTESIAN_POINT('',(-1.55,-1.E-02,1.));
#10543 = VECTOR('',#10544,1.);
#10544 = DIRECTION('',(1.,0.,0.));
#10545 = ORIENTED_EDGE('',*,*,#10546,.F.);
#10546 = EDGE_CURVE('',#10547,#10539,#10549,.T.);
#10547 = VERTEX_POINT('',#10548);
#10548 = CARTESIAN_POINT('',(-1.265,-1.E-02,0.88));
#10549 = LINE('',#10550,#10551);
#10550 = CARTESIAN_POINT('',(-1.265,-1.E-02,0.88));
#10551 = VECTOR('',#10552,1.);
#10552 = DIRECTION('',(0.,0.,1.));
#10553 = ORIENTED_EDGE('',*,*,#10554,.T.);
#10554 = EDGE_CURVE('',#10547,#10280,#10555,.T.);
#10555 = LINE('',#10556,#10557);
#10556 = CARTESIAN_POINT('',(-1.265,-1.E-02,0.88));
#10557 = VECTOR('',#10558,1.);
#10558 = DIRECTION('',(-1.,0.,0.));
#10559 = ORIENTED_EDGE('',*,*,#10327,.T.);
#10560 = ORIENTED_EDGE('',*,*,#10561,.F.);
#10561 = EDGE_CURVE('',#10520,#10320,#10562,.T.);
#10562 = LINE('',#10563,#10564);
#10563 = CARTESIAN_POINT('',(-1.75,-1.E-02,0.665));
#10564 = VECTOR('',#10565,1.);
#10565 = DIRECTION('',(1.,0.,0.));
#10566 = PLANE('',#10567);
#10567 = AXIS2_PLACEMENT_3D('',#10568,#10569,#10570);
#10568 = CARTESIAN_POINT('',(0.,-1.E-02,0.));
#10569 = DIRECTION('',(-0.,1.,0.));
#10570 = DIRECTION('',(1.,0.,0.));
#10571 = ADVANCED_FACE('',(#10572),#10615,.T.);
#10572 = FACE_BOUND('',#10573,.T.);
#10573 = EDGE_LOOP('',(#10574,#10575,#10576,#10584,#10592,#10601,#10609)
  );
#10574 = ORIENTED_EDGE('',*,*,#10359,.T.);
#10575 = ORIENTED_EDGE('',*,*,#9997,.T.);
#10576 = ORIENTED_EDGE('',*,*,#10577,.F.);
#10577 = EDGE_CURVE('',#10578,#9990,#10580,.T.);
#10578 = VERTEX_POINT('',#10579);
#10579 = CARTESIAN_POINT('',(-1.265,-1.E-02,-1.));
#10580 = LINE('',#10581,#10582);
#10581 = CARTESIAN_POINT('',(-1.265,-1.E-02,-1.));
#10582 = VECTOR('',#10583,1.);
#10583 = DIRECTION('',(0.,0.,1.));
#10584 = ORIENTED_EDGE('',*,*,#10585,.T.);
#10585 = EDGE_CURVE('',#10578,#10586,#10588,.T.);
#10586 = VERTEX_POINT('',#10587);
#10587 = CARTESIAN_POINT('',(-1.55,-1.E-02,-1.));
#10588 = LINE('',#10589,#10590);
#10589 = CARTESIAN_POINT('',(-1.265,-1.E-02,-1.));
#10590 = VECTOR('',#10591,1.);
#10591 = DIRECTION('',(-1.,0.,0.));
#10592 = ORIENTED_EDGE('',*,*,#10593,.T.);
#10593 = EDGE_CURVE('',#10586,#10594,#10596,.T.);
#10594 = VERTEX_POINT('',#10595);
#10595 = CARTESIAN_POINT('',(-1.75,-1.E-02,-0.8));
#10596 = CIRCLE('',#10597,0.2);
#10597 = AXIS2_PLACEMENT_3D('',#10598,#10599,#10600);
#10598 = CARTESIAN_POINT('',(-1.55,-1.E-02,-0.8));
#10599 = DIRECTION('',(0.,1.,0.));
#10600 = DIRECTION('',(0.,0.,-1.));
#10601 = ORIENTED_EDGE('',*,*,#10602,.T.);
#10602 = EDGE_CURVE('',#10594,#10603,#10605,.T.);
#10603 = VERTEX_POINT('',#10604);
#10604 = CARTESIAN_POINT('',(-1.75,-1.E-02,-0.665));
#10605 = LINE('',#10606,#10607);
#10606 = CARTESIAN_POINT('',(-1.75,-1.E-02,-0.8));
#10607 = VECTOR('',#10608,1.);
#10608 = DIRECTION('',(0.,0.,1.));
#10609 = ORIENTED_EDGE('',*,*,#10610,.F.);
#10610 = EDGE_CURVE('',#10360,#10603,#10611,.T.);
#10611 = LINE('',#10612,#10613);
#10612 = CARTESIAN_POINT('',(-1.5,-1.E-02,-0.665));
#10613 = VECTOR('',#10614,1.);
#10614 = DIRECTION('',(-1.,0.,0.));
#10615 = PLANE('',#10616);
#10616 = AXIS2_PLACEMENT_3D('',#10617,#10618,#10619);
#10617 = CARTESIAN_POINT('',(0.,-1.E-02,0.));
#10618 = DIRECTION('',(-0.,1.,0.));
#10619 = DIRECTION('',(1.,0.,0.));
#10620 = ADVANCED_FACE('',(#10621),#10646,.T.);
#10621 = FACE_BOUND('',#10622,.T.);
#10622 = EDGE_LOOP('',(#10623,#10631,#10639,#10645));
#10623 = ORIENTED_EDGE('',*,*,#10624,.F.);
#10624 = EDGE_CURVE('',#10625,#10440,#10627,.T.);
#10625 = VERTEX_POINT('',#10626);
#10626 = CARTESIAN_POINT('',(1.58,-6.E-02,-0.615));
#10627 = LINE('',#10628,#10629);
#10628 = CARTESIAN_POINT('',(1.58,-6.E-02,-0.615));
#10629 = VECTOR('',#10630,1.);
#10630 = DIRECTION('',(0.,0.707106781187,-0.707106781187));
#10631 = ORIENTED_EDGE('',*,*,#10632,.F.);
#10632 = EDGE_CURVE('',#10633,#10625,#10635,.T.);
#10633 = VERTEX_POINT('',#10634);
#10634 = CARTESIAN_POINT('',(1.75,-6.E-02,-0.615));
#10635 = LINE('',#10636,#10637);
#10636 = CARTESIAN_POINT('',(1.75,-6.E-02,-0.615));
#10637 = VECTOR('',#10638,1.);
#10638 = DIRECTION('',(-1.,0.,0.));
#10639 = ORIENTED_EDGE('',*,*,#10640,.F.);
#10640 = EDGE_CURVE('',#10390,#10633,#10641,.T.);
#10641 = LINE('',#10642,#10643);
#10642 = CARTESIAN_POINT('',(1.75,-1.E-02,-0.665));
#10643 = VECTOR('',#10644,1.);
#10644 = DIRECTION('',(0.,-0.707106781187,0.707106781187));
#10645 = ORIENTED_EDGE('',*,*,#10447,.T.);
#10646 = PLANE('',#10647);
#10647 = AXIS2_PLACEMENT_3D('',#10648,#10649,#10650);
#10648 = CARTESIAN_POINT('',(1.665,-3.5E-02,-0.64));
#10649 = DIRECTION('',(0.,0.707106781187,0.707106781187));
#10650 = DIRECTION('',(1.,0.,-0.));
#10651 = ADVANCED_FACE('',(#10652),#10686,.T.);
#10652 = FACE_BOUND('',#10653,.T.);
#10653 = EDGE_LOOP('',(#10654,#10664,#10672,#10680));
#10654 = ORIENTED_EDGE('',*,*,#10655,.F.);
#10655 = EDGE_CURVE('',#10656,#10658,#10660,.T.);
#10656 = VERTEX_POINT('',#10657);
#10657 = CARTESIAN_POINT('',(1.75,-0.28,0.35));
#10658 = VERTEX_POINT('',#10659);
#10659 = CARTESIAN_POINT('',(1.75,0.29,0.35));
#10660 = LINE('',#10661,#10662);
#10661 = CARTESIAN_POINT('',(1.75,-0.28,0.35));
#10662 = VECTOR('',#10663,1.);
#10663 = DIRECTION('',(0.,1.,0.));
#10664 = ORIENTED_EDGE('',*,*,#10665,.T.);
#10665 = EDGE_CURVE('',#10656,#10666,#10668,.T.);
#10666 = VERTEX_POINT('',#10667);
#10667 = CARTESIAN_POINT('',(1.75,-0.28,-0.35));
#10668 = LINE('',#10669,#10670);
#10669 = CARTESIAN_POINT('',(1.75,-0.28,0.35));
#10670 = VECTOR('',#10671,1.);
#10671 = DIRECTION('',(0.,0.,-1.));
#10672 = ORIENTED_EDGE('',*,*,#10673,.T.);
#10673 = EDGE_CURVE('',#10666,#10674,#10676,.T.);
#10674 = VERTEX_POINT('',#10675);
#10675 = CARTESIAN_POINT('',(1.75,0.29,-0.35));
#10676 = LINE('',#10677,#10678);
#10677 = CARTESIAN_POINT('',(1.75,-0.28,-0.35));
#10678 = VECTOR('',#10679,1.);
#10679 = DIRECTION('',(0.,1.,0.));
#10680 = ORIENTED_EDGE('',*,*,#10681,.F.);
#10681 = EDGE_CURVE('',#10658,#10674,#10682,.T.);
#10682 = LINE('',#10683,#10684);
#10683 = CARTESIAN_POINT('',(1.75,0.29,0.35));
#10684 = VECTOR('',#10685,1.);
#10685 = DIRECTION('',(0.,0.,-1.));
#10686 = PLANE('',#10687);
#10687 = AXIS2_PLACEMENT_3D('',#10688,#10689,#10690);
#10688 = CARTESIAN_POINT('',(1.75,-0.33,0.8));
#10689 = DIRECTION('',(1.,0.,0.));
#10690 = DIRECTION('',(-0.,1.,0.));
#10691 = ADVANCED_FACE('',(#10692),#10718,.T.);
#10692 = FACE_BOUND('',#10693,.T.);
#10693 = EDGE_LOOP('',(#10694,#10702,#10710,#10716,#10717));
#10694 = ORIENTED_EDGE('',*,*,#10695,.F.);
#10695 = EDGE_CURVE('',#10696,#10633,#10698,.T.);
#10696 = VERTEX_POINT('',#10697);
#10697 = CARTESIAN_POINT('',(1.75,-0.28,-0.615));
#10698 = LINE('',#10699,#10700);
#10699 = CARTESIAN_POINT('',(1.75,-0.28,-0.615));
#10700 = VECTOR('',#10701,1.);
#10701 = DIRECTION('',(0.,1.,0.));
#10702 = ORIENTED_EDGE('',*,*,#10703,.T.);
#10703 = EDGE_CURVE('',#10696,#10704,#10706,.T.);
#10704 = VERTEX_POINT('',#10705);
#10705 = CARTESIAN_POINT('',(1.75,-0.28,-0.8));
#10706 = LINE('',#10707,#10708);
#10707 = CARTESIAN_POINT('',(1.75,-0.28,-0.615));
#10708 = VECTOR('',#10709,1.);
#10709 = DIRECTION('',(0.,0.,-1.));
#10710 = ORIENTED_EDGE('',*,*,#10711,.T.);
#10711 = EDGE_CURVE('',#10704,#10392,#10712,.T.);
#10712 = LINE('',#10713,#10714);
#10713 = CARTESIAN_POINT('',(1.75,-0.28,-0.8));
#10714 = VECTOR('',#10715,1.);
#10715 = DIRECTION('',(0.,1.,0.));
#10716 = ORIENTED_EDGE('',*,*,#10389,.F.);
#10717 = ORIENTED_EDGE('',*,*,#10640,.T.);
#10718 = PLANE('',#10719);
#10719 = AXIS2_PLACEMENT_3D('',#10720,#10721,#10722);
#10720 = CARTESIAN_POINT('',(1.75,-0.33,0.8));
#10721 = DIRECTION('',(1.,0.,0.));
#10722 = DIRECTION('',(-0.,1.,0.));
#10723 = ADVANCED_FACE('',(#10724),#10757,.T.);
#10724 = FACE_BOUND('',#10725,.T.);
#10725 = EDGE_LOOP('',(#10726,#10727,#10735,#10743,#10751));
#10726 = ORIENTED_EDGE('',*,*,#10497,.F.);
#10727 = ORIENTED_EDGE('',*,*,#10728,.F.);
#10728 = EDGE_CURVE('',#10729,#10489,#10731,.T.);
#10729 = VERTEX_POINT('',#10730);
#10730 = CARTESIAN_POINT('',(1.75,-0.28,0.8));
#10731 = LINE('',#10732,#10733);
#10732 = CARTESIAN_POINT('',(1.75,-0.28,0.8));
#10733 = VECTOR('',#10734,1.);
#10734 = DIRECTION('',(0.,1.,0.));
#10735 = ORIENTED_EDGE('',*,*,#10736,.T.);
#10736 = EDGE_CURVE('',#10729,#10737,#10739,.T.);
#10737 = VERTEX_POINT('',#10738);
#10738 = CARTESIAN_POINT('',(1.75,-0.28,0.615));
#10739 = LINE('',#10740,#10741);
#10740 = CARTESIAN_POINT('',(1.75,-0.28,0.8));
#10741 = VECTOR('',#10742,1.);
#10742 = DIRECTION('',(0.,0.,-1.));
#10743 = ORIENTED_EDGE('',*,*,#10744,.T.);
#10744 = EDGE_CURVE('',#10737,#10745,#10747,.T.);
#10745 = VERTEX_POINT('',#10746);
#10746 = CARTESIAN_POINT('',(1.75,-6.E-02,0.615));
#10747 = LINE('',#10748,#10749);
#10748 = CARTESIAN_POINT('',(1.75,-0.28,0.615));
#10749 = VECTOR('',#10750,1.);
#10750 = DIRECTION('',(0.,1.,0.));
#10751 = ORIENTED_EDGE('',*,*,#10752,.T.);
#10752 = EDGE_CURVE('',#10745,#10498,#10753,.T.);
#10753 = LINE('',#10754,#10755);
#10754 = CARTESIAN_POINT('',(1.75,-6.E-02,0.615));
#10755 = VECTOR('',#10756,1.);
#10756 = DIRECTION('',(0.,0.707106781187,0.707106781187));
#10757 = PLANE('',#10758);
#10758 = AXIS2_PLACEMENT_3D('',#10759,#10760,#10761);
#10759 = CARTESIAN_POINT('',(1.75,-0.33,0.8));
#10760 = DIRECTION('',(1.,0.,0.));
#10761 = DIRECTION('',(-0.,1.,0.));
#10762 = ADVANCED_FACE('',(#10763),#10788,.F.);
#10763 = FACE_BOUND('',#10764,.T.);
#10764 = EDGE_LOOP('',(#10765,#10773,#10774,#10782));
#10765 = ORIENTED_EDGE('',*,*,#10766,.F.);
#10766 = EDGE_CURVE('',#10658,#10767,#10769,.T.);
#10767 = VERTEX_POINT('',#10768);
#10768 = CARTESIAN_POINT('',(1.58,0.29,0.35));
#10769 = LINE('',#10770,#10771);
#10770 = CARTESIAN_POINT('',(1.75,0.29,0.35));
#10771 = VECTOR('',#10772,1.);
#10772 = DIRECTION('',(-1.,0.,0.));
#10773 = ORIENTED_EDGE('',*,*,#10681,.T.);
#10774 = ORIENTED_EDGE('',*,*,#10775,.F.);
#10775 = EDGE_CURVE('',#10776,#10674,#10778,.T.);
#10776 = VERTEX_POINT('',#10777);
#10777 = CARTESIAN_POINT('',(1.58,0.29,-0.35));
#10778 = LINE('',#10779,#10780);
#10779 = CARTESIAN_POINT('',(1.58,0.29,-0.35));
#10780 = VECTOR('',#10781,1.);
#10781 = DIRECTION('',(1.,0.,0.));
#10782 = ORIENTED_EDGE('',*,*,#10783,.T.);
#10783 = EDGE_CURVE('',#10776,#10767,#10784,.T.);
#10784 = LINE('',#10785,#10786);
#10785 = CARTESIAN_POINT('',(1.58,0.29,-0.35));
#10786 = VECTOR('',#10787,1.);
#10787 = DIRECTION('',(0.,0.,1.));
#10788 = PLANE('',#10789);
#10789 = AXIS2_PLACEMENT_3D('',#10790,#10791,#10792);
#10790 = CARTESIAN_POINT('',(1.5,0.29,-1.));
#10791 = DIRECTION('',(0.,-1.,0.));
#10792 = DIRECTION('',(0.,0.,-1.));
#10793 = ADVANCED_FACE('',(#10794),#10920,.T.);
#10794 = FACE_BOUND('',#10795,.T.);
#10795 = EDGE_LOOP('',(#10796,#10797,#10805,#10811,#10812,#10818,#10819,
    #10825,#10826,#10834,#10842,#10850,#10858,#10864,#10865,#10866,
    #10874,#10882,#10888,#10889,#10895,#10896,#10897,#10898,#10906,
    #10914));
#10796 = ORIENTED_EDGE('',*,*,#5062,.T.);
#10797 = ORIENTED_EDGE('',*,*,#10798,.F.);
#10798 = EDGE_CURVE('',#10799,#5054,#10801,.T.);
#10799 = VERTEX_POINT('',#10800);
#10800 = CARTESIAN_POINT('',(1.58,-0.23,0.37));
#10801 = LINE('',#10802,#10803);
#10802 = CARTESIAN_POINT('',(1.58,-0.23,0.37));
#10803 = VECTOR('',#10804,1.);
#10804 = DIRECTION('',(0.,0.,1.));
#10805 = ORIENTED_EDGE('',*,*,#10806,.T.);
#10806 = EDGE_CURVE('',#10799,#4951,#10807,.T.);
#10807 = LINE('',#10808,#10809);
#10808 = CARTESIAN_POINT('',(1.58,-0.23,0.37));
#10809 = VECTOR('',#10810,1.);
#10810 = DIRECTION('',(0.,-1.,-5.689893001204E-13));
#10811 = ORIENTED_EDGE('',*,*,#4950,.T.);
#10812 = ORIENTED_EDGE('',*,*,#10813,.T.);
#10813 = EDGE_CURVE('',#4943,#10767,#10814,.T.);
#10814 = LINE('',#10815,#10816);
#10815 = CARTESIAN_POINT('',(1.58,-0.33,0.35));
#10816 = VECTOR('',#10817,1.);
#10817 = DIRECTION('',(0.,1.,0.));
#10818 = ORIENTED_EDGE('',*,*,#10783,.F.);
#10819 = ORIENTED_EDGE('',*,*,#10820,.F.);
#10820 = EDGE_CURVE('',#4919,#10776,#10821,.T.);
#10821 = LINE('',#10822,#10823);
#10822 = CARTESIAN_POINT('',(1.58,-0.33,-0.35));
#10823 = VECTOR('',#10824,1.);
#10824 = DIRECTION('',(0.,1.,0.));
#10825 = ORIENTED_EDGE('',*,*,#4918,.T.);
#10826 = ORIENTED_EDGE('',*,*,#10827,.T.);
#10827 = EDGE_CURVE('',#4911,#10828,#10830,.T.);
#10828 = VERTEX_POINT('',#10829);
#10829 = CARTESIAN_POINT('',(1.58,-0.23,-0.37));
#10830 = LINE('',#10831,#10832);
#10831 = CARTESIAN_POINT('',(1.58,-0.33,-0.37));
#10832 = VECTOR('',#10833,1.);
#10833 = DIRECTION('',(0.,1.,0.));
#10834 = ORIENTED_EDGE('',*,*,#10835,.F.);
#10835 = EDGE_CURVE('',#10836,#10828,#10838,.T.);
#10836 = VERTEX_POINT('',#10837);
#10837 = CARTESIAN_POINT('',(1.58,-0.23,-0.595));
#10838 = LINE('',#10839,#10840);
#10839 = CARTESIAN_POINT('',(1.58,-0.23,-0.595));
#10840 = VECTOR('',#10841,1.);
#10841 = DIRECTION('',(0.,0.,1.));
#10842 = ORIENTED_EDGE('',*,*,#10843,.T.);
#10843 = EDGE_CURVE('',#10836,#10844,#10846,.T.);
#10844 = VERTEX_POINT('',#10845);
#10845 = CARTESIAN_POINT('',(1.58,-3.5E-02,-0.595));
#10846 = LINE('',#10847,#10848);
#10847 = CARTESIAN_POINT('',(1.58,-0.23,-0.595));
#10848 = VECTOR('',#10849,1.);
#10849 = DIRECTION('',(0.,1.,0.));
#10850 = ORIENTED_EDGE('',*,*,#10851,.T.);
#10851 = EDGE_CURVE('',#10844,#10852,#10854,.T.);
#10852 = VERTEX_POINT('',#10853);
#10853 = CARTESIAN_POINT('',(1.58,-3.5E-02,-0.615));
#10854 = LINE('',#10855,#10856);
#10855 = CARTESIAN_POINT('',(1.58,-3.5E-02,-0.595));
#10856 = VECTOR('',#10857,1.);
#10857 = DIRECTION('',(0.,0.,-1.));
#10858 = ORIENTED_EDGE('',*,*,#10859,.F.);
#10859 = EDGE_CURVE('',#10625,#10852,#10860,.T.);
#10860 = LINE('',#10861,#10862);
#10861 = CARTESIAN_POINT('',(1.58,-6.E-02,-0.615));
#10862 = VECTOR('',#10863,1.);
#10863 = DIRECTION('',(0.,1.,0.));
#10864 = ORIENTED_EDGE('',*,*,#10624,.T.);
#10865 = ORIENTED_EDGE('',*,*,#10439,.T.);
#10866 = ORIENTED_EDGE('',*,*,#10867,.F.);
#10867 = EDGE_CURVE('',#10868,#10432,#10870,.T.);
#10868 = VERTEX_POINT('',#10869);
#10869 = CARTESIAN_POINT('',(1.58,2.E-02,-0.75));
#10870 = LINE('',#10871,#10872);
#10871 = CARTESIAN_POINT('',(1.58,2.E-02,-0.75));
#10872 = VECTOR('',#10873,1.);
#10873 = DIRECTION('',(0.,-1.,0.));
#10874 = ORIENTED_EDGE('',*,*,#10875,.T.);
#10875 = EDGE_CURVE('',#10868,#10876,#10878,.T.);
#10876 = VERTEX_POINT('',#10877);
#10877 = CARTESIAN_POINT('',(1.58,2.E-02,-0.97));
#10878 = LINE('',#10879,#10880);
#10879 = CARTESIAN_POINT('',(1.58,2.E-02,-0.75));
#10880 = VECTOR('',#10881,1.);
#10881 = DIRECTION('',(0.,0.,-1.));
#10882 = ORIENTED_EDGE('',*,*,#10883,.T.);
#10883 = EDGE_CURVE('',#10876,#6313,#10884,.T.);
#10884 = LINE('',#10885,#10886);
#10885 = CARTESIAN_POINT('',(1.58,2.E-02,-0.97));
#10886 = VECTOR('',#10887,1.);
#10887 = DIRECTION('',(0.,1.,0.));
#10888 = ORIENTED_EDGE('',*,*,#6312,.T.);
#10889 = ORIENTED_EDGE('',*,*,#10890,.T.);
#10890 = EDGE_CURVE('',#6305,#5293,#10891,.T.);
#10891 = LINE('',#10892,#10893);
#10892 = CARTESIAN_POINT('',(1.58,0.33,0.97));
#10893 = VECTOR('',#10894,1.);
#10894 = DIRECTION('',(0.,-1.,0.));
#10895 = ORIENTED_EDGE('',*,*,#5292,.T.);
#10896 = ORIENTED_EDGE('',*,*,#5236,.T.);
#10897 = ORIENTED_EDGE('',*,*,#10461,.T.);
#10898 = ORIENTED_EDGE('',*,*,#10899,.T.);
#10899 = EDGE_CURVE('',#10462,#10900,#10902,.T.);
#10900 = VERTEX_POINT('',#10901);
#10901 = CARTESIAN_POINT('',(1.58,-6.E-02,0.615));
#10902 = LINE('',#10903,#10904);
#10903 = CARTESIAN_POINT('',(1.58,-1.E-02,0.665));
#10904 = VECTOR('',#10905,1.);
#10905 = DIRECTION('',(0.,-0.707106781187,-0.707106781187));
#10906 = ORIENTED_EDGE('',*,*,#10907,.T.);
#10907 = EDGE_CURVE('',#10900,#10908,#10910,.T.);
#10908 = VERTEX_POINT('',#10909);
#10909 = CARTESIAN_POINT('',(1.58,-3.5E-02,0.615));
#10910 = LINE('',#10911,#10912);
#10911 = CARTESIAN_POINT('',(1.58,-6.E-02,0.615));
#10912 = VECTOR('',#10913,1.);
#10913 = DIRECTION('',(0.,1.,0.));
#10914 = ORIENTED_EDGE('',*,*,#10915,.T.);
#10915 = EDGE_CURVE('',#10908,#5063,#10916,.T.);
#10916 = LINE('',#10917,#10918);
#10917 = CARTESIAN_POINT('',(1.58,-3.5E-02,0.615));
#10918 = VECTOR('',#10919,1.);
#10919 = DIRECTION('',(0.,0.,-1.));
#10920 = PLANE('',#10921);
#10921 = AXIS2_PLACEMENT_3D('',#10922,#10923,#10924);
#10922 = CARTESIAN_POINT('',(1.58,0.33,0.));
#10923 = DIRECTION('',(1.,0.,0.));
#10924 = DIRECTION('',(-0.,1.,0.));
#10925 = ADVANCED_FACE('',(#10926),#10951,.T.);
#10926 = FACE_BOUND('',#10927,.T.);
#10927 = EDGE_LOOP('',(#10928,#10936,#10944,#10950));
#10928 = ORIENTED_EDGE('',*,*,#10929,.T.);
#10929 = EDGE_CURVE('',#6986,#10930,#10932,.T.);
#10930 = VERTEX_POINT('',#10931);
#10931 = CARTESIAN_POINT('',(1.22,-3.5E-02,0.19));
#10932 = LINE('',#10933,#10934);
#10933 = CARTESIAN_POINT('',(1.22,-3.5E-02,0.63));
#10934 = VECTOR('',#10935,1.);
#10935 = DIRECTION('',(0.,0.,-1.));
#10936 = ORIENTED_EDGE('',*,*,#10937,.F.);
#10937 = EDGE_CURVE('',#10938,#10930,#10940,.T.);
#10938 = VERTEX_POINT('',#10939);
#10939 = CARTESIAN_POINT('',(1.295,-3.5E-02,0.19));
#10940 = LINE('',#10941,#10942);
#10941 = CARTESIAN_POINT('',(1.295,-3.5E-02,0.19));
#10942 = VECTOR('',#10943,1.);
#10943 = DIRECTION('',(-1.,0.,0.));
#10944 = ORIENTED_EDGE('',*,*,#10945,.F.);
#10945 = EDGE_CURVE('',#6994,#10938,#10946,.T.);
#10946 = LINE('',#10947,#10948);
#10947 = CARTESIAN_POINT('',(1.295,-3.5E-02,0.63));
#10948 = VECTOR('',#10949,1.);
#10949 = DIRECTION('',(0.,0.,-1.));
#10950 = ORIENTED_EDGE('',*,*,#6993,.T.);
#10951 = PLANE('',#10952);
#10952 = AXIS2_PLACEMENT_3D('',#10953,#10954,#10955);
#10953 = CARTESIAN_POINT('',(1.58,-3.5E-02,0.75));
#10954 = DIRECTION('',(0.,-1.,0.));
#10955 = DIRECTION('',(0.,0.,-1.));
#10956 = ADVANCED_FACE('',(#10957),#10982,.T.);
#10957 = FACE_BOUND('',#10958,.T.);
#10958 = EDGE_LOOP('',(#10959,#10969,#10975,#10976));
#10959 = ORIENTED_EDGE('',*,*,#10960,.T.);
#10960 = EDGE_CURVE('',#10961,#10963,#10965,.T.);
#10961 = VERTEX_POINT('',#10962);
#10962 = CARTESIAN_POINT('',(1.295,-3.5E-02,-0.19));
#10963 = VERTEX_POINT('',#10964);
#10964 = CARTESIAN_POINT('',(1.22,-3.5E-02,-0.19));
#10965 = LINE('',#10966,#10967);
#10966 = CARTESIAN_POINT('',(1.295,-3.5E-02,-0.19));
#10967 = VECTOR('',#10968,1.);
#10968 = DIRECTION('',(-1.,0.,0.));
#10969 = ORIENTED_EDGE('',*,*,#10970,.T.);
#10970 = EDGE_CURVE('',#10963,#7522,#10971,.T.);
#10971 = LINE('',#10972,#10973);
#10972 = CARTESIAN_POINT('',(1.22,-3.5E-02,-0.19));
#10973 = VECTOR('',#10974,1.);
#10974 = DIRECTION('',(0.,0.,-1.));
#10975 = ORIENTED_EDGE('',*,*,#7521,.F.);
#10976 = ORIENTED_EDGE('',*,*,#10977,.F.);
#10977 = EDGE_CURVE('',#10961,#7514,#10978,.T.);
#10978 = LINE('',#10979,#10980);
#10979 = CARTESIAN_POINT('',(1.295,-3.5E-02,-0.19));
#10980 = VECTOR('',#10981,1.);
#10981 = DIRECTION('',(0.,0.,-1.));
#10982 = PLANE('',#10983);
#10983 = AXIS2_PLACEMENT_3D('',#10984,#10985,#10986);
#10984 = CARTESIAN_POINT('',(1.58,-3.5E-02,0.75));
#10985 = DIRECTION('',(0.,-1.,0.));
#10986 = DIRECTION('',(0.,0.,-1.));
#10987 = ADVANCED_FACE('',(#10988),#11004,.T.);
#10988 = FACE_BOUND('',#10989,.T.);
#10989 = EDGE_LOOP('',(#10990,#10991,#10997,#10998));
#10990 = ORIENTED_EDGE('',*,*,#10851,.F.);
#10991 = ORIENTED_EDGE('',*,*,#10992,.F.);
#10992 = EDGE_CURVE('',#5182,#10844,#10993,.T.);
#10993 = LINE('',#10994,#10995);
#10994 = CARTESIAN_POINT('',(1.5,-3.5E-02,-0.595));
#10995 = VECTOR('',#10996,1.);
#10996 = DIRECTION('',(1.,0.,0.));
#10997 = ORIENTED_EDGE('',*,*,#5181,.T.);
#10998 = ORIENTED_EDGE('',*,*,#10999,.T.);
#10999 = EDGE_CURVE('',#5174,#10852,#11000,.T.);
#11000 = LINE('',#11001,#11002);
#11001 = CARTESIAN_POINT('',(1.5,-3.5E-02,-0.615));
#11002 = VECTOR('',#11003,1.);
#11003 = DIRECTION('',(1.,0.,0.));
#11004 = PLANE('',#11005);
#11005 = AXIS2_PLACEMENT_3D('',#11006,#11007,#11008);
#11006 = CARTESIAN_POINT('',(1.58,-3.5E-02,0.75));
#11007 = DIRECTION('',(0.,-1.,0.));
#11008 = DIRECTION('',(0.,0.,-1.));
#11009 = ADVANCED_FACE('',(#11010),#11021,.T.);
#11010 = FACE_BOUND('',#11011,.T.);
#11011 = EDGE_LOOP('',(#11012,#11013,#11014,#11015));
#11012 = ORIENTED_EDGE('',*,*,#5205,.T.);
#11013 = ORIENTED_EDGE('',*,*,#5070,.T.);
#11014 = ORIENTED_EDGE('',*,*,#10915,.F.);
#11015 = ORIENTED_EDGE('',*,*,#11016,.F.);
#11016 = EDGE_CURVE('',#5206,#10908,#11017,.T.);
#11017 = LINE('',#11018,#11019);
#11018 = CARTESIAN_POINT('',(1.5,-3.5E-02,0.615));
#11019 = VECTOR('',#11020,1.);
#11020 = DIRECTION('',(1.,0.,0.));
#11021 = PLANE('',#11022);
#11022 = AXIS2_PLACEMENT_3D('',#11023,#11024,#11025);
#11023 = CARTESIAN_POINT('',(1.58,-3.5E-02,0.75));
#11024 = DIRECTION('',(0.,-1.,0.));
#11025 = DIRECTION('',(0.,0.,-1.));
#11026 = ADVANCED_FACE('',(#11027),#11038,.F.);
#11027 = FACE_BOUND('',#11028,.T.);
#11028 = EDGE_LOOP('',(#11029,#11035,#11036,#11037));
#11029 = ORIENTED_EDGE('',*,*,#11030,.F.);
#11030 = EDGE_CURVE('',#6533,#10938,#11031,.T.);
#11031 = LINE('',#11032,#11033);
#11032 = CARTESIAN_POINT('',(1.295,-0.15,0.19));
#11033 = VECTOR('',#11034,1.);
#11034 = DIRECTION('',(0.,1.,0.));
#11035 = ORIENTED_EDGE('',*,*,#6532,.F.);
#11036 = ORIENTED_EDGE('',*,*,#7001,.F.);
#11037 = ORIENTED_EDGE('',*,*,#10945,.T.);
#11038 = PLANE('',#11039);
#11039 = AXIS2_PLACEMENT_3D('',#11040,#11041,#11042);
#11040 = CARTESIAN_POINT('',(1.295,0.33,0.63));
#11041 = DIRECTION('',(1.,0.,0.));
#11042 = DIRECTION('',(-0.,1.,0.));
#11043 = ADVANCED_FACE('',(#11044),#11055,.F.);
#11044 = FACE_BOUND('',#11045,.T.);
#11045 = EDGE_LOOP('',(#11046,#11047,#11048,#11054));
#11046 = ORIENTED_EDGE('',*,*,#7513,.T.);
#11047 = ORIENTED_EDGE('',*,*,#6564,.F.);
#11048 = ORIENTED_EDGE('',*,*,#11049,.T.);
#11049 = EDGE_CURVE('',#6557,#10961,#11050,.T.);
#11050 = LINE('',#11051,#11052);
#11051 = CARTESIAN_POINT('',(1.295,-0.15,-0.19));
#11052 = VECTOR('',#11053,1.);
#11053 = DIRECTION('',(0.,1.,0.));
#11054 = ORIENTED_EDGE('',*,*,#10977,.T.);
#11055 = PLANE('',#11056);
#11056 = AXIS2_PLACEMENT_3D('',#11057,#11058,#11059);
#11057 = CARTESIAN_POINT('',(1.295,0.33,0.63));
#11058 = DIRECTION('',(1.,0.,0.));
#11059 = DIRECTION('',(-0.,1.,0.));
#11060 = ADVANCED_FACE('',(#11061),#11088,.T.);
#11061 = FACE_BOUND('',#11062,.T.);
#11062 = EDGE_LOOP('',(#11063,#11071,#11079,#11085,#11086,#11087));
#11063 = ORIENTED_EDGE('',*,*,#11064,.F.);
#11064 = EDGE_CURVE('',#11065,#10930,#11067,.T.);
#11065 = VERTEX_POINT('',#11066);
#11066 = CARTESIAN_POINT('',(1.22,0.15,0.19));
#11067 = LINE('',#11068,#11069);
#11068 = CARTESIAN_POINT('',(1.22,0.15,0.19));
#11069 = VECTOR('',#11070,1.);
#11070 = DIRECTION('',(0.,-1.,0.));
#11071 = ORIENTED_EDGE('',*,*,#11072,.F.);
#11072 = EDGE_CURVE('',#11073,#11065,#11075,.T.);
#11073 = VERTEX_POINT('',#11074);
#11074 = CARTESIAN_POINT('',(1.19,0.15,0.19));
#11075 = LINE('',#11076,#11077);
#11076 = CARTESIAN_POINT('',(1.19,0.15,0.19));
#11077 = VECTOR('',#11078,1.);
#11078 = DIRECTION('',(1.,0.,0.));
#11079 = ORIENTED_EDGE('',*,*,#11080,.F.);
#11080 = EDGE_CURVE('',#6541,#11073,#11081,.T.);
#11081 = LINE('',#11082,#11083);
#11082 = CARTESIAN_POINT('',(1.19,-0.15,0.19));
#11083 = VECTOR('',#11084,1.);
#11084 = DIRECTION('',(0.,1.,0.));
#11085 = ORIENTED_EDGE('',*,*,#6540,.F.);
#11086 = ORIENTED_EDGE('',*,*,#11030,.T.);
#11087 = ORIENTED_EDGE('',*,*,#10937,.T.);
#11088 = PLANE('',#11089);
#11089 = AXIS2_PLACEMENT_3D('',#11090,#11091,#11092);
#11090 = CARTESIAN_POINT('',(1.19,-0.15,0.19));
#11091 = DIRECTION('',(0.,0.,1.));
#11092 = DIRECTION('',(1.,0.,-0.));
#11093 = ADVANCED_FACE('',(#11094),#11112,.T.);
#11094 = FACE_BOUND('',#11095,.T.);
#11095 = EDGE_LOOP('',(#11096,#11097,#11105,#11111));
#11096 = ORIENTED_EDGE('',*,*,#11080,.T.);
#11097 = ORIENTED_EDGE('',*,*,#11098,.F.);
#11098 = EDGE_CURVE('',#11099,#11073,#11101,.T.);
#11099 = VERTEX_POINT('',#11100);
#11100 = CARTESIAN_POINT('',(1.19,0.15,-0.19));
#11101 = LINE('',#11102,#11103);
#11102 = CARTESIAN_POINT('',(1.19,0.15,-0.19));
#11103 = VECTOR('',#11104,1.);
#11104 = DIRECTION('',(0.,0.,1.));
#11105 = ORIENTED_EDGE('',*,*,#11106,.F.);
#11106 = EDGE_CURVE('',#6549,#11099,#11107,.T.);
#11107 = LINE('',#11108,#11109);
#11108 = CARTESIAN_POINT('',(1.19,-0.15,-0.19));
#11109 = VECTOR('',#11110,1.);
#11110 = DIRECTION('',(0.,1.,0.));
#11111 = ORIENTED_EDGE('',*,*,#6548,.T.);
#11112 = PLANE('',#11113);
#11113 = AXIS2_PLACEMENT_3D('',#11114,#11115,#11116);
#11114 = CARTESIAN_POINT('',(1.19,-0.15,-0.19));
#11115 = DIRECTION('',(-1.,0.,0.));
#11116 = DIRECTION('',(0.,0.,1.));
#11117 = ADVANCED_FACE('',(#11118),#11138,.T.);
#11118 = FACE_BOUND('',#11119,.T.);
#11119 = EDGE_LOOP('',(#11120,#11121,#11122,#11123,#11131,#11137));
#11120 = ORIENTED_EDGE('',*,*,#11049,.F.);
#11121 = ORIENTED_EDGE('',*,*,#6556,.T.);
#11122 = ORIENTED_EDGE('',*,*,#11106,.T.);
#11123 = ORIENTED_EDGE('',*,*,#11124,.F.);
#11124 = EDGE_CURVE('',#11125,#11099,#11127,.T.);
#11125 = VERTEX_POINT('',#11126);
#11126 = CARTESIAN_POINT('',(1.22,0.15,-0.19));
#11127 = LINE('',#11128,#11129);
#11128 = CARTESIAN_POINT('',(1.22,0.15,-0.19));
#11129 = VECTOR('',#11130,1.);
#11130 = DIRECTION('',(-1.,0.,0.));
#11131 = ORIENTED_EDGE('',*,*,#11132,.T.);
#11132 = EDGE_CURVE('',#11125,#10963,#11133,.T.);
#11133 = LINE('',#11134,#11135);
#11134 = CARTESIAN_POINT('',(1.22,0.15,-0.19));
#11135 = VECTOR('',#11136,1.);
#11136 = DIRECTION('',(0.,-1.,0.));
#11137 = ORIENTED_EDGE('',*,*,#10960,.F.);
#11138 = PLANE('',#11139);
#11139 = AXIS2_PLACEMENT_3D('',#11140,#11141,#11142);
#11140 = CARTESIAN_POINT('',(1.295,-0.15,-0.19));
#11141 = DIRECTION('',(0.,0.,-1.));
#11142 = DIRECTION('',(0.,-1.,0.));
#11143 = ADVANCED_FACE('',(#11144),#11164,.T.);
#11144 = FACE_BOUND('',#11145,.T.);
#11145 = EDGE_LOOP('',(#11146,#11152,#11153,#11154,#11155,#11161,#11162,
    #11163));
#11146 = ORIENTED_EDGE('',*,*,#11147,.T.);
#11147 = EDGE_CURVE('',#6977,#7530,#11148,.T.);
#11148 = LINE('',#11149,#11150);
#11149 = CARTESIAN_POINT('',(1.22,0.256572557763,0.63));
#11150 = VECTOR('',#11151,1.);
#11151 = DIRECTION('',(0.,0.,-1.));
#11152 = ORIENTED_EDGE('',*,*,#7529,.F.);
#11153 = ORIENTED_EDGE('',*,*,#10970,.F.);
#11154 = ORIENTED_EDGE('',*,*,#11132,.F.);
#11155 = ORIENTED_EDGE('',*,*,#11156,.F.);
#11156 = EDGE_CURVE('',#11065,#11125,#11157,.T.);
#11157 = LINE('',#11158,#11159);
#11158 = CARTESIAN_POINT('',(1.22,0.15,0.19));
#11159 = VECTOR('',#11160,1.);
#11160 = DIRECTION('',(0.,0.,-1.));
#11161 = ORIENTED_EDGE('',*,*,#11064,.T.);
#11162 = ORIENTED_EDGE('',*,*,#10929,.F.);
#11163 = ORIENTED_EDGE('',*,*,#6985,.T.);
#11164 = PLANE('',#11165);
#11165 = AXIS2_PLACEMENT_3D('',#11166,#11167,#11168);
#11166 = CARTESIAN_POINT('',(1.22,-3.5E-02,0.75));
#11167 = DIRECTION('',(-1.,0.,0.));
#11168 = DIRECTION('',(0.,0.,1.));
#11169 = ADVANCED_FACE('',(#11170),#11176,.T.);
#11170 = FACE_BOUND('',#11171,.T.);
#11171 = EDGE_LOOP('',(#11172,#11173,#11174,#11175));
#11172 = ORIENTED_EDGE('',*,*,#11124,.T.);
#11173 = ORIENTED_EDGE('',*,*,#11098,.T.);
#11174 = ORIENTED_EDGE('',*,*,#11072,.T.);
#11175 = ORIENTED_EDGE('',*,*,#11156,.T.);
#11176 = PLANE('',#11177);
#11177 = AXIS2_PLACEMENT_3D('',#11178,#11179,#11180);
#11178 = CARTESIAN_POINT('',(0.,0.15,0.));
#11179 = DIRECTION('',(-0.,1.,0.));
#11180 = DIRECTION('',(1.,0.,0.));
#11181 = ADVANCED_FACE('',(#11182),#11200,.T.);
#11182 = FACE_BOUND('',#11183,.T.);
#11183 = EDGE_LOOP('',(#11184,#11185,#11193,#11199));
#11184 = ORIENTED_EDGE('',*,*,#6711,.T.);
#11185 = ORIENTED_EDGE('',*,*,#11186,.T.);
#11186 = EDGE_CURVE('',#6704,#11187,#11189,.T.);
#11187 = VERTEX_POINT('',#11188);
#11188 = CARTESIAN_POINT('',(-1.19,0.15,-0.19));
#11189 = LINE('',#11190,#11191);
#11190 = CARTESIAN_POINT('',(-1.19,0.15,0.19));
#11191 = VECTOR('',#11192,1.);
#11192 = DIRECTION('',(0.,0.,-1.));
#11193 = ORIENTED_EDGE('',*,*,#11194,.T.);
#11194 = EDGE_CURVE('',#11187,#6814,#11195,.T.);
#11195 = LINE('',#11196,#11197);
#11196 = CARTESIAN_POINT('',(-1.19,0.15,-0.19));
#11197 = VECTOR('',#11198,1.);
#11198 = DIRECTION('',(-1.,0.,0.));
#11199 = ORIENTED_EDGE('',*,*,#6813,.F.);
#11200 = PLANE('',#11201);
#11201 = AXIS2_PLACEMENT_3D('',#11202,#11203,#11204);
#11202 = CARTESIAN_POINT('',(0.,0.15,0.));
#11203 = DIRECTION('',(-0.,1.,0.));
#11204 = DIRECTION('',(1.,0.,0.));
#11205 = ADVANCED_FACE('',(#11206),#11231,.T.);
#11206 = FACE_BOUND('',#11207,.T.);
#11207 = EDGE_LOOP('',(#11208,#11216,#11224,#11230));
#11208 = ORIENTED_EDGE('',*,*,#11209,.T.);
#11209 = EDGE_CURVE('',#6679,#11210,#11212,.T.);
#11210 = VERTEX_POINT('',#11211);
#11211 = CARTESIAN_POINT('',(-1.28,0.15,-0.19));
#11212 = LINE('',#11213,#11214);
#11213 = CARTESIAN_POINT('',(-1.28,0.15,0.19));
#11214 = VECTOR('',#11215,1.);
#11215 = DIRECTION('',(0.,0.,-1.));
#11216 = ORIENTED_EDGE('',*,*,#11217,.T.);
#11217 = EDGE_CURVE('',#11210,#11218,#11220,.T.);
#11218 = VERTEX_POINT('',#11219);
#11219 = CARTESIAN_POINT('',(-1.295,0.15,-0.19));
#11220 = LINE('',#11221,#11222);
#11221 = CARTESIAN_POINT('',(-1.28,0.15,-0.19));
#11222 = VECTOR('',#11223,1.);
#11223 = DIRECTION('',(-1.,0.,0.));
#11224 = ORIENTED_EDGE('',*,*,#11225,.F.);
#11225 = EDGE_CURVE('',#6689,#11218,#11226,.T.);
#11226 = LINE('',#11227,#11228);
#11227 = CARTESIAN_POINT('',(-1.295,0.15,0.19));
#11228 = VECTOR('',#11229,1.);
#11229 = DIRECTION('',(0.,0.,-1.));
#11230 = ORIENTED_EDGE('',*,*,#6688,.T.);
#11231 = PLANE('',#11232);
#11232 = AXIS2_PLACEMENT_3D('',#11233,#11234,#11235);
#11233 = CARTESIAN_POINT('',(0.,0.15,0.));
#11234 = DIRECTION('',(-0.,1.,0.));
#11235 = DIRECTION('',(1.,0.,0.));
#11236 = ADVANCED_FACE('',(#11237),#11262,.T.);
#11237 = FACE_BOUND('',#11238,.T.);
#11238 = EDGE_LOOP('',(#11239,#11240,#11241,#11247,#11248,#11254,#11255,
    #11261));
#11239 = ORIENTED_EDGE('',*,*,#6821,.F.);
#11240 = ORIENTED_EDGE('',*,*,#11194,.F.);
#11241 = ORIENTED_EDGE('',*,*,#11242,.F.);
#11242 = EDGE_CURVE('',#6589,#11187,#11243,.T.);
#11243 = LINE('',#11244,#11245);
#11244 = CARTESIAN_POINT('',(-1.19,-0.15,-0.19));
#11245 = VECTOR('',#11246,1.);
#11246 = DIRECTION('',(0.,1.,0.));
#11247 = ORIENTED_EDGE('',*,*,#6588,.F.);
#11248 = ORIENTED_EDGE('',*,*,#11249,.T.);
#11249 = EDGE_CURVE('',#6581,#11218,#11250,.T.);
#11250 = LINE('',#11251,#11252);
#11251 = CARTESIAN_POINT('',(-1.295,-0.15,-0.19));
#11252 = VECTOR('',#11253,1.);
#11253 = DIRECTION('',(0.,1.,0.));
#11254 = ORIENTED_EDGE('',*,*,#11217,.F.);
#11255 = ORIENTED_EDGE('',*,*,#11256,.T.);
#11256 = EDGE_CURVE('',#11210,#6773,#11257,.T.);
#11257 = LINE('',#11258,#11259);
#11258 = CARTESIAN_POINT('',(-1.28,0.15,-0.19));
#11259 = VECTOR('',#11260,1.);
#11260 = DIRECTION('',(0.,-1.,0.));
#11261 = ORIENTED_EDGE('',*,*,#6772,.T.);
#11262 = PLANE('',#11263);
#11263 = AXIS2_PLACEMENT_3D('',#11264,#11265,#11266);
#11264 = CARTESIAN_POINT('',(-1.19,-0.15,-0.19));
#11265 = DIRECTION('',(0.,0.,-1.));
#11266 = DIRECTION('',(0.,-1.,0.));
#11267 = ADVANCED_FACE('',(#11268),#11283,.F.);
#11268 = FACE_BOUND('',#11269,.T.);
#11269 = EDGE_LOOP('',(#11270,#11276,#11277,#11278,#11279,#11280,#11281,
    #11282));
#11270 = ORIENTED_EDGE('',*,*,#11271,.T.);
#11271 = EDGE_CURVE('',#7017,#7490,#11272,.T.);
#11272 = LINE('',#11273,#11274);
#11273 = CARTESIAN_POINT('',(-1.28,0.247667984057,0.63));
#11274 = VECTOR('',#11275,1.);
#11275 = DIRECTION('',(0.,0.,-1.));
#11276 = ORIENTED_EDGE('',*,*,#7489,.T.);
#11277 = ORIENTED_EDGE('',*,*,#6782,.F.);
#11278 = ORIENTED_EDGE('',*,*,#11256,.F.);
#11279 = ORIENTED_EDGE('',*,*,#11209,.F.);
#11280 = ORIENTED_EDGE('',*,*,#6678,.T.);
#11281 = ORIENTED_EDGE('',*,*,#6751,.F.);
#11282 = ORIENTED_EDGE('',*,*,#7025,.F.);
#11283 = PLANE('',#11284);
#11284 = AXIS2_PLACEMENT_3D('',#11285,#11286,#11287);
#11285 = CARTESIAN_POINT('',(-1.28,0.247667984057,0.75));
#11286 = DIRECTION('',(1.,0.,0.));
#11287 = DIRECTION('',(-0.,1.,0.));
#11288 = ADVANCED_FACE('',(#11289),#11300,.F.);
#11289 = FACE_BOUND('',#11290,.F.);
#11290 = EDGE_LOOP('',(#11291,#11297,#11298,#11299));
#11291 = ORIENTED_EDGE('',*,*,#11292,.T.);
#11292 = EDGE_CURVE('',#7498,#7009,#11293,.T.);
#11293 = LINE('',#11294,#11295);
#11294 = CARTESIAN_POINT('',(-1.295,0.278892974049,-0.63));
#11295 = VECTOR('',#11296,1.);
#11296 = DIRECTION('',(0.,0.,1.));
#11297 = ORIENTED_EDGE('',*,*,#7016,.F.);
#11298 = ORIENTED_EDGE('',*,*,#11271,.T.);
#11299 = ORIENTED_EDGE('',*,*,#7497,.T.);
#11300 = CYLINDRICAL_SURFACE('',#11301,4.E-02);
#11301 = AXIS2_PLACEMENT_3D('',#11302,#11303,#11304);
#11302 = CARTESIAN_POINT('',(-1.32,0.247667984057,0.75));
#11303 = DIRECTION('',(0.,0.,-1.));
#11304 = DIRECTION('',(1.,0.,0.));
#11305 = ADVANCED_FACE('',(#11306),#11316,.F.);
#11306 = FACE_BOUND('',#11307,.T.);
#11307 = EDGE_LOOP('',(#11308,#11309,#11310,#11311,#11312,#11313,#11314,
    #11315));
#11308 = ORIENTED_EDGE('',*,*,#11292,.T.);
#11309 = ORIENTED_EDGE('',*,*,#7008,.T.);
#11310 = ORIENTED_EDGE('',*,*,#6514,.F.);
#11311 = ORIENTED_EDGE('',*,*,#6696,.T.);
#11312 = ORIENTED_EDGE('',*,*,#11225,.T.);
#11313 = ORIENTED_EDGE('',*,*,#11249,.F.);
#11314 = ORIENTED_EDGE('',*,*,#6580,.F.);
#11315 = ORIENTED_EDGE('',*,*,#7506,.F.);
#11316 = PLANE('',#11317);
#11317 = AXIS2_PLACEMENT_3D('',#11318,#11319,#11320);
#11318 = CARTESIAN_POINT('',(-1.295,0.33,-0.63));
#11319 = DIRECTION('',(-1.,0.,0.));
#11320 = DIRECTION('',(0.,0.,1.));
#11321 = ADVANCED_FACE('',(#11322),#11328,.T.);
#11322 = FACE_BOUND('',#11323,.T.);
#11323 = EDGE_LOOP('',(#11324,#11325,#11326,#11327));
#11324 = ORIENTED_EDGE('',*,*,#11242,.T.);
#11325 = ORIENTED_EDGE('',*,*,#11186,.F.);
#11326 = ORIENTED_EDGE('',*,*,#6703,.F.);
#11327 = ORIENTED_EDGE('',*,*,#6596,.T.);
#11328 = PLANE('',#11329);
#11329 = AXIS2_PLACEMENT_3D('',#11330,#11331,#11332);
#11330 = CARTESIAN_POINT('',(-1.19,-0.15,0.19));
#11331 = DIRECTION('',(1.,0.,0.));
#11332 = DIRECTION('',(-0.,1.,0.));
#11333 = ADVANCED_FACE('',(#11334),#11365,.T.);
#11334 = FACE_BOUND('',#11335,.T.);
#11335 = EDGE_LOOP('',(#11336,#11345,#11353,#11360,#11361,#11362,#11363,
    #11364));
#11336 = ORIENTED_EDGE('',*,*,#11337,.T.);
#11337 = EDGE_CURVE('',#6257,#11338,#11340,.T.);
#11338 = VERTEX_POINT('',#11339);
#11339 = CARTESIAN_POINT('',(1.291191602831,0.36619801268,0.649577179564
    ));
#11340 = B_SPLINE_CURVE_WITH_KNOTS('',3,(#11341,#11342,#11343,#11344),
  .UNSPECIFIED.,.F.,.F.,(4,4),(0.,1.),.PIECEWISE_BEZIER_KNOTS.);
#11341 = CARTESIAN_POINT('',(1.245087352126,0.33,0.610994522148));
#11342 = CARTESIAN_POINT('',(1.258158706184,0.346896092076,0.62193337416
    ));
#11343 = CARTESIAN_POINT('',(1.273773611425,0.358443023266,
    0.635000814369));
#11344 = CARTESIAN_POINT('',(1.291191602831,0.36619801268,0.649577179564
    ));
#11345 = ORIENTED_EDGE('',*,*,#11346,.T.);
#11346 = EDGE_CURVE('',#11338,#11347,#11349,.T.);
#11347 = VERTEX_POINT('',#11348);
#11348 = CARTESIAN_POINT('',(1.291191602831,0.36619801268,
    -0.649577179564));
#11349 = LINE('',#11350,#11351);
#11350 = CARTESIAN_POINT('',(1.291191602831,0.36619801268,0.649577179564
    ));
#11351 = VECTOR('',#11352,1.);
#11352 = DIRECTION('',(0.,0.,-1.));
#11353 = ORIENTED_EDGE('',*,*,#11354,.F.);
#11354 = EDGE_CURVE('',#6226,#11347,#11355,.T.);
#11355 = B_SPLINE_CURVE_WITH_KNOTS('',3,(#11356,#11357,#11358,#11359),
  .UNSPECIFIED.,.F.,.F.,(4,4),(0.,1.),.PIECEWISE_BEZIER_KNOTS.);
#11356 = CARTESIAN_POINT('',(1.245087352126,0.33,-0.610994522148));
#11357 = CARTESIAN_POINT('',(1.258158706184,0.346896092076,
    -0.62193337416));
#11358 = CARTESIAN_POINT('',(1.273773611425,0.358443023266,
    -0.635000814369));
#11359 = CARTESIAN_POINT('',(1.291191602831,0.36619801268,
    -0.649577179564));
#11360 = ORIENTED_EDGE('',*,*,#6225,.T.);
#11361 = ORIENTED_EDGE('',*,*,#7537,.F.);
#11362 = ORIENTED_EDGE('',*,*,#11147,.F.);
#11363 = ORIENTED_EDGE('',*,*,#6976,.T.);
#11364 = ORIENTED_EDGE('',*,*,#6264,.T.);
#11365 = CYLINDRICAL_SURFACE('',#11366,0.12);
#11366 = AXIS2_PLACEMENT_3D('',#11367,#11368,#11369);
#11367 = CARTESIAN_POINT('',(1.34,0.256572557763,0.75));
#11368 = DIRECTION('',(0.,0.,1.));
#11369 = DIRECTION('',(-1.,0.,0.));
#11370 = ADVANCED_FACE('',(#11371),#11389,.F.);
#11371 = FACE_BOUND('',#11372,.T.);
#11372 = EDGE_LOOP('',(#11373,#11374,#11375,#11383));
#11373 = ORIENTED_EDGE('',*,*,#6233,.F.);
#11374 = ORIENTED_EDGE('',*,*,#11354,.T.);
#11375 = ORIENTED_EDGE('',*,*,#11376,.T.);
#11376 = EDGE_CURVE('',#11347,#11377,#11379,.T.);
#11377 = VERTEX_POINT('',#11378);
#11378 = CARTESIAN_POINT('',(1.411191602831,0.419625454917,-0.75));
#11379 = LINE('',#11380,#11381);
#11380 = CARTESIAN_POINT('',(1.291191602831,0.36619801268,
    -0.649577179564));
#11381 = VECTOR('',#11382,1.);
#11382 = DIRECTION('',(0.725751716034,0.32312548239,-0.607350285505));
#11383 = ORIENTED_EDGE('',*,*,#11384,.F.);
#11384 = EDGE_CURVE('',#6234,#11377,#11385,.T.);
#11385 = LINE('',#11386,#11387);
#11386 = CARTESIAN_POINT('',(1.411191602831,0.33,-0.75));
#11387 = VECTOR('',#11388,1.);
#11388 = DIRECTION('',(0.,1.,0.));
#11389 = PLANE('',#11390);
#11390 = AXIS2_PLACEMENT_3D('',#11391,#11392,#11393);
#11391 = CARTESIAN_POINT('',(1.22,0.33,-0.59));
#11392 = DIRECTION('',(0.641777727204,0.,0.766890702033));
#11393 = DIRECTION('',(0.,-1.,0.));
#11394 = ADVANCED_FACE('',(#11395),#11406,.T.);
#11395 = FACE_BOUND('',#11396,.T.);
#11396 = EDGE_LOOP('',(#11397,#11403,#11404,#11405));
#11397 = ORIENTED_EDGE('',*,*,#11398,.T.);
#11398 = EDGE_CURVE('',#5136,#10868,#11399,.T.);
#11399 = LINE('',#11400,#11401);
#11400 = CARTESIAN_POINT('',(1.5,2.E-02,-0.75));
#11401 = VECTOR('',#11402,1.);
#11402 = DIRECTION('',(1.,0.,0.));
#11403 = ORIENTED_EDGE('',*,*,#10867,.T.);
#11404 = ORIENTED_EDGE('',*,*,#10431,.T.);
#11405 = ORIENTED_EDGE('',*,*,#5143,.F.);
#11406 = PLANE('',#11407);
#11407 = AXIS2_PLACEMENT_3D('',#11408,#11409,#11410);
#11408 = CARTESIAN_POINT('',(0.,0.,-0.75));
#11409 = DIRECTION('',(0.,0.,-1.));
#11410 = DIRECTION('',(0.,-1.,0.));
#11411 = ADVANCED_FACE('',(#11412),#11423,.T.);
#11412 = FACE_BOUND('',#11413,.T.);
#11413 = EDGE_LOOP('',(#11414,#11421,#11422));
#11414 = ORIENTED_EDGE('',*,*,#11415,.T.);
#11415 = EDGE_CURVE('',#11377,#6242,#11416,.T.);
#11416 = CIRCLE('',#11417,0.12);
#11417 = AXIS2_PLACEMENT_3D('',#11418,#11419,#11420);
#11418 = CARTESIAN_POINT('',(1.46,0.31,-0.75));
#11419 = DIRECTION('',(0.,0.,-1.));
#11420 = DIRECTION('',(-0.406736643076,0.913545457643,0.));
#11421 = ORIENTED_EDGE('',*,*,#6241,.T.);
#11422 = ORIENTED_EDGE('',*,*,#11384,.T.);
#11423 = PLANE('',#11424);
#11424 = AXIS2_PLACEMENT_3D('',#11425,#11426,#11427);
#11425 = CARTESIAN_POINT('',(0.,0.,-0.75));
#11426 = DIRECTION('',(0.,0.,-1.));
#11427 = DIRECTION('',(0.,-1.,0.));
#11428 = ADVANCED_FACE('',(#11429),#11456,.T.);
#11429 = FACE_BOUND('',#11430,.T.);
#11430 = EDGE_LOOP('',(#11431,#11432,#11433,#11434,#11442,#11450));
#11431 = ORIENTED_EDGE('',*,*,#10875,.F.);
#11432 = ORIENTED_EDGE('',*,*,#11398,.F.);
#11433 = ORIENTED_EDGE('',*,*,#5133,.F.);
#11434 = ORIENTED_EDGE('',*,*,#11435,.T.);
#11435 = EDGE_CURVE('',#5134,#11436,#11438,.T.);
#11436 = VERTEX_POINT('',#11437);
#11437 = CARTESIAN_POINT('',(1.246209542351,2.E-02,-0.88));
#11438 = LINE('',#11439,#11440);
#11439 = CARTESIAN_POINT('',(1.5,2.E-02,-0.88));
#11440 = VECTOR('',#11441,1.);
#11441 = DIRECTION('',(-1.,0.,0.));
#11442 = ORIENTED_EDGE('',*,*,#11443,.T.);
#11443 = EDGE_CURVE('',#11436,#11444,#11446,.T.);
#11444 = VERTEX_POINT('',#11445);
#11445 = CARTESIAN_POINT('',(1.246209542351,2.E-02,-0.97));
#11446 = LINE('',#11447,#11448);
#11447 = CARTESIAN_POINT('',(1.246209542351,2.E-02,-0.88));
#11448 = VECTOR('',#11449,1.);
#11449 = DIRECTION('',(0.,0.,-1.));
#11450 = ORIENTED_EDGE('',*,*,#11451,.T.);
#11451 = EDGE_CURVE('',#11444,#10876,#11452,.T.);
#11452 = LINE('',#11453,#11454);
#11453 = CARTESIAN_POINT('',(1.246209542351,2.E-02,-0.97));
#11454 = VECTOR('',#11455,1.);
#11455 = DIRECTION('',(1.,0.,0.));
#11456 = PLANE('',#11457);
#11457 = AXIS2_PLACEMENT_3D('',#11458,#11459,#11460);
#11458 = CARTESIAN_POINT('',(1.5,2.E-02,-0.635));
#11459 = DIRECTION('',(0.,-1.,0.));
#11460 = DIRECTION('',(0.,0.,-1.));
#11461 = ADVANCED_FACE('',(#11462),#11588,.T.);
#11462 = FACE_BOUND('',#11463,.T.);
#11463 = EDGE_LOOP('',(#11464,#11465,#11466,#11475,#11483,#11492,#11500,
    #11508,#11516,#11524,#11532,#11541,#11549,#11558,#11564,#11565,
    #11573,#11581,#11587));
#11464 = ORIENTED_EDGE('',*,*,#10883,.F.);
#11465 = ORIENTED_EDGE('',*,*,#11451,.F.);
#11466 = ORIENTED_EDGE('',*,*,#11467,.F.);
#11467 = EDGE_CURVE('',#11468,#11444,#11470,.T.);
#11468 = VERTEX_POINT('',#11469);
#11469 = CARTESIAN_POINT('',(1.177929076513,-6.939901553669E-03,-0.97));
#11470 = CIRCLE('',#11471,0.1);
#11471 = AXIS2_PLACEMENT_3D('',#11472,#11473,#11474);
#11472 = CARTESIAN_POINT('',(1.246209542351,-8.E-02,-0.97));
#11473 = DIRECTION('',(0.,0.,-1.));
#11474 = DIRECTION('',(-0.682804658377,0.730600984463,0.));
#11475 = ORIENTED_EDGE('',*,*,#11476,.F.);
#11476 = EDGE_CURVE('',#11477,#11468,#11479,.T.);
#11477 = VERTEX_POINT('',#11478);
#11478 = CARTESIAN_POINT('',(1.032280465838,-0.143060098446,-0.97));
#11479 = LINE('',#11480,#11481);
#11480 = CARTESIAN_POINT('',(1.032280465838,-0.143060098446,-0.97));
#11481 = VECTOR('',#11482,1.);
#11482 = DIRECTION('',(0.730600984463,0.682804658377,0.));
#11483 = ORIENTED_EDGE('',*,*,#11484,.F.);
#11484 = EDGE_CURVE('',#11485,#11477,#11487,.T.);
#11485 = VERTEX_POINT('',#11486);
#11486 = CARTESIAN_POINT('',(0.964,-0.17,-0.97));
#11487 = CIRCLE('',#11488,0.1);
#11488 = AXIS2_PLACEMENT_3D('',#11489,#11490,#11491);
#11489 = CARTESIAN_POINT('',(0.964,-7.E-02,-0.97));
#11490 = DIRECTION('',(0.,0.,1.));
#11491 = DIRECTION('',(0.,-1.,0.));
#11492 = ORIENTED_EDGE('',*,*,#11493,.F.);
#11493 = EDGE_CURVE('',#11494,#11485,#11496,.T.);
#11494 = VERTEX_POINT('',#11495);
#11495 = CARTESIAN_POINT('',(0.67,-0.17,-0.97));
#11496 = LINE('',#11497,#11498);
#11497 = CARTESIAN_POINT('',(0.67,-0.17,-0.97));
#11498 = VECTOR('',#11499,1.);
#11499 = DIRECTION('',(1.,0.,0.));
#11500 = ORIENTED_EDGE('',*,*,#11501,.F.);
#11501 = EDGE_CURVE('',#11502,#11494,#11504,.T.);
#11502 = VERTEX_POINT('',#11503);
#11503 = CARTESIAN_POINT('',(0.62,-0.12,-0.97));
#11504 = LINE('',#11505,#11506);
#11505 = CARTESIAN_POINT('',(0.62,-0.12,-0.97));
#11506 = VECTOR('',#11507,1.);
#11507 = DIRECTION('',(0.707106781187,-0.707106781186,0.));
#11508 = ORIENTED_EDGE('',*,*,#11509,.F.);
#11509 = EDGE_CURVE('',#11510,#11502,#11512,.T.);
#11510 = VERTEX_POINT('',#11511);
#11511 = CARTESIAN_POINT('',(0.62,0.21,-0.97));
#11512 = LINE('',#11513,#11514);
#11513 = CARTESIAN_POINT('',(0.62,0.21,-0.97));
#11514 = VECTOR('',#11515,1.);
#11515 = DIRECTION('',(0.,-1.,0.));
#11516 = ORIENTED_EDGE('',*,*,#11517,.F.);
#11517 = EDGE_CURVE('',#11518,#11510,#11520,.T.);
#11518 = VERTEX_POINT('',#11519);
#11519 = CARTESIAN_POINT('',(0.795,0.21,-0.97));
#11520 = LINE('',#11521,#11522);
#11521 = CARTESIAN_POINT('',(0.795,0.21,-0.97));
#11522 = VECTOR('',#11523,1.);
#11523 = DIRECTION('',(-1.,1.586032892322E-14,0.));
#11524 = ORIENTED_EDGE('',*,*,#11525,.F.);
#11525 = EDGE_CURVE('',#11526,#11518,#11528,.T.);
#11526 = VERTEX_POINT('',#11527);
#11527 = CARTESIAN_POINT('',(0.795,0.17,-0.97));
#11528 = LINE('',#11529,#11530);
#11529 = CARTESIAN_POINT('',(0.795,0.17,-0.97));
#11530 = VECTOR('',#11531,1.);
#11531 = DIRECTION('',(0.,1.,0.));
#11532 = ORIENTED_EDGE('',*,*,#11533,.F.);
#11533 = EDGE_CURVE('',#11534,#11526,#11536,.T.);
#11534 = VERTEX_POINT('',#11535);
#11535 = CARTESIAN_POINT('',(0.835,0.13,-0.97));
#11536 = CIRCLE('',#11537,4.E-02);
#11537 = AXIS2_PLACEMENT_3D('',#11538,#11539,#11540);
#11538 = CARTESIAN_POINT('',(0.835,0.17,-0.97));
#11539 = DIRECTION('',(0.,0.,-1.));
#11540 = DIRECTION('',(0.,-1.,0.));
#11541 = ORIENTED_EDGE('',*,*,#11542,.F.);
#11542 = EDGE_CURVE('',#11543,#11534,#11545,.T.);
#11543 = VERTEX_POINT('',#11544);
#11544 = CARTESIAN_POINT('',(0.90021809153,0.13,-0.97));
#11545 = LINE('',#11546,#11547);
#11546 = CARTESIAN_POINT('',(0.90021809153,0.13,-0.97));
#11547 = VECTOR('',#11548,1.);
#11548 = DIRECTION('',(-1.,0.,0.));
#11549 = ORIENTED_EDGE('',*,*,#11550,.F.);
#11550 = EDGE_CURVE('',#11551,#11543,#11553,.T.);
#11551 = VERTEX_POINT('',#11552);
#11552 = CARTESIAN_POINT('',(0.927530277865,0.140775960621,-0.97));
#11553 = CIRCLE('',#11554,4.E-02);
#11554 = AXIS2_PLACEMENT_3D('',#11555,#11556,#11557);
#11555 = CARTESIAN_POINT('',(0.90021809153,0.17,-0.97));
#11556 = DIRECTION('',(0.,0.,-1.));
#11557 = DIRECTION('',(0.682804658377,-0.730600984463,0.));
#11558 = ORIENTED_EDGE('',*,*,#11559,.F.);
#11559 = EDGE_CURVE('',#9896,#11551,#11560,.T.);
#11560 = LINE('',#11561,#11562);
#11561 = CARTESIAN_POINT('',(1.13,0.33,-0.97));
#11562 = VECTOR('',#11563,1.);
#11563 = DIRECTION('',(-0.730600984463,-0.682804658377,0.));
#11564 = ORIENTED_EDGE('',*,*,#9895,.T.);
#11565 = ORIENTED_EDGE('',*,*,#11566,.T.);
#11566 = EDGE_CURVE('',#9888,#11567,#11569,.T.);
#11567 = VERTEX_POINT('',#11568);
#11568 = CARTESIAN_POINT('',(1.12,0.43,-0.97));
#11569 = LINE('',#11570,#11571);
#11570 = CARTESIAN_POINT('',(1.12,0.33,-0.97));
#11571 = VECTOR('',#11572,1.);
#11572 = DIRECTION('',(0.,1.,0.));
#11573 = ORIENTED_EDGE('',*,*,#11574,.F.);
#11574 = EDGE_CURVE('',#11575,#11567,#11577,.T.);
#11575 = VERTEX_POINT('',#11576);
#11576 = CARTESIAN_POINT('',(1.37,0.43,-0.97));
#11577 = LINE('',#11578,#11579);
#11578 = CARTESIAN_POINT('',(1.37,0.43,-0.97));
#11579 = VECTOR('',#11580,1.);
#11580 = DIRECTION('',(-1.,0.,0.));
#11581 = ORIENTED_EDGE('',*,*,#11582,.F.);
#11582 = EDGE_CURVE('',#6321,#11575,#11583,.T.);
#11583 = LINE('',#11584,#11585);
#11584 = CARTESIAN_POINT('',(1.37,0.33,-0.97));
#11585 = VECTOR('',#11586,1.);
#11586 = DIRECTION('',(0.,1.,0.));
#11587 = ORIENTED_EDGE('',*,*,#6320,.F.);
#11588 = PLANE('',#11589);
#11589 = AXIS2_PLACEMENT_3D('',#11590,#11591,#11592);
#11590 = CARTESIAN_POINT('',(1.5,2.E-02,-0.97));
#11591 = DIRECTION('',(0.,0.,-1.));
#11592 = DIRECTION('',(0.,-1.,0.));
#11593 = ADVANCED_FACE('',(#11594),#11612,.T.);
#11594 = FACE_BOUND('',#11595,.T.);
#11595 = EDGE_LOOP('',(#11596,#11597,#11605,#11611));
#11596 = ORIENTED_EDGE('',*,*,#11582,.T.);
#11597 = ORIENTED_EDGE('',*,*,#11598,.F.);
#11598 = EDGE_CURVE('',#11599,#11575,#11601,.T.);
#11599 = VERTEX_POINT('',#11600);
#11600 = CARTESIAN_POINT('',(1.2203,0.43,-0.787));
#11601 = LINE('',#11602,#11603);
#11602 = CARTESIAN_POINT('',(1.2203,0.43,-0.787));
#11603 = VECTOR('',#11604,1.);
#11604 = DIRECTION('',(0.633168690573,0.,-0.774013830159));
#11605 = ORIENTED_EDGE('',*,*,#11606,.F.);
#11606 = EDGE_CURVE('',#6329,#11599,#11607,.T.);
#11607 = LINE('',#11608,#11609);
#11608 = CARTESIAN_POINT('',(1.2203,0.33,-0.787));
#11609 = VECTOR('',#11610,1.);
#11610 = DIRECTION('',(0.,1.,0.));
#11611 = ORIENTED_EDGE('',*,*,#6328,.T.);
#11612 = PLANE('',#11613);
#11613 = AXIS2_PLACEMENT_3D('',#11614,#11615,#11616);
#11614 = CARTESIAN_POINT('',(1.2203,0.33,-0.787));
#11615 = DIRECTION('',(0.774013830159,0.,0.633168690573));
#11616 = DIRECTION('',(0.,-1.,0.));
#11617 = ADVANCED_FACE('',(#11618),#11637,.T.);
#11618 = FACE_BOUND('',#11619,.T.);
#11619 = EDGE_LOOP('',(#11620,#11621,#11622,#11630));
#11620 = ORIENTED_EDGE('',*,*,#6336,.T.);
#11621 = ORIENTED_EDGE('',*,*,#11606,.T.);
#11622 = ORIENTED_EDGE('',*,*,#11623,.F.);
#11623 = EDGE_CURVE('',#11624,#11599,#11626,.T.);
#11624 = VERTEX_POINT('',#11625);
#11625 = CARTESIAN_POINT('',(1.2203,0.43,-0.75));
#11626 = LINE('',#11627,#11628);
#11627 = CARTESIAN_POINT('',(1.2203,0.43,-0.75));
#11628 = VECTOR('',#11629,1.);
#11629 = DIRECTION('',(0.,0.,-1.));
#11630 = ORIENTED_EDGE('',*,*,#11631,.T.);
#11631 = EDGE_CURVE('',#11624,#6210,#11632,.T.);
#11632 = CIRCLE('',#11633,0.12);
#11633 = AXIS2_PLACEMENT_3D('',#11634,#11635,#11636);
#11634 = CARTESIAN_POINT('',(1.2203,0.31,-0.75));
#11635 = DIRECTION('',(1.,0.,0.));
#11636 = DIRECTION('',(-0.,1.,0.));
#11637 = PLANE('',#11638);
#11638 = AXIS2_PLACEMENT_3D('',#11639,#11640,#11641);
#11639 = CARTESIAN_POINT('',(1.2203,0.33,-0.63));
#11640 = DIRECTION('',(1.,0.,0.));
#11641 = DIRECTION('',(-0.,1.,0.));
#11642 = ADVANCED_FACE('',(#11643),#11676,.T.);
#11643 = FACE_BOUND('',#11644,.T.);
#11644 = EDGE_LOOP('',(#11645,#11646,#11653,#11654,#11662,#11669));
#11645 = ORIENTED_EDGE('',*,*,#7553,.T.);
#11646 = ORIENTED_EDGE('',*,*,#11647,.F.);
#11647 = EDGE_CURVE('',#6210,#7546,#11648,.T.);
#11648 = CIRCLE('',#11649,0.12);
#11649 = AXIS2_PLACEMENT_3D('',#11650,#11651,#11652);
#11650 = CARTESIAN_POINT('',(1.2203,0.31,-0.75));
#11651 = DIRECTION('',(1.,0.,-0.));
#11652 = DIRECTION('',(0.,0.166666666667,0.986013297183));
#11653 = ORIENTED_EDGE('',*,*,#11631,.F.);
#11654 = ORIENTED_EDGE('',*,*,#11655,.F.);
#11655 = EDGE_CURVE('',#11656,#11624,#11658,.T.);
#11656 = VERTEX_POINT('',#11657);
#11657 = CARTESIAN_POINT('',(0.9303,0.43,-0.75));
#11658 = LINE('',#11659,#11660);
#11659 = CARTESIAN_POINT('',(0.9303,0.43,-0.75));
#11660 = VECTOR('',#11661,1.);
#11661 = DIRECTION('',(1.,0.,0.));
#11662 = ORIENTED_EDGE('',*,*,#11663,.F.);
#11663 = EDGE_CURVE('',#6186,#11656,#11664,.T.);
#11664 = CIRCLE('',#11665,0.12);
#11665 = AXIS2_PLACEMENT_3D('',#11666,#11667,#11668);
#11666 = CARTESIAN_POINT('',(0.9303,0.31,-0.75));
#11667 = DIRECTION('',(-1.,0.,0.));
#11668 = DIRECTION('',(0.,0.166666666667,0.986013297183));
#11669 = ORIENTED_EDGE('',*,*,#11670,.F.);
#11670 = EDGE_CURVE('',#7554,#6186,#11671,.T.);
#11671 = CIRCLE('',#11672,0.12);
#11672 = AXIS2_PLACEMENT_3D('',#11673,#11674,#11675);
#11673 = CARTESIAN_POINT('',(0.9303,0.31,-0.75));
#11674 = DIRECTION('',(-1.,0.,0.));
#11675 = DIRECTION('',(0.,0.,1.));
#11676 = CYLINDRICAL_SURFACE('',#11677,0.12);
#11677 = AXIS2_PLACEMENT_3D('',#11678,#11679,#11680);
#11678 = CARTESIAN_POINT('',(-6.3126,0.31,-0.75));
#11679 = DIRECTION('',(-1.,0.,0.));
#11680 = DIRECTION('',(0.,1.,0.));
#11681 = ADVANCED_FACE('',(#11682),#11687,.F.);
#11682 = FACE_BOUND('',#11683,.T.);
#11683 = EDGE_LOOP('',(#11684,#11685,#11686));
#11684 = ORIENTED_EDGE('',*,*,#6185,.T.);
#11685 = ORIENTED_EDGE('',*,*,#7561,.F.);
#11686 = ORIENTED_EDGE('',*,*,#11670,.T.);
#11687 = PLANE('',#11688);
#11688 = AXIS2_PLACEMENT_3D('',#11689,#11690,#11691);
#11689 = CARTESIAN_POINT('',(0.9303,0.33,-0.7897));
#11690 = DIRECTION('',(-1.,0.,0.));
#11691 = DIRECTION('',(0.,0.,1.));
#11692 = ADVANCED_FACE('',(#11693),#11711,.T.);
#11693 = FACE_BOUND('',#11694,.T.);
#11694 = EDGE_LOOP('',(#11695,#11703,#11709,#11710));
#11695 = ORIENTED_EDGE('',*,*,#11696,.F.);
#11696 = EDGE_CURVE('',#11697,#11656,#11699,.T.);
#11697 = VERTEX_POINT('',#11698);
#11698 = CARTESIAN_POINT('',(0.9303,0.43,-0.7897));
#11699 = LINE('',#11700,#11701);
#11700 = CARTESIAN_POINT('',(0.9303,0.43,-0.7897));
#11701 = VECTOR('',#11702,1.);
#11702 = DIRECTION('',(0.,0.,1.));
#11703 = ORIENTED_EDGE('',*,*,#11704,.F.);
#11704 = EDGE_CURVE('',#6154,#11697,#11705,.T.);
#11705 = LINE('',#11706,#11707);
#11706 = CARTESIAN_POINT('',(0.9303,0.33,-0.7897));
#11707 = VECTOR('',#11708,1.);
#11708 = DIRECTION('',(0.,1.,0.));
#11709 = ORIENTED_EDGE('',*,*,#6193,.T.);
#11710 = ORIENTED_EDGE('',*,*,#11663,.T.);
#11711 = PLANE('',#11712);
#11712 = AXIS2_PLACEMENT_3D('',#11713,#11714,#11715);
#11713 = CARTESIAN_POINT('',(0.9303,0.33,-0.7897));
#11714 = DIRECTION('',(-1.,0.,0.));
#11715 = DIRECTION('',(0.,0.,1.));
#11716 = ADVANCED_FACE('',(#11717),#11729,.T.);
#11717 = FACE_BOUND('',#11718,.T.);
#11718 = EDGE_LOOP('',(#11719,#11720,#11726,#11727,#11728));
#11719 = ORIENTED_EDGE('',*,*,#11704,.T.);
#11720 = ORIENTED_EDGE('',*,*,#11721,.F.);
#11721 = EDGE_CURVE('',#11567,#11697,#11722,.T.);
#11722 = LINE('',#11723,#11724);
#11723 = CARTESIAN_POINT('',(1.12,0.43,-0.97));
#11724 = VECTOR('',#11725,1.);
#11725 = DIRECTION('',(-0.724837235836,0.,0.688920156147));
#11726 = ORIENTED_EDGE('',*,*,#11566,.F.);
#11727 = ORIENTED_EDGE('',*,*,#9887,.T.);
#11728 = ORIENTED_EDGE('',*,*,#6151,.T.);
#11729 = PLANE('',#11730);
#11730 = AXIS2_PLACEMENT_3D('',#11731,#11732,#11733);
#11731 = CARTESIAN_POINT('',(1.12,0.33,-0.97));
#11732 = DIRECTION('',(-0.688920156147,0.,-0.724837235836));
#11733 = DIRECTION('',(-0.724837235836,0.,0.688920156147));
#11734 = ADVANCED_FACE('',(#11735),#11776,.T.);
#11735 = FACE_BOUND('',#11736,.T.);
#11736 = EDGE_LOOP('',(#11737,#11747,#11753,#11754,#11762,#11770));
#11737 = ORIENTED_EDGE('',*,*,#11738,.T.);
#11738 = EDGE_CURVE('',#11739,#11741,#11743,.T.);
#11739 = VERTEX_POINT('',#11740);
#11740 = CARTESIAN_POINT('',(-0.9303,0.43,-0.75));
#11741 = VERTEX_POINT('',#11742);
#11742 = CARTESIAN_POINT('',(-0.9303,0.43,-0.7897));
#11743 = LINE('',#11744,#11745);
#11744 = CARTESIAN_POINT('',(-0.9303,0.43,-0.75));
#11745 = VECTOR('',#11746,1.);
#11746 = DIRECTION('',(0.,0.,-1.));
#11747 = ORIENTED_EDGE('',*,*,#11748,.T.);
#11748 = EDGE_CURVE('',#11741,#9759,#11749,.T.);
#11749 = LINE('',#11750,#11751);
#11750 = CARTESIAN_POINT('',(-0.9303,0.43,-0.7897));
#11751 = VECTOR('',#11752,1.);
#11752 = DIRECTION('',(-0.724837235836,0.,-0.688920156147));
#11753 = ORIENTED_EDGE('',*,*,#9758,.T.);
#11754 = ORIENTED_EDGE('',*,*,#11755,.T.);
#11755 = EDGE_CURVE('',#9751,#11756,#11758,.T.);
#11756 = VERTEX_POINT('',#11757);
#11757 = CARTESIAN_POINT('',(-1.2203,0.43,-0.787));
#11758 = LINE('',#11759,#11760);
#11759 = CARTESIAN_POINT('',(-1.37,0.43,-0.97));
#11760 = VECTOR('',#11761,1.);
#11761 = DIRECTION('',(0.633168690573,0.,0.774013830159));
#11762 = ORIENTED_EDGE('',*,*,#11763,.T.);
#11763 = EDGE_CURVE('',#11756,#11764,#11766,.T.);
#11764 = VERTEX_POINT('',#11765);
#11765 = CARTESIAN_POINT('',(-1.2203,0.43,-0.75));
#11766 = LINE('',#11767,#11768);
#11767 = CARTESIAN_POINT('',(-1.2203,0.43,-0.787));
#11768 = VECTOR('',#11769,1.);
#11769 = DIRECTION('',(0.,0.,1.));
#11770 = ORIENTED_EDGE('',*,*,#11771,.T.);
#11771 = EDGE_CURVE('',#11764,#11739,#11772,.T.);
#11772 = LINE('',#11773,#11774);
#11773 = CARTESIAN_POINT('',(-1.2203,0.43,-0.75));
#11774 = VECTOR('',#11775,1.);
#11775 = DIRECTION('',(1.,0.,0.));
#11776 = PLANE('',#11777);
#11777 = AXIS2_PLACEMENT_3D('',#11778,#11779,#11780);
#11778 = CARTESIAN_POINT('',(0.,0.43,0.));
#11779 = DIRECTION('',(-0.,1.,0.));
#11780 = DIRECTION('',(1.,0.,0.));
#11781 = ADVANCED_FACE('',(#11782),#11832,.T.);
#11782 = FACE_BOUND('',#11783,.T.);
#11783 = EDGE_LOOP('',(#11784,#11794,#11802,#11810,#11818,#11826));
#11784 = ORIENTED_EDGE('',*,*,#11785,.T.);
#11785 = EDGE_CURVE('',#11786,#11788,#11790,.T.);
#11786 = VERTEX_POINT('',#11787);
#11787 = CARTESIAN_POINT('',(-1.2203,0.43,0.75));
#11788 = VERTEX_POINT('',#11789);
#11789 = CARTESIAN_POINT('',(-1.2203,0.43,0.787));
#11790 = LINE('',#11791,#11792);
#11791 = CARTESIAN_POINT('',(-1.2203,0.43,0.75));
#11792 = VECTOR('',#11793,1.);
#11793 = DIRECTION('',(0.,0.,1.));
#11794 = ORIENTED_EDGE('',*,*,#11795,.T.);
#11795 = EDGE_CURVE('',#11788,#11796,#11798,.T.);
#11796 = VERTEX_POINT('',#11797);
#11797 = CARTESIAN_POINT('',(-1.37,0.43,0.97));
#11798 = LINE('',#11799,#11800);
#11799 = CARTESIAN_POINT('',(-1.2203,0.43,0.787));
#11800 = VECTOR('',#11801,1.);
#11801 = DIRECTION('',(-0.633168690573,0.,0.774013830159));
#11802 = ORIENTED_EDGE('',*,*,#11803,.T.);
#11803 = EDGE_CURVE('',#11796,#11804,#11806,.T.);
#11804 = VERTEX_POINT('',#11805);
#11805 = CARTESIAN_POINT('',(-1.12,0.43,0.97));
#11806 = LINE('',#11807,#11808);
#11807 = CARTESIAN_POINT('',(-1.37,0.43,0.97));
#11808 = VECTOR('',#11809,1.);
#11809 = DIRECTION('',(1.,0.,0.));
#11810 = ORIENTED_EDGE('',*,*,#11811,.T.);
#11811 = EDGE_CURVE('',#11804,#11812,#11814,.T.);
#11812 = VERTEX_POINT('',#11813);
#11813 = CARTESIAN_POINT('',(-0.9303,0.43,0.7897));
#11814 = LINE('',#11815,#11816);
#11815 = CARTESIAN_POINT('',(-1.12,0.43,0.97));
#11816 = VECTOR('',#11817,1.);
#11817 = DIRECTION('',(0.724837235836,0.,-0.688920156147));
#11818 = ORIENTED_EDGE('',*,*,#11819,.T.);
#11819 = EDGE_CURVE('',#11812,#11820,#11822,.T.);
#11820 = VERTEX_POINT('',#11821);
#11821 = CARTESIAN_POINT('',(-0.9303,0.43,0.75));
#11822 = LINE('',#11823,#11824);
#11823 = CARTESIAN_POINT('',(-0.9303,0.43,0.7897));
#11824 = VECTOR('',#11825,1.);
#11825 = DIRECTION('',(0.,0.,-1.));
#11826 = ORIENTED_EDGE('',*,*,#11827,.T.);
#11827 = EDGE_CURVE('',#11820,#11786,#11828,.T.);
#11828 = LINE('',#11829,#11830);
#11829 = CARTESIAN_POINT('',(-0.9303,0.43,0.75));
#11830 = VECTOR('',#11831,1.);
#11831 = DIRECTION('',(-1.,0.,0.));
#11832 = PLANE('',#11833);
#11833 = AXIS2_PLACEMENT_3D('',#11834,#11835,#11836);
#11834 = CARTESIAN_POINT('',(0.,0.43,0.));
#11835 = DIRECTION('',(-0.,1.,0.));
#11836 = DIRECTION('',(1.,0.,0.));
#11837 = ADVANCED_FACE('',(#11838),#11888,.T.);
#11838 = FACE_BOUND('',#11839,.T.);
#11839 = EDGE_LOOP('',(#11840,#11850,#11858,#11866,#11874,#11882));
#11840 = ORIENTED_EDGE('',*,*,#11841,.T.);
#11841 = EDGE_CURVE('',#11842,#11844,#11846,.T.);
#11842 = VERTEX_POINT('',#11843);
#11843 = CARTESIAN_POINT('',(0.9303,0.43,0.75));
#11844 = VERTEX_POINT('',#11845);
#11845 = CARTESIAN_POINT('',(0.9303,0.43,0.7897));
#11846 = LINE('',#11847,#11848);
#11847 = CARTESIAN_POINT('',(0.9303,0.43,0.75));
#11848 = VECTOR('',#11849,1.);
#11849 = DIRECTION('',(0.,0.,1.));
#11850 = ORIENTED_EDGE('',*,*,#11851,.T.);
#11851 = EDGE_CURVE('',#11844,#11852,#11854,.T.);
#11852 = VERTEX_POINT('',#11853);
#11853 = CARTESIAN_POINT('',(1.12,0.43,0.97));
#11854 = LINE('',#11855,#11856);
#11855 = CARTESIAN_POINT('',(0.9303,0.43,0.7897));
#11856 = VECTOR('',#11857,1.);
#11857 = DIRECTION('',(0.724837235836,0.,0.688920156147));
#11858 = ORIENTED_EDGE('',*,*,#11859,.T.);
#11859 = EDGE_CURVE('',#11852,#11860,#11862,.T.);
#11860 = VERTEX_POINT('',#11861);
#11861 = CARTESIAN_POINT('',(1.37,0.43,0.97));
#11862 = LINE('',#11863,#11864);
#11863 = CARTESIAN_POINT('',(1.12,0.43,0.97));
#11864 = VECTOR('',#11865,1.);
#11865 = DIRECTION('',(1.,0.,0.));
#11866 = ORIENTED_EDGE('',*,*,#11867,.T.);
#11867 = EDGE_CURVE('',#11860,#11868,#11870,.T.);
#11868 = VERTEX_POINT('',#11869);
#11869 = CARTESIAN_POINT('',(1.2203,0.43,0.787));
#11870 = LINE('',#11871,#11872);
#11871 = CARTESIAN_POINT('',(1.37,0.43,0.97));
#11872 = VECTOR('',#11873,1.);
#11873 = DIRECTION('',(-0.633168690573,0.,-0.774013830159));
#11874 = ORIENTED_EDGE('',*,*,#11875,.T.);
#11875 = EDGE_CURVE('',#11868,#11876,#11878,.T.);
#11876 = VERTEX_POINT('',#11877);
#11877 = CARTESIAN_POINT('',(1.2203,0.43,0.75));
#11878 = LINE('',#11879,#11880);
#11879 = CARTESIAN_POINT('',(1.2203,0.43,0.787));
#11880 = VECTOR('',#11881,1.);
#11881 = DIRECTION('',(0.,0.,-1.));
#11882 = ORIENTED_EDGE('',*,*,#11883,.T.);
#11883 = EDGE_CURVE('',#11876,#11842,#11884,.T.);
#11884 = LINE('',#11885,#11886);
#11885 = CARTESIAN_POINT('',(1.2203,0.43,0.75));
#11886 = VECTOR('',#11887,1.);
#11887 = DIRECTION('',(-1.,0.,0.));
#11888 = PLANE('',#11889);
#11889 = AXIS2_PLACEMENT_3D('',#11890,#11891,#11892);
#11890 = CARTESIAN_POINT('',(0.,0.43,0.));
#11891 = DIRECTION('',(-0.,1.,0.));
#11892 = DIRECTION('',(1.,0.,0.));
#11893 = ADVANCED_FACE('',(#11894),#11902,.T.);
#11894 = FACE_BOUND('',#11895,.T.);
#11895 = EDGE_LOOP('',(#11896,#11897,#11898,#11899,#11900,#11901));
#11896 = ORIENTED_EDGE('',*,*,#11623,.T.);
#11897 = ORIENTED_EDGE('',*,*,#11598,.T.);
#11898 = ORIENTED_EDGE('',*,*,#11574,.T.);
#11899 = ORIENTED_EDGE('',*,*,#11721,.T.);
#11900 = ORIENTED_EDGE('',*,*,#11696,.T.);
#11901 = ORIENTED_EDGE('',*,*,#11655,.T.);
#11902 = PLANE('',#11903);
#11903 = AXIS2_PLACEMENT_3D('',#11904,#11905,#11906);
#11904 = CARTESIAN_POINT('',(0.,0.43,0.));
#11905 = DIRECTION('',(-0.,1.,0.));
#11906 = DIRECTION('',(1.,0.,0.));
#11907 = ADVANCED_FACE('',(#11908),#11942,.T.);
#11908 = FACE_BOUND('',#11909,.T.);
#11909 = EDGE_LOOP('',(#11910,#11911,#11918,#11925,#11926,#11933,#11934)
  );
#11910 = ORIENTED_EDGE('',*,*,#7654,.T.);
#11911 = ORIENTED_EDGE('',*,*,#11912,.F.);
#11912 = EDGE_CURVE('',#6042,#7647,#11913,.T.);
#11913 = CIRCLE('',#11914,0.12);
#11914 = AXIS2_PLACEMENT_3D('',#11915,#11916,#11917);
#11915 = CARTESIAN_POINT('',(-0.9303,0.31,-0.75));
#11916 = DIRECTION('',(1.,0.,-0.));
#11917 = DIRECTION('',(0.,0.166666666667,0.986013297183));
#11918 = ORIENTED_EDGE('',*,*,#11919,.F.);
#11919 = EDGE_CURVE('',#11739,#6042,#11920,.T.);
#11920 = CIRCLE('',#11921,0.12);
#11921 = AXIS2_PLACEMENT_3D('',#11922,#11923,#11924);
#11922 = CARTESIAN_POINT('',(-0.9303,0.31,-0.75));
#11923 = DIRECTION('',(1.,0.,0.));
#11924 = DIRECTION('',(-0.,1.,0.));
#11925 = ORIENTED_EDGE('',*,*,#11771,.F.);
#11926 = ORIENTED_EDGE('',*,*,#11927,.F.);
#11927 = EDGE_CURVE('',#5888,#11764,#11928,.T.);
#11928 = CIRCLE('',#11929,0.12);
#11929 = AXIS2_PLACEMENT_3D('',#11930,#11931,#11932);
#11930 = CARTESIAN_POINT('',(-1.2203,0.31,-0.75));
#11931 = DIRECTION('',(-1.,0.,0.));
#11932 = DIRECTION('',(0.,0.166666666667,0.986013297183));
#11933 = ORIENTED_EDGE('',*,*,#5991,.T.);
#11934 = ORIENTED_EDGE('',*,*,#11935,.F.);
#11935 = EDGE_CURVE('',#7479,#5984,#11936,.T.);
#11936 = B_SPLINE_CURVE_WITH_KNOTS('',3,(#11937,#11938,#11939,#11940,
    #11941),.UNSPECIFIED.,.F.,.F.,(4,1,4),(0.,0.5,1.),
  .QUASI_UNIFORM_KNOTS.);
#11937 = CARTESIAN_POINT('',(-1.217458692282,0.31,-0.63));
#11938 = CARTESIAN_POINT('',(-1.219625222016,0.31356412012,-0.63));
#11939 = CARTESIAN_POINT('',(-1.224334399945,0.320474659136,
    -0.630317302468));
#11940 = CARTESIAN_POINT('',(-1.229785400895,0.326910407051,
    -0.631156167813));
#11941 = CARTESIAN_POINT('',(-1.232699145762,0.33,-0.631678404338));
#11942 = CYLINDRICAL_SURFACE('',#11943,0.12);
#11943 = AXIS2_PLACEMENT_3D('',#11944,#11945,#11946);
#11944 = CARTESIAN_POINT('',(-6.3126,0.31,-0.75));
#11945 = DIRECTION('',(-1.,0.,0.));
#11946 = DIRECTION('',(0.,1.,0.));
#11947 = ADVANCED_FACE('',(#11948),#11988,.T.);
#11948 = FACE_BOUND('',#11949,.T.);
#11949 = EDGE_LOOP('',(#11950,#11959,#11967,#11974,#11975,#11983,#11984,
    #11985,#11986,#11987));
#11950 = ORIENTED_EDGE('',*,*,#11951,.T.);
#11951 = EDGE_CURVE('',#5976,#11952,#11954,.T.);
#11952 = VERTEX_POINT('',#11953);
#11953 = CARTESIAN_POINT('',(-1.271191602831,0.357293438974,
    -0.632840042824));
#11954 = B_SPLINE_CURVE_WITH_KNOTS('',3,(#11955,#11956,#11957,#11958),
  .UNSPECIFIED.,.F.,.F.,(4,4),(0.,1.),.PIECEWISE_BEZIER_KNOTS.);
#11955 = CARTESIAN_POINT('',(-1.232699145762,0.33,-0.600627366954));
#11956 = CARTESIAN_POINT('',(-1.244209808711,0.342205345597,
    -0.610260143941));
#11957 = CARTESIAN_POINT('',(-1.257151425858,0.351042349439,
    -0.621090424732));
#11958 = CARTESIAN_POINT('',(-1.271191602831,0.357293438974,
    -0.632840042824));
#11959 = ORIENTED_EDGE('',*,*,#11960,.F.);
#11960 = EDGE_CURVE('',#11961,#11952,#11963,.T.);
#11961 = VERTEX_POINT('',#11962);
#11962 = CARTESIAN_POINT('',(-1.271191602831,0.357293438974,
    0.632840042824));
#11963 = LINE('',#11964,#11965);
#11964 = CARTESIAN_POINT('',(-1.271191602831,0.357293438974,
    0.632840042824));
#11965 = VECTOR('',#11966,1.);
#11966 = DIRECTION('',(0.,0.,-1.));
#11967 = ORIENTED_EDGE('',*,*,#11968,.F.);
#11968 = EDGE_CURVE('',#5952,#11961,#11969,.T.);
#11969 = B_SPLINE_CURVE_WITH_KNOTS('',3,(#11970,#11971,#11972,#11973),
  .UNSPECIFIED.,.F.,.F.,(4,4),(0.,1.),.PIECEWISE_BEZIER_KNOTS.);
#11970 = CARTESIAN_POINT('',(-1.232699145762,0.33,0.600627366954));
#11971 = CARTESIAN_POINT('',(-1.244209808711,0.342205345597,
    0.610260143941));
#11972 = CARTESIAN_POINT('',(-1.257151425858,0.351042349439,
    0.621090424732));
#11973 = CARTESIAN_POINT('',(-1.271191602831,0.357293438974,
    0.632840042824));
#11974 = ORIENTED_EDGE('',*,*,#5951,.F.);
#11975 = ORIENTED_EDGE('',*,*,#11976,.T.);
#11976 = EDGE_CURVE('',#5944,#7034,#11977,.T.);
#11977 = B_SPLINE_CURVE_WITH_KNOTS('',3,(#11978,#11979,#11980,#11981,
    #11982),.UNSPECIFIED.,.F.,.F.,(4,1,4),(0.,0.5,1.),
  .QUASI_UNIFORM_KNOTS.);
#11978 = CARTESIAN_POINT('',(-1.232699145762,0.33,0.631678404338));
#11979 = CARTESIAN_POINT('',(-1.229786459438,0.326911529478,
    0.631156357538));
#11980 = CARTESIAN_POINT('',(-1.224336299296,0.320477154186,
    0.630317529893));
#11981 = CARTESIAN_POINT('',(-1.219626029246,0.31356544808,0.63));
#11982 = CARTESIAN_POINT('',(-1.217458692282,0.31,0.63));
#11983 = ORIENTED_EDGE('',*,*,#7033,.F.);
#11984 = ORIENTED_EDGE('',*,*,#6836,.T.);
#11985 = ORIENTED_EDGE('',*,*,#7478,.T.);
#11986 = ORIENTED_EDGE('',*,*,#11935,.T.);
#11987 = ORIENTED_EDGE('',*,*,#5983,.F.);
#11988 = CYLINDRICAL_SURFACE('',#11989,0.12);
#11989 = AXIS2_PLACEMENT_3D('',#11990,#11991,#11992);
#11990 = CARTESIAN_POINT('',(-1.32,0.247667984057,0.75));
#11991 = DIRECTION('',(0.,0.,-1.));
#11992 = DIRECTION('',(1.,0.,0.));
#11993 = ADVANCED_FACE('',(#11994),#12021,.T.);
#11994 = FACE_BOUND('',#11995,.T.);
#11995 = EDGE_LOOP('',(#11996,#11997,#11998,#11999,#12006,#12007,#12014)
  );
#11996 = ORIENTED_EDGE('',*,*,#7042,.T.);
#11997 = ORIENTED_EDGE('',*,*,#11976,.F.);
#11998 = ORIENTED_EDGE('',*,*,#5943,.T.);
#11999 = ORIENTED_EDGE('',*,*,#12000,.F.);
#12000 = EDGE_CURVE('',#11786,#5936,#12001,.T.);
#12001 = CIRCLE('',#12002,0.12);
#12002 = AXIS2_PLACEMENT_3D('',#12003,#12004,#12005);
#12003 = CARTESIAN_POINT('',(-1.2203,0.31,0.75));
#12004 = DIRECTION('',(-1.,0.,0.));
#12005 = DIRECTION('',(0.,1.,0.));
#12006 = ORIENTED_EDGE('',*,*,#11827,.F.);
#12007 = ORIENTED_EDGE('',*,*,#12008,.F.);
#12008 = EDGE_CURVE('',#6130,#11820,#12009,.T.);
#12009 = CIRCLE('',#12010,0.12);
#12010 = AXIS2_PLACEMENT_3D('',#12011,#12012,#12013);
#12011 = CARTESIAN_POINT('',(-0.9303,0.31,0.75));
#12012 = DIRECTION('',(1.,0.,0.));
#12013 = DIRECTION('',(0.,0.166666666667,-0.986013297183));
#12014 = ORIENTED_EDGE('',*,*,#12015,.F.);
#12015 = EDGE_CURVE('',#6860,#6130,#12016,.T.);
#12016 = CIRCLE('',#12017,0.12);
#12017 = AXIS2_PLACEMENT_3D('',#12018,#12019,#12020);
#12018 = CARTESIAN_POINT('',(-0.9303,0.31,0.75));
#12019 = DIRECTION('',(1.,0.,0.));
#12020 = DIRECTION('',(0.,0.,-1.));
#12021 = CYLINDRICAL_SURFACE('',#12022,0.12);
#12022 = AXIS2_PLACEMENT_3D('',#12023,#12024,#12025);
#12023 = CARTESIAN_POINT('',(6.3126,0.31,0.75));
#12024 = DIRECTION('',(1.,-0.,0.));
#12025 = DIRECTION('',(0.,1.,0.));
#12026 = ADVANCED_FACE('',(#12027),#12032,.F.);
#12027 = FACE_BOUND('',#12028,.T.);
#12028 = EDGE_LOOP('',(#12029,#12030,#12031));
#12029 = ORIENTED_EDGE('',*,*,#6129,.T.);
#12030 = ORIENTED_EDGE('',*,*,#6859,.F.);
#12031 = ORIENTED_EDGE('',*,*,#12015,.T.);
#12032 = PLANE('',#12033);
#12033 = AXIS2_PLACEMENT_3D('',#12034,#12035,#12036);
#12034 = CARTESIAN_POINT('',(-0.9303,0.33,0.7897));
#12035 = DIRECTION('',(1.,0.,0.));
#12036 = DIRECTION('',(-0.,1.,0.));
#12037 = ADVANCED_FACE('',(#12038),#12049,.T.);
#12038 = FACE_BOUND('',#12039,.T.);
#12039 = EDGE_LOOP('',(#12040,#12041,#12047,#12048));
#12040 = ORIENTED_EDGE('',*,*,#11819,.F.);
#12041 = ORIENTED_EDGE('',*,*,#12042,.F.);
#12042 = EDGE_CURVE('',#6098,#11812,#12043,.T.);
#12043 = LINE('',#12044,#12045);
#12044 = CARTESIAN_POINT('',(-0.9303,0.33,0.7897));
#12045 = VECTOR('',#12046,1.);
#12046 = DIRECTION('',(0.,1.,0.));
#12047 = ORIENTED_EDGE('',*,*,#6137,.T.);
#12048 = ORIENTED_EDGE('',*,*,#12008,.T.);
#12049 = PLANE('',#12050);
#12050 = AXIS2_PLACEMENT_3D('',#12051,#12052,#12053);
#12051 = CARTESIAN_POINT('',(-0.9303,0.33,0.7897));
#12052 = DIRECTION('',(1.,0.,0.));
#12053 = DIRECTION('',(-0.,1.,0.));
#12054 = ADVANCED_FACE('',(#12055),#12067,.T.);
#12055 = FACE_BOUND('',#12056,.T.);
#12056 = EDGE_LOOP('',(#12057,#12058,#12059,#12065,#12066));
#12057 = ORIENTED_EDGE('',*,*,#12042,.T.);
#12058 = ORIENTED_EDGE('',*,*,#11811,.F.);
#12059 = ORIENTED_EDGE('',*,*,#12060,.F.);
#12060 = EDGE_CURVE('',#9850,#11804,#12061,.T.);
#12061 = LINE('',#12062,#12063);
#12062 = CARTESIAN_POINT('',(-1.12,0.33,0.97));
#12063 = VECTOR('',#12064,1.);
#12064 = DIRECTION('',(0.,1.,0.));
#12065 = ORIENTED_EDGE('',*,*,#9849,.T.);
#12066 = ORIENTED_EDGE('',*,*,#6095,.T.);
#12067 = PLANE('',#12068);
#12068 = AXIS2_PLACEMENT_3D('',#12069,#12070,#12071);
#12069 = CARTESIAN_POINT('',(-1.12,0.33,0.97));
#12070 = DIRECTION('',(0.688920156147,0.,0.724837235836));
#12071 = DIRECTION('',(0.,-1.,0.));
#12072 = ADVANCED_FACE('',(#12073),#12199,.F.);
#12073 = FACE_BOUND('',#12074,.T.);
#12074 = EDGE_LOOP('',(#12075,#12083,#12091,#12100,#12108,#12117,#12125,
    #12133,#12141,#12149,#12157,#12166,#12174,#12183,#12189,#12190,
    #12191,#12192,#12198));
#12075 = ORIENTED_EDGE('',*,*,#12076,.T.);
#12076 = EDGE_CURVE('',#5912,#12077,#12079,.T.);
#12077 = VERTEX_POINT('',#12078);
#12078 = CARTESIAN_POINT('',(-1.58,2.E-02,0.97));
#12079 = LINE('',#12080,#12081);
#12080 = CARTESIAN_POINT('',(-1.58,0.33,0.97));
#12081 = VECTOR('',#12082,1.);
#12082 = DIRECTION('',(0.,-1.,0.));
#12083 = ORIENTED_EDGE('',*,*,#12084,.F.);
#12084 = EDGE_CURVE('',#12085,#12077,#12087,.T.);
#12085 = VERTEX_POINT('',#12086);
#12086 = CARTESIAN_POINT('',(-1.246209542351,2.E-02,0.97));
#12087 = LINE('',#12088,#12089);
#12088 = CARTESIAN_POINT('',(-1.246209542351,2.E-02,0.97));
#12089 = VECTOR('',#12090,1.);
#12090 = DIRECTION('',(-1.,0.,0.));
#12091 = ORIENTED_EDGE('',*,*,#12092,.F.);
#12092 = EDGE_CURVE('',#12093,#12085,#12095,.T.);
#12093 = VERTEX_POINT('',#12094);
#12094 = CARTESIAN_POINT('',(-1.177929076513,-6.939901553669E-03,0.97));
#12095 = CIRCLE('',#12096,0.1);
#12096 = AXIS2_PLACEMENT_3D('',#12097,#12098,#12099);
#12097 = CARTESIAN_POINT('',(-1.246209542351,-8.E-02,0.97));
#12098 = DIRECTION('',(0.,-0.,1.));
#12099 = DIRECTION('',(0.682804658377,0.730600984463,0.));
#12100 = ORIENTED_EDGE('',*,*,#12101,.F.);
#12101 = EDGE_CURVE('',#12102,#12093,#12104,.T.);
#12102 = VERTEX_POINT('',#12103);
#12103 = CARTESIAN_POINT('',(-1.032280465838,-0.143060098446,0.97));
#12104 = LINE('',#12105,#12106);
#12105 = CARTESIAN_POINT('',(-1.032280465838,-0.143060098446,0.97));
#12106 = VECTOR('',#12107,1.);
#12107 = DIRECTION('',(-0.730600984463,0.682804658377,0.));
#12108 = ORIENTED_EDGE('',*,*,#12109,.F.);
#12109 = EDGE_CURVE('',#12110,#12102,#12112,.T.);
#12110 = VERTEX_POINT('',#12111);
#12111 = CARTESIAN_POINT('',(-0.964,-0.17,0.97));
#12112 = CIRCLE('',#12113,0.1);
#12113 = AXIS2_PLACEMENT_3D('',#12114,#12115,#12116);
#12114 = CARTESIAN_POINT('',(-0.964,-7.E-02,0.97));
#12115 = DIRECTION('',(0.,0.,-1.));
#12116 = DIRECTION('',(0.,-1.,0.));
#12117 = ORIENTED_EDGE('',*,*,#12118,.F.);
#12118 = EDGE_CURVE('',#12119,#12110,#12121,.T.);
#12119 = VERTEX_POINT('',#12120);
#12120 = CARTESIAN_POINT('',(-0.67,-0.17,0.97));
#12121 = LINE('',#12122,#12123);
#12122 = CARTESIAN_POINT('',(-0.67,-0.17,0.97));
#12123 = VECTOR('',#12124,1.);
#12124 = DIRECTION('',(-1.,0.,0.));
#12125 = ORIENTED_EDGE('',*,*,#12126,.F.);
#12126 = EDGE_CURVE('',#12127,#12119,#12129,.T.);
#12127 = VERTEX_POINT('',#12128);
#12128 = CARTESIAN_POINT('',(-0.62,-0.12,0.97));
#12129 = LINE('',#12130,#12131);
#12130 = CARTESIAN_POINT('',(-0.62,-0.12,0.97));
#12131 = VECTOR('',#12132,1.);
#12132 = DIRECTION('',(-0.707106781187,-0.707106781186,0.));
#12133 = ORIENTED_EDGE('',*,*,#12134,.F.);
#12134 = EDGE_CURVE('',#12135,#12127,#12137,.T.);
#12135 = VERTEX_POINT('',#12136);
#12136 = CARTESIAN_POINT('',(-0.62,0.21,0.97));
#12137 = LINE('',#12138,#12139);
#12138 = CARTESIAN_POINT('',(-0.62,0.21,0.97));
#12139 = VECTOR('',#12140,1.);
#12140 = DIRECTION('',(0.,-1.,0.));
#12141 = ORIENTED_EDGE('',*,*,#12142,.F.);
#12142 = EDGE_CURVE('',#12143,#12135,#12145,.T.);
#12143 = VERTEX_POINT('',#12144);
#12144 = CARTESIAN_POINT('',(-0.795,0.21,0.97));
#12145 = LINE('',#12146,#12147);
#12146 = CARTESIAN_POINT('',(-0.795,0.21,0.97));
#12147 = VECTOR('',#12148,1.);
#12148 = DIRECTION('',(1.,1.570172563398E-14,0.));
#12149 = ORIENTED_EDGE('',*,*,#12150,.F.);
#12150 = EDGE_CURVE('',#12151,#12143,#12153,.T.);
#12151 = VERTEX_POINT('',#12152);
#12152 = CARTESIAN_POINT('',(-0.795,0.17,0.97));
#12153 = LINE('',#12154,#12155);
#12154 = CARTESIAN_POINT('',(-0.795,0.17,0.97));
#12155 = VECTOR('',#12156,1.);
#12156 = DIRECTION('',(0.,1.,0.));
#12157 = ORIENTED_EDGE('',*,*,#12158,.F.);
#12158 = EDGE_CURVE('',#12159,#12151,#12161,.T.);
#12159 = VERTEX_POINT('',#12160);
#12160 = CARTESIAN_POINT('',(-0.835,0.13,0.97));
#12161 = CIRCLE('',#12162,4.E-02);
#12162 = AXIS2_PLACEMENT_3D('',#12163,#12164,#12165);
#12163 = CARTESIAN_POINT('',(-0.835,0.17,0.97));
#12164 = DIRECTION('',(0.,0.,1.));
#12165 = DIRECTION('',(0.,-1.,0.));
#12166 = ORIENTED_EDGE('',*,*,#12167,.F.);
#12167 = EDGE_CURVE('',#12168,#12159,#12170,.T.);
#12168 = VERTEX_POINT('',#12169);
#12169 = CARTESIAN_POINT('',(-0.90021809153,0.13,0.97));
#12170 = LINE('',#12171,#12172);
#12171 = CARTESIAN_POINT('',(-0.90021809153,0.13,0.97));
#12172 = VECTOR('',#12173,1.);
#12173 = DIRECTION('',(1.,0.,0.));
#12174 = ORIENTED_EDGE('',*,*,#12175,.F.);
#12175 = EDGE_CURVE('',#12176,#12168,#12178,.T.);
#12176 = VERTEX_POINT('',#12177);
#12177 = CARTESIAN_POINT('',(-0.927530277865,0.140775960621,0.97));
#12178 = CIRCLE('',#12179,4.E-02);
#12179 = AXIS2_PLACEMENT_3D('',#12180,#12181,#12182);
#12180 = CARTESIAN_POINT('',(-0.90021809153,0.17,0.97));
#12181 = DIRECTION('',(0.,0.,1.));
#12182 = DIRECTION('',(-0.682804658377,-0.730600984463,0.));
#12183 = ORIENTED_EDGE('',*,*,#12184,.F.);
#12184 = EDGE_CURVE('',#9858,#12176,#12185,.T.);
#12185 = LINE('',#12186,#12187);
#12186 = CARTESIAN_POINT('',(-1.13,0.33,0.97));
#12187 = VECTOR('',#12188,1.);
#12188 = DIRECTION('',(0.730600984463,-0.682804658377,0.));
#12189 = ORIENTED_EDGE('',*,*,#9857,.T.);
#12190 = ORIENTED_EDGE('',*,*,#12060,.T.);
#12191 = ORIENTED_EDGE('',*,*,#11803,.F.);
#12192 = ORIENTED_EDGE('',*,*,#12193,.F.);
#12193 = EDGE_CURVE('',#5920,#11796,#12194,.T.);
#12194 = LINE('',#12195,#12196);
#12195 = CARTESIAN_POINT('',(-1.37,0.33,0.97));
#12196 = VECTOR('',#12197,1.);
#12197 = DIRECTION('',(0.,1.,0.));
#12198 = ORIENTED_EDGE('',*,*,#5919,.F.);
#12199 = PLANE('',#12200);
#12200 = AXIS2_PLACEMENT_3D('',#12201,#12202,#12203);
#12201 = CARTESIAN_POINT('',(-1.5,0.33,0.97));
#12202 = DIRECTION('',(0.,0.,-1.));
#12203 = DIRECTION('',(0.,-1.,0.));
#12204 = ADVANCED_FACE('',(#12205),#12216,.T.);
#12205 = FACE_BOUND('',#12206,.T.);
#12206 = EDGE_LOOP('',(#12207,#12208,#12209,#12215));
#12207 = ORIENTED_EDGE('',*,*,#12193,.T.);
#12208 = ORIENTED_EDGE('',*,*,#11795,.F.);
#12209 = ORIENTED_EDGE('',*,*,#12210,.F.);
#12210 = EDGE_CURVE('',#5928,#11788,#12211,.T.);
#12211 = LINE('',#12212,#12213);
#12212 = CARTESIAN_POINT('',(-1.2203,0.33,0.787));
#12213 = VECTOR('',#12214,1.);
#12214 = DIRECTION('',(0.,1.,0.));
#12215 = ORIENTED_EDGE('',*,*,#5927,.T.);
#12216 = PLANE('',#12217);
#12217 = AXIS2_PLACEMENT_3D('',#12218,#12219,#12220);
#12218 = CARTESIAN_POINT('',(-1.2203,0.33,0.787));
#12219 = DIRECTION('',(-0.774013830159,0.,-0.633168690573));
#12220 = DIRECTION('',(-0.633168690573,0.,0.774013830159));
#12221 = ADVANCED_FACE('',(#12222),#12228,.T.);
#12222 = FACE_BOUND('',#12223,.T.);
#12223 = EDGE_LOOP('',(#12224,#12225,#12226,#12227));
#12224 = ORIENTED_EDGE('',*,*,#5935,.T.);
#12225 = ORIENTED_EDGE('',*,*,#12210,.T.);
#12226 = ORIENTED_EDGE('',*,*,#11785,.F.);
#12227 = ORIENTED_EDGE('',*,*,#12000,.T.);
#12228 = PLANE('',#12229);
#12229 = AXIS2_PLACEMENT_3D('',#12230,#12231,#12232);
#12230 = CARTESIAN_POINT('',(-1.2203,0.33,0.63));
#12231 = DIRECTION('',(-1.,0.,0.));
#12232 = DIRECTION('',(0.,0.,1.));
#12233 = ADVANCED_FACE('',(#12234),#12252,.F.);
#12234 = FACE_BOUND('',#12235,.T.);
#12235 = EDGE_LOOP('',(#12236,#12237,#12245,#12251));
#12236 = ORIENTED_EDGE('',*,*,#12184,.T.);
#12237 = ORIENTED_EDGE('',*,*,#12238,.F.);
#12238 = EDGE_CURVE('',#12239,#12176,#12241,.T.);
#12239 = VERTEX_POINT('',#12240);
#12240 = CARTESIAN_POINT('',(-0.927530277865,0.140775960621,0.88));
#12241 = LINE('',#12242,#12243);
#12242 = CARTESIAN_POINT('',(-0.927530277865,0.140775960621,0.88));
#12243 = VECTOR('',#12244,1.);
#12244 = DIRECTION('',(0.,0.,1.));
#12245 = ORIENTED_EDGE('',*,*,#12246,.F.);
#12246 = EDGE_CURVE('',#9866,#12239,#12247,.T.);
#12247 = LINE('',#12248,#12249);
#12248 = CARTESIAN_POINT('',(-1.13,0.33,0.88));
#12249 = VECTOR('',#12250,1.);
#12250 = DIRECTION('',(0.730600984463,-0.682804658377,0.));
#12251 = ORIENTED_EDGE('',*,*,#9865,.T.);
#12252 = PLANE('',#12253);
#12253 = AXIS2_PLACEMENT_3D('',#12254,#12255,#12256);
#12254 = CARTESIAN_POINT('',(-1.13,0.33,0.88));
#12255 = DIRECTION('',(-0.682804658377,-0.730600984463,0.));
#12256 = DIRECTION('',(-0.730600984463,0.682804658377,0.));
#12257 = ADVANCED_FACE('',(#12258),#12357,.F.);
#12258 = FACE_BOUND('',#12259,.T.);
#12259 = EDGE_LOOP('',(#12260,#12270,#12278,#12287,#12295,#12304,#12310,
    #12311,#12312,#12318,#12319,#12327,#12335,#12343,#12351));
#12260 = ORIENTED_EDGE('',*,*,#12261,.T.);
#12261 = EDGE_CURVE('',#12262,#12264,#12266,.T.);
#12262 = VERTEX_POINT('',#12263);
#12263 = CARTESIAN_POINT('',(-0.62,-0.12,0.88));
#12264 = VERTEX_POINT('',#12265);
#12265 = CARTESIAN_POINT('',(-0.67,-0.17,0.88));
#12266 = LINE('',#12267,#12268);
#12267 = CARTESIAN_POINT('',(-0.62,-0.12,0.88));
#12268 = VECTOR('',#12269,1.);
#12269 = DIRECTION('',(-0.707106781187,-0.707106781186,0.));
#12270 = ORIENTED_EDGE('',*,*,#12271,.T.);
#12271 = EDGE_CURVE('',#12264,#12272,#12274,.T.);
#12272 = VERTEX_POINT('',#12273);
#12273 = CARTESIAN_POINT('',(-0.964,-0.17,0.88));
#12274 = LINE('',#12275,#12276);
#12275 = CARTESIAN_POINT('',(-0.67,-0.17,0.88));
#12276 = VECTOR('',#12277,1.);
#12277 = DIRECTION('',(-1.,0.,0.));
#12278 = ORIENTED_EDGE('',*,*,#12279,.T.);
#12279 = EDGE_CURVE('',#12272,#12280,#12282,.T.);
#12280 = VERTEX_POINT('',#12281);
#12281 = CARTESIAN_POINT('',(-1.032280465838,-0.143060098446,0.88));
#12282 = CIRCLE('',#12283,0.1);
#12283 = AXIS2_PLACEMENT_3D('',#12284,#12285,#12286);
#12284 = CARTESIAN_POINT('',(-0.964,-7.E-02,0.88));
#12285 = DIRECTION('',(0.,0.,-1.));
#12286 = DIRECTION('',(0.,-1.,0.));
#12287 = ORIENTED_EDGE('',*,*,#12288,.T.);
#12288 = EDGE_CURVE('',#12280,#12289,#12291,.T.);
#12289 = VERTEX_POINT('',#12290);
#12290 = CARTESIAN_POINT('',(-1.177929076513,-6.939901553669E-03,0.88));
#12291 = LINE('',#12292,#12293);
#12292 = CARTESIAN_POINT('',(-1.032280465838,-0.143060098446,0.88));
#12293 = VECTOR('',#12294,1.);
#12294 = DIRECTION('',(-0.730600984463,0.682804658377,0.));
#12295 = ORIENTED_EDGE('',*,*,#12296,.F.);
#12296 = EDGE_CURVE('',#12297,#12289,#12299,.T.);
#12297 = VERTEX_POINT('',#12298);
#12298 = CARTESIAN_POINT('',(-1.246209542351,2.E-02,0.88));
#12299 = CIRCLE('',#12300,0.1);
#12300 = AXIS2_PLACEMENT_3D('',#12301,#12302,#12303);
#12301 = CARTESIAN_POINT('',(-1.246209542351,-8.E-02,0.88));
#12302 = DIRECTION('',(0.,0.,-1.));
#12303 = DIRECTION('',(0.,1.,0.));
#12304 = ORIENTED_EDGE('',*,*,#12305,.F.);
#12305 = EDGE_CURVE('',#10278,#12297,#12306,.T.);
#12306 = LINE('',#12307,#12308);
#12307 = CARTESIAN_POINT('',(-1.5,2.E-02,0.88));
#12308 = VECTOR('',#12309,1.);
#12309 = DIRECTION('',(1.,0.,0.));
#12310 = ORIENTED_EDGE('',*,*,#10277,.T.);
#12311 = ORIENTED_EDGE('',*,*,#10554,.F.);
#12312 = ORIENTED_EDGE('',*,*,#12313,.T.);
#12313 = EDGE_CURVE('',#10547,#4636,#12314,.T.);
#12314 = LINE('',#12315,#12316);
#12315 = CARTESIAN_POINT('',(-1.265,-1.E-02,0.88));
#12316 = VECTOR('',#12317,1.);
#12317 = DIRECTION('',(0.,-1.,0.));
#12318 = ORIENTED_EDGE('',*,*,#4635,.F.);
#12319 = ORIENTED_EDGE('',*,*,#12320,.F.);
#12320 = EDGE_CURVE('',#12321,#4628,#12323,.T.);
#12321 = VERTEX_POINT('',#12322);
#12322 = CARTESIAN_POINT('',(-0.525,-0.18,0.88));
#12323 = LINE('',#12324,#12325);
#12324 = CARTESIAN_POINT('',(-0.525,-0.18,0.88));
#12325 = VECTOR('',#12326,1.);
#12326 = DIRECTION('',(0.,-1.,0.));
#12327 = ORIENTED_EDGE('',*,*,#12328,.F.);
#12328 = EDGE_CURVE('',#12329,#12321,#12331,.T.);
#12329 = VERTEX_POINT('',#12330);
#12330 = CARTESIAN_POINT('',(-0.59,-0.18,0.88));
#12331 = LINE('',#12332,#12333);
#12332 = CARTESIAN_POINT('',(-0.59,-0.18,0.88));
#12333 = VECTOR('',#12334,1.);
#12334 = DIRECTION('',(1.,0.,0.));
#12335 = ORIENTED_EDGE('',*,*,#12336,.F.);
#12336 = EDGE_CURVE('',#12337,#12329,#12339,.T.);
#12337 = VERTEX_POINT('',#12338);
#12338 = CARTESIAN_POINT('',(-0.59,0.19,0.88));
#12339 = LINE('',#12340,#12341);
#12340 = CARTESIAN_POINT('',(-0.59,0.19,0.88));
#12341 = VECTOR('',#12342,1.);
#12342 = DIRECTION('',(0.,-1.,0.));
#12343 = ORIENTED_EDGE('',*,*,#12344,.T.);
#12344 = EDGE_CURVE('',#12337,#12345,#12347,.T.);
#12345 = VERTEX_POINT('',#12346);
#12346 = CARTESIAN_POINT('',(-0.62,0.19,0.88));
#12347 = LINE('',#12348,#12349);
#12348 = CARTESIAN_POINT('',(-0.59,0.19,0.88));
#12349 = VECTOR('',#12350,1.);
#12350 = DIRECTION('',(-1.,0.,0.));
#12351 = ORIENTED_EDGE('',*,*,#12352,.T.);
#12352 = EDGE_CURVE('',#12345,#12262,#12353,.T.);
#12353 = LINE('',#12354,#12355);
#12354 = CARTESIAN_POINT('',(-0.62,0.19,0.88));
#12355 = VECTOR('',#12356,1.);
#12356 = DIRECTION('',(0.,-1.,0.));
#12357 = PLANE('',#12358);
#12358 = AXIS2_PLACEMENT_3D('',#12359,#12360,#12361);
#12359 = CARTESIAN_POINT('',(-0.59,0.33,0.88));
#12360 = DIRECTION('',(0.,0.,-1.));
#12361 = DIRECTION('',(0.,-1.,0.));
#12362 = ADVANCED_FACE('',(#12363),#12416,.F.);
#12363 = FACE_BOUND('',#12364,.T.);
#12364 = EDGE_LOOP('',(#12365,#12366,#12367,#12376,#12384,#12393,#12401,
    #12409,#12415));
#12365 = ORIENTED_EDGE('',*,*,#9873,.T.);
#12366 = ORIENTED_EDGE('',*,*,#12246,.T.);
#12367 = ORIENTED_EDGE('',*,*,#12368,.F.);
#12368 = EDGE_CURVE('',#12369,#12239,#12371,.T.);
#12369 = VERTEX_POINT('',#12370);
#12370 = CARTESIAN_POINT('',(-0.90021809153,0.13,0.88));
#12371 = CIRCLE('',#12372,4.E-02);
#12372 = AXIS2_PLACEMENT_3D('',#12373,#12374,#12375);
#12373 = CARTESIAN_POINT('',(-0.90021809153,0.17,0.88));
#12374 = DIRECTION('',(0.,0.,-1.));
#12375 = DIRECTION('',(0.,-1.,0.));
#12376 = ORIENTED_EDGE('',*,*,#12377,.T.);
#12377 = EDGE_CURVE('',#12369,#12378,#12380,.T.);
#12378 = VERTEX_POINT('',#12379);
#12379 = CARTESIAN_POINT('',(-0.835,0.13,0.88));
#12380 = LINE('',#12381,#12382);
#12381 = CARTESIAN_POINT('',(-0.90021809153,0.13,0.88));
#12382 = VECTOR('',#12383,1.);
#12383 = DIRECTION('',(1.,0.,0.));
#12384 = ORIENTED_EDGE('',*,*,#12385,.F.);
#12385 = EDGE_CURVE('',#12386,#12378,#12388,.T.);
#12386 = VERTEX_POINT('',#12387);
#12387 = CARTESIAN_POINT('',(-0.795,0.17,0.88));
#12388 = CIRCLE('',#12389,4.E-02);
#12389 = AXIS2_PLACEMENT_3D('',#12390,#12391,#12392);
#12390 = CARTESIAN_POINT('',(-0.835,0.17,0.88));
#12391 = DIRECTION('',(0.,0.,-1.));
#12392 = DIRECTION('',(1.,0.,0.));
#12393 = ORIENTED_EDGE('',*,*,#12394,.T.);
#12394 = EDGE_CURVE('',#12386,#12395,#12397,.T.);
#12395 = VERTEX_POINT('',#12396);
#12396 = CARTESIAN_POINT('',(-0.795,0.19,0.88));
#12397 = LINE('',#12398,#12399);
#12398 = CARTESIAN_POINT('',(-0.795,0.17,0.88));
#12399 = VECTOR('',#12400,1.);
#12400 = DIRECTION('',(0.,1.,0.));
#12401 = ORIENTED_EDGE('',*,*,#12402,.T.);
#12402 = EDGE_CURVE('',#12395,#12403,#12405,.T.);
#12403 = VERTEX_POINT('',#12404);
#12404 = CARTESIAN_POINT('',(-0.8275,0.19,0.88));
#12405 = LINE('',#12406,#12407);
#12406 = CARTESIAN_POINT('',(-0.795,0.19,0.88));
#12407 = VECTOR('',#12408,1.);
#12408 = DIRECTION('',(-1.,0.,0.));
#12409 = ORIENTED_EDGE('',*,*,#12410,.F.);
#12410 = EDGE_CURVE('',#6106,#12403,#12411,.T.);
#12411 = LINE('',#12412,#12413);
#12412 = CARTESIAN_POINT('',(-0.8275,0.33,0.88));
#12413 = VECTOR('',#12414,1.);
#12414 = DIRECTION('',(0.,-1.,0.));
#12415 = ORIENTED_EDGE('',*,*,#6105,.F.);
#12416 = PLANE('',#12417);
#12417 = AXIS2_PLACEMENT_3D('',#12418,#12419,#12420);
#12418 = CARTESIAN_POINT('',(-0.59,0.33,0.88));
#12419 = DIRECTION('',(0.,0.,-1.));
#12420 = DIRECTION('',(0.,-1.,0.));
#12421 = ADVANCED_FACE('',(#12422),#12495,.F.);
#12422 = FACE_BOUND('',#12423,.T.);
#12423 = EDGE_LOOP('',(#12424,#12430,#12431,#12437,#12438,#12446,#12454,
    #12461,#12462,#12470,#12479,#12487,#12494));
#12424 = ORIENTED_EDGE('',*,*,#12425,.F.);
#12425 = EDGE_CURVE('',#12262,#12127,#12426,.T.);
#12426 = LINE('',#12427,#12428);
#12427 = CARTESIAN_POINT('',(-0.62,-0.12,0.88));
#12428 = VECTOR('',#12429,1.);
#12429 = DIRECTION('',(0.,0.,1.));
#12430 = ORIENTED_EDGE('',*,*,#12352,.F.);
#12431 = ORIENTED_EDGE('',*,*,#12432,.T.);
#12432 = EDGE_CURVE('',#12345,#6901,#12433,.T.);
#12433 = LINE('',#12434,#12435);
#12434 = CARTESIAN_POINT('',(-0.62,0.19,0.88));
#12435 = VECTOR('',#12436,1.);
#12436 = DIRECTION('',(0.,7.974522228289E-02,-0.996815278536));
#12437 = ORIENTED_EDGE('',*,*,#6900,.T.);
#12438 = ORIENTED_EDGE('',*,*,#12439,.T.);
#12439 = EDGE_CURVE('',#6893,#12440,#12442,.T.);
#12440 = VERTEX_POINT('',#12441);
#12441 = CARTESIAN_POINT('',(-0.62,6.8E-02,0.62866826328));
#12442 = LINE('',#12443,#12444);
#12443 = CARTESIAN_POINT('',(-0.62,6.8E-02,0.63));
#12444 = VECTOR('',#12445,1.);
#12445 = DIRECTION('',(0.,0.,-1.));
#12446 = ORIENTED_EDGE('',*,*,#12447,.T.);
#12447 = EDGE_CURVE('',#12440,#12448,#12450,.T.);
#12448 = VERTEX_POINT('',#12449);
#12449 = CARTESIAN_POINT('',(-0.62,0.147698376862,0.571756978372));
#12450 = LINE('',#12451,#12452);
#12451 = CARTESIAN_POINT('',(-0.62,6.8E-02,0.62866826328));
#12452 = VECTOR('',#12453,1.);
#12453 = DIRECTION('',(0.,0.813811351416,-0.581129145978));
#12454 = ORIENTED_EDGE('',*,*,#12455,.T.);
#12455 = EDGE_CURVE('',#12448,#4135,#12456,.T.);
#12456 = CIRCLE('',#12457,9.E-02);
#12457 = AXIS2_PLACEMENT_3D('',#12458,#12459,#12460);
#12458 = CARTESIAN_POINT('',(-0.62,0.2,0.645));
#12459 = DIRECTION('',(1.,0.,0.));
#12460 = DIRECTION('',(0.,-0.581129145978,-0.813811351416));
#12461 = ORIENTED_EDGE('',*,*,#4159,.T.);
#12462 = ORIENTED_EDGE('',*,*,#12463,.T.);
#12463 = EDGE_CURVE('',#4152,#12464,#12466,.T.);
#12464 = VERTEX_POINT('',#12465);
#12465 = CARTESIAN_POINT('',(-0.62,0.297850884872,0.609619985366));
#12466 = LINE('',#12467,#12468);
#12467 = CARTESIAN_POINT('',(-0.62,0.257850884872,0.576056000119));
#12468 = VECTOR('',#12469,1.);
#12469 = DIRECTION('',(0.,0.766044443119,0.642787609686));
#12470 = ORIENTED_EDGE('',*,*,#12471,.T.);
#12471 = EDGE_CURVE('',#12464,#12472,#12474,.T.);
#12472 = VERTEX_POINT('',#12473);
#12473 = CARTESIAN_POINT('',(-0.62,0.33,0.678563985247));
#12474 = CIRCLE('',#12475,9.E-02);
#12475 = AXIS2_PLACEMENT_3D('',#12476,#12477,#12478);
#12476 = CARTESIAN_POINT('',(-0.62,0.24,0.678563985247));
#12477 = DIRECTION('',(1.,0.,0.));
#12478 = DIRECTION('',(0.,0.642787609686,-0.766044443119));
#12479 = ORIENTED_EDGE('',*,*,#12480,.T.);
#12480 = EDGE_CURVE('',#12472,#12481,#12483,.T.);
#12481 = VERTEX_POINT('',#12482);
#12482 = CARTESIAN_POINT('',(-0.62,0.33,0.85));
#12483 = LINE('',#12484,#12485);
#12484 = CARTESIAN_POINT('',(-0.62,0.33,0.678563985247));
#12485 = VECTOR('',#12486,1.);
#12486 = DIRECTION('',(0.,0.,1.));
#12487 = ORIENTED_EDGE('',*,*,#12488,.T.);
#12488 = EDGE_CURVE('',#12481,#12135,#12489,.T.);
#12489 = CIRCLE('',#12490,0.12);
#12490 = AXIS2_PLACEMENT_3D('',#12491,#12492,#12493);
#12491 = CARTESIAN_POINT('',(-0.62,0.21,0.85));
#12492 = DIRECTION('',(1.,0.,0.));
#12493 = DIRECTION('',(-0.,1.,0.));
#12494 = ORIENTED_EDGE('',*,*,#12134,.T.);
#12495 = PLANE('',#12496);
#12496 = AXIS2_PLACEMENT_3D('',#12497,#12498,#12499);
#12497 = CARTESIAN_POINT('',(-0.62,0.21,0.88));
#12498 = DIRECTION('',(-1.,0.,0.));
#12499 = DIRECTION('',(0.,0.,1.));
#12500 = ADVANCED_FACE('',(#12501),#12520,.T.);
#12501 = FACE_BOUND('',#12502,.T.);
#12502 = EDGE_LOOP('',(#12503,#12511,#12518,#12519));
#12503 = ORIENTED_EDGE('',*,*,#12504,.T.);
#12504 = EDGE_CURVE('',#12481,#12505,#12507,.T.);
#12505 = VERTEX_POINT('',#12506);
#12506 = CARTESIAN_POINT('',(-0.795,0.33,0.85));
#12507 = LINE('',#12508,#12509);
#12508 = CARTESIAN_POINT('',(-0.62,0.33,0.85));
#12509 = VECTOR('',#12510,1.);
#12510 = DIRECTION('',(-1.,0.,0.));
#12511 = ORIENTED_EDGE('',*,*,#12512,.T.);
#12512 = EDGE_CURVE('',#12505,#12143,#12513,.T.);
#12513 = CIRCLE('',#12514,0.12);
#12514 = AXIS2_PLACEMENT_3D('',#12515,#12516,#12517);
#12515 = CARTESIAN_POINT('',(-0.795,0.21,0.85));
#12516 = DIRECTION('',(1.,0.,0.));
#12517 = DIRECTION('',(-0.,1.,0.));
#12518 = ORIENTED_EDGE('',*,*,#12142,.T.);
#12519 = ORIENTED_EDGE('',*,*,#12488,.F.);
#12520 = CYLINDRICAL_SURFACE('',#12521,0.12);
#12521 = AXIS2_PLACEMENT_3D('',#12522,#12523,#12524);
#12522 = CARTESIAN_POINT('',(-0.62,0.21,0.85));
#12523 = DIRECTION('',(-1.,0.,-0.));
#12524 = DIRECTION('',(0.,0.,-1.));
#12525 = ADVANCED_FACE('',(#12526),#12591,.F.);
#12526 = FACE_BOUND('',#12527,.T.);
#12527 = EDGE_LOOP('',(#12528,#12534,#12535,#12536,#12544,#12553,#12559,
    #12560,#12569,#12577,#12583,#12584,#12590));
#12528 = ORIENTED_EDGE('',*,*,#12529,.T.);
#12529 = EDGE_CURVE('',#12386,#12151,#12530,.T.);
#12530 = LINE('',#12531,#12532);
#12531 = CARTESIAN_POINT('',(-0.795,0.17,0.88));
#12532 = VECTOR('',#12533,1.);
#12533 = DIRECTION('',(0.,0.,1.));
#12534 = ORIENTED_EDGE('',*,*,#12150,.T.);
#12535 = ORIENTED_EDGE('',*,*,#12512,.F.);
#12536 = ORIENTED_EDGE('',*,*,#12537,.F.);
#12537 = EDGE_CURVE('',#12538,#12505,#12540,.T.);
#12538 = VERTEX_POINT('',#12539);
#12539 = CARTESIAN_POINT('',(-0.795,0.33,0.678563985247));
#12540 = LINE('',#12541,#12542);
#12541 = CARTESIAN_POINT('',(-0.795,0.33,0.678563985247));
#12542 = VECTOR('',#12543,1.);
#12543 = DIRECTION('',(0.,0.,1.));
#12544 = ORIENTED_EDGE('',*,*,#12545,.F.);
#12545 = EDGE_CURVE('',#12546,#12538,#12548,.T.);
#12546 = VERTEX_POINT('',#12547);
#12547 = CARTESIAN_POINT('',(-0.795,0.297850884872,0.609619985366));
#12548 = CIRCLE('',#12549,9.E-02);
#12549 = AXIS2_PLACEMENT_3D('',#12550,#12551,#12552);
#12550 = CARTESIAN_POINT('',(-0.795,0.24,0.678563985247));
#12551 = DIRECTION('',(1.,0.,0.));
#12552 = DIRECTION('',(0.,0.642787609686,-0.766044443119));
#12553 = ORIENTED_EDGE('',*,*,#12554,.F.);
#12554 = EDGE_CURVE('',#4143,#12546,#12555,.T.);
#12555 = LINE('',#12556,#12557);
#12556 = CARTESIAN_POINT('',(-0.795,0.257850884872,0.576056000119));
#12557 = VECTOR('',#12558,1.);
#12558 = DIRECTION('',(0.,0.766044443119,0.642787609686));
#12559 = ORIENTED_EDGE('',*,*,#4142,.F.);
#12560 = ORIENTED_EDGE('',*,*,#12561,.F.);
#12561 = EDGE_CURVE('',#12562,#4133,#12564,.T.);
#12562 = VERTEX_POINT('',#12563);
#12563 = CARTESIAN_POINT('',(-0.795,0.147698376862,0.571756978372));
#12564 = CIRCLE('',#12565,9.E-02);
#12565 = AXIS2_PLACEMENT_3D('',#12566,#12567,#12568);
#12566 = CARTESIAN_POINT('',(-0.795,0.2,0.645));
#12567 = DIRECTION('',(1.,0.,0.));
#12568 = DIRECTION('',(0.,-0.581129145978,-0.813811351416));
#12569 = ORIENTED_EDGE('',*,*,#12570,.F.);
#12570 = EDGE_CURVE('',#12571,#12562,#12573,.T.);
#12571 = VERTEX_POINT('',#12572);
#12572 = CARTESIAN_POINT('',(-0.795,6.8E-02,0.62866826328));
#12573 = LINE('',#12574,#12575);
#12574 = CARTESIAN_POINT('',(-0.795,6.8E-02,0.62866826328));
#12575 = VECTOR('',#12576,1.);
#12576 = DIRECTION('',(0.,0.813811351416,-0.581129145978));
#12577 = ORIENTED_EDGE('',*,*,#12578,.F.);
#12578 = EDGE_CURVE('',#6885,#12571,#12579,.T.);
#12579 = LINE('',#12580,#12581);
#12580 = CARTESIAN_POINT('',(-0.795,6.8E-02,0.63));
#12581 = VECTOR('',#12582,1.);
#12582 = DIRECTION('',(0.,0.,-1.));
#12583 = ORIENTED_EDGE('',*,*,#6884,.F.);
#12584 = ORIENTED_EDGE('',*,*,#12585,.F.);
#12585 = EDGE_CURVE('',#12395,#6877,#12586,.T.);
#12586 = LINE('',#12587,#12588);
#12587 = CARTESIAN_POINT('',(-0.795,0.19,0.88));
#12588 = VECTOR('',#12589,1.);
#12589 = DIRECTION('',(0.,7.974522228289E-02,-0.996815278536));
#12590 = ORIENTED_EDGE('',*,*,#12394,.F.);
#12591 = PLANE('',#12592);
#12592 = AXIS2_PLACEMENT_3D('',#12593,#12594,#12595);
#12593 = CARTESIAN_POINT('',(-0.795,0.17,0.88));
#12594 = DIRECTION('',(1.,0.,0.));
#12595 = DIRECTION('',(-0.,1.,0.));
#12596 = ADVANCED_FACE('',(#12597),#12616,.T.);
#12597 = FACE_BOUND('',#12598,.T.);
#12598 = EDGE_LOOP('',(#12599,#12600,#12608,#12614,#12615));
#12599 = ORIENTED_EDGE('',*,*,#12344,.F.);
#12600 = ORIENTED_EDGE('',*,*,#12601,.F.);
#12601 = EDGE_CURVE('',#12602,#12337,#12604,.T.);
#12602 = VERTEX_POINT('',#12603);
#12603 = CARTESIAN_POINT('',(-0.5725,0.19,0.88));
#12604 = LINE('',#12605,#12606);
#12605 = CARTESIAN_POINT('',(-0.5725,0.19,0.88));
#12606 = VECTOR('',#12607,1.);
#12607 = DIRECTION('',(-1.,0.,3.172065784643E-14));
#12608 = ORIENTED_EDGE('',*,*,#12609,.T.);
#12609 = EDGE_CURVE('',#12602,#6909,#12610,.T.);
#12610 = LINE('',#12611,#12612);
#12611 = CARTESIAN_POINT('',(-0.5725,0.19,0.88));
#12612 = VECTOR('',#12613,1.);
#12613 = DIRECTION('',(0.,7.974522228289E-02,-0.996815278536));
#12614 = ORIENTED_EDGE('',*,*,#6908,.T.);
#12615 = ORIENTED_EDGE('',*,*,#12432,.F.);
#12616 = PLANE('',#12617);
#12617 = AXIS2_PLACEMENT_3D('',#12618,#12619,#12620);
#12618 = CARTESIAN_POINT('',(-0.5725,0.19,0.88));
#12619 = DIRECTION('',(0.,0.996815278536,7.974522228289E-02));
#12620 = DIRECTION('',(1.,0.,-0.));
#12621 = ADVANCED_FACE('',(#12622),#12633,.T.);
#12622 = FACE_BOUND('',#12623,.T.);
#12623 = EDGE_LOOP('',(#12624,#12625,#12631,#12632));
#12624 = ORIENTED_EDGE('',*,*,#6876,.T.);
#12625 = ORIENTED_EDGE('',*,*,#12626,.F.);
#12626 = EDGE_CURVE('',#12403,#6869,#12627,.T.);
#12627 = LINE('',#12628,#12629);
#12628 = CARTESIAN_POINT('',(-0.8275,0.19,0.88));
#12629 = VECTOR('',#12630,1.);
#12630 = DIRECTION('',(0.,7.974522228289E-02,-0.996815278536));
#12631 = ORIENTED_EDGE('',*,*,#12402,.F.);
#12632 = ORIENTED_EDGE('',*,*,#12585,.T.);
#12633 = PLANE('',#12634);
#12634 = AXIS2_PLACEMENT_3D('',#12635,#12636,#12637);
#12635 = CARTESIAN_POINT('',(-0.5725,0.19,0.88));
#12636 = DIRECTION('',(0.,0.996815278536,7.974522228289E-02));
#12637 = DIRECTION('',(1.,0.,-0.));
#12638 = ADVANCED_FACE('',(#12639),#12650,.F.);
#12639 = FACE_BOUND('',#12640,.T.);
#12640 = EDGE_LOOP('',(#12641,#12642,#12643,#12644));
#12641 = ORIENTED_EDGE('',*,*,#5799,.T.);
#12642 = ORIENTED_EDGE('',*,*,#6916,.T.);
#12643 = ORIENTED_EDGE('',*,*,#12609,.F.);
#12644 = ORIENTED_EDGE('',*,*,#12645,.F.);
#12645 = EDGE_CURVE('',#5751,#12602,#12646,.T.);
#12646 = LINE('',#12647,#12648);
#12647 = CARTESIAN_POINT('',(-0.5725,0.33,0.88));
#12648 = VECTOR('',#12649,1.);
#12649 = DIRECTION('',(0.,-1.,0.));
#12650 = PLANE('',#12651);
#12651 = AXIS2_PLACEMENT_3D('',#12652,#12653,#12654);
#12652 = CARTESIAN_POINT('',(-0.5725,0.,0.));
#12653 = DIRECTION('',(1.,0.,0.));
#12654 = DIRECTION('',(-0.,1.,0.));
#12655 = ADVANCED_FACE('',(#12656),#12674,.F.);
#12656 = FACE_BOUND('',#12657,.T.);
#12657 = EDGE_LOOP('',(#12658,#12659,#12660,#12668));
#12658 = ORIENTED_EDGE('',*,*,#7623,.F.);
#12659 = ORIENTED_EDGE('',*,*,#5871,.T.);
#12660 = ORIENTED_EDGE('',*,*,#12661,.F.);
#12661 = EDGE_CURVE('',#12662,#5864,#12664,.T.);
#12662 = VERTEX_POINT('',#12663);
#12663 = CARTESIAN_POINT('',(-0.5725,0.19,-0.88));
#12664 = LINE('',#12665,#12666);
#12665 = CARTESIAN_POINT('',(-0.5725,0.19,-0.88));
#12666 = VECTOR('',#12667,1.);
#12667 = DIRECTION('',(0.,1.,0.));
#12668 = ORIENTED_EDGE('',*,*,#12669,.F.);
#12669 = EDGE_CURVE('',#7624,#12662,#12670,.T.);
#12670 = LINE('',#12671,#12672);
#12671 = CARTESIAN_POINT('',(-0.5725,0.21,-0.63));
#12672 = VECTOR('',#12673,1.);
#12673 = DIRECTION('',(0.,-7.974522228289E-02,-0.996815278536));
#12674 = PLANE('',#12675);
#12675 = AXIS2_PLACEMENT_3D('',#12676,#12677,#12678);
#12676 = CARTESIAN_POINT('',(-0.5725,0.,0.));
#12677 = DIRECTION('',(1.,0.,0.));
#12678 = DIRECTION('',(-0.,1.,0.));
#12679 = ADVANCED_FACE('',(#12680),#12691,.T.);
#12680 = FACE_BOUND('',#12681,.T.);
#12681 = EDGE_LOOP('',(#12682,#12683,#12689,#12690));
#12682 = ORIENTED_EDGE('',*,*,#12601,.T.);
#12683 = ORIENTED_EDGE('',*,*,#12684,.F.);
#12684 = EDGE_CURVE('',#5753,#12337,#12685,.T.);
#12685 = LINE('',#12686,#12687);
#12686 = CARTESIAN_POINT('',(-0.59,0.33,0.88));
#12687 = VECTOR('',#12688,1.);
#12688 = DIRECTION('',(0.,-1.,0.));
#12689 = ORIENTED_EDGE('',*,*,#5750,.F.);
#12690 = ORIENTED_EDGE('',*,*,#12645,.T.);
#12691 = PLANE('',#12692);
#12692 = AXIS2_PLACEMENT_3D('',#12693,#12694,#12695);
#12693 = CARTESIAN_POINT('',(-0.5725,0.33,0.88));
#12694 = DIRECTION('',(0.,0.,-1.));
#12695 = DIRECTION('',(0.,-1.,0.));
#12696 = ADVANCED_FACE('',(#12697),#12716,.F.);
#12697 = FACE_BOUND('',#12698,.T.);
#12698 = EDGE_LOOP('',(#12699,#12700,#12708,#12714,#12715));
#12699 = ORIENTED_EDGE('',*,*,#12336,.T.);
#12700 = ORIENTED_EDGE('',*,*,#12701,.F.);
#12701 = EDGE_CURVE('',#12702,#12329,#12704,.T.);
#12702 = VERTEX_POINT('',#12703);
#12703 = CARTESIAN_POINT('',(-0.59,-0.18,1.));
#12704 = LINE('',#12705,#12706);
#12705 = CARTESIAN_POINT('',(-0.59,-0.18,1.));
#12706 = VECTOR('',#12707,1.);
#12707 = DIRECTION('',(0.,0.,-1.));
#12708 = ORIENTED_EDGE('',*,*,#12709,.T.);
#12709 = EDGE_CURVE('',#12702,#5761,#12710,.T.);
#12710 = LINE('',#12711,#12712);
#12711 = CARTESIAN_POINT('',(-0.59,-0.18,1.));
#12712 = VECTOR('',#12713,1.);
#12713 = DIRECTION('',(0.,1.,0.));
#12714 = ORIENTED_EDGE('',*,*,#5760,.T.);
#12715 = ORIENTED_EDGE('',*,*,#12684,.T.);
#12716 = PLANE('',#12717);
#12717 = AXIS2_PLACEMENT_3D('',#12718,#12719,#12720);
#12718 = CARTESIAN_POINT('',(-0.59,0.33,1.));
#12719 = DIRECTION('',(1.,0.,0.));
#12720 = DIRECTION('',(-0.,1.,0.));
#12721 = ADVANCED_FACE('',(#12722),#12738,.T.);
#12722 = FACE_BOUND('',#12723,.T.);
#12723 = EDGE_LOOP('',(#12724,#12730,#12731,#12737));
#12724 = ORIENTED_EDGE('',*,*,#12725,.F.);
#12725 = EDGE_CURVE('',#4652,#10530,#12726,.T.);
#12726 = LINE('',#12727,#12728);
#12727 = CARTESIAN_POINT('',(-1.55,-0.33,1.));
#12728 = VECTOR('',#12729,1.);
#12729 = DIRECTION('',(0.,1.,0.));
#12730 = ORIENTED_EDGE('',*,*,#4651,.T.);
#12731 = ORIENTED_EDGE('',*,*,#12732,.T.);
#12732 = EDGE_CURVE('',#4644,#10539,#12733,.T.);
#12733 = LINE('',#12734,#12735);
#12734 = CARTESIAN_POINT('',(-1.265,-0.33,1.));
#12735 = VECTOR('',#12736,1.);
#12736 = DIRECTION('',(0.,1.,0.));
#12737 = ORIENTED_EDGE('',*,*,#10538,.F.);
#12738 = PLANE('',#12739);
#12739 = AXIS2_PLACEMENT_3D('',#12740,#12741,#12742);
#12740 = CARTESIAN_POINT('',(-1.55,-0.33,1.));
#12741 = DIRECTION('',(0.,0.,1.));
#12742 = DIRECTION('',(1.,0.,-0.));
#12743 = ADVANCED_FACE('',(#12744),#12760,.T.);
#12744 = FACE_BOUND('',#12745,.T.);
#12745 = EDGE_LOOP('',(#12746,#12752,#12753,#12759));
#12746 = ORIENTED_EDGE('',*,*,#12747,.F.);
#12747 = EDGE_CURVE('',#4588,#10473,#12748,.T.);
#12748 = LINE('',#12749,#12750);
#12749 = CARTESIAN_POINT('',(1.265,-0.33,1.));
#12750 = VECTOR('',#12751,1.);
#12751 = DIRECTION('',(0.,1.,0.));
#12752 = ORIENTED_EDGE('',*,*,#4587,.T.);
#12753 = ORIENTED_EDGE('',*,*,#12754,.T.);
#12754 = EDGE_CURVE('',#4579,#10481,#12755,.T.);
#12755 = LINE('',#12756,#12757);
#12756 = CARTESIAN_POINT('',(1.55,-0.33,1.));
#12757 = VECTOR('',#12758,1.);
#12758 = DIRECTION('',(0.,1.,0.));
#12759 = ORIENTED_EDGE('',*,*,#10480,.F.);
#12760 = PLANE('',#12761);
#12761 = AXIS2_PLACEMENT_3D('',#12762,#12763,#12764);
#12762 = CARTESIAN_POINT('',(-1.55,-0.33,1.));
#12763 = DIRECTION('',(0.,0.,1.));
#12764 = DIRECTION('',(1.,0.,-0.));
#12765 = ADVANCED_FACE('',(#12766),#12784,.T.);
#12766 = FACE_BOUND('',#12767,.T.);
#12767 = EDGE_LOOP('',(#12768,#12776,#12777,#12778));
#12768 = ORIENTED_EDGE('',*,*,#12769,.T.);
#12769 = EDGE_CURVE('',#12770,#5769,#12772,.T.);
#12770 = VERTEX_POINT('',#12771);
#12771 = CARTESIAN_POINT('',(0.59,-0.18,1.));
#12772 = LINE('',#12773,#12774);
#12773 = CARTESIAN_POINT('',(0.59,-0.18,1.));
#12774 = VECTOR('',#12775,1.);
#12775 = DIRECTION('',(0.,1.,0.));
#12776 = ORIENTED_EDGE('',*,*,#5768,.F.);
#12777 = ORIENTED_EDGE('',*,*,#12709,.F.);
#12778 = ORIENTED_EDGE('',*,*,#12779,.T.);
#12779 = EDGE_CURVE('',#12702,#12770,#12780,.T.);
#12780 = LINE('',#12781,#12782);
#12781 = CARTESIAN_POINT('',(-0.59,-0.18,1.));
#12782 = VECTOR('',#12783,1.);
#12783 = DIRECTION('',(1.,0.,0.));
#12784 = PLANE('',#12785);
#12785 = AXIS2_PLACEMENT_3D('',#12786,#12787,#12788);
#12786 = CARTESIAN_POINT('',(-1.55,-0.33,1.));
#12787 = DIRECTION('',(0.,0.,1.));
#12788 = DIRECTION('',(1.,0.,-0.));
#12789 = ADVANCED_FACE('',(#12790),#12796,.F.);
#12790 = FACE_BOUND('',#12791,.T.);
#12791 = EDGE_LOOP('',(#12792,#12793,#12794,#12795));
#12792 = ORIENTED_EDGE('',*,*,#12732,.F.);
#12793 = ORIENTED_EDGE('',*,*,#4643,.T.);
#12794 = ORIENTED_EDGE('',*,*,#12313,.F.);
#12795 = ORIENTED_EDGE('',*,*,#10546,.T.);
#12796 = PLANE('',#12797);
#12797 = AXIS2_PLACEMENT_3D('',#12798,#12799,#12800);
#12798 = CARTESIAN_POINT('',(-1.265,0.33,0.88));
#12799 = DIRECTION('',(-1.,0.,0.));
#12800 = DIRECTION('',(0.,0.,1.));
#12801 = ADVANCED_FACE('',(#12802),#12831,.T.);
#12802 = FACE_BOUND('',#12803,.T.);
#12803 = EDGE_LOOP('',(#12804,#12805,#12806,#12807,#12815,#12824));
#12804 = ORIENTED_EDGE('',*,*,#4659,.T.);
#12805 = ORIENTED_EDGE('',*,*,#12725,.T.);
#12806 = ORIENTED_EDGE('',*,*,#10529,.F.);
#12807 = ORIENTED_EDGE('',*,*,#12808,.F.);
#12808 = EDGE_CURVE('',#12809,#10522,#12811,.T.);
#12809 = VERTEX_POINT('',#12810);
#12810 = CARTESIAN_POINT('',(-1.75,-0.28,0.8));
#12811 = LINE('',#12812,#12813);
#12812 = CARTESIAN_POINT('',(-1.75,-0.28,0.8));
#12813 = VECTOR('',#12814,1.);
#12814 = DIRECTION('',(0.,1.,0.));
#12815 = ORIENTED_EDGE('',*,*,#12816,.T.);
#12816 = EDGE_CURVE('',#12809,#12817,#12819,.T.);
#12817 = VERTEX_POINT('',#12818);
#12818 = CARTESIAN_POINT('',(-1.7,-0.28,0.932287565553));
#12819 = CIRCLE('',#12820,0.2);
#12820 = AXIS2_PLACEMENT_3D('',#12821,#12822,#12823);
#12821 = CARTESIAN_POINT('',(-1.55,-0.28,0.8));
#12822 = DIRECTION('',(0.,1.,0.));
#12823 = DIRECTION('',(-1.,0.,0.));
#12824 = ORIENTED_EDGE('',*,*,#12825,.T.);
#12825 = EDGE_CURVE('',#12817,#4660,#12826,.T.);
#12826 = B_SPLINE_CURVE_WITH_KNOTS('',3,(#12827,#12828,#12829,#12830),
  .UNSPECIFIED.,.F.,.F.,(4,4),(0.,1.),.PIECEWISE_BEZIER_KNOTS.);
#12827 = CARTESIAN_POINT('',(-1.7,-0.28,0.932287565553));
#12828 = CARTESIAN_POINT('',(-1.684819729773,-0.295180270227,
    0.949500374062));
#12829 = CARTESIAN_POINT('',(-1.668013827844,-0.311986172156,
    0.962804792402));
#12830 = CARTESIAN_POINT('',(-1.65,-0.33,0.973205080757));
#12831 = CYLINDRICAL_SURFACE('',#12832,0.2);
#12832 = AXIS2_PLACEMENT_3D('',#12833,#12834,#12835);
#12833 = CARTESIAN_POINT('',(-1.55,-0.33,0.8));
#12834 = DIRECTION('',(0.,-1.,0.));
#12835 = DIRECTION('',(1.,0.,0.));
#12836 = ADVANCED_FACE('',(#12837),#12855,.F.);
#12837 = FACE_BOUND('',#12838,.T.);
#12838 = EDGE_LOOP('',(#12839,#12840,#12848,#12854));
#12839 = ORIENTED_EDGE('',*,*,#12825,.F.);
#12840 = ORIENTED_EDGE('',*,*,#12841,.F.);
#12841 = EDGE_CURVE('',#12842,#12817,#12844,.T.);
#12842 = VERTEX_POINT('',#12843);
#12843 = CARTESIAN_POINT('',(-1.7,-0.28,0.615));
#12844 = LINE('',#12845,#12846);
#12845 = CARTESIAN_POINT('',(-1.7,-0.28,0.615));
#12846 = VECTOR('',#12847,1.);
#12847 = DIRECTION('',(0.,0.,1.));
#12848 = ORIENTED_EDGE('',*,*,#12849,.F.);
#12849 = EDGE_CURVE('',#4669,#12842,#12850,.T.);
#12850 = LINE('',#12851,#12852);
#12851 = CARTESIAN_POINT('',(-1.65,-0.33,0.615));
#12852 = VECTOR('',#12853,1.);
#12853 = DIRECTION('',(-0.707106781187,0.707106781187,0.));
#12854 = ORIENTED_EDGE('',*,*,#4668,.F.);
#12855 = PLANE('',#12856);
#12856 = AXIS2_PLACEMENT_3D('',#12857,#12858,#12859);
#12857 = CARTESIAN_POINT('',(-1.65,-0.33,-1.));
#12858 = DIRECTION('',(0.707106781187,0.707106781187,0.));
#12859 = DIRECTION('',(0.,0.,-1.));
#12860 = ADVANCED_FACE('',(#12861),#12886,.F.);
#12861 = FACE_BOUND('',#12862,.T.);
#12862 = EDGE_LOOP('',(#12863,#12871,#12879,#12885));
#12863 = ORIENTED_EDGE('',*,*,#12864,.T.);
#12864 = EDGE_CURVE('',#4717,#12865,#12867,.T.);
#12865 = VERTEX_POINT('',#12866);
#12866 = CARTESIAN_POINT('',(-1.7,-0.28,0.35));
#12867 = LINE('',#12868,#12869);
#12868 = CARTESIAN_POINT('',(-1.65,-0.33,0.35));
#12869 = VECTOR('',#12870,1.);
#12870 = DIRECTION('',(-0.707106781187,0.707106781187,0.));
#12871 = ORIENTED_EDGE('',*,*,#12872,.F.);
#12872 = EDGE_CURVE('',#12873,#12865,#12875,.T.);
#12873 = VERTEX_POINT('',#12874);
#12874 = CARTESIAN_POINT('',(-1.7,-0.28,-0.35));
#12875 = LINE('',#12876,#12877);
#12876 = CARTESIAN_POINT('',(-1.7,-0.28,-0.35));
#12877 = VECTOR('',#12878,1.);
#12878 = DIRECTION('',(0.,0.,1.));
#12879 = ORIENTED_EDGE('',*,*,#12880,.F.);
#12880 = EDGE_CURVE('',#4725,#12873,#12881,.T.);
#12881 = LINE('',#12882,#12883);
#12882 = CARTESIAN_POINT('',(-1.65,-0.33,-0.35));
#12883 = VECTOR('',#12884,1.);
#12884 = DIRECTION('',(-0.707106781187,0.707106781187,0.));
#12885 = ORIENTED_EDGE('',*,*,#4724,.F.);
#12886 = PLANE('',#12887);
#12887 = AXIS2_PLACEMENT_3D('',#12888,#12889,#12890);
#12888 = CARTESIAN_POINT('',(-1.65,-0.33,-1.));
#12889 = DIRECTION('',(0.707106781187,0.707106781187,0.));
#12890 = DIRECTION('',(0.,0.,-1.));
#12891 = ADVANCED_FACE('',(#12892),#12918,.F.);
#12892 = FACE_BOUND('',#12893,.T.);
#12893 = EDGE_LOOP('',(#12894,#12902,#12910,#12917));
#12894 = ORIENTED_EDGE('',*,*,#12895,.T.);
#12895 = EDGE_CURVE('',#4773,#12896,#12898,.T.);
#12896 = VERTEX_POINT('',#12897);
#12897 = CARTESIAN_POINT('',(-1.7,-0.28,-0.615));
#12898 = LINE('',#12899,#12900);
#12899 = CARTESIAN_POINT('',(-1.65,-0.33,-0.615));
#12900 = VECTOR('',#12901,1.);
#12901 = DIRECTION('',(-0.707106781187,0.707106781187,0.));
#12902 = ORIENTED_EDGE('',*,*,#12903,.F.);
#12903 = EDGE_CURVE('',#12904,#12896,#12906,.T.);
#12904 = VERTEX_POINT('',#12905);
#12905 = CARTESIAN_POINT('',(-1.7,-0.28,-0.932287565553));
#12906 = LINE('',#12907,#12908);
#12907 = CARTESIAN_POINT('',(-1.7,-0.28,-0.932287565553));
#12908 = VECTOR('',#12909,1.);
#12909 = DIRECTION('',(0.,0.,1.));
#12910 = ORIENTED_EDGE('',*,*,#12911,.F.);
#12911 = EDGE_CURVE('',#4781,#12904,#12912,.T.);
#12912 = B_SPLINE_CURVE_WITH_KNOTS('',3,(#12913,#12914,#12915,#12916),
  .UNSPECIFIED.,.F.,.F.,(4,4),(0.,1.),.PIECEWISE_BEZIER_KNOTS.);
#12913 = CARTESIAN_POINT('',(-1.65,-0.33,-0.973205080757));
#12914 = CARTESIAN_POINT('',(-1.668013827844,-0.311986172156,
    -0.962804792402));
#12915 = CARTESIAN_POINT('',(-1.684819729773,-0.295180270227,
    -0.949500374062));
#12916 = CARTESIAN_POINT('',(-1.7,-0.28,-0.932287565553));
#12917 = ORIENTED_EDGE('',*,*,#4780,.F.);
#12918 = PLANE('',#12919);
#12919 = AXIS2_PLACEMENT_3D('',#12920,#12921,#12922);
#12920 = CARTESIAN_POINT('',(-1.65,-0.33,-1.));
#12921 = DIRECTION('',(0.707106781187,0.707106781187,0.));
#12922 = DIRECTION('',(0.,0.,-1.));
#12923 = ADVANCED_FACE('',(#12924),#12951,.F.);
#12924 = FACE_BOUND('',#12925,.T.);
#12925 = EDGE_LOOP('',(#12926,#12927,#12928,#12929,#12937,#12945));
#12926 = ORIENTED_EDGE('',*,*,#10311,.T.);
#12927 = ORIENTED_EDGE('',*,*,#4676,.F.);
#12928 = ORIENTED_EDGE('',*,*,#12849,.T.);
#12929 = ORIENTED_EDGE('',*,*,#12930,.F.);
#12930 = EDGE_CURVE('',#12931,#12842,#12933,.T.);
#12931 = VERTEX_POINT('',#12932);
#12932 = CARTESIAN_POINT('',(-1.75,-0.28,0.615));
#12933 = LINE('',#12934,#12935);
#12934 = CARTESIAN_POINT('',(-1.75,-0.28,0.615));
#12935 = VECTOR('',#12936,1.);
#12936 = DIRECTION('',(1.,0.,0.));
#12937 = ORIENTED_EDGE('',*,*,#12938,.T.);
#12938 = EDGE_CURVE('',#12931,#12939,#12941,.T.);
#12939 = VERTEX_POINT('',#12940);
#12940 = CARTESIAN_POINT('',(-1.75,-6.E-02,0.615));
#12941 = LINE('',#12942,#12943);
#12942 = CARTESIAN_POINT('',(-1.75,-0.28,0.615));
#12943 = VECTOR('',#12944,1.);
#12944 = DIRECTION('',(0.,1.,0.));
#12945 = ORIENTED_EDGE('',*,*,#12946,.T.);
#12946 = EDGE_CURVE('',#12939,#10312,#12947,.T.);
#12947 = LINE('',#12948,#12949);
#12948 = CARTESIAN_POINT('',(-1.75,-6.E-02,0.615));
#12949 = VECTOR('',#12950,1.);
#12950 = DIRECTION('',(1.,0.,0.));
#12951 = PLANE('',#12952);
#12952 = AXIS2_PLACEMENT_3D('',#12953,#12954,#12955);
#12953 = CARTESIAN_POINT('',(-1.75,0.33,0.615));
#12954 = DIRECTION('',(0.,0.,1.));
#12955 = DIRECTION('',(1.,0.,-0.));
#12956 = ADVANCED_FACE('',(#12957),#12968,.T.);
#12957 = FACE_BOUND('',#12958,.T.);
#12958 = EDGE_LOOP('',(#12959,#12960,#12961,#12967));
#12959 = ORIENTED_EDGE('',*,*,#10319,.F.);
#12960 = ORIENTED_EDGE('',*,*,#12946,.F.);
#12961 = ORIENTED_EDGE('',*,*,#12962,.F.);
#12962 = EDGE_CURVE('',#10520,#12939,#12963,.T.);
#12963 = LINE('',#12964,#12965);
#12964 = CARTESIAN_POINT('',(-1.75,-1.E-02,0.665));
#12965 = VECTOR('',#12966,1.);
#12966 = DIRECTION('',(0.,-0.707106781187,-0.707106781187));
#12967 = ORIENTED_EDGE('',*,*,#10561,.T.);
#12968 = PLANE('',#12969);
#12969 = AXIS2_PLACEMENT_3D('',#12970,#12971,#12972);
#12970 = CARTESIAN_POINT('',(-1.625,-3.5E-02,0.64));
#12971 = DIRECTION('',(0.,0.707106781187,-0.707106781187));
#12972 = DIRECTION('',(-1.,0.,0.));
#12973 = ADVANCED_FACE('',(#12974),#13008,.T.);
#12974 = FACE_BOUND('',#12975,.T.);
#12975 = EDGE_LOOP('',(#12976,#12986,#12994,#13002));
#12976 = ORIENTED_EDGE('',*,*,#12977,.F.);
#12977 = EDGE_CURVE('',#12978,#12980,#12982,.T.);
#12978 = VERTEX_POINT('',#12979);
#12979 = CARTESIAN_POINT('',(-1.75,-0.28,-0.35));
#12980 = VERTEX_POINT('',#12981);
#12981 = CARTESIAN_POINT('',(-1.75,0.29,-0.35));
#12982 = LINE('',#12983,#12984);
#12983 = CARTESIAN_POINT('',(-1.75,-0.28,-0.35));
#12984 = VECTOR('',#12985,1.);
#12985 = DIRECTION('',(0.,1.,0.));
#12986 = ORIENTED_EDGE('',*,*,#12987,.T.);
#12987 = EDGE_CURVE('',#12978,#12988,#12990,.T.);
#12988 = VERTEX_POINT('',#12989);
#12989 = CARTESIAN_POINT('',(-1.75,-0.28,0.35));
#12990 = LINE('',#12991,#12992);
#12991 = CARTESIAN_POINT('',(-1.75,-0.28,-0.35));
#12992 = VECTOR('',#12993,1.);
#12993 = DIRECTION('',(0.,0.,1.));
#12994 = ORIENTED_EDGE('',*,*,#12995,.T.);
#12995 = EDGE_CURVE('',#12988,#12996,#12998,.T.);
#12996 = VERTEX_POINT('',#12997);
#12997 = CARTESIAN_POINT('',(-1.75,0.29,0.35));
#12998 = LINE('',#12999,#13000);
#12999 = CARTESIAN_POINT('',(-1.75,-0.28,0.35));
#13000 = VECTOR('',#13001,1.);
#13001 = DIRECTION('',(0.,1.,0.));
#13002 = ORIENTED_EDGE('',*,*,#13003,.F.);
#13003 = EDGE_CURVE('',#12980,#12996,#13004,.T.);
#13004 = LINE('',#13005,#13006);
#13005 = CARTESIAN_POINT('',(-1.75,0.29,-0.35));
#13006 = VECTOR('',#13007,1.);
#13007 = DIRECTION('',(0.,0.,1.));
#13008 = PLANE('',#13009);
#13009 = AXIS2_PLACEMENT_3D('',#13010,#13011,#13012);
#13010 = CARTESIAN_POINT('',(-1.75,-0.33,-0.8));
#13011 = DIRECTION('',(-1.,0.,0.));
#13012 = DIRECTION('',(0.,0.,1.));
#13013 = ADVANCED_FACE('',(#13014),#13026,.T.);
#13014 = FACE_BOUND('',#13015,.T.);
#13015 = EDGE_LOOP('',(#13016,#13017,#13023,#13024,#13025));
#13016 = ORIENTED_EDGE('',*,*,#12938,.F.);
#13017 = ORIENTED_EDGE('',*,*,#13018,.T.);
#13018 = EDGE_CURVE('',#12931,#12809,#13019,.T.);
#13019 = LINE('',#13020,#13021);
#13020 = CARTESIAN_POINT('',(-1.75,-0.28,0.615));
#13021 = VECTOR('',#13022,1.);
#13022 = DIRECTION('',(0.,0.,1.));
#13023 = ORIENTED_EDGE('',*,*,#12808,.T.);
#13024 = ORIENTED_EDGE('',*,*,#10519,.F.);
#13025 = ORIENTED_EDGE('',*,*,#12962,.T.);
#13026 = PLANE('',#13027);
#13027 = AXIS2_PLACEMENT_3D('',#13028,#13029,#13030);
#13028 = CARTESIAN_POINT('',(-1.75,-0.33,-0.8));
#13029 = DIRECTION('',(-1.,0.,0.));
#13030 = DIRECTION('',(0.,0.,1.));
#13031 = ADVANCED_FACE('',(#13032),#13065,.T.);
#13032 = FACE_BOUND('',#13033,.T.);
#13033 = EDGE_LOOP('',(#13034,#13035,#13043,#13051,#13059));
#13034 = ORIENTED_EDGE('',*,*,#10602,.F.);
#13035 = ORIENTED_EDGE('',*,*,#13036,.F.);
#13036 = EDGE_CURVE('',#13037,#10594,#13039,.T.);
#13037 = VERTEX_POINT('',#13038);
#13038 = CARTESIAN_POINT('',(-1.75,-0.28,-0.8));
#13039 = LINE('',#13040,#13041);
#13040 = CARTESIAN_POINT('',(-1.75,-0.28,-0.8));
#13041 = VECTOR('',#13042,1.);
#13042 = DIRECTION('',(0.,1.,0.));
#13043 = ORIENTED_EDGE('',*,*,#13044,.T.);
#13044 = EDGE_CURVE('',#13037,#13045,#13047,.T.);
#13045 = VERTEX_POINT('',#13046);
#13046 = CARTESIAN_POINT('',(-1.75,-0.28,-0.615));
#13047 = LINE('',#13048,#13049);
#13048 = CARTESIAN_POINT('',(-1.75,-0.28,-0.8));
#13049 = VECTOR('',#13050,1.);
#13050 = DIRECTION('',(0.,0.,1.));
#13051 = ORIENTED_EDGE('',*,*,#13052,.T.);
#13052 = EDGE_CURVE('',#13045,#13053,#13055,.T.);
#13053 = VERTEX_POINT('',#13054);
#13054 = CARTESIAN_POINT('',(-1.75,-6.E-02,-0.615));
#13055 = LINE('',#13056,#13057);
#13056 = CARTESIAN_POINT('',(-1.75,-0.28,-0.615));
#13057 = VECTOR('',#13058,1.);
#13058 = DIRECTION('',(0.,1.,0.));
#13059 = ORIENTED_EDGE('',*,*,#13060,.T.);
#13060 = EDGE_CURVE('',#13053,#10603,#13061,.T.);
#13061 = LINE('',#13062,#13063);
#13062 = CARTESIAN_POINT('',(-1.75,-6.E-02,-0.615));
#13063 = VECTOR('',#13064,1.);
#13064 = DIRECTION('',(0.,0.707106781187,-0.707106781187));
#13065 = PLANE('',#13066);
#13066 = AXIS2_PLACEMENT_3D('',#13067,#13068,#13069);
#13067 = CARTESIAN_POINT('',(-1.75,-0.33,-0.8));
#13068 = DIRECTION('',(-1.,0.,0.));
#13069 = DIRECTION('',(0.,0.,1.));
#13070 = ADVANCED_FACE('',(#13071),#13096,.F.);
#13071 = FACE_BOUND('',#13072,.T.);
#13072 = EDGE_LOOP('',(#13073,#13081,#13082,#13090));
#13073 = ORIENTED_EDGE('',*,*,#13074,.F.);
#13074 = EDGE_CURVE('',#12980,#13075,#13077,.T.);
#13075 = VERTEX_POINT('',#13076);
#13076 = CARTESIAN_POINT('',(-1.58,0.29,-0.35));
#13077 = LINE('',#13078,#13079);
#13078 = CARTESIAN_POINT('',(-1.75,0.29,-0.35));
#13079 = VECTOR('',#13080,1.);
#13080 = DIRECTION('',(1.,0.,0.));
#13081 = ORIENTED_EDGE('',*,*,#13003,.T.);
#13082 = ORIENTED_EDGE('',*,*,#13083,.F.);
#13083 = EDGE_CURVE('',#13084,#12996,#13086,.T.);
#13084 = VERTEX_POINT('',#13085);
#13085 = CARTESIAN_POINT('',(-1.58,0.29,0.35));
#13086 = LINE('',#13087,#13088);
#13087 = CARTESIAN_POINT('',(-1.58,0.29,0.35));
#13088 = VECTOR('',#13089,1.);
#13089 = DIRECTION('',(-1.,0.,0.));
#13090 = ORIENTED_EDGE('',*,*,#13091,.F.);
#13091 = EDGE_CURVE('',#13075,#13084,#13092,.T.);
#13092 = LINE('',#13093,#13094);
#13093 = CARTESIAN_POINT('',(-1.58,0.29,-0.35));
#13094 = VECTOR('',#13095,1.);
#13095 = DIRECTION('',(0.,0.,1.));
#13096 = PLANE('',#13097);
#13097 = AXIS2_PLACEMENT_3D('',#13098,#13099,#13100);
#13098 = CARTESIAN_POINT('',(-1.75,0.29,-1.));
#13099 = DIRECTION('',(0.,-1.,0.));
#13100 = DIRECTION('',(0.,0.,-1.));
#13101 = ADVANCED_FACE('',(#13102),#13193,.F.);
#13102 = FACE_BOUND('',#13103,.T.);
#13103 = EDGE_LOOP('',(#13104,#13112,#13113,#13119,#13120,#13126,#13127,
    #13135,#13143,#13151,#13160,#13166,#13167,#13168,#13169,#13170,
    #13179,#13187));
#13104 = ORIENTED_EDGE('',*,*,#13105,.T.);
#13105 = EDGE_CURVE('',#13106,#4741,#13108,.T.);
#13106 = VERTEX_POINT('',#13107);
#13107 = CARTESIAN_POINT('',(-1.58,-0.23,-0.37));
#13108 = LINE('',#13109,#13110);
#13109 = CARTESIAN_POINT('',(-1.58,-0.23,-0.37));
#13110 = VECTOR('',#13111,1.);
#13111 = DIRECTION('',(0.,-1.,0.));
#13112 = ORIENTED_EDGE('',*,*,#4740,.F.);
#13113 = ORIENTED_EDGE('',*,*,#13114,.T.);
#13114 = EDGE_CURVE('',#4733,#13075,#13115,.T.);
#13115 = LINE('',#13116,#13117);
#13116 = CARTESIAN_POINT('',(-1.58,-0.33,-0.35));
#13117 = VECTOR('',#13118,1.);
#13118 = DIRECTION('',(0.,1.,0.));
#13119 = ORIENTED_EDGE('',*,*,#13091,.T.);
#13120 = ORIENTED_EDGE('',*,*,#13121,.F.);
#13121 = EDGE_CURVE('',#4709,#13084,#13122,.T.);
#13122 = LINE('',#13123,#13124);
#13123 = CARTESIAN_POINT('',(-1.58,-0.33,0.35));
#13124 = VECTOR('',#13125,1.);
#13125 = DIRECTION('',(0.,1.,0.));
#13126 = ORIENTED_EDGE('',*,*,#4708,.F.);
#13127 = ORIENTED_EDGE('',*,*,#13128,.T.);
#13128 = EDGE_CURVE('',#4701,#13129,#13131,.T.);
#13129 = VERTEX_POINT('',#13130);
#13130 = CARTESIAN_POINT('',(-1.58,-0.23,0.37));
#13131 = LINE('',#13132,#13133);
#13132 = CARTESIAN_POINT('',(-1.58,-0.33,0.37));
#13133 = VECTOR('',#13134,1.);
#13134 = DIRECTION('',(0.,1.,5.684341886081E-13));
#13135 = ORIENTED_EDGE('',*,*,#13136,.F.);
#13136 = EDGE_CURVE('',#13137,#13129,#13139,.T.);
#13137 = VERTEX_POINT('',#13138);
#13138 = CARTESIAN_POINT('',(-1.58,-0.23,0.595));
#13139 = LINE('',#13140,#13141);
#13140 = CARTESIAN_POINT('',(-1.58,-0.23,0.595));
#13141 = VECTOR('',#13142,1.);
#13142 = DIRECTION('',(0.,0.,-1.));
#13143 = ORIENTED_EDGE('',*,*,#13144,.F.);
#13144 = EDGE_CURVE('',#13145,#13137,#13147,.T.);
#13145 = VERTEX_POINT('',#13146);
#13146 = CARTESIAN_POINT('',(-1.58,-2.E-02,0.595));
#13147 = LINE('',#13148,#13149);
#13148 = CARTESIAN_POINT('',(-1.58,-2.E-02,0.595));
#13149 = VECTOR('',#13150,1.);
#13150 = DIRECTION('',(0.,-1.,0.));
#13151 = ORIENTED_EDGE('',*,*,#13152,.F.);
#13152 = EDGE_CURVE('',#13153,#13145,#13155,.T.);
#13153 = VERTEX_POINT('',#13154);
#13154 = CARTESIAN_POINT('',(-1.58,2.E-02,0.635));
#13155 = CIRCLE('',#13156,4.E-02);
#13156 = AXIS2_PLACEMENT_3D('',#13157,#13158,#13159);
#13157 = CARTESIAN_POINT('',(-1.58,-2.E-02,0.635));
#13158 = DIRECTION('',(-1.,0.,0.));
#13159 = DIRECTION('',(0.,1.,0.));
#13160 = ORIENTED_EDGE('',*,*,#13161,.F.);
#13161 = EDGE_CURVE('',#12077,#13153,#13162,.T.);
#13162 = LINE('',#13163,#13164);
#13163 = CARTESIAN_POINT('',(-1.58,2.E-02,0.97));
#13164 = VECTOR('',#13165,1.);
#13165 = DIRECTION('',(0.,0.,-1.));
#13166 = ORIENTED_EDGE('',*,*,#12076,.F.);
#13167 = ORIENTED_EDGE('',*,*,#5911,.F.);
#13168 = ORIENTED_EDGE('',*,*,#9743,.F.);
#13169 = ORIENTED_EDGE('',*,*,#10254,.F.);
#13170 = ORIENTED_EDGE('',*,*,#13171,.F.);
#13171 = EDGE_CURVE('',#13172,#10247,#13174,.T.);
#13172 = VERTEX_POINT('',#13173);
#13173 = CARTESIAN_POINT('',(-1.58,-2.E-02,-0.595));
#13174 = CIRCLE('',#13175,4.E-02);
#13175 = AXIS2_PLACEMENT_3D('',#13176,#13177,#13178);
#13176 = CARTESIAN_POINT('',(-1.58,-2.E-02,-0.635));
#13177 = DIRECTION('',(-1.,0.,0.));
#13178 = DIRECTION('',(0.,1.387778780781E-14,1.));
#13179 = ORIENTED_EDGE('',*,*,#13180,.F.);
#13180 = EDGE_CURVE('',#13181,#13172,#13183,.T.);
#13181 = VERTEX_POINT('',#13182);
#13182 = CARTESIAN_POINT('',(-1.58,-0.23,-0.595));
#13183 = LINE('',#13184,#13185);
#13184 = CARTESIAN_POINT('',(-1.58,-0.23,-0.595));
#13185 = VECTOR('',#13186,1.);
#13186 = DIRECTION('',(0.,1.,0.));
#13187 = ORIENTED_EDGE('',*,*,#13188,.F.);
#13188 = EDGE_CURVE('',#13106,#13181,#13189,.T.);
#13189 = LINE('',#13190,#13191);
#13190 = CARTESIAN_POINT('',(-1.58,-0.23,-0.37));
#13191 = VECTOR('',#13192,1.);
#13192 = DIRECTION('',(0.,0.,-1.));
#13193 = PLANE('',#13194);
#13194 = AXIS2_PLACEMENT_3D('',#13195,#13196,#13197);
#13195 = CARTESIAN_POINT('',(-1.58,0.33,0.));
#13196 = DIRECTION('',(1.,0.,0.));
#13197 = DIRECTION('',(-0.,1.,0.));
#13198 = ADVANCED_FACE('',(#13199),#13226,.F.);
#13199 = FACE_BOUND('',#13200,.F.);
#13200 = EDGE_LOOP('',(#13201,#13202,#13211,#13219));
#13201 = ORIENTED_EDGE('',*,*,#13188,.F.);
#13202 = ORIENTED_EDGE('',*,*,#13203,.T.);
#13203 = EDGE_CURVE('',#13106,#13204,#13206,.T.);
#13204 = VERTEX_POINT('',#13205);
#13205 = CARTESIAN_POINT('',(-1.62,-0.27,-0.37));
#13206 = CIRCLE('',#13207,4.E-02);
#13207 = AXIS2_PLACEMENT_3D('',#13208,#13209,#13210);
#13208 = CARTESIAN_POINT('',(-1.62,-0.23,-0.37));
#13209 = DIRECTION('',(0.,0.,-1.));
#13210 = DIRECTION('',(1.,0.,0.));
#13211 = ORIENTED_EDGE('',*,*,#13212,.T.);
#13212 = EDGE_CURVE('',#13204,#13213,#13215,.T.);
#13213 = VERTEX_POINT('',#13214);
#13214 = CARTESIAN_POINT('',(-1.62,-0.27,-0.595));
#13215 = LINE('',#13216,#13217);
#13216 = CARTESIAN_POINT('',(-1.62,-0.27,-0.37));
#13217 = VECTOR('',#13218,1.);
#13218 = DIRECTION('',(0.,0.,-1.));
#13219 = ORIENTED_EDGE('',*,*,#13220,.T.);
#13220 = EDGE_CURVE('',#13213,#13181,#13221,.T.);
#13221 = CIRCLE('',#13222,4.E-02);
#13222 = AXIS2_PLACEMENT_3D('',#13223,#13224,#13225);
#13223 = CARTESIAN_POINT('',(-1.62,-0.23,-0.595));
#13224 = DIRECTION('',(0.,0.,1.));
#13225 = DIRECTION('',(0.,-1.,0.));
#13226 = CYLINDRICAL_SURFACE('',#13227,4.E-02);
#13227 = AXIS2_PLACEMENT_3D('',#13228,#13229,#13230);
#13228 = CARTESIAN_POINT('',(-1.62,-0.23,3.6072));
#13229 = DIRECTION('',(-0.,0.,1.));
#13230 = DIRECTION('',(1.,0.,0.));
#13231 = ADVANCED_FACE('',(#13232),#13284,.F.);
#13232 = FACE_BOUND('',#13233,.T.);
#13233 = EDGE_LOOP('',(#13234,#13235,#13236,#13237,#13245,#13253,#13261,
    #13269,#13277));
#13234 = ORIENTED_EDGE('',*,*,#4748,.T.);
#13235 = ORIENTED_EDGE('',*,*,#13105,.F.);
#13236 = ORIENTED_EDGE('',*,*,#13203,.T.);
#13237 = ORIENTED_EDGE('',*,*,#13238,.T.);
#13238 = EDGE_CURVE('',#13204,#13239,#13241,.T.);
#13239 = VERTEX_POINT('',#13240);
#13240 = CARTESIAN_POINT('',(-1.73,-0.27,-0.37));
#13241 = LINE('',#13242,#13243);
#13242 = CARTESIAN_POINT('',(-1.62,-0.27,-0.37));
#13243 = VECTOR('',#13244,1.);
#13244 = DIRECTION('',(-1.,0.,0.));
#13245 = ORIENTED_EDGE('',*,*,#13246,.T.);
#13246 = EDGE_CURVE('',#13239,#13247,#13249,.T.);
#13247 = VERTEX_POINT('',#13248);
#13248 = CARTESIAN_POINT('',(-1.73,-0.33,-0.37));
#13249 = LINE('',#13250,#13251);
#13250 = CARTESIAN_POINT('',(-1.73,-0.27,-0.37));
#13251 = VECTOR('',#13252,1.);
#13252 = DIRECTION('',(0.,-1.,0.));
#13253 = ORIENTED_EDGE('',*,*,#13254,.T.);
#13254 = EDGE_CURVE('',#13247,#13255,#13257,.T.);
#13255 = VERTEX_POINT('',#13256);
#13256 = CARTESIAN_POINT('',(-1.69,-0.33,-0.37));
#13257 = LINE('',#13258,#13259);
#13258 = CARTESIAN_POINT('',(-1.73,-0.33,-0.37));
#13259 = VECTOR('',#13260,1.);
#13260 = DIRECTION('',(1.,0.,0.));
#13261 = ORIENTED_EDGE('',*,*,#13262,.T.);
#13262 = EDGE_CURVE('',#13255,#13263,#13265,.T.);
#13263 = VERTEX_POINT('',#13264);
#13264 = CARTESIAN_POINT('',(-1.67,-0.35,-0.37));
#13265 = LINE('',#13266,#13267);
#13266 = CARTESIAN_POINT('',(-1.69,-0.33,-0.37));
#13267 = VECTOR('',#13268,1.);
#13268 = DIRECTION('',(0.707106781187,-0.707106781187,0.));
#13269 = ORIENTED_EDGE('',*,*,#13270,.F.);
#13270 = EDGE_CURVE('',#13271,#13263,#13273,.T.);
#13271 = VERTEX_POINT('',#13272);
#13272 = CARTESIAN_POINT('',(-1.566332495807,-0.35,-0.37));
#13273 = LINE('',#13274,#13275);
#13274 = CARTESIAN_POINT('',(-1.566332495807,-0.35,-0.37));
#13275 = VECTOR('',#13276,1.);
#13276 = DIRECTION('',(-1.,0.,0.));
#13277 = ORIENTED_EDGE('',*,*,#13278,.T.);
#13278 = EDGE_CURVE('',#13271,#4749,#13279,.T.);
#13279 = CIRCLE('',#13280,0.12);
#13280 = AXIS2_PLACEMENT_3D('',#13281,#13282,#13283);
#13281 = CARTESIAN_POINT('',(-1.566332495807,-0.23,-0.37));
#13282 = DIRECTION('',(0.,0.,1.));
#13283 = DIRECTION('',(1.830017618924E-12,-1.,0.));
#13284 = PLANE('',#13285);
#13285 = AXIS2_PLACEMENT_3D('',#13286,#13287,#13288);
#13286 = CARTESIAN_POINT('',(-1.5,-0.33,-0.37));
#13287 = DIRECTION('',(0.,0.,-1.));
#13288 = DIRECTION('',(0.,-1.,0.));
#13289 = ADVANCED_FACE('',(#13290),#13309,.T.);
#13290 = FACE_BOUND('',#13291,.T.);
#13291 = EDGE_LOOP('',(#13292,#13293,#13294,#13302));
#13292 = ORIENTED_EDGE('',*,*,#4756,.F.);
#13293 = ORIENTED_EDGE('',*,*,#13278,.F.);
#13294 = ORIENTED_EDGE('',*,*,#13295,.T.);
#13295 = EDGE_CURVE('',#13271,#13296,#13298,.T.);
#13296 = VERTEX_POINT('',#13297);
#13297 = CARTESIAN_POINT('',(-1.566332495807,-0.35,-0.595));
#13298 = LINE('',#13299,#13300);
#13299 = CARTESIAN_POINT('',(-1.566332495807,-0.35,-0.37));
#13300 = VECTOR('',#13301,1.);
#13301 = DIRECTION('',(0.,0.,-1.));
#13302 = ORIENTED_EDGE('',*,*,#13303,.F.);
#13303 = EDGE_CURVE('',#4757,#13296,#13304,.T.);
#13304 = CIRCLE('',#13305,0.12);
#13305 = AXIS2_PLACEMENT_3D('',#13306,#13307,#13308);
#13306 = CARTESIAN_POINT('',(-1.566332495807,-0.23,-0.595));
#13307 = DIRECTION('',(0.,0.,-1.));
#13308 = DIRECTION('',(0.552770798394,-0.833333333333,0.));
#13309 = CYLINDRICAL_SURFACE('',#13310,0.12);
#13310 = AXIS2_PLACEMENT_3D('',#13311,#13312,#13313);
#13311 = CARTESIAN_POINT('',(-1.566332495807,-0.23,3.6072));
#13312 = DIRECTION('',(-0.,0.,1.));
#13313 = DIRECTION('',(0.552770798391,-0.833333333334,0.));
#13314 = ADVANCED_FACE('',(#13315),#13365,.F.);
#13315 = FACE_BOUND('',#13316,.T.);
#13316 = EDGE_LOOP('',(#13317,#13325,#13333,#13341,#13349,#13355,#13356,
    #13357,#13363,#13364));
#13317 = ORIENTED_EDGE('',*,*,#13318,.T.);
#13318 = EDGE_CURVE('',#13296,#13319,#13321,.T.);
#13319 = VERTEX_POINT('',#13320);
#13320 = CARTESIAN_POINT('',(-1.67,-0.35,-0.595));
#13321 = LINE('',#13322,#13323);
#13322 = CARTESIAN_POINT('',(-1.566332495807,-0.35,-0.595));
#13323 = VECTOR('',#13324,1.);
#13324 = DIRECTION('',(-1.,0.,0.));
#13325 = ORIENTED_EDGE('',*,*,#13326,.F.);
#13326 = EDGE_CURVE('',#13327,#13319,#13329,.T.);
#13327 = VERTEX_POINT('',#13328);
#13328 = CARTESIAN_POINT('',(-1.69,-0.33,-0.595));
#13329 = LINE('',#13330,#13331);
#13330 = CARTESIAN_POINT('',(-1.69,-0.33,-0.595));
#13331 = VECTOR('',#13332,1.);
#13332 = DIRECTION('',(0.707106781187,-0.707106781187,0.));
#13333 = ORIENTED_EDGE('',*,*,#13334,.F.);
#13334 = EDGE_CURVE('',#13335,#13327,#13337,.T.);
#13335 = VERTEX_POINT('',#13336);
#13336 = CARTESIAN_POINT('',(-1.73,-0.33,-0.595));
#13337 = LINE('',#13338,#13339);
#13338 = CARTESIAN_POINT('',(-1.73,-0.33,-0.595));
#13339 = VECTOR('',#13340,1.);
#13340 = DIRECTION('',(1.,0.,0.));
#13341 = ORIENTED_EDGE('',*,*,#13342,.F.);
#13342 = EDGE_CURVE('',#13343,#13335,#13345,.T.);
#13343 = VERTEX_POINT('',#13344);
#13344 = CARTESIAN_POINT('',(-1.73,-0.27,-0.595));
#13345 = LINE('',#13346,#13347);
#13346 = CARTESIAN_POINT('',(-1.73,-0.27,-0.595));
#13347 = VECTOR('',#13348,1.);
#13348 = DIRECTION('',(0.,-1.,0.));
#13349 = ORIENTED_EDGE('',*,*,#13350,.F.);
#13350 = EDGE_CURVE('',#13213,#13343,#13351,.T.);
#13351 = LINE('',#13352,#13353);
#13352 = CARTESIAN_POINT('',(-1.62,-0.27,-0.595));
#13353 = VECTOR('',#13354,1.);
#13354 = DIRECTION('',(-1.,0.,0.));
#13355 = ORIENTED_EDGE('',*,*,#13220,.T.);
#13356 = ORIENTED_EDGE('',*,*,#13180,.T.);
#13357 = ORIENTED_EDGE('',*,*,#13358,.F.);
#13358 = EDGE_CURVE('',#10343,#13172,#13359,.T.);
#13359 = LINE('',#13360,#13361);
#13360 = CARTESIAN_POINT('',(-1.5,-2.E-02,-0.595));
#13361 = VECTOR('',#13362,1.);
#13362 = DIRECTION('',(-1.,0.,0.));
#13363 = ORIENTED_EDGE('',*,*,#10342,.F.);
#13364 = ORIENTED_EDGE('',*,*,#13303,.T.);
#13365 = PLANE('',#13366);
#13366 = AXIS2_PLACEMENT_3D('',#13367,#13368,#13369);
#13367 = CARTESIAN_POINT('',(-1.5,-0.35,-0.595));
#13368 = DIRECTION('',(0.,0.,1.));
#13369 = DIRECTION('',(1.,0.,-0.));
#13370 = ADVANCED_FACE('',(#13371),#13377,.F.);
#13371 = FACE_BOUND('',#13372,.F.);
#13372 = EDGE_LOOP('',(#13373,#13374,#13375,#13376));
#13373 = ORIENTED_EDGE('',*,*,#13358,.F.);
#13374 = ORIENTED_EDGE('',*,*,#10350,.F.);
#13375 = ORIENTED_EDGE('',*,*,#10244,.T.);
#13376 = ORIENTED_EDGE('',*,*,#13171,.F.);
#13377 = CYLINDRICAL_SURFACE('',#13378,4.E-02);
#13378 = AXIS2_PLACEMENT_3D('',#13379,#13380,#13381);
#13379 = CARTESIAN_POINT('',(-1.5,-2.E-02,-0.635));
#13380 = DIRECTION('',(-1.,0.,-0.));
#13381 = DIRECTION('',(0.,0.,-1.));
#13382 = ADVANCED_FACE('',(#13383),#13394,.F.);
#13383 = FACE_BOUND('',#13384,.T.);
#13384 = EDGE_LOOP('',(#13385,#13386,#13392,#13393));
#13385 = ORIENTED_EDGE('',*,*,#13350,.T.);
#13386 = ORIENTED_EDGE('',*,*,#13387,.T.);
#13387 = EDGE_CURVE('',#13343,#13239,#13388,.T.);
#13388 = LINE('',#13389,#13390);
#13389 = CARTESIAN_POINT('',(-1.73,-0.27,-0.595));
#13390 = VECTOR('',#13391,1.);
#13391 = DIRECTION('',(0.,0.,1.));
#13392 = ORIENTED_EDGE('',*,*,#13238,.F.);
#13393 = ORIENTED_EDGE('',*,*,#13212,.T.);
#13394 = PLANE('',#13395);
#13395 = AXIS2_PLACEMENT_3D('',#13396,#13397,#13398);
#13396 = CARTESIAN_POINT('',(-1.5,-0.27,-0.595));
#13397 = DIRECTION('',(0.,-1.,0.));
#13398 = DIRECTION('',(0.,0.,-1.));
#13399 = ADVANCED_FACE('',(#13400),#13411,.F.);
#13400 = FACE_BOUND('',#13401,.T.);
#13401 = EDGE_LOOP('',(#13402,#13408,#13409,#13410));
#13402 = ORIENTED_EDGE('',*,*,#13403,.T.);
#13403 = EDGE_CURVE('',#13335,#13247,#13404,.T.);
#13404 = LINE('',#13405,#13406);
#13405 = CARTESIAN_POINT('',(-1.73,-0.33,-0.595));
#13406 = VECTOR('',#13407,1.);
#13407 = DIRECTION('',(0.,0.,1.));
#13408 = ORIENTED_EDGE('',*,*,#13246,.F.);
#13409 = ORIENTED_EDGE('',*,*,#13387,.F.);
#13410 = ORIENTED_EDGE('',*,*,#13342,.T.);
#13411 = PLANE('',#13412);
#13412 = AXIS2_PLACEMENT_3D('',#13413,#13414,#13415);
#13413 = CARTESIAN_POINT('',(-1.73,-0.27,-0.595));
#13414 = DIRECTION('',(1.,0.,0.));
#13415 = DIRECTION('',(-0.,1.,0.));
#13416 = ADVANCED_FACE('',(#13417),#13428,.F.);
#13417 = FACE_BOUND('',#13418,.T.);
#13418 = EDGE_LOOP('',(#13419,#13425,#13426,#13427));
#13419 = ORIENTED_EDGE('',*,*,#13420,.T.);
#13420 = EDGE_CURVE('',#13327,#13255,#13421,.T.);
#13421 = LINE('',#13422,#13423);
#13422 = CARTESIAN_POINT('',(-1.69,-0.33,-0.595));
#13423 = VECTOR('',#13424,1.);
#13424 = DIRECTION('',(0.,0.,1.));
#13425 = ORIENTED_EDGE('',*,*,#13254,.F.);
#13426 = ORIENTED_EDGE('',*,*,#13403,.F.);
#13427 = ORIENTED_EDGE('',*,*,#13334,.T.);
#13428 = PLANE('',#13429);
#13429 = AXIS2_PLACEMENT_3D('',#13430,#13431,#13432);
#13430 = CARTESIAN_POINT('',(-1.73,-0.33,-0.595));
#13431 = DIRECTION('',(-0.,1.,0.));
#13432 = DIRECTION('',(1.,0.,0.));
#13433 = ADVANCED_FACE('',(#13434),#13445,.F.);
#13434 = FACE_BOUND('',#13435,.T.);
#13435 = EDGE_LOOP('',(#13436,#13442,#13443,#13444));
#13436 = ORIENTED_EDGE('',*,*,#13437,.T.);
#13437 = EDGE_CURVE('',#13319,#13263,#13438,.T.);
#13438 = LINE('',#13439,#13440);
#13439 = CARTESIAN_POINT('',(-1.67,-0.35,-0.595));
#13440 = VECTOR('',#13441,1.);
#13441 = DIRECTION('',(0.,0.,1.));
#13442 = ORIENTED_EDGE('',*,*,#13262,.F.);
#13443 = ORIENTED_EDGE('',*,*,#13420,.F.);
#13444 = ORIENTED_EDGE('',*,*,#13326,.T.);
#13445 = PLANE('',#13446);
#13446 = AXIS2_PLACEMENT_3D('',#13447,#13448,#13449);
#13447 = CARTESIAN_POINT('',(-1.69,-0.33,-0.595));
#13448 = DIRECTION('',(0.707106781187,0.707106781187,0.));
#13449 = DIRECTION('',(0.,0.,-1.));
#13450 = ADVANCED_FACE('',(#13451),#13457,.F.);
#13451 = FACE_BOUND('',#13452,.T.);
#13452 = EDGE_LOOP('',(#13453,#13454,#13455,#13456));
#13453 = ORIENTED_EDGE('',*,*,#13270,.T.);
#13454 = ORIENTED_EDGE('',*,*,#13437,.F.);
#13455 = ORIENTED_EDGE('',*,*,#13318,.F.);
#13456 = ORIENTED_EDGE('',*,*,#13295,.F.);
#13457 = PLANE('',#13458);
#13458 = AXIS2_PLACEMENT_3D('',#13459,#13460,#13461);
#13459 = CARTESIAN_POINT('',(-1.5,-0.35,-0.37));
#13460 = DIRECTION('',(-0.,1.,0.));
#13461 = DIRECTION('',(1.,0.,0.));
#13462 = ADVANCED_FACE('',(#13463),#13481,.F.);
#13463 = FACE_BOUND('',#13464,.T.);
#13464 = EDGE_LOOP('',(#13465,#13466,#13472,#13473,#13474,#13480));
#13465 = ORIENTED_EDGE('',*,*,#13161,.T.);
#13466 = ORIENTED_EDGE('',*,*,#13467,.F.);
#13467 = EDGE_CURVE('',#10288,#13153,#13468,.T.);
#13468 = LINE('',#13469,#13470);
#13469 = CARTESIAN_POINT('',(-1.5,2.E-02,0.635));
#13470 = VECTOR('',#13471,1.);
#13471 = DIRECTION('',(-1.,0.,0.));
#13472 = ORIENTED_EDGE('',*,*,#10287,.F.);
#13473 = ORIENTED_EDGE('',*,*,#12305,.T.);
#13474 = ORIENTED_EDGE('',*,*,#13475,.T.);
#13475 = EDGE_CURVE('',#12297,#12085,#13476,.T.);
#13476 = LINE('',#13477,#13478);
#13477 = CARTESIAN_POINT('',(-1.246209542351,2.E-02,0.88));
#13478 = VECTOR('',#13479,1.);
#13479 = DIRECTION('',(0.,0.,1.));
#13480 = ORIENTED_EDGE('',*,*,#12084,.T.);
#13481 = PLANE('',#13482);
#13482 = AXIS2_PLACEMENT_3D('',#13483,#13484,#13485);
#13483 = CARTESIAN_POINT('',(-1.5,2.E-02,0.97));
#13484 = DIRECTION('',(-0.,1.,0.));
#13485 = DIRECTION('',(1.,0.,0.));
#13486 = ADVANCED_FACE('',(#13487),#13498,.F.);
#13487 = FACE_BOUND('',#13488,.F.);
#13488 = EDGE_LOOP('',(#13489,#13495,#13496,#13497));
#13489 = ORIENTED_EDGE('',*,*,#13490,.F.);
#13490 = EDGE_CURVE('',#12289,#12093,#13491,.T.);
#13491 = LINE('',#13492,#13493);
#13492 = CARTESIAN_POINT('',(-1.177929076513,-6.939901553669E-03,0.88));
#13493 = VECTOR('',#13494,1.);
#13494 = DIRECTION('',(0.,0.,1.));
#13495 = ORIENTED_EDGE('',*,*,#12296,.F.);
#13496 = ORIENTED_EDGE('',*,*,#13475,.T.);
#13497 = ORIENTED_EDGE('',*,*,#12092,.F.);
#13498 = CYLINDRICAL_SURFACE('',#13499,0.1);
#13499 = AXIS2_PLACEMENT_3D('',#13500,#13501,#13502);
#13500 = CARTESIAN_POINT('',(-1.246209542351,-8.E-02,0.88));
#13501 = DIRECTION('',(0.,0.,1.));
#13502 = DIRECTION('',(-1.,0.,0.));
#13503 = ADVANCED_FACE('',(#13504),#13515,.F.);
#13504 = FACE_BOUND('',#13505,.T.);
#13505 = EDGE_LOOP('',(#13506,#13507,#13508,#13509));
#13506 = ORIENTED_EDGE('',*,*,#12101,.T.);
#13507 = ORIENTED_EDGE('',*,*,#13490,.F.);
#13508 = ORIENTED_EDGE('',*,*,#12288,.F.);
#13509 = ORIENTED_EDGE('',*,*,#13510,.T.);
#13510 = EDGE_CURVE('',#12280,#12102,#13511,.T.);
#13511 = LINE('',#13512,#13513);
#13512 = CARTESIAN_POINT('',(-1.032280465838,-0.143060098446,0.88));
#13513 = VECTOR('',#13514,1.);
#13514 = DIRECTION('',(0.,0.,1.));
#13515 = PLANE('',#13516);
#13516 = AXIS2_PLACEMENT_3D('',#13517,#13518,#13519);
#13517 = CARTESIAN_POINT('',(-1.032280465838,-0.143060098446,0.88));
#13518 = DIRECTION('',(0.682804658377,0.730600984463,0.));
#13519 = DIRECTION('',(0.,0.,-1.));
#13520 = ADVANCED_FACE('',(#13521),#13532,.T.);
#13521 = FACE_BOUND('',#13522,.T.);
#13522 = EDGE_LOOP('',(#13523,#13524,#13525,#13526));
#13523 = ORIENTED_EDGE('',*,*,#12109,.T.);
#13524 = ORIENTED_EDGE('',*,*,#13510,.F.);
#13525 = ORIENTED_EDGE('',*,*,#12279,.F.);
#13526 = ORIENTED_EDGE('',*,*,#13527,.T.);
#13527 = EDGE_CURVE('',#12272,#12110,#13528,.T.);
#13528 = LINE('',#13529,#13530);
#13529 = CARTESIAN_POINT('',(-0.964,-0.17,0.88));
#13530 = VECTOR('',#13531,1.);
#13531 = DIRECTION('',(0.,0.,1.));
#13532 = CYLINDRICAL_SURFACE('',#13533,0.1);
#13533 = AXIS2_PLACEMENT_3D('',#13534,#13535,#13536);
#13534 = CARTESIAN_POINT('',(-0.964,-7.E-02,0.88));
#13535 = DIRECTION('',(0.,0.,1.));
#13536 = DIRECTION('',(-1.,0.,0.));
#13537 = ADVANCED_FACE('',(#13538),#13549,.F.);
#13538 = FACE_BOUND('',#13539,.T.);
#13539 = EDGE_LOOP('',(#13540,#13541,#13542,#13543));
#13540 = ORIENTED_EDGE('',*,*,#12118,.T.);
#13541 = ORIENTED_EDGE('',*,*,#13527,.F.);
#13542 = ORIENTED_EDGE('',*,*,#12271,.F.);
#13543 = ORIENTED_EDGE('',*,*,#13544,.T.);
#13544 = EDGE_CURVE('',#12264,#12119,#13545,.T.);
#13545 = LINE('',#13546,#13547);
#13546 = CARTESIAN_POINT('',(-0.67,-0.17,0.88));
#13547 = VECTOR('',#13548,1.);
#13548 = DIRECTION('',(0.,0.,1.));
#13549 = PLANE('',#13550);
#13550 = AXIS2_PLACEMENT_3D('',#13551,#13552,#13553);
#13551 = CARTESIAN_POINT('',(-0.67,-0.17,0.88));
#13552 = DIRECTION('',(-0.,1.,0.));
#13553 = DIRECTION('',(1.,0.,0.));
#13554 = ADVANCED_FACE('',(#13555),#13561,.F.);
#13555 = FACE_BOUND('',#13556,.T.);
#13556 = EDGE_LOOP('',(#13557,#13558,#13559,#13560));
#13557 = ORIENTED_EDGE('',*,*,#12126,.T.);
#13558 = ORIENTED_EDGE('',*,*,#13544,.F.);
#13559 = ORIENTED_EDGE('',*,*,#12261,.F.);
#13560 = ORIENTED_EDGE('',*,*,#12425,.T.);
#13561 = PLANE('',#13562);
#13562 = AXIS2_PLACEMENT_3D('',#13563,#13564,#13565);
#13563 = CARTESIAN_POINT('',(-0.62,-0.12,0.88));
#13564 = DIRECTION('',(-0.707106781186,0.707106781187,0.));
#13565 = DIRECTION('',(0.,0.,1.));
#13566 = ADVANCED_FACE('',(#13567),#13578,.F.);
#13567 = FACE_BOUND('',#13568,.F.);
#13568 = EDGE_LOOP('',(#13569,#13570,#13571,#13577));
#13569 = ORIENTED_EDGE('',*,*,#13467,.F.);
#13570 = ORIENTED_EDGE('',*,*,#10295,.F.);
#13571 = ORIENTED_EDGE('',*,*,#13572,.T.);
#13572 = EDGE_CURVE('',#10296,#13145,#13573,.T.);
#13573 = LINE('',#13574,#13575);
#13574 = CARTESIAN_POINT('',(-1.5,-2.E-02,0.595));
#13575 = VECTOR('',#13576,1.);
#13576 = DIRECTION('',(-1.,0.,0.));
#13577 = ORIENTED_EDGE('',*,*,#13152,.F.);
#13578 = CYLINDRICAL_SURFACE('',#13579,4.E-02);
#13579 = AXIS2_PLACEMENT_3D('',#13580,#13581,#13582);
#13580 = CARTESIAN_POINT('',(-1.5,-2.E-02,0.635));
#13581 = DIRECTION('',(-1.,0.,-0.));
#13582 = DIRECTION('',(0.,0.,-1.));
#13583 = ADVANCED_FACE('',(#13584),#13645,.F.);
#13584 = FACE_BOUND('',#13585,.T.);
#13585 = EDGE_LOOP('',(#13586,#13587,#13588,#13589,#13598,#13606,#13614,
    #13622,#13630,#13638));
#13586 = ORIENTED_EDGE('',*,*,#10304,.T.);
#13587 = ORIENTED_EDGE('',*,*,#13572,.T.);
#13588 = ORIENTED_EDGE('',*,*,#13144,.T.);
#13589 = ORIENTED_EDGE('',*,*,#13590,.T.);
#13590 = EDGE_CURVE('',#13137,#13591,#13593,.T.);
#13591 = VERTEX_POINT('',#13592);
#13592 = CARTESIAN_POINT('',(-1.62,-0.27,0.595));
#13593 = CIRCLE('',#13594,4.E-02);
#13594 = AXIS2_PLACEMENT_3D('',#13595,#13596,#13597);
#13595 = CARTESIAN_POINT('',(-1.62,-0.23,0.595));
#13596 = DIRECTION('',(0.,0.,-1.));
#13597 = DIRECTION('',(1.,0.,0.));
#13598 = ORIENTED_EDGE('',*,*,#13599,.T.);
#13599 = EDGE_CURVE('',#13591,#13600,#13602,.T.);
#13600 = VERTEX_POINT('',#13601);
#13601 = CARTESIAN_POINT('',(-1.73,-0.27,0.595));
#13602 = LINE('',#13603,#13604);
#13603 = CARTESIAN_POINT('',(-1.62,-0.27,0.595));
#13604 = VECTOR('',#13605,1.);
#13605 = DIRECTION('',(-1.,0.,0.));
#13606 = ORIENTED_EDGE('',*,*,#13607,.T.);
#13607 = EDGE_CURVE('',#13600,#13608,#13610,.T.);
#13608 = VERTEX_POINT('',#13609);
#13609 = CARTESIAN_POINT('',(-1.73,-0.33,0.595));
#13610 = LINE('',#13611,#13612);
#13611 = CARTESIAN_POINT('',(-1.73,-0.27,0.595));
#13612 = VECTOR('',#13613,1.);
#13613 = DIRECTION('',(0.,-1.,0.));
#13614 = ORIENTED_EDGE('',*,*,#13615,.T.);
#13615 = EDGE_CURVE('',#13608,#13616,#13618,.T.);
#13616 = VERTEX_POINT('',#13617);
#13617 = CARTESIAN_POINT('',(-1.69,-0.33,0.595));
#13618 = LINE('',#13619,#13620);
#13619 = CARTESIAN_POINT('',(-1.73,-0.33,0.595));
#13620 = VECTOR('',#13621,1.);
#13621 = DIRECTION('',(1.,0.,0.));
#13622 = ORIENTED_EDGE('',*,*,#13623,.T.);
#13623 = EDGE_CURVE('',#13616,#13624,#13626,.T.);
#13624 = VERTEX_POINT('',#13625);
#13625 = CARTESIAN_POINT('',(-1.67,-0.35,0.595));
#13626 = LINE('',#13627,#13628);
#13627 = CARTESIAN_POINT('',(-1.69,-0.33,0.595));
#13628 = VECTOR('',#13629,1.);
#13629 = DIRECTION('',(0.707106781187,-0.707106781187,0.));
#13630 = ORIENTED_EDGE('',*,*,#13631,.T.);
#13631 = EDGE_CURVE('',#13624,#13632,#13634,.T.);
#13632 = VERTEX_POINT('',#13633);
#13633 = CARTESIAN_POINT('',(-1.566332495807,-0.35,0.595));
#13634 = LINE('',#13635,#13636);
#13635 = CARTESIAN_POINT('',(-1.67,-0.35,0.595));
#13636 = VECTOR('',#13637,1.);
#13637 = DIRECTION('',(1.,0.,0.));
#13638 = ORIENTED_EDGE('',*,*,#13639,.T.);
#13639 = EDGE_CURVE('',#13632,#4685,#13640,.T.);
#13640 = CIRCLE('',#13641,0.12);
#13641 = AXIS2_PLACEMENT_3D('',#13642,#13643,#13644);
#13642 = CARTESIAN_POINT('',(-1.566332495807,-0.23,0.595));
#13643 = DIRECTION('',(0.,0.,1.));
#13644 = DIRECTION('',(1.830017618924E-12,-1.,0.));
#13645 = PLANE('',#13646);
#13646 = AXIS2_PLACEMENT_3D('',#13647,#13648,#13649);
#13647 = CARTESIAN_POINT('',(-1.5,-2.E-02,0.595));
#13648 = DIRECTION('',(0.,0.,-1.));
#13649 = DIRECTION('',(0.,-1.,0.));
#13650 = ADVANCED_FACE('',(#13651),#13670,.T.);
#13651 = FACE_BOUND('',#13652,.T.);
#13652 = EDGE_LOOP('',(#13653,#13654,#13655,#13663));
#13653 = ORIENTED_EDGE('',*,*,#4692,.F.);
#13654 = ORIENTED_EDGE('',*,*,#13639,.F.);
#13655 = ORIENTED_EDGE('',*,*,#13656,.T.);
#13656 = EDGE_CURVE('',#13632,#13657,#13659,.T.);
#13657 = VERTEX_POINT('',#13658);
#13658 = CARTESIAN_POINT('',(-1.566332495807,-0.35,0.37));
#13659 = LINE('',#13660,#13661);
#13660 = CARTESIAN_POINT('',(-1.566332495807,-0.35,0.595));
#13661 = VECTOR('',#13662,1.);
#13662 = DIRECTION('',(0.,0.,-1.));
#13663 = ORIENTED_EDGE('',*,*,#13664,.F.);
#13664 = EDGE_CURVE('',#4693,#13657,#13665,.T.);
#13665 = CIRCLE('',#13666,0.12);
#13666 = AXIS2_PLACEMENT_3D('',#13667,#13668,#13669);
#13667 = CARTESIAN_POINT('',(-1.566332495807,-0.23,0.37));
#13668 = DIRECTION('',(0.,0.,-1.));
#13669 = DIRECTION('',(0.552770798394,-0.833333333333,0.));
#13670 = CYLINDRICAL_SURFACE('',#13671,0.12);
#13671 = AXIS2_PLACEMENT_3D('',#13672,#13673,#13674);
#13672 = CARTESIAN_POINT('',(-1.566332495807,-0.23,3.6072));
#13673 = DIRECTION('',(-0.,0.,1.));
#13674 = DIRECTION('',(0.552770798394,-0.833333333332,0.));
#13675 = ADVANCED_FACE('',(#13676),#13728,.F.);
#13676 = FACE_BOUND('',#13677,.T.);
#13677 = EDGE_LOOP('',(#13678,#13686,#13694,#13702,#13710,#13718,#13725,
    #13726,#13727));
#13678 = ORIENTED_EDGE('',*,*,#13679,.F.);
#13679 = EDGE_CURVE('',#13680,#13657,#13682,.T.);
#13680 = VERTEX_POINT('',#13681);
#13681 = CARTESIAN_POINT('',(-1.67,-0.35,0.37));
#13682 = LINE('',#13683,#13684);
#13683 = CARTESIAN_POINT('',(-1.67,-0.35,0.37));
#13684 = VECTOR('',#13685,1.);
#13685 = DIRECTION('',(1.,0.,0.));
#13686 = ORIENTED_EDGE('',*,*,#13687,.F.);
#13687 = EDGE_CURVE('',#13688,#13680,#13690,.T.);
#13688 = VERTEX_POINT('',#13689);
#13689 = CARTESIAN_POINT('',(-1.69,-0.33,0.37));
#13690 = LINE('',#13691,#13692);
#13691 = CARTESIAN_POINT('',(-1.69,-0.33,0.37));
#13692 = VECTOR('',#13693,1.);
#13693 = DIRECTION('',(0.707106781187,-0.707106781187,
    -1.256073966947E-13));
#13694 = ORIENTED_EDGE('',*,*,#13695,.F.);
#13695 = EDGE_CURVE('',#13696,#13688,#13698,.T.);
#13696 = VERTEX_POINT('',#13697);
#13697 = CARTESIAN_POINT('',(-1.73,-0.33,0.37));
#13698 = LINE('',#13699,#13700);
#13699 = CARTESIAN_POINT('',(-1.73,-0.33,0.37));
#13700 = VECTOR('',#13701,1.);
#13701 = DIRECTION('',(1.,0.,0.));
#13702 = ORIENTED_EDGE('',*,*,#13703,.F.);
#13703 = EDGE_CURVE('',#13704,#13696,#13706,.T.);
#13704 = VERTEX_POINT('',#13705);
#13705 = CARTESIAN_POINT('',(-1.73,-0.27,0.37));
#13706 = LINE('',#13707,#13708);
#13707 = CARTESIAN_POINT('',(-1.73,-0.27,0.37));
#13708 = VECTOR('',#13709,1.);
#13709 = DIRECTION('',(0.,-1.,-1.7763568394E-13));
#13710 = ORIENTED_EDGE('',*,*,#13711,.F.);
#13711 = EDGE_CURVE('',#13712,#13704,#13714,.T.);
#13712 = VERTEX_POINT('',#13713);
#13713 = CARTESIAN_POINT('',(-1.62,-0.27,0.37));
#13714 = LINE('',#13715,#13716);
#13715 = CARTESIAN_POINT('',(-1.62,-0.27,0.37));
#13716 = VECTOR('',#13717,1.);
#13717 = DIRECTION('',(-1.,0.,-2.598931171282E-13));
#13718 = ORIENTED_EDGE('',*,*,#13719,.T.);
#13719 = EDGE_CURVE('',#13712,#13129,#13720,.T.);
#13720 = CIRCLE('',#13721,4.E-02);
#13721 = AXIS2_PLACEMENT_3D('',#13722,#13723,#13724);
#13722 = CARTESIAN_POINT('',(-1.62,-0.23,0.37));
#13723 = DIRECTION('',(0.,0.,1.));
#13724 = DIRECTION('',(0.,-1.,0.));
#13725 = ORIENTED_EDGE('',*,*,#13128,.F.);
#13726 = ORIENTED_EDGE('',*,*,#4700,.F.);
#13727 = ORIENTED_EDGE('',*,*,#13664,.T.);
#13728 = PLANE('',#13729);
#13729 = AXIS2_PLACEMENT_3D('',#13730,#13731,#13732);
#13730 = CARTESIAN_POINT('',(-1.5,-0.35,0.37));
#13731 = DIRECTION('',(0.,-5.329070518201E-13,1.));
#13732 = DIRECTION('',(0.,-1.,-5.329070518201E-13));
#13733 = ADVANCED_FACE('',(#13734),#13745,.F.);
#13734 = FACE_BOUND('',#13735,.F.);
#13735 = EDGE_LOOP('',(#13736,#13737,#13738,#13744));
#13736 = ORIENTED_EDGE('',*,*,#13136,.F.);
#13737 = ORIENTED_EDGE('',*,*,#13590,.T.);
#13738 = ORIENTED_EDGE('',*,*,#13739,.T.);
#13739 = EDGE_CURVE('',#13591,#13712,#13740,.T.);
#13740 = LINE('',#13741,#13742);
#13741 = CARTESIAN_POINT('',(-1.62,-0.27,0.595));
#13742 = VECTOR('',#13743,1.);
#13743 = DIRECTION('',(0.,0.,-1.));
#13744 = ORIENTED_EDGE('',*,*,#13719,.T.);
#13745 = CYLINDRICAL_SURFACE('',#13746,4.E-02);
#13746 = AXIS2_PLACEMENT_3D('',#13747,#13748,#13749);
#13747 = CARTESIAN_POINT('',(-1.62,-0.23,3.6072));
#13748 = DIRECTION('',(-0.,0.,1.));
#13749 = DIRECTION('',(1.,0.,0.));
#13750 = ADVANCED_FACE('',(#13751),#13762,.T.);
#13751 = FACE_BOUND('',#13752,.T.);
#13752 = EDGE_LOOP('',(#13753,#13754,#13760,#13761));
#13753 = ORIENTED_EDGE('',*,*,#13711,.T.);
#13754 = ORIENTED_EDGE('',*,*,#13755,.F.);
#13755 = EDGE_CURVE('',#13600,#13704,#13756,.T.);
#13756 = LINE('',#13757,#13758);
#13757 = CARTESIAN_POINT('',(-1.73,-0.27,0.595));
#13758 = VECTOR('',#13759,1.);
#13759 = DIRECTION('',(0.,0.,-1.));
#13760 = ORIENTED_EDGE('',*,*,#13599,.F.);
#13761 = ORIENTED_EDGE('',*,*,#13739,.T.);
#13762 = PLANE('',#13763);
#13763 = AXIS2_PLACEMENT_3D('',#13764,#13765,#13766);
#13764 = CARTESIAN_POINT('',(-1.5,-0.27,0.595));
#13765 = DIRECTION('',(-0.,1.,0.));
#13766 = DIRECTION('',(1.,0.,0.));
#13767 = ADVANCED_FACE('',(#13768),#13779,.T.);
#13768 = FACE_BOUND('',#13769,.T.);
#13769 = EDGE_LOOP('',(#13770,#13771,#13772,#13778));
#13770 = ORIENTED_EDGE('',*,*,#13755,.T.);
#13771 = ORIENTED_EDGE('',*,*,#13703,.T.);
#13772 = ORIENTED_EDGE('',*,*,#13773,.F.);
#13773 = EDGE_CURVE('',#13608,#13696,#13774,.T.);
#13774 = LINE('',#13775,#13776);
#13775 = CARTESIAN_POINT('',(-1.73,-0.33,0.595));
#13776 = VECTOR('',#13777,1.);
#13777 = DIRECTION('',(0.,0.,-1.));
#13778 = ORIENTED_EDGE('',*,*,#13607,.F.);
#13779 = PLANE('',#13780);
#13780 = AXIS2_PLACEMENT_3D('',#13781,#13782,#13783);
#13781 = CARTESIAN_POINT('',(-1.73,-0.27,0.595));
#13782 = DIRECTION('',(-1.,0.,0.));
#13783 = DIRECTION('',(0.,0.,1.));
#13784 = ADVANCED_FACE('',(#13785),#13796,.T.);
#13785 = FACE_BOUND('',#13786,.T.);
#13786 = EDGE_LOOP('',(#13787,#13788,#13789,#13795));
#13787 = ORIENTED_EDGE('',*,*,#13773,.T.);
#13788 = ORIENTED_EDGE('',*,*,#13695,.T.);
#13789 = ORIENTED_EDGE('',*,*,#13790,.F.);
#13790 = EDGE_CURVE('',#13616,#13688,#13791,.T.);
#13791 = LINE('',#13792,#13793);
#13792 = CARTESIAN_POINT('',(-1.69,-0.33,0.595));
#13793 = VECTOR('',#13794,1.);
#13794 = DIRECTION('',(0.,0.,-1.));
#13795 = ORIENTED_EDGE('',*,*,#13615,.F.);
#13796 = PLANE('',#13797);
#13797 = AXIS2_PLACEMENT_3D('',#13798,#13799,#13800);
#13798 = CARTESIAN_POINT('',(-1.73,-0.33,0.595));
#13799 = DIRECTION('',(0.,-1.,0.));
#13800 = DIRECTION('',(0.,0.,-1.));
#13801 = ADVANCED_FACE('',(#13802),#13813,.T.);
#13802 = FACE_BOUND('',#13803,.T.);
#13803 = EDGE_LOOP('',(#13804,#13805,#13806,#13812));
#13804 = ORIENTED_EDGE('',*,*,#13790,.T.);
#13805 = ORIENTED_EDGE('',*,*,#13687,.T.);
#13806 = ORIENTED_EDGE('',*,*,#13807,.F.);
#13807 = EDGE_CURVE('',#13624,#13680,#13808,.T.);
#13808 = LINE('',#13809,#13810);
#13809 = CARTESIAN_POINT('',(-1.67,-0.35,0.595));
#13810 = VECTOR('',#13811,1.);
#13811 = DIRECTION('',(0.,0.,-1.));
#13812 = ORIENTED_EDGE('',*,*,#13623,.F.);
#13813 = PLANE('',#13814);
#13814 = AXIS2_PLACEMENT_3D('',#13815,#13816,#13817);
#13815 = CARTESIAN_POINT('',(-1.69,-0.33,0.595));
#13816 = DIRECTION('',(-0.707106781187,-0.707106781187,0.));
#13817 = DIRECTION('',(-0.707106781187,0.707106781187,0.));
#13818 = ADVANCED_FACE('',(#13819),#13825,.F.);
#13819 = FACE_BOUND('',#13820,.T.);
#13820 = EDGE_LOOP('',(#13821,#13822,#13823,#13824));
#13821 = ORIENTED_EDGE('',*,*,#13631,.F.);
#13822 = ORIENTED_EDGE('',*,*,#13807,.T.);
#13823 = ORIENTED_EDGE('',*,*,#13679,.T.);
#13824 = ORIENTED_EDGE('',*,*,#13656,.F.);
#13825 = PLANE('',#13826);
#13826 = AXIS2_PLACEMENT_3D('',#13827,#13828,#13829);
#13827 = CARTESIAN_POINT('',(-1.5,-0.35,0.595));
#13828 = DIRECTION('',(-0.,1.,0.));
#13829 = DIRECTION('',(1.,0.,0.));
#13830 = ADVANCED_FACE('',(#13831),#13844,.F.);
#13831 = FACE_BOUND('',#13832,.T.);
#13832 = EDGE_LOOP('',(#13833,#13834,#13835,#13841,#13842,#13843));
#13833 = ORIENTED_EDGE('',*,*,#13083,.T.);
#13834 = ORIENTED_EDGE('',*,*,#12995,.F.);
#13835 = ORIENTED_EDGE('',*,*,#13836,.T.);
#13836 = EDGE_CURVE('',#12988,#12865,#13837,.T.);
#13837 = LINE('',#13838,#13839);
#13838 = CARTESIAN_POINT('',(-1.75,-0.28,0.35));
#13839 = VECTOR('',#13840,1.);
#13840 = DIRECTION('',(1.,0.,0.));
#13841 = ORIENTED_EDGE('',*,*,#12864,.F.);
#13842 = ORIENTED_EDGE('',*,*,#4716,.T.);
#13843 = ORIENTED_EDGE('',*,*,#13121,.T.);
#13844 = PLANE('',#13845);
#13845 = AXIS2_PLACEMENT_3D('',#13846,#13847,#13848);
#13846 = CARTESIAN_POINT('',(-1.5,0.33,0.35));
#13847 = DIRECTION('',(0.,0.,-1.));
#13848 = DIRECTION('',(0.,-1.,0.));
#13849 = ADVANCED_FACE('',(#13850),#13867,.F.);
#13850 = FACE_BOUND('',#13851,.T.);
#13851 = EDGE_LOOP('',(#13852,#13859,#13860,#13866));
#13852 = ORIENTED_EDGE('',*,*,#13853,.F.);
#13853 = EDGE_CURVE('',#12904,#13037,#13854,.T.);
#13854 = CIRCLE('',#13855,0.2);
#13855 = AXIS2_PLACEMENT_3D('',#13856,#13857,#13858);
#13856 = CARTESIAN_POINT('',(-1.55,-0.28,-0.8));
#13857 = DIRECTION('',(0.,1.,0.));
#13858 = DIRECTION('',(-0.75,0.,-0.661437827766));
#13859 = ORIENTED_EDGE('',*,*,#12903,.T.);
#13860 = ORIENTED_EDGE('',*,*,#13861,.F.);
#13861 = EDGE_CURVE('',#13045,#12896,#13862,.T.);
#13862 = LINE('',#13863,#13864);
#13863 = CARTESIAN_POINT('',(-1.75,-0.28,-0.615));
#13864 = VECTOR('',#13865,1.);
#13865 = DIRECTION('',(1.,0.,0.));
#13866 = ORIENTED_EDGE('',*,*,#13044,.F.);
#13867 = PLANE('',#13868);
#13868 = AXIS2_PLACEMENT_3D('',#13869,#13870,#13871);
#13869 = CARTESIAN_POINT('',(-1.7,-0.28,-1.));
#13870 = DIRECTION('',(-0.,1.,0.));
#13871 = DIRECTION('',(1.,0.,0.));
#13872 = ADVANCED_FACE('',(#13873),#13884,.F.);
#13873 = FACE_BOUND('',#13874,.T.);
#13874 = EDGE_LOOP('',(#13875,#13881,#13882,#13883));
#13875 = ORIENTED_EDGE('',*,*,#13876,.T.);
#13876 = EDGE_CURVE('',#12978,#12873,#13877,.T.);
#13877 = LINE('',#13878,#13879);
#13878 = CARTESIAN_POINT('',(-1.75,-0.28,-0.35));
#13879 = VECTOR('',#13880,1.);
#13880 = DIRECTION('',(1.,0.,0.));
#13881 = ORIENTED_EDGE('',*,*,#12872,.T.);
#13882 = ORIENTED_EDGE('',*,*,#13836,.F.);
#13883 = ORIENTED_EDGE('',*,*,#12987,.F.);
#13884 = PLANE('',#13885);
#13885 = AXIS2_PLACEMENT_3D('',#13886,#13887,#13888);
#13886 = CARTESIAN_POINT('',(-1.7,-0.28,-1.));
#13887 = DIRECTION('',(-0.,1.,0.));
#13888 = DIRECTION('',(1.,0.,0.));
#13889 = ADVANCED_FACE('',(#13890),#13896,.F.);
#13890 = FACE_BOUND('',#13891,.T.);
#13891 = EDGE_LOOP('',(#13892,#13893,#13894,#13895));
#13892 = ORIENTED_EDGE('',*,*,#12930,.T.);
#13893 = ORIENTED_EDGE('',*,*,#12841,.T.);
#13894 = ORIENTED_EDGE('',*,*,#12816,.F.);
#13895 = ORIENTED_EDGE('',*,*,#13018,.F.);
#13896 = PLANE('',#13897);
#13897 = AXIS2_PLACEMENT_3D('',#13898,#13899,#13900);
#13898 = CARTESIAN_POINT('',(-1.7,-0.28,-1.));
#13899 = DIRECTION('',(-0.,1.,0.));
#13900 = DIRECTION('',(1.,0.,0.));
#13901 = ADVANCED_FACE('',(#13902),#13915,.F.);
#13902 = FACE_BOUND('',#13903,.T.);
#13903 = EDGE_LOOP('',(#13904,#13905,#13906,#13907,#13908,#13909));
#13904 = ORIENTED_EDGE('',*,*,#13052,.F.);
#13905 = ORIENTED_EDGE('',*,*,#13861,.T.);
#13906 = ORIENTED_EDGE('',*,*,#12895,.F.);
#13907 = ORIENTED_EDGE('',*,*,#4772,.T.);
#13908 = ORIENTED_EDGE('',*,*,#10375,.F.);
#13909 = ORIENTED_EDGE('',*,*,#13910,.T.);
#13910 = EDGE_CURVE('',#10368,#13053,#13911,.T.);
#13911 = LINE('',#13912,#13913);
#13912 = CARTESIAN_POINT('',(-1.5,-6.E-02,-0.615));
#13913 = VECTOR('',#13914,1.);
#13914 = DIRECTION('',(-1.,0.,0.));
#13915 = PLANE('',#13916);
#13916 = AXIS2_PLACEMENT_3D('',#13917,#13918,#13919);
#13917 = CARTESIAN_POINT('',(-1.5,0.33,-0.615));
#13918 = DIRECTION('',(0.,0.,-1.));
#13919 = DIRECTION('',(0.,-1.,0.));
#13920 = ADVANCED_FACE('',(#13921),#13927,.T.);
#13921 = FACE_BOUND('',#13922,.T.);
#13922 = EDGE_LOOP('',(#13923,#13924,#13925,#13926));
#13923 = ORIENTED_EDGE('',*,*,#13910,.F.);
#13924 = ORIENTED_EDGE('',*,*,#10367,.F.);
#13925 = ORIENTED_EDGE('',*,*,#10610,.T.);
#13926 = ORIENTED_EDGE('',*,*,#13060,.F.);
#13927 = PLANE('',#13928);
#13928 = AXIS2_PLACEMENT_3D('',#13929,#13930,#13931);
#13929 = CARTESIAN_POINT('',(-1.625,-3.5E-02,-0.64));
#13930 = DIRECTION('',(0.,0.707106781187,0.707106781187));
#13931 = DIRECTION('',(1.,0.,-0.));
#13932 = ADVANCED_FACE('',(#13933),#13946,.T.);
#13933 = FACE_BOUND('',#13934,.T.);
#13934 = EDGE_LOOP('',(#13935,#13936,#13937,#13938,#13944,#13945));
#13935 = ORIENTED_EDGE('',*,*,#13853,.T.);
#13936 = ORIENTED_EDGE('',*,*,#13036,.T.);
#13937 = ORIENTED_EDGE('',*,*,#10593,.F.);
#13938 = ORIENTED_EDGE('',*,*,#13939,.F.);
#13939 = EDGE_CURVE('',#4789,#10586,#13940,.T.);
#13940 = LINE('',#13941,#13942);
#13941 = CARTESIAN_POINT('',(-1.55,-0.33,-1.));
#13942 = VECTOR('',#13943,1.);
#13943 = DIRECTION('',(0.,1.,0.));
#13944 = ORIENTED_EDGE('',*,*,#4788,.T.);
#13945 = ORIENTED_EDGE('',*,*,#12911,.T.);
#13946 = CYLINDRICAL_SURFACE('',#13947,0.2);
#13947 = AXIS2_PLACEMENT_3D('',#13948,#13949,#13950);
#13948 = CARTESIAN_POINT('',(-1.55,-0.33,-0.8));
#13949 = DIRECTION('',(0.,-1.,0.));
#13950 = DIRECTION('',(1.,0.,0.));
#13951 = ADVANCED_FACE('',(#13952),#13968,.T.);
#13952 = FACE_BOUND('',#13953,.T.);
#13953 = EDGE_LOOP('',(#13954,#13960,#13961,#13967));
#13954 = ORIENTED_EDGE('',*,*,#13955,.F.);
#13955 = EDGE_CURVE('',#4862,#10400,#13956,.T.);
#13956 = LINE('',#13957,#13958);
#13957 = CARTESIAN_POINT('',(1.55,-0.33,-1.));
#13958 = VECTOR('',#13959,1.);
#13959 = DIRECTION('',(0.,1.,0.));
#13960 = ORIENTED_EDGE('',*,*,#4861,.T.);
#13961 = ORIENTED_EDGE('',*,*,#13962,.T.);
#13962 = EDGE_CURVE('',#4854,#10409,#13963,.T.);
#13963 = LINE('',#13964,#13965);
#13964 = CARTESIAN_POINT('',(1.265,-0.33,-1.));
#13965 = VECTOR('',#13966,1.);
#13966 = DIRECTION('',(0.,1.,0.));
#13967 = ORIENTED_EDGE('',*,*,#10408,.F.);
#13968 = PLANE('',#13969);
#13969 = AXIS2_PLACEMENT_3D('',#13970,#13971,#13972);
#13970 = CARTESIAN_POINT('',(1.55,-0.33,-1.));
#13971 = DIRECTION('',(0.,0.,-1.));
#13972 = DIRECTION('',(0.,-1.,0.));
#13973 = ADVANCED_FACE('',(#13974),#13985,.T.);
#13974 = FACE_BOUND('',#13975,.T.);
#13975 = EDGE_LOOP('',(#13976,#13982,#13983,#13984));
#13976 = ORIENTED_EDGE('',*,*,#13977,.F.);
#13977 = EDGE_CURVE('',#4798,#10578,#13978,.T.);
#13978 = LINE('',#13979,#13980);
#13979 = CARTESIAN_POINT('',(-1.265,-0.33,-1.));
#13980 = VECTOR('',#13981,1.);
#13981 = DIRECTION('',(0.,1.,0.));
#13982 = ORIENTED_EDGE('',*,*,#4797,.T.);
#13983 = ORIENTED_EDGE('',*,*,#13939,.T.);
#13984 = ORIENTED_EDGE('',*,*,#10585,.F.);
#13985 = PLANE('',#13986);
#13986 = AXIS2_PLACEMENT_3D('',#13987,#13988,#13989);
#13987 = CARTESIAN_POINT('',(1.55,-0.33,-1.));
#13988 = DIRECTION('',(0.,0.,-1.));
#13989 = DIRECTION('',(0.,-1.,0.));
#13990 = ADVANCED_FACE('',(#13991),#14016,.T.);
#13991 = FACE_BOUND('',#13992,.T.);
#13992 = EDGE_LOOP('',(#13993,#14001,#14002,#14010));
#13993 = ORIENTED_EDGE('',*,*,#13994,.T.);
#13994 = EDGE_CURVE('',#13995,#5848,#13997,.T.);
#13995 = VERTEX_POINT('',#13996);
#13996 = CARTESIAN_POINT('',(-0.59,-0.18,-1.));
#13997 = LINE('',#13998,#13999);
#13998 = CARTESIAN_POINT('',(-0.59,-0.18,-1.));
#13999 = VECTOR('',#14000,1.);
#14000 = DIRECTION('',(0.,1.,0.));
#14001 = ORIENTED_EDGE('',*,*,#5847,.F.);
#14002 = ORIENTED_EDGE('',*,*,#14003,.F.);
#14003 = EDGE_CURVE('',#14004,#5840,#14006,.T.);
#14004 = VERTEX_POINT('',#14005);
#14005 = CARTESIAN_POINT('',(0.59,-0.18,-1.));
#14006 = LINE('',#14007,#14008);
#14007 = CARTESIAN_POINT('',(0.59,-0.18,-1.));
#14008 = VECTOR('',#14009,1.);
#14009 = DIRECTION('',(0.,1.,0.));
#14010 = ORIENTED_EDGE('',*,*,#14011,.F.);
#14011 = EDGE_CURVE('',#13995,#14004,#14012,.T.);
#14012 = LINE('',#14013,#14014);
#14013 = CARTESIAN_POINT('',(-0.59,-0.18,-1.));
#14014 = VECTOR('',#14015,1.);
#14015 = DIRECTION('',(1.,0.,0.));
#14016 = PLANE('',#14017);
#14017 = AXIS2_PLACEMENT_3D('',#14018,#14019,#14020);
#14018 = CARTESIAN_POINT('',(1.55,-0.33,-1.));
#14019 = DIRECTION('',(0.,0.,-1.));
#14020 = DIRECTION('',(0.,-1.,0.));
#14021 = ADVANCED_FACE('',(#14022),#14033,.F.);
#14022 = FACE_BOUND('',#14023,.T.);
#14023 = EDGE_LOOP('',(#14024,#14025,#14026,#14032));
#14024 = ORIENTED_EDGE('',*,*,#13962,.F.);
#14025 = ORIENTED_EDGE('',*,*,#4853,.T.);
#14026 = ORIENTED_EDGE('',*,*,#14027,.F.);
#14027 = EDGE_CURVE('',#10417,#4846,#14028,.T.);
#14028 = LINE('',#14029,#14030);
#14029 = CARTESIAN_POINT('',(1.265,-1.E-02,-0.88));
#14030 = VECTOR('',#14031,1.);
#14031 = DIRECTION('',(0.,-1.,0.));
#14032 = ORIENTED_EDGE('',*,*,#10416,.T.);
#14033 = PLANE('',#14034);
#14034 = AXIS2_PLACEMENT_3D('',#14035,#14036,#14037);
#14035 = CARTESIAN_POINT('',(1.265,0.33,-0.88));
#14036 = DIRECTION('',(1.,0.,0.));
#14037 = DIRECTION('',(-0.,1.,0.));
#14038 = ADVANCED_FACE('',(#14039),#14126,.F.);
#14039 = FACE_BOUND('',#14040,.T.);
#14040 = EDGE_LOOP('',(#14041,#14051,#14059,#14068,#14076,#14083,#14084,
    #14085,#14086,#14087,#14088,#14096,#14104,#14112,#14120));
#14041 = ORIENTED_EDGE('',*,*,#14042,.T.);
#14042 = EDGE_CURVE('',#14043,#14045,#14047,.T.);
#14043 = VERTEX_POINT('',#14044);
#14044 = CARTESIAN_POINT('',(0.62,-0.12,-0.88));
#14045 = VERTEX_POINT('',#14046);
#14046 = CARTESIAN_POINT('',(0.67,-0.17,-0.88));
#14047 = LINE('',#14048,#14049);
#14048 = CARTESIAN_POINT('',(0.62,-0.12,-0.88));
#14049 = VECTOR('',#14050,1.);
#14050 = DIRECTION('',(0.707106781187,-0.707106781186,0.));
#14051 = ORIENTED_EDGE('',*,*,#14052,.T.);
#14052 = EDGE_CURVE('',#14045,#14053,#14055,.T.);
#14053 = VERTEX_POINT('',#14054);
#14054 = CARTESIAN_POINT('',(0.964,-0.17,-0.88));
#14055 = LINE('',#14056,#14057);
#14056 = CARTESIAN_POINT('',(0.67,-0.17,-0.88));
#14057 = VECTOR('',#14058,1.);
#14058 = DIRECTION('',(1.,0.,0.));
#14059 = ORIENTED_EDGE('',*,*,#14060,.T.);
#14060 = EDGE_CURVE('',#14053,#14061,#14063,.T.);
#14061 = VERTEX_POINT('',#14062);
#14062 = CARTESIAN_POINT('',(1.032280465838,-0.143060098446,-0.88));
#14063 = CIRCLE('',#14064,0.1);
#14064 = AXIS2_PLACEMENT_3D('',#14065,#14066,#14067);
#14065 = CARTESIAN_POINT('',(0.964,-7.E-02,-0.88));
#14066 = DIRECTION('',(0.,0.,1.));
#14067 = DIRECTION('',(0.,-1.,0.));
#14068 = ORIENTED_EDGE('',*,*,#14069,.T.);
#14069 = EDGE_CURVE('',#14061,#14070,#14072,.T.);
#14070 = VERTEX_POINT('',#14071);
#14071 = CARTESIAN_POINT('',(1.177929076513,-6.939901553669E-03,-0.88));
#14072 = LINE('',#14073,#14074);
#14073 = CARTESIAN_POINT('',(1.032280465838,-0.143060098446,-0.88));
#14074 = VECTOR('',#14075,1.);
#14075 = DIRECTION('',(0.730600984463,0.682804658377,0.));
#14076 = ORIENTED_EDGE('',*,*,#14077,.F.);
#14077 = EDGE_CURVE('',#11436,#14070,#14078,.T.);
#14078 = CIRCLE('',#14079,0.1);
#14079 = AXIS2_PLACEMENT_3D('',#14080,#14081,#14082);
#14080 = CARTESIAN_POINT('',(1.246209542351,-8.E-02,-0.88));
#14081 = DIRECTION('',(0.,-0.,1.));
#14082 = DIRECTION('',(0.,1.,0.));
#14083 = ORIENTED_EDGE('',*,*,#11435,.F.);
#14084 = ORIENTED_EDGE('',*,*,#5159,.T.);
#14085 = ORIENTED_EDGE('',*,*,#10424,.F.);
#14086 = ORIENTED_EDGE('',*,*,#14027,.T.);
#14087 = ORIENTED_EDGE('',*,*,#4845,.F.);
#14088 = ORIENTED_EDGE('',*,*,#14089,.F.);
#14089 = EDGE_CURVE('',#14090,#4838,#14092,.T.);
#14090 = VERTEX_POINT('',#14091);
#14091 = CARTESIAN_POINT('',(0.525,-0.18,-0.88));
#14092 = LINE('',#14093,#14094);
#14093 = CARTESIAN_POINT('',(0.525,-0.18,-0.88));
#14094 = VECTOR('',#14095,1.);
#14095 = DIRECTION('',(0.,-1.,0.));
#14096 = ORIENTED_EDGE('',*,*,#14097,.F.);
#14097 = EDGE_CURVE('',#14098,#14090,#14100,.T.);
#14098 = VERTEX_POINT('',#14099);
#14099 = CARTESIAN_POINT('',(0.59,-0.18,-0.88));
#14100 = LINE('',#14101,#14102);
#14101 = CARTESIAN_POINT('',(0.59,-0.18,-0.88));
#14102 = VECTOR('',#14103,1.);
#14103 = DIRECTION('',(-1.,0.,0.));
#14104 = ORIENTED_EDGE('',*,*,#14105,.F.);
#14105 = EDGE_CURVE('',#14106,#14098,#14108,.T.);
#14106 = VERTEX_POINT('',#14107);
#14107 = CARTESIAN_POINT('',(0.59,0.19,-0.88));
#14108 = LINE('',#14109,#14110);
#14109 = CARTESIAN_POINT('',(0.59,0.19,-0.88));
#14110 = VECTOR('',#14111,1.);
#14111 = DIRECTION('',(0.,-1.,0.));
#14112 = ORIENTED_EDGE('',*,*,#14113,.T.);
#14113 = EDGE_CURVE('',#14106,#14114,#14116,.T.);
#14114 = VERTEX_POINT('',#14115);
#14115 = CARTESIAN_POINT('',(0.62,0.19,-0.88));
#14116 = LINE('',#14117,#14118);
#14117 = CARTESIAN_POINT('',(0.59,0.19,-0.88));
#14118 = VECTOR('',#14119,1.);
#14119 = DIRECTION('',(1.,0.,0.));
#14120 = ORIENTED_EDGE('',*,*,#14121,.T.);
#14121 = EDGE_CURVE('',#14114,#14043,#14122,.T.);
#14122 = LINE('',#14123,#14124);
#14123 = CARTESIAN_POINT('',(0.62,0.19,-0.88));
#14124 = VECTOR('',#14125,1.);
#14125 = DIRECTION('',(0.,-1.,0.));
#14126 = PLANE('',#14127);
#14127 = AXIS2_PLACEMENT_3D('',#14128,#14129,#14130);
#14128 = CARTESIAN_POINT('',(0.59,0.33,-0.88));
#14129 = DIRECTION('',(0.,0.,1.));
#14130 = DIRECTION('',(1.,0.,-0.));
#14131 = ADVANCED_FACE('',(#14132),#14192,.F.);
#14132 = FACE_BOUND('',#14133,.T.);
#14133 = EDGE_LOOP('',(#14134,#14135,#14143,#14152,#14160,#14169,#14177,
    #14185,#14191));
#14134 = ORIENTED_EDGE('',*,*,#9911,.T.);
#14135 = ORIENTED_EDGE('',*,*,#14136,.T.);
#14136 = EDGE_CURVE('',#9904,#14137,#14139,.T.);
#14137 = VERTEX_POINT('',#14138);
#14138 = CARTESIAN_POINT('',(0.927530277865,0.140775960621,-0.88));
#14139 = LINE('',#14140,#14141);
#14140 = CARTESIAN_POINT('',(1.13,0.33,-0.88));
#14141 = VECTOR('',#14142,1.);
#14142 = DIRECTION('',(-0.730600984463,-0.682804658377,0.));
#14143 = ORIENTED_EDGE('',*,*,#14144,.F.);
#14144 = EDGE_CURVE('',#14145,#14137,#14147,.T.);
#14145 = VERTEX_POINT('',#14146);
#14146 = CARTESIAN_POINT('',(0.90021809153,0.13,-0.88));
#14147 = CIRCLE('',#14148,4.E-02);
#14148 = AXIS2_PLACEMENT_3D('',#14149,#14150,#14151);
#14149 = CARTESIAN_POINT('',(0.90021809153,0.17,-0.88));
#14150 = DIRECTION('',(0.,0.,1.));
#14151 = DIRECTION('',(0.,-1.,0.));
#14152 = ORIENTED_EDGE('',*,*,#14153,.T.);
#14153 = EDGE_CURVE('',#14145,#14154,#14156,.T.);
#14154 = VERTEX_POINT('',#14155);
#14155 = CARTESIAN_POINT('',(0.835,0.13,-0.88));
#14156 = LINE('',#14157,#14158);
#14157 = CARTESIAN_POINT('',(0.90021809153,0.13,-0.88));
#14158 = VECTOR('',#14159,1.);
#14159 = DIRECTION('',(-1.,0.,0.));
#14160 = ORIENTED_EDGE('',*,*,#14161,.F.);
#14161 = EDGE_CURVE('',#14162,#14154,#14164,.T.);
#14162 = VERTEX_POINT('',#14163);
#14163 = CARTESIAN_POINT('',(0.795,0.17,-0.88));
#14164 = CIRCLE('',#14165,4.E-02);
#14165 = AXIS2_PLACEMENT_3D('',#14166,#14167,#14168);
#14166 = CARTESIAN_POINT('',(0.835,0.17,-0.88));
#14167 = DIRECTION('',(0.,0.,1.));
#14168 = DIRECTION('',(-1.,0.,0.));
#14169 = ORIENTED_EDGE('',*,*,#14170,.T.);
#14170 = EDGE_CURVE('',#14162,#14171,#14173,.T.);
#14171 = VERTEX_POINT('',#14172);
#14172 = CARTESIAN_POINT('',(0.795,0.19,-0.88));
#14173 = LINE('',#14174,#14175);
#14174 = CARTESIAN_POINT('',(0.795,0.17,-0.88));
#14175 = VECTOR('',#14176,1.);
#14176 = DIRECTION('',(0.,1.,0.));
#14177 = ORIENTED_EDGE('',*,*,#14178,.T.);
#14178 = EDGE_CURVE('',#14171,#14179,#14181,.T.);
#14179 = VERTEX_POINT('',#14180);
#14180 = CARTESIAN_POINT('',(0.8275,0.19,-0.88));
#14181 = LINE('',#14182,#14183);
#14182 = CARTESIAN_POINT('',(0.795,0.19,-0.88));
#14183 = VECTOR('',#14184,1.);
#14184 = DIRECTION('',(1.,0.,0.));
#14185 = ORIENTED_EDGE('',*,*,#14186,.F.);
#14186 = EDGE_CURVE('',#6162,#14179,#14187,.T.);
#14187 = LINE('',#14188,#14189);
#14188 = CARTESIAN_POINT('',(0.8275,0.33,-0.88));
#14189 = VECTOR('',#14190,1.);
#14190 = DIRECTION('',(0.,-1.,0.));
#14191 = ORIENTED_EDGE('',*,*,#6161,.F.);
#14192 = PLANE('',#14193);
#14193 = AXIS2_PLACEMENT_3D('',#14194,#14195,#14196);
#14194 = CARTESIAN_POINT('',(0.59,0.33,-0.88));
#14195 = DIRECTION('',(0.,0.,1.));
#14196 = DIRECTION('',(1.,0.,-0.));
#14197 = ADVANCED_FACE('',(#14198),#14271,.F.);
#14198 = FACE_BOUND('',#14199,.T.);
#14199 = EDGE_LOOP('',(#14200,#14206,#14207,#14213,#14214,#14222,#14230,
    #14237,#14238,#14246,#14255,#14263,#14270));
#14200 = ORIENTED_EDGE('',*,*,#14201,.F.);
#14201 = EDGE_CURVE('',#14043,#11502,#14202,.T.);
#14202 = LINE('',#14203,#14204);
#14203 = CARTESIAN_POINT('',(0.62,-0.12,-0.88));
#14204 = VECTOR('',#14205,1.);
#14205 = DIRECTION('',(0.,0.,-1.));
#14206 = ORIENTED_EDGE('',*,*,#14121,.F.);
#14207 = ORIENTED_EDGE('',*,*,#14208,.F.);
#14208 = EDGE_CURVE('',#7601,#14114,#14209,.T.);
#14209 = LINE('',#14210,#14211);
#14210 = CARTESIAN_POINT('',(0.62,0.21,-0.63));
#14211 = VECTOR('',#14212,1.);
#14212 = DIRECTION('',(0.,-7.974522228289E-02,-0.996815278536));
#14213 = ORIENTED_EDGE('',*,*,#7600,.T.);
#14214 = ORIENTED_EDGE('',*,*,#14215,.T.);
#14215 = EDGE_CURVE('',#7593,#14216,#14218,.T.);
#14216 = VERTEX_POINT('',#14217);
#14217 = CARTESIAN_POINT('',(0.62,6.8E-02,-0.62866826328));
#14218 = LINE('',#14219,#14220);
#14219 = CARTESIAN_POINT('',(0.62,6.8E-02,-0.63));
#14220 = VECTOR('',#14221,1.);
#14221 = DIRECTION('',(0.,0.,1.));
#14222 = ORIENTED_EDGE('',*,*,#14223,.T.);
#14223 = EDGE_CURVE('',#14216,#14224,#14226,.T.);
#14224 = VERTEX_POINT('',#14225);
#14225 = CARTESIAN_POINT('',(0.62,0.147698376862,-0.571756978372));
#14226 = LINE('',#14227,#14228);
#14227 = CARTESIAN_POINT('',(0.62,6.8E-02,-0.62866826328));
#14228 = VECTOR('',#14229,1.);
#14229 = DIRECTION('',(0.,0.813811351416,0.581129145978));
#14230 = ORIENTED_EDGE('',*,*,#14231,.T.);
#14231 = EDGE_CURVE('',#14224,#4177,#14232,.T.);
#14232 = CIRCLE('',#14233,9.E-02);
#14233 = AXIS2_PLACEMENT_3D('',#14234,#14235,#14236);
#14234 = CARTESIAN_POINT('',(0.62,0.2,-0.645));
#14235 = DIRECTION('',(-1.,0.,0.));
#14236 = DIRECTION('',(0.,-0.581129145978,0.813811351416));
#14237 = ORIENTED_EDGE('',*,*,#4201,.T.);
#14238 = ORIENTED_EDGE('',*,*,#14239,.T.);
#14239 = EDGE_CURVE('',#4194,#14240,#14242,.T.);
#14240 = VERTEX_POINT('',#14241);
#14241 = CARTESIAN_POINT('',(0.62,0.297850884872,-0.609619985366));
#14242 = LINE('',#14243,#14244);
#14243 = CARTESIAN_POINT('',(0.62,0.257850884872,-0.576056000119));
#14244 = VECTOR('',#14245,1.);
#14245 = DIRECTION('',(0.,0.766044443119,-0.642787609686));
#14246 = ORIENTED_EDGE('',*,*,#14247,.T.);
#14247 = EDGE_CURVE('',#14240,#14248,#14250,.T.);
#14248 = VERTEX_POINT('',#14249);
#14249 = CARTESIAN_POINT('',(0.62,0.33,-0.678563985247));
#14250 = CIRCLE('',#14251,9.E-02);
#14251 = AXIS2_PLACEMENT_3D('',#14252,#14253,#14254);
#14252 = CARTESIAN_POINT('',(0.62,0.24,-0.678563985247));
#14253 = DIRECTION('',(-1.,0.,0.));
#14254 = DIRECTION('',(0.,0.642787609686,0.766044443119));
#14255 = ORIENTED_EDGE('',*,*,#14256,.T.);
#14256 = EDGE_CURVE('',#14248,#14257,#14259,.T.);
#14257 = VERTEX_POINT('',#14258);
#14258 = CARTESIAN_POINT('',(0.62,0.33,-0.85));
#14259 = LINE('',#14260,#14261);
#14260 = CARTESIAN_POINT('',(0.62,0.33,-0.678563985247));
#14261 = VECTOR('',#14262,1.);
#14262 = DIRECTION('',(0.,0.,-1.));
#14263 = ORIENTED_EDGE('',*,*,#14264,.T.);
#14264 = EDGE_CURVE('',#14257,#11510,#14265,.T.);
#14265 = CIRCLE('',#14266,0.12);
#14266 = AXIS2_PLACEMENT_3D('',#14267,#14268,#14269);
#14267 = CARTESIAN_POINT('',(0.62,0.21,-0.85));
#14268 = DIRECTION('',(-1.,0.,0.));
#14269 = DIRECTION('',(0.,1.,0.));
#14270 = ORIENTED_EDGE('',*,*,#11509,.T.);
#14271 = PLANE('',#14272);
#14272 = AXIS2_PLACEMENT_3D('',#14273,#14274,#14275);
#14273 = CARTESIAN_POINT('',(0.62,0.21,-0.88));
#14274 = DIRECTION('',(1.,0.,0.));
#14275 = DIRECTION('',(-0.,1.,0.));
#14276 = ADVANCED_FACE('',(#14277),#14296,.T.);
#14277 = FACE_BOUND('',#14278,.T.);
#14278 = EDGE_LOOP('',(#14279,#14287,#14294,#14295));
#14279 = ORIENTED_EDGE('',*,*,#14280,.T.);
#14280 = EDGE_CURVE('',#14257,#14281,#14283,.T.);
#14281 = VERTEX_POINT('',#14282);
#14282 = CARTESIAN_POINT('',(0.795,0.33,-0.85));
#14283 = LINE('',#14284,#14285);
#14284 = CARTESIAN_POINT('',(0.62,0.33,-0.85));
#14285 = VECTOR('',#14286,1.);
#14286 = DIRECTION('',(1.,0.,0.));
#14287 = ORIENTED_EDGE('',*,*,#14288,.T.);
#14288 = EDGE_CURVE('',#14281,#11518,#14289,.T.);
#14289 = CIRCLE('',#14290,0.12);
#14290 = AXIS2_PLACEMENT_3D('',#14291,#14292,#14293);
#14291 = CARTESIAN_POINT('',(0.795,0.21,-0.85));
#14292 = DIRECTION('',(-1.,0.,0.));
#14293 = DIRECTION('',(0.,1.,0.));
#14294 = ORIENTED_EDGE('',*,*,#11517,.T.);
#14295 = ORIENTED_EDGE('',*,*,#14264,.F.);
#14296 = CYLINDRICAL_SURFACE('',#14297,0.12);
#14297 = AXIS2_PLACEMENT_3D('',#14298,#14299,#14300);
#14298 = CARTESIAN_POINT('',(0.62,0.21,-0.85));
#14299 = DIRECTION('',(1.,-0.,0.));
#14300 = DIRECTION('',(0.,0.,1.));
#14301 = ADVANCED_FACE('',(#14302),#14367,.F.);
#14302 = FACE_BOUND('',#14303,.T.);
#14303 = EDGE_LOOP('',(#14304,#14310,#14311,#14312,#14320,#14329,#14335,
    #14336,#14345,#14353,#14359,#14360,#14366));
#14304 = ORIENTED_EDGE('',*,*,#14305,.T.);
#14305 = EDGE_CURVE('',#14162,#11526,#14306,.T.);
#14306 = LINE('',#14307,#14308);
#14307 = CARTESIAN_POINT('',(0.795,0.17,-0.88));
#14308 = VECTOR('',#14309,1.);
#14309 = DIRECTION('',(0.,0.,-1.));
#14310 = ORIENTED_EDGE('',*,*,#11525,.T.);
#14311 = ORIENTED_EDGE('',*,*,#14288,.F.);
#14312 = ORIENTED_EDGE('',*,*,#14313,.F.);
#14313 = EDGE_CURVE('',#14314,#14281,#14316,.T.);
#14314 = VERTEX_POINT('',#14315);
#14315 = CARTESIAN_POINT('',(0.795,0.33,-0.678563985247));
#14316 = LINE('',#14317,#14318);
#14317 = CARTESIAN_POINT('',(0.795,0.33,-0.678563985247));
#14318 = VECTOR('',#14319,1.);
#14319 = DIRECTION('',(0.,0.,-1.));
#14320 = ORIENTED_EDGE('',*,*,#14321,.F.);
#14321 = EDGE_CURVE('',#14322,#14314,#14324,.T.);
#14322 = VERTEX_POINT('',#14323);
#14323 = CARTESIAN_POINT('',(0.795,0.297850884872,-0.609619985366));
#14324 = CIRCLE('',#14325,9.E-02);
#14325 = AXIS2_PLACEMENT_3D('',#14326,#14327,#14328);
#14326 = CARTESIAN_POINT('',(0.795,0.24,-0.678563985247));
#14327 = DIRECTION('',(-1.,0.,0.));
#14328 = DIRECTION('',(0.,0.642787609686,0.766044443119));
#14329 = ORIENTED_EDGE('',*,*,#14330,.F.);
#14330 = EDGE_CURVE('',#4185,#14322,#14331,.T.);
#14331 = LINE('',#14332,#14333);
#14332 = CARTESIAN_POINT('',(0.795,0.257850884872,-0.576056000119));
#14333 = VECTOR('',#14334,1.);
#14334 = DIRECTION('',(0.,0.766044443119,-0.642787609686));
#14335 = ORIENTED_EDGE('',*,*,#4184,.F.);
#14336 = ORIENTED_EDGE('',*,*,#14337,.F.);
#14337 = EDGE_CURVE('',#14338,#4175,#14340,.T.);
#14338 = VERTEX_POINT('',#14339);
#14339 = CARTESIAN_POINT('',(0.795,0.147698376862,-0.571756978372));
#14340 = CIRCLE('',#14341,9.E-02);
#14341 = AXIS2_PLACEMENT_3D('',#14342,#14343,#14344);
#14342 = CARTESIAN_POINT('',(0.795,0.2,-0.645));
#14343 = DIRECTION('',(-1.,0.,0.));
#14344 = DIRECTION('',(0.,-0.581129145978,0.813811351416));
#14345 = ORIENTED_EDGE('',*,*,#14346,.F.);
#14346 = EDGE_CURVE('',#14347,#14338,#14349,.T.);
#14347 = VERTEX_POINT('',#14348);
#14348 = CARTESIAN_POINT('',(0.795,6.8E-02,-0.62866826328));
#14349 = LINE('',#14350,#14351);
#14350 = CARTESIAN_POINT('',(0.795,6.8E-02,-0.62866826328));
#14351 = VECTOR('',#14352,1.);
#14352 = DIRECTION('',(0.,0.813811351416,0.581129145978));
#14353 = ORIENTED_EDGE('',*,*,#14354,.F.);
#14354 = EDGE_CURVE('',#7585,#14347,#14355,.T.);
#14355 = LINE('',#14356,#14357);
#14356 = CARTESIAN_POINT('',(0.795,6.8E-02,-0.63));
#14357 = VECTOR('',#14358,1.);
#14358 = DIRECTION('',(0.,0.,1.));
#14359 = ORIENTED_EDGE('',*,*,#7584,.F.);
#14360 = ORIENTED_EDGE('',*,*,#14361,.T.);
#14361 = EDGE_CURVE('',#7577,#14171,#14362,.T.);
#14362 = LINE('',#14363,#14364);
#14363 = CARTESIAN_POINT('',(0.795,0.21,-0.63));
#14364 = VECTOR('',#14365,1.);
#14365 = DIRECTION('',(0.,-7.974522228289E-02,-0.996815278536));
#14366 = ORIENTED_EDGE('',*,*,#14170,.F.);
#14367 = PLANE('',#14368);
#14368 = AXIS2_PLACEMENT_3D('',#14369,#14370,#14371);
#14369 = CARTESIAN_POINT('',(0.795,0.17,-0.88));
#14370 = DIRECTION('',(-1.,0.,0.));
#14371 = DIRECTION('',(0.,0.,1.));
#14372 = ADVANCED_FACE('',(#14373),#14392,.F.);
#14373 = FACE_BOUND('',#14374,.T.);
#14374 = EDGE_LOOP('',(#14375,#14376,#14384,#14390,#14391));
#14375 = ORIENTED_EDGE('',*,*,#14113,.F.);
#14376 = ORIENTED_EDGE('',*,*,#14377,.F.);
#14377 = EDGE_CURVE('',#14378,#14106,#14380,.T.);
#14378 = VERTEX_POINT('',#14379);
#14379 = CARTESIAN_POINT('',(0.5725,0.19,-0.88));
#14380 = LINE('',#14381,#14382);
#14381 = CARTESIAN_POINT('',(0.5725,0.19,-0.88));
#14382 = VECTOR('',#14383,1.);
#14383 = DIRECTION('',(1.,0.,0.));
#14384 = ORIENTED_EDGE('',*,*,#14385,.F.);
#14385 = EDGE_CURVE('',#7609,#14378,#14386,.T.);
#14386 = LINE('',#14387,#14388);
#14387 = CARTESIAN_POINT('',(0.5725,0.21,-0.63));
#14388 = VECTOR('',#14389,1.);
#14389 = DIRECTION('',(0.,-7.974522228289E-02,-0.996815278536));
#14390 = ORIENTED_EDGE('',*,*,#7608,.T.);
#14391 = ORIENTED_EDGE('',*,*,#14208,.T.);
#14392 = PLANE('',#14393);
#14393 = AXIS2_PLACEMENT_3D('',#14394,#14395,#14396);
#14394 = CARTESIAN_POINT('',(0.5725,0.21,-0.63));
#14395 = DIRECTION('',(0.,-0.996815278536,7.974522228289E-02));
#14396 = DIRECTION('',(-1.,0.,0.));
#14397 = ADVANCED_FACE('',(#14398),#14409,.F.);
#14398 = FACE_BOUND('',#14399,.T.);
#14399 = EDGE_LOOP('',(#14400,#14401,#14407,#14408));
#14400 = ORIENTED_EDGE('',*,*,#7576,.T.);
#14401 = ORIENTED_EDGE('',*,*,#14402,.T.);
#14402 = EDGE_CURVE('',#7569,#14179,#14403,.T.);
#14403 = LINE('',#14404,#14405);
#14404 = CARTESIAN_POINT('',(0.8275,0.21,-0.63));
#14405 = VECTOR('',#14406,1.);
#14406 = DIRECTION('',(0.,-7.974522228289E-02,-0.996815278536));
#14407 = ORIENTED_EDGE('',*,*,#14178,.F.);
#14408 = ORIENTED_EDGE('',*,*,#14361,.F.);
#14409 = PLANE('',#14410);
#14410 = AXIS2_PLACEMENT_3D('',#14411,#14412,#14413);
#14411 = CARTESIAN_POINT('',(0.5725,0.21,-0.63));
#14412 = DIRECTION('',(0.,-0.996815278536,7.974522228289E-02));
#14413 = DIRECTION('',(-1.,0.,0.));
#14414 = ADVANCED_FACE('',(#14415),#14421,.T.);
#14415 = FACE_BOUND('',#14416,.T.);
#14416 = EDGE_LOOP('',(#14417,#14418,#14419,#14420));
#14417 = ORIENTED_EDGE('',*,*,#5688,.T.);
#14418 = ORIENTED_EDGE('',*,*,#5624,.T.);
#14419 = ORIENTED_EDGE('',*,*,#6923,.F.);
#14420 = ORIENTED_EDGE('',*,*,#5783,.F.);
#14421 = PLANE('',#14422);
#14422 = AXIS2_PLACEMENT_3D('',#14423,#14424,#14425);
#14423 = CARTESIAN_POINT('',(0.5725,0.,0.));
#14424 = DIRECTION('',(1.,0.,0.));
#14425 = DIRECTION('',(-0.,1.,0.));
#14426 = ADVANCED_FACE('',(#14427),#14438,.T.);
#14427 = FACE_BOUND('',#14428,.T.);
#14428 = EDGE_LOOP('',(#14429,#14430,#14431,#14437));
#14429 = ORIENTED_EDGE('',*,*,#7616,.T.);
#14430 = ORIENTED_EDGE('',*,*,#14385,.T.);
#14431 = ORIENTED_EDGE('',*,*,#14432,.T.);
#14432 = EDGE_CURVE('',#14378,#5824,#14433,.T.);
#14433 = LINE('',#14434,#14435);
#14434 = CARTESIAN_POINT('',(0.5725,0.19,-0.88));
#14435 = VECTOR('',#14436,1.);
#14436 = DIRECTION('',(0.,1.,0.));
#14437 = ORIENTED_EDGE('',*,*,#5823,.F.);
#14438 = PLANE('',#14439);
#14439 = AXIS2_PLACEMENT_3D('',#14440,#14441,#14442);
#14440 = CARTESIAN_POINT('',(0.5725,0.,0.));
#14441 = DIRECTION('',(1.,0.,0.));
#14442 = DIRECTION('',(-0.,1.,0.));
#14443 = ADVANCED_FACE('',(#14444),#14455,.F.);
#14444 = FACE_BOUND('',#14445,.T.);
#14445 = EDGE_LOOP('',(#14446,#14447,#14448,#14454));
#14446 = ORIENTED_EDGE('',*,*,#14432,.F.);
#14447 = ORIENTED_EDGE('',*,*,#14377,.T.);
#14448 = ORIENTED_EDGE('',*,*,#14449,.F.);
#14449 = EDGE_CURVE('',#5832,#14106,#14450,.T.);
#14450 = LINE('',#14451,#14452);
#14451 = CARTESIAN_POINT('',(0.59,0.33,-0.88));
#14452 = VECTOR('',#14453,1.);
#14453 = DIRECTION('',(0.,-1.,0.));
#14454 = ORIENTED_EDGE('',*,*,#5831,.F.);
#14455 = PLANE('',#14456);
#14456 = AXIS2_PLACEMENT_3D('',#14457,#14458,#14459);
#14457 = CARTESIAN_POINT('',(0.5725,0.19,-0.88));
#14458 = DIRECTION('',(0.,0.,-1.));
#14459 = DIRECTION('',(0.,-1.,0.));
#14460 = ADVANCED_FACE('',(#14461),#14473,.F.);
#14461 = FACE_BOUND('',#14462,.T.);
#14462 = EDGE_LOOP('',(#14463,#14464,#14470,#14471,#14472));
#14463 = ORIENTED_EDGE('',*,*,#14105,.T.);
#14464 = ORIENTED_EDGE('',*,*,#14465,.F.);
#14465 = EDGE_CURVE('',#14004,#14098,#14466,.T.);
#14466 = LINE('',#14467,#14468);
#14467 = CARTESIAN_POINT('',(0.59,-0.18,-1.));
#14468 = VECTOR('',#14469,1.);
#14469 = DIRECTION('',(0.,0.,1.));
#14470 = ORIENTED_EDGE('',*,*,#14003,.T.);
#14471 = ORIENTED_EDGE('',*,*,#5839,.T.);
#14472 = ORIENTED_EDGE('',*,*,#14449,.T.);
#14473 = PLANE('',#14474);
#14474 = AXIS2_PLACEMENT_3D('',#14475,#14476,#14477);
#14475 = CARTESIAN_POINT('',(0.59,0.33,-1.));
#14476 = DIRECTION('',(-1.,0.,0.));
#14477 = DIRECTION('',(0.,0.,1.));
#14478 = ADVANCED_FACE('',(#14479,#14513,#14547,#14581),#14615,.T.);
#14479 = FACE_BOUND('',#14480,.T.);
#14480 = EDGE_LOOP('',(#14481,#14482,#14483,#14491,#14499,#14505,#14506,
    #14512));
#14481 = ORIENTED_EDGE('',*,*,#12701,.T.);
#14482 = ORIENTED_EDGE('',*,*,#12328,.T.);
#14483 = ORIENTED_EDGE('',*,*,#14484,.F.);
#14484 = EDGE_CURVE('',#14485,#12321,#14487,.T.);
#14485 = VERTEX_POINT('',#14486);
#14486 = CARTESIAN_POINT('',(-0.525,-0.18,0.76));
#14487 = LINE('',#14488,#14489);
#14488 = CARTESIAN_POINT('',(-0.525,-0.18,0.76));
#14489 = VECTOR('',#14490,1.);
#14490 = DIRECTION('',(0.,0.,1.));
#14491 = ORIENTED_EDGE('',*,*,#14492,.F.);
#14492 = EDGE_CURVE('',#14493,#14485,#14495,.T.);
#14493 = VERTEX_POINT('',#14494);
#14494 = CARTESIAN_POINT('',(0.525,-0.18,0.76));
#14495 = LINE('',#14496,#14497);
#14496 = CARTESIAN_POINT('',(0.525,-0.18,0.76));
#14497 = VECTOR('',#14498,1.);
#14498 = DIRECTION('',(-1.,0.,0.));
#14499 = ORIENTED_EDGE('',*,*,#14500,.F.);
#14500 = EDGE_CURVE('',#5351,#14493,#14501,.T.);
#14501 = LINE('',#14502,#14503);
#14502 = CARTESIAN_POINT('',(0.525,-0.18,0.88));
#14503 = VECTOR('',#14504,1.);
#14504 = DIRECTION('',(0.,0.,-1.));
#14505 = ORIENTED_EDGE('',*,*,#5350,.T.);
#14506 = ORIENTED_EDGE('',*,*,#14507,.T.);
#14507 = EDGE_CURVE('',#5343,#12770,#14508,.T.);
#14508 = LINE('',#14509,#14510);
#14509 = CARTESIAN_POINT('',(0.59,-0.18,0.88));
#14510 = VECTOR('',#14511,1.);
#14511 = DIRECTION('',(0.,0.,1.));
#14512 = ORIENTED_EDGE('',*,*,#12779,.F.);
#14513 = FACE_BOUND('',#14514,.T.);
#14514 = EDGE_LOOP('',(#14515,#14525,#14533,#14541));
#14515 = ORIENTED_EDGE('',*,*,#14516,.T.);
#14516 = EDGE_CURVE('',#14517,#14519,#14521,.T.);
#14517 = VERTEX_POINT('',#14518);
#14518 = CARTESIAN_POINT('',(0.29,-0.18,0.795));
#14519 = VERTEX_POINT('',#14520);
#14520 = CARTESIAN_POINT('',(0.29,-0.18,0.875));
#14521 = LINE('',#14522,#14523);
#14522 = CARTESIAN_POINT('',(0.29,-0.18,0.795));
#14523 = VECTOR('',#14524,1.);
#14524 = DIRECTION('',(0.,0.,1.));
#14525 = ORIENTED_EDGE('',*,*,#14526,.T.);
#14526 = EDGE_CURVE('',#14519,#14527,#14529,.T.);
#14527 = VERTEX_POINT('',#14528);
#14528 = CARTESIAN_POINT('',(0.41,-0.18,0.875));
#14529 = LINE('',#14530,#14531);
#14530 = CARTESIAN_POINT('',(0.29,-0.18,0.875));
#14531 = VECTOR('',#14532,1.);
#14532 = DIRECTION('',(1.,0.,0.));
#14533 = ORIENTED_EDGE('',*,*,#14534,.T.);
#14534 = EDGE_CURVE('',#14527,#14535,#14537,.T.);
#14535 = VERTEX_POINT('',#14536);
#14536 = CARTESIAN_POINT('',(0.41,-0.18,0.795));
#14537 = LINE('',#14538,#14539);
#14538 = CARTESIAN_POINT('',(0.41,-0.18,0.875));
#14539 = VECTOR('',#14540,1.);
#14540 = DIRECTION('',(0.,0.,-1.));
#14541 = ORIENTED_EDGE('',*,*,#14542,.F.);
#14542 = EDGE_CURVE('',#14517,#14535,#14543,.T.);
#14543 = LINE('',#14544,#14545);
#14544 = CARTESIAN_POINT('',(0.29,-0.18,0.795));
#14545 = VECTOR('',#14546,1.);
#14546 = DIRECTION('',(1.,0.,0.));
#14547 = FACE_BOUND('',#14548,.T.);
#14548 = EDGE_LOOP('',(#14549,#14559,#14567,#14575));
#14549 = ORIENTED_EDGE('',*,*,#14550,.T.);
#14550 = EDGE_CURVE('',#14551,#14553,#14555,.T.);
#14551 = VERTEX_POINT('',#14552);
#14552 = CARTESIAN_POINT('',(-6.E-02,-0.18,0.795));
#14553 = VERTEX_POINT('',#14554);
#14554 = CARTESIAN_POINT('',(-6.E-02,-0.18,0.875));
#14555 = LINE('',#14556,#14557);
#14556 = CARTESIAN_POINT('',(-6.E-02,-0.18,0.795));
#14557 = VECTOR('',#14558,1.);
#14558 = DIRECTION('',(0.,0.,1.));
#14559 = ORIENTED_EDGE('',*,*,#14560,.T.);
#14560 = EDGE_CURVE('',#14553,#14561,#14563,.T.);
#14561 = VERTEX_POINT('',#14562);
#14562 = CARTESIAN_POINT('',(6.E-02,-0.18,0.875));
#14563 = LINE('',#14564,#14565);
#14564 = CARTESIAN_POINT('',(-6.E-02,-0.18,0.875));
#14565 = VECTOR('',#14566,1.);
#14566 = DIRECTION('',(1.,0.,0.));
#14567 = ORIENTED_EDGE('',*,*,#14568,.T.);
#14568 = EDGE_CURVE('',#14561,#14569,#14571,.T.);
#14569 = VERTEX_POINT('',#14570);
#14570 = CARTESIAN_POINT('',(6.E-02,-0.18,0.795));
#14571 = LINE('',#14572,#14573);
#14572 = CARTESIAN_POINT('',(6.E-02,-0.18,0.875));
#14573 = VECTOR('',#14574,1.);
#14574 = DIRECTION('',(0.,0.,-1.));
#14575 = ORIENTED_EDGE('',*,*,#14576,.F.);
#14576 = EDGE_CURVE('',#14551,#14569,#14577,.T.);
#14577 = LINE('',#14578,#14579);
#14578 = CARTESIAN_POINT('',(-6.E-02,-0.18,0.795));
#14579 = VECTOR('',#14580,1.);
#14580 = DIRECTION('',(1.,0.,0.));
#14581 = FACE_BOUND('',#14582,.T.);
#14582 = EDGE_LOOP('',(#14583,#14593,#14601,#14609));
#14583 = ORIENTED_EDGE('',*,*,#14584,.T.);
#14584 = EDGE_CURVE('',#14585,#14587,#14589,.T.);
#14585 = VERTEX_POINT('',#14586);
#14586 = CARTESIAN_POINT('',(-0.41,-0.18,0.795));
#14587 = VERTEX_POINT('',#14588);
#14588 = CARTESIAN_POINT('',(-0.41,-0.18,0.875));
#14589 = LINE('',#14590,#14591);
#14590 = CARTESIAN_POINT('',(-0.41,-0.18,0.795));
#14591 = VECTOR('',#14592,1.);
#14592 = DIRECTION('',(0.,0.,1.));
#14593 = ORIENTED_EDGE('',*,*,#14594,.T.);
#14594 = EDGE_CURVE('',#14587,#14595,#14597,.T.);
#14595 = VERTEX_POINT('',#14596);
#14596 = CARTESIAN_POINT('',(-0.29,-0.18,0.875));
#14597 = LINE('',#14598,#14599);
#14598 = CARTESIAN_POINT('',(-0.41,-0.18,0.875));
#14599 = VECTOR('',#14600,1.);
#14600 = DIRECTION('',(1.,0.,0.));
#14601 = ORIENTED_EDGE('',*,*,#14602,.T.);
#14602 = EDGE_CURVE('',#14595,#14603,#14605,.T.);
#14603 = VERTEX_POINT('',#14604);
#14604 = CARTESIAN_POINT('',(-0.29,-0.18,0.795));
#14605 = LINE('',#14606,#14607);
#14606 = CARTESIAN_POINT('',(-0.29,-0.18,0.875));
#14607 = VECTOR('',#14608,1.);
#14608 = DIRECTION('',(0.,0.,-1.));
#14609 = ORIENTED_EDGE('',*,*,#14610,.F.);
#14610 = EDGE_CURVE('',#14585,#14603,#14611,.T.);
#14611 = LINE('',#14612,#14613);
#14612 = CARTESIAN_POINT('',(-0.41,-0.18,0.795));
#14613 = VECTOR('',#14614,1.);
#14614 = DIRECTION('',(1.,0.,0.));
#14615 = PLANE('',#14616);
#14616 = AXIS2_PLACEMENT_3D('',#14617,#14618,#14619);
#14617 = CARTESIAN_POINT('',(0.,-0.18,0.));
#14618 = DIRECTION('',(0.,-1.,0.));
#14619 = DIRECTION('',(0.,0.,-1.));
#14620 = ADVANCED_FACE('',(#14621,#14655,#14689,#14723),#14757,.T.);
#14621 = FACE_BOUND('',#14622,.T.);
#14622 = EDGE_LOOP('',(#14623,#14624,#14625,#14633,#14641,#14647,#14648,
    #14654));
#14623 = ORIENTED_EDGE('',*,*,#14465,.T.);
#14624 = ORIENTED_EDGE('',*,*,#14097,.T.);
#14625 = ORIENTED_EDGE('',*,*,#14626,.F.);
#14626 = EDGE_CURVE('',#14627,#14090,#14629,.T.);
#14627 = VERTEX_POINT('',#14628);
#14628 = CARTESIAN_POINT('',(0.525,-0.18,-0.76));
#14629 = LINE('',#14630,#14631);
#14630 = CARTESIAN_POINT('',(0.525,-0.18,-0.76));
#14631 = VECTOR('',#14632,1.);
#14632 = DIRECTION('',(0.,0.,-1.));
#14633 = ORIENTED_EDGE('',*,*,#14634,.F.);
#14634 = EDGE_CURVE('',#14635,#14627,#14637,.T.);
#14635 = VERTEX_POINT('',#14636);
#14636 = CARTESIAN_POINT('',(-0.525,-0.18,-0.76));
#14637 = LINE('',#14638,#14639);
#14638 = CARTESIAN_POINT('',(-0.525,-0.18,-0.76));
#14639 = VECTOR('',#14640,1.);
#14640 = DIRECTION('',(1.,0.,0.));
#14641 = ORIENTED_EDGE('',*,*,#14642,.F.);
#14642 = EDGE_CURVE('',#9975,#14635,#14643,.T.);
#14643 = LINE('',#14644,#14645);
#14644 = CARTESIAN_POINT('',(-0.525,-0.18,-0.88));
#14645 = VECTOR('',#14646,1.);
#14646 = DIRECTION('',(0.,0.,1.));
#14647 = ORIENTED_EDGE('',*,*,#9974,.T.);
#14648 = ORIENTED_EDGE('',*,*,#14649,.T.);
#14649 = EDGE_CURVE('',#9967,#13995,#14650,.T.);
#14650 = LINE('',#14651,#14652);
#14651 = CARTESIAN_POINT('',(-0.59,-0.18,-0.88));
#14652 = VECTOR('',#14653,1.);
#14653 = DIRECTION('',(0.,0.,-1.));
#14654 = ORIENTED_EDGE('',*,*,#14011,.T.);
#14655 = FACE_BOUND('',#14656,.T.);
#14656 = EDGE_LOOP('',(#14657,#14667,#14675,#14683));
#14657 = ORIENTED_EDGE('',*,*,#14658,.T.);
#14658 = EDGE_CURVE('',#14659,#14661,#14663,.T.);
#14659 = VERTEX_POINT('',#14660);
#14660 = CARTESIAN_POINT('',(0.29,-0.18,-0.875));
#14661 = VERTEX_POINT('',#14662);
#14662 = CARTESIAN_POINT('',(0.29,-0.18,-0.795));
#14663 = LINE('',#14664,#14665);
#14664 = CARTESIAN_POINT('',(0.29,-0.18,-0.875));
#14665 = VECTOR('',#14666,1.);
#14666 = DIRECTION('',(0.,0.,1.));
#14667 = ORIENTED_EDGE('',*,*,#14668,.T.);
#14668 = EDGE_CURVE('',#14661,#14669,#14671,.T.);
#14669 = VERTEX_POINT('',#14670);
#14670 = CARTESIAN_POINT('',(0.41,-0.18,-0.795));
#14671 = LINE('',#14672,#14673);
#14672 = CARTESIAN_POINT('',(0.29,-0.18,-0.795));
#14673 = VECTOR('',#14674,1.);
#14674 = DIRECTION('',(1.,0.,0.));
#14675 = ORIENTED_EDGE('',*,*,#14676,.T.);
#14676 = EDGE_CURVE('',#14669,#14677,#14679,.T.);
#14677 = VERTEX_POINT('',#14678);
#14678 = CARTESIAN_POINT('',(0.41,-0.18,-0.875));
#14679 = LINE('',#14680,#14681);
#14680 = CARTESIAN_POINT('',(0.41,-0.18,-0.795));
#14681 = VECTOR('',#14682,1.);
#14682 = DIRECTION('',(0.,0.,-1.));
#14683 = ORIENTED_EDGE('',*,*,#14684,.F.);
#14684 = EDGE_CURVE('',#14659,#14677,#14685,.T.);
#14685 = LINE('',#14686,#14687);
#14686 = CARTESIAN_POINT('',(0.29,-0.18,-0.875));
#14687 = VECTOR('',#14688,1.);
#14688 = DIRECTION('',(1.,0.,0.));
#14689 = FACE_BOUND('',#14690,.T.);
#14690 = EDGE_LOOP('',(#14691,#14701,#14709,#14717));
#14691 = ORIENTED_EDGE('',*,*,#14692,.T.);
#14692 = EDGE_CURVE('',#14693,#14695,#14697,.T.);
#14693 = VERTEX_POINT('',#14694);
#14694 = CARTESIAN_POINT('',(-6.E-02,-0.18,-0.875));
#14695 = VERTEX_POINT('',#14696);
#14696 = CARTESIAN_POINT('',(-6.E-02,-0.18,-0.795));
#14697 = LINE('',#14698,#14699);
#14698 = CARTESIAN_POINT('',(-6.E-02,-0.18,-0.875));
#14699 = VECTOR('',#14700,1.);
#14700 = DIRECTION('',(0.,0.,1.));
#14701 = ORIENTED_EDGE('',*,*,#14702,.T.);
#14702 = EDGE_CURVE('',#14695,#14703,#14705,.T.);
#14703 = VERTEX_POINT('',#14704);
#14704 = CARTESIAN_POINT('',(6.E-02,-0.18,-0.795));
#14705 = LINE('',#14706,#14707);
#14706 = CARTESIAN_POINT('',(-6.E-02,-0.18,-0.795));
#14707 = VECTOR('',#14708,1.);
#14708 = DIRECTION('',(1.,0.,0.));
#14709 = ORIENTED_EDGE('',*,*,#14710,.T.);
#14710 = EDGE_CURVE('',#14703,#14711,#14713,.T.);
#14711 = VERTEX_POINT('',#14712);
#14712 = CARTESIAN_POINT('',(6.E-02,-0.18,-0.875));
#14713 = LINE('',#14714,#14715);
#14714 = CARTESIAN_POINT('',(6.E-02,-0.18,-0.795));
#14715 = VECTOR('',#14716,1.);
#14716 = DIRECTION('',(0.,0.,-1.));
#14717 = ORIENTED_EDGE('',*,*,#14718,.F.);
#14718 = EDGE_CURVE('',#14693,#14711,#14719,.T.);
#14719 = LINE('',#14720,#14721);
#14720 = CARTESIAN_POINT('',(-6.E-02,-0.18,-0.875));
#14721 = VECTOR('',#14722,1.);
#14722 = DIRECTION('',(1.,0.,0.));
#14723 = FACE_BOUND('',#14724,.T.);
#14724 = EDGE_LOOP('',(#14725,#14735,#14743,#14751));
#14725 = ORIENTED_EDGE('',*,*,#14726,.T.);
#14726 = EDGE_CURVE('',#14727,#14729,#14731,.T.);
#14727 = VERTEX_POINT('',#14728);
#14728 = CARTESIAN_POINT('',(-0.41,-0.18,-0.875));
#14729 = VERTEX_POINT('',#14730);
#14730 = CARTESIAN_POINT('',(-0.41,-0.18,-0.795));
#14731 = LINE('',#14732,#14733);
#14732 = CARTESIAN_POINT('',(-0.41,-0.18,-0.875));
#14733 = VECTOR('',#14734,1.);
#14734 = DIRECTION('',(0.,0.,1.));
#14735 = ORIENTED_EDGE('',*,*,#14736,.T.);
#14736 = EDGE_CURVE('',#14729,#14737,#14739,.T.);
#14737 = VERTEX_POINT('',#14738);
#14738 = CARTESIAN_POINT('',(-0.29,-0.18,-0.795));
#14739 = LINE('',#14740,#14741);
#14740 = CARTESIAN_POINT('',(-0.41,-0.18,-0.795));
#14741 = VECTOR('',#14742,1.);
#14742 = DIRECTION('',(1.,0.,0.));
#14743 = ORIENTED_EDGE('',*,*,#14744,.T.);
#14744 = EDGE_CURVE('',#14737,#14745,#14747,.T.);
#14745 = VERTEX_POINT('',#14746);
#14746 = CARTESIAN_POINT('',(-0.29,-0.18,-0.875));
#14747 = LINE('',#14748,#14749);
#14748 = CARTESIAN_POINT('',(-0.29,-0.18,-0.795));
#14749 = VECTOR('',#14750,1.);
#14750 = DIRECTION('',(0.,0.,-1.));
#14751 = ORIENTED_EDGE('',*,*,#14752,.F.);
#14752 = EDGE_CURVE('',#14727,#14745,#14753,.T.);
#14753 = LINE('',#14754,#14755);
#14754 = CARTESIAN_POINT('',(-0.41,-0.18,-0.875));
#14755 = VECTOR('',#14756,1.);
#14756 = DIRECTION('',(1.,0.,0.));
#14757 = PLANE('',#14758);
#14758 = AXIS2_PLACEMENT_3D('',#14759,#14760,#14761);
#14759 = CARTESIAN_POINT('',(0.,-0.18,0.));
#14760 = DIRECTION('',(0.,-1.,0.));
#14761 = DIRECTION('',(0.,0.,-1.));
#14762 = ADVANCED_FACE('',(#14763),#14770,.F.);
#14763 = FACE_BOUND('',#14764,.T.);
#14764 = EDGE_LOOP('',(#14765,#14766,#14767,#14768,#14769));
#14765 = ORIENTED_EDGE('',*,*,#5776,.F.);
#14766 = ORIENTED_EDGE('',*,*,#12769,.F.);
#14767 = ORIENTED_EDGE('',*,*,#14507,.F.);
#14768 = ORIENTED_EDGE('',*,*,#5342,.F.);
#14769 = ORIENTED_EDGE('',*,*,#5679,.F.);
#14770 = PLANE('',#14771);
#14771 = AXIS2_PLACEMENT_3D('',#14772,#14773,#14774);
#14772 = CARTESIAN_POINT('',(0.59,0.33,0.88));
#14773 = DIRECTION('',(-1.,0.,0.));
#14774 = DIRECTION('',(0.,0.,1.));
#14775 = ADVANCED_FACE('',(#14776),#14787,.F.);
#14776 = FACE_BOUND('',#14777,.T.);
#14777 = EDGE_LOOP('',(#14778,#14779,#14780,#14786));
#14778 = ORIENTED_EDGE('',*,*,#5358,.F.);
#14779 = ORIENTED_EDGE('',*,*,#14500,.T.);
#14780 = ORIENTED_EDGE('',*,*,#14781,.T.);
#14781 = EDGE_CURVE('',#14493,#4612,#14782,.T.);
#14782 = LINE('',#14783,#14784);
#14783 = CARTESIAN_POINT('',(0.525,-0.18,0.76));
#14784 = VECTOR('',#14785,1.);
#14785 = DIRECTION('',(0.,-1.,0.));
#14786 = ORIENTED_EDGE('',*,*,#4611,.T.);
#14787 = PLANE('',#14788);
#14788 = AXIS2_PLACEMENT_3D('',#14789,#14790,#14791);
#14789 = CARTESIAN_POINT('',(0.525,-0.33,0.76));
#14790 = DIRECTION('',(1.,0.,0.));
#14791 = DIRECTION('',(-0.,1.,0.));
#14792 = ADVANCED_FACE('',(#14793),#14804,.F.);
#14793 = FACE_BOUND('',#14794,.T.);
#14794 = EDGE_LOOP('',(#14795,#14796,#14797,#14803));
#14795 = ORIENTED_EDGE('',*,*,#14781,.F.);
#14796 = ORIENTED_EDGE('',*,*,#14492,.T.);
#14797 = ORIENTED_EDGE('',*,*,#14798,.T.);
#14798 = EDGE_CURVE('',#14485,#4620,#14799,.T.);
#14799 = LINE('',#14800,#14801);
#14800 = CARTESIAN_POINT('',(-0.525,-0.18,0.76));
#14801 = VECTOR('',#14802,1.);
#14802 = DIRECTION('',(0.,-1.,0.));
#14803 = ORIENTED_EDGE('',*,*,#4619,.T.);
#14804 = PLANE('',#14805);
#14805 = AXIS2_PLACEMENT_3D('',#14806,#14807,#14808);
#14806 = CARTESIAN_POINT('',(-0.525,-0.33,0.76));
#14807 = DIRECTION('',(0.,0.,-1.));
#14808 = DIRECTION('',(0.,-1.,0.));
#14809 = ADVANCED_FACE('',(#14810),#14816,.F.);
#14810 = FACE_BOUND('',#14811,.T.);
#14811 = EDGE_LOOP('',(#14812,#14813,#14814,#14815));
#14812 = ORIENTED_EDGE('',*,*,#14798,.F.);
#14813 = ORIENTED_EDGE('',*,*,#14484,.T.);
#14814 = ORIENTED_EDGE('',*,*,#12320,.T.);
#14815 = ORIENTED_EDGE('',*,*,#4627,.T.);
#14816 = PLANE('',#14817);
#14817 = AXIS2_PLACEMENT_3D('',#14818,#14819,#14820);
#14818 = CARTESIAN_POINT('',(-0.525,-0.33,0.88));
#14819 = DIRECTION('',(-1.,0.,0.));
#14820 = DIRECTION('',(0.,0.,1.));
#14821 = ADVANCED_FACE('',(#14822),#14834,.F.);
#14822 = FACE_BOUND('',#14823,.T.);
#14823 = EDGE_LOOP('',(#14824,#14825,#14826,#14827,#14828));
#14824 = ORIENTED_EDGE('',*,*,#5855,.F.);
#14825 = ORIENTED_EDGE('',*,*,#13994,.F.);
#14826 = ORIENTED_EDGE('',*,*,#14649,.F.);
#14827 = ORIENTED_EDGE('',*,*,#9966,.F.);
#14828 = ORIENTED_EDGE('',*,*,#14829,.F.);
#14829 = EDGE_CURVE('',#5856,#9957,#14830,.T.);
#14830 = LINE('',#14831,#14832);
#14831 = CARTESIAN_POINT('',(-0.59,0.33,-0.88));
#14832 = VECTOR('',#14833,1.);
#14833 = DIRECTION('',(0.,-1.,0.));
#14834 = PLANE('',#14835);
#14835 = AXIS2_PLACEMENT_3D('',#14836,#14837,#14838);
#14836 = CARTESIAN_POINT('',(-0.59,0.33,-0.88));
#14837 = DIRECTION('',(1.,0.,0.));
#14838 = DIRECTION('',(-0.,1.,0.));
#14839 = ADVANCED_FACE('',(#14840),#14851,.T.);
#14840 = FACE_BOUND('',#14841,.T.);
#14841 = EDGE_LOOP('',(#14842,#14843,#14844,#14850));
#14842 = ORIENTED_EDGE('',*,*,#5863,.T.);
#14843 = ORIENTED_EDGE('',*,*,#14829,.T.);
#14844 = ORIENTED_EDGE('',*,*,#14845,.F.);
#14845 = EDGE_CURVE('',#12662,#9957,#14846,.T.);
#14846 = LINE('',#14847,#14848);
#14847 = CARTESIAN_POINT('',(-0.5725,0.19,-0.88));
#14848 = VECTOR('',#14849,1.);
#14849 = DIRECTION('',(-1.,0.,0.));
#14850 = ORIENTED_EDGE('',*,*,#12661,.T.);
#14851 = PLANE('',#14852);
#14852 = AXIS2_PLACEMENT_3D('',#14853,#14854,#14855);
#14853 = CARTESIAN_POINT('',(-0.5725,0.19,-0.88));
#14854 = DIRECTION('',(0.,0.,1.));
#14855 = DIRECTION('',(1.,0.,-0.));
#14856 = ADVANCED_FACE('',(#14857),#14876,.T.);
#14857 = FACE_BOUND('',#14858,.T.);
#14858 = EDGE_LOOP('',(#14859,#14860,#14866,#14867,#14868,#14869,#14870)
  );
#14859 = ORIENTED_EDGE('',*,*,#10087,.T.);
#14860 = ORIENTED_EDGE('',*,*,#14861,.F.);
#14861 = EDGE_CURVE('',#7632,#10080,#14862,.T.);
#14862 = LINE('',#14863,#14864);
#14863 = CARTESIAN_POINT('',(-0.8275,0.21,-0.63));
#14864 = VECTOR('',#14865,1.);
#14865 = DIRECTION('',(0.,-7.974522228289E-02,-0.996815278536));
#14866 = ORIENTED_EDGE('',*,*,#7631,.F.);
#14867 = ORIENTED_EDGE('',*,*,#12669,.T.);
#14868 = ORIENTED_EDGE('',*,*,#14845,.T.);
#14869 = ORIENTED_EDGE('',*,*,#9956,.T.);
#14870 = ORIENTED_EDGE('',*,*,#14871,.F.);
#14871 = EDGE_CURVE('',#10088,#9959,#14872,.T.);
#14872 = LINE('',#14873,#14874);
#14873 = CARTESIAN_POINT('',(-0.7875,0.19,-0.88));
#14874 = VECTOR('',#14875,1.);
#14875 = DIRECTION('',(1.,0.,0.));
#14876 = PLANE('',#14877);
#14877 = AXIS2_PLACEMENT_3D('',#14878,#14879,#14880);
#14878 = CARTESIAN_POINT('',(-0.5725,0.21,-0.63));
#14879 = DIRECTION('',(0.,0.996815278536,-7.974522228289E-02));
#14880 = DIRECTION('',(-1.,0.,0.));
#14881 = ADVANCED_FACE('',(#14882),#14893,.F.);
#14882 = FACE_BOUND('',#14883,.T.);
#14883 = EDGE_LOOP('',(#14884,#14885,#14891,#14892));
#14884 = ORIENTED_EDGE('',*,*,#9617,.F.);
#14885 = ORIENTED_EDGE('',*,*,#14886,.F.);
#14886 = EDGE_CURVE('',#10088,#9610,#14887,.T.);
#14887 = LINE('',#14888,#14889);
#14888 = CARTESIAN_POINT('',(-0.7875,0.19,-0.88));
#14889 = VECTOR('',#14890,1.);
#14890 = DIRECTION('',(0.,1.,1.110223024625E-14));
#14891 = ORIENTED_EDGE('',*,*,#14871,.T.);
#14892 = ORIENTED_EDGE('',*,*,#10138,.F.);
#14893 = PLANE('',#14894);
#14894 = AXIS2_PLACEMENT_3D('',#14895,#14896,#14897);
#14895 = CARTESIAN_POINT('',(0.,0.33,-0.88));
#14896 = DIRECTION('',(0.,0.,-1.));
#14897 = DIRECTION('',(0.,-1.,0.));
#14898 = ADVANCED_FACE('',(#14899),#14917,.T.);
#14899 = FACE_BOUND('',#14900,.T.);
#14900 = EDGE_LOOP('',(#14901,#14907,#14908,#14909,#14910,#14916));
#14901 = ORIENTED_EDGE('',*,*,#14902,.F.);
#14902 = EDGE_CURVE('',#10096,#9669,#14903,.T.);
#14903 = LINE('',#14904,#14905);
#14904 = CARTESIAN_POINT('',(-0.7875,0.17,-0.88));
#14905 = VECTOR('',#14906,1.);
#14906 = DIRECTION('',(0.,0.,-1.));
#14907 = ORIENTED_EDGE('',*,*,#10095,.T.);
#14908 = ORIENTED_EDGE('',*,*,#14886,.T.);
#14909 = ORIENTED_EDGE('',*,*,#9609,.T.);
#14910 = ORIENTED_EDGE('',*,*,#14911,.F.);
#14911 = EDGE_CURVE('',#9259,#9586,#14912,.T.);
#14912 = LINE('',#14913,#14914);
#14913 = CARTESIAN_POINT('',(-0.7875,0.21,-0.97));
#14914 = VECTOR('',#14915,1.);
#14915 = DIRECTION('',(0.,0.,1.));
#14916 = ORIENTED_EDGE('',*,*,#9677,.F.);
#14917 = PLANE('',#14918);
#14918 = AXIS2_PLACEMENT_3D('',#14919,#14920,#14921);
#14919 = CARTESIAN_POINT('',(-0.7875,0.17,-0.88));
#14920 = DIRECTION('',(-1.,0.,0.));
#14921 = DIRECTION('',(0.,0.,1.));
#14922 = ADVANCED_FACE('',(#14923),#14929,.T.);
#14923 = FACE_BOUND('',#14924,.T.);
#14924 = EDGE_LOOP('',(#14925,#14926,#14927,#14928));
#14925 = ORIENTED_EDGE('',*,*,#9593,.T.);
#14926 = ORIENTED_EDGE('',*,*,#9439,.F.);
#14927 = ORIENTED_EDGE('',*,*,#9266,.F.);
#14928 = ORIENTED_EDGE('',*,*,#14911,.T.);
#14929 = PLANE('',#14930);
#14930 = AXIS2_PLACEMENT_3D('',#14931,#14932,#14933);
#14931 = CARTESIAN_POINT('',(-0.62,0.21,-0.97));
#14932 = DIRECTION('',(0.,-1.,0.));
#14933 = DIRECTION('',(0.,0.,-1.));
#14934 = ADVANCED_FACE('',(#14935),#14946,.F.);
#14935 = FACE_BOUND('',#14936,.F.);
#14936 = EDGE_LOOP('',(#14937,#14943,#14944,#14945));
#14937 = ORIENTED_EDGE('',*,*,#14938,.T.);
#14938 = EDGE_CURVE('',#10104,#9661,#14939,.T.);
#14939 = LINE('',#14940,#14941);
#14940 = CARTESIAN_POINT('',(-0.8275,0.13,-0.88));
#14941 = VECTOR('',#14942,1.);
#14942 = DIRECTION('',(0.,0.,-1.));
#14943 = ORIENTED_EDGE('',*,*,#9668,.T.);
#14944 = ORIENTED_EDGE('',*,*,#14902,.F.);
#14945 = ORIENTED_EDGE('',*,*,#10103,.T.);
#14946 = CYLINDRICAL_SURFACE('',#14947,4.E-02);
#14947 = AXIS2_PLACEMENT_3D('',#14948,#14949,#14950);
#14948 = CARTESIAN_POINT('',(-0.8275,0.17,-0.88));
#14949 = DIRECTION('',(0.,0.,1.));
#14950 = DIRECTION('',(-1.,0.,0.));
#14951 = ADVANCED_FACE('',(#14952),#14963,.T.);
#14952 = FACE_BOUND('',#14953,.T.);
#14953 = EDGE_LOOP('',(#14954,#14955,#14956,#14957));
#14954 = ORIENTED_EDGE('',*,*,#10112,.T.);
#14955 = ORIENTED_EDGE('',*,*,#14938,.T.);
#14956 = ORIENTED_EDGE('',*,*,#9660,.F.);
#14957 = ORIENTED_EDGE('',*,*,#14958,.F.);
#14958 = EDGE_CURVE('',#10113,#9652,#14959,.T.);
#14959 = LINE('',#14960,#14961);
#14960 = CARTESIAN_POINT('',(-0.893128855695,0.13,-0.88));
#14961 = VECTOR('',#14962,1.);
#14962 = DIRECTION('',(0.,0.,-1.));
#14963 = PLANE('',#14964);
#14964 = AXIS2_PLACEMENT_3D('',#14965,#14966,#14967);
#14965 = CARTESIAN_POINT('',(-0.893128855695,0.13,-0.88));
#14966 = DIRECTION('',(-0.,1.,0.));
#14967 = DIRECTION('',(1.,0.,0.));
#14968 = ADVANCED_FACE('',(#14969),#14975,.F.);
#14969 = FACE_BOUND('',#14970,.F.);
#14970 = EDGE_LOOP('',(#14971,#14972,#14973,#14974));
#14971 = ORIENTED_EDGE('',*,*,#9806,.T.);
#14972 = ORIENTED_EDGE('',*,*,#9649,.T.);
#14973 = ORIENTED_EDGE('',*,*,#14958,.F.);
#14974 = ORIENTED_EDGE('',*,*,#10120,.T.);
#14975 = CYLINDRICAL_SURFACE('',#14976,4.E-02);
#14976 = AXIS2_PLACEMENT_3D('',#14977,#14978,#14979);
#14977 = CARTESIAN_POINT('',(-0.893128855695,0.17,-0.88));
#14978 = DIRECTION('',(0.,0.,1.));
#14979 = DIRECTION('',(-1.,0.,0.));
#14980 = ADVANCED_FACE('',(#14981),#14987,.T.);
#14981 = FACE_BOUND('',#14982,.T.);
#14982 = EDGE_LOOP('',(#14983,#14984,#14985,#14986));
#14983 = ORIENTED_EDGE('',*,*,#6868,.F.);
#14984 = ORIENTED_EDGE('',*,*,#6113,.F.);
#14985 = ORIENTED_EDGE('',*,*,#12410,.T.);
#14986 = ORIENTED_EDGE('',*,*,#12626,.T.);
#14987 = PLANE('',#14988);
#14988 = AXIS2_PLACEMENT_3D('',#14989,#14990,#14991);
#14989 = CARTESIAN_POINT('',(-0.8275,0.,0.));
#14990 = DIRECTION('',(1.,0.,0.));
#14991 = DIRECTION('',(-0.,1.,0.));
#14992 = ADVANCED_FACE('',(#14993),#14999,.T.);
#14993 = FACE_BOUND('',#14994,.T.);
#14994 = EDGE_LOOP('',(#14995,#14996,#14997,#14998));
#14995 = ORIENTED_EDGE('',*,*,#10079,.F.);
#14996 = ORIENTED_EDGE('',*,*,#6057,.F.);
#14997 = ORIENTED_EDGE('',*,*,#7639,.T.);
#14998 = ORIENTED_EDGE('',*,*,#14861,.T.);
#14999 = PLANE('',#15000);
#15000 = AXIS2_PLACEMENT_3D('',#15001,#15002,#15003);
#15001 = CARTESIAN_POINT('',(-0.8275,0.,0.));
#15002 = DIRECTION('',(1.,0.,0.));
#15003 = DIRECTION('',(-0.,1.,0.));
#15004 = ADVANCED_FACE('',(#15005),#15016,.F.);
#15005 = FACE_BOUND('',#15006,.T.);
#15006 = EDGE_LOOP('',(#15007,#15008,#15009,#15015));
#15007 = ORIENTED_EDGE('',*,*,#9982,.F.);
#15008 = ORIENTED_EDGE('',*,*,#14642,.T.);
#15009 = ORIENTED_EDGE('',*,*,#15010,.T.);
#15010 = EDGE_CURVE('',#14635,#4822,#15011,.T.);
#15011 = LINE('',#15012,#15013);
#15012 = CARTESIAN_POINT('',(-0.525,-0.18,-0.76));
#15013 = VECTOR('',#15014,1.);
#15014 = DIRECTION('',(0.,-1.,0.));
#15015 = ORIENTED_EDGE('',*,*,#4821,.T.);
#15016 = PLANE('',#15017);
#15017 = AXIS2_PLACEMENT_3D('',#15018,#15019,#15020);
#15018 = CARTESIAN_POINT('',(-0.525,-0.33,-0.76));
#15019 = DIRECTION('',(-1.,0.,0.));
#15020 = DIRECTION('',(0.,0.,1.));
#15021 = ADVANCED_FACE('',(#15022),#15033,.F.);
#15022 = FACE_BOUND('',#15023,.T.);
#15023 = EDGE_LOOP('',(#15024,#15025,#15026,#15032));
#15024 = ORIENTED_EDGE('',*,*,#15010,.F.);
#15025 = ORIENTED_EDGE('',*,*,#14634,.T.);
#15026 = ORIENTED_EDGE('',*,*,#15027,.T.);
#15027 = EDGE_CURVE('',#14627,#4830,#15028,.T.);
#15028 = LINE('',#15029,#15030);
#15029 = CARTESIAN_POINT('',(0.525,-0.18,-0.76));
#15030 = VECTOR('',#15031,1.);
#15031 = DIRECTION('',(0.,-1.,0.));
#15032 = ORIENTED_EDGE('',*,*,#4829,.T.);
#15033 = PLANE('',#15034);
#15034 = AXIS2_PLACEMENT_3D('',#15035,#15036,#15037);
#15035 = CARTESIAN_POINT('',(0.525,-0.33,-0.76));
#15036 = DIRECTION('',(0.,0.,1.));
#15037 = DIRECTION('',(1.,0.,-0.));
#15038 = ADVANCED_FACE('',(#15039),#15045,.F.);
#15039 = FACE_BOUND('',#15040,.T.);
#15040 = EDGE_LOOP('',(#15041,#15042,#15043,#15044));
#15041 = ORIENTED_EDGE('',*,*,#15027,.F.);
#15042 = ORIENTED_EDGE('',*,*,#14626,.T.);
#15043 = ORIENTED_EDGE('',*,*,#14089,.T.);
#15044 = ORIENTED_EDGE('',*,*,#4837,.T.);
#15045 = PLANE('',#15046);
#15046 = AXIS2_PLACEMENT_3D('',#15047,#15048,#15049);
#15047 = CARTESIAN_POINT('',(0.525,-0.33,-0.88));
#15048 = DIRECTION('',(1.,0.,0.));
#15049 = DIRECTION('',(-0.,1.,0.));
#15050 = ADVANCED_FACE('',(#15051),#15076,.T.);
#15051 = FACE_BOUND('',#15052,.T.);
#15052 = EDGE_LOOP('',(#15053,#15054,#15062,#15070));
#15053 = ORIENTED_EDGE('',*,*,#14542,.T.);
#15054 = ORIENTED_EDGE('',*,*,#15055,.T.);
#15055 = EDGE_CURVE('',#14535,#15056,#15058,.T.);
#15056 = VERTEX_POINT('',#15057);
#15057 = CARTESIAN_POINT('',(0.41,-0.23,0.795));
#15058 = LINE('',#15059,#15060);
#15059 = CARTESIAN_POINT('',(0.41,-0.18,0.795));
#15060 = VECTOR('',#15061,1.);
#15061 = DIRECTION('',(0.,-1.,0.));
#15062 = ORIENTED_EDGE('',*,*,#15063,.F.);
#15063 = EDGE_CURVE('',#15064,#15056,#15066,.T.);
#15064 = VERTEX_POINT('',#15065);
#15065 = CARTESIAN_POINT('',(0.29,-0.23,0.795));
#15066 = LINE('',#15067,#15068);
#15067 = CARTESIAN_POINT('',(0.29,-0.23,0.795));
#15068 = VECTOR('',#15069,1.);
#15069 = DIRECTION('',(1.,0.,0.));
#15070 = ORIENTED_EDGE('',*,*,#15071,.F.);
#15071 = EDGE_CURVE('',#14517,#15064,#15072,.T.);
#15072 = LINE('',#15073,#15074);
#15073 = CARTESIAN_POINT('',(0.29,-0.18,0.795));
#15074 = VECTOR('',#15075,1.);
#15075 = DIRECTION('',(0.,-1.,0.));
#15076 = PLANE('',#15077);
#15077 = AXIS2_PLACEMENT_3D('',#15078,#15079,#15080);
#15078 = CARTESIAN_POINT('',(0.27,-0.23,0.795));
#15079 = DIRECTION('',(0.,0.,-1.));
#15080 = DIRECTION('',(0.,-1.,0.));
#15081 = ADVANCED_FACE('',(#15082),#15150,.F.);
#15082 = FACE_BOUND('',#15083,.T.);
#15083 = EDGE_LOOP('',(#15084,#15094,#15103,#15109,#15110,#15111,#15120,
    #15128,#15136,#15144));
#15084 = ORIENTED_EDGE('',*,*,#15085,.F.);
#15085 = EDGE_CURVE('',#15086,#15088,#15090,.T.);
#15086 = VERTEX_POINT('',#15087);
#15087 = CARTESIAN_POINT('',(0.29,-0.27,0.915));
#15088 = VERTEX_POINT('',#15089);
#15089 = CARTESIAN_POINT('',(0.29,-0.27,1.));
#15090 = LINE('',#15091,#15092);
#15091 = CARTESIAN_POINT('',(0.29,-0.27,0.915));
#15092 = VECTOR('',#15093,1.);
#15093 = DIRECTION('',(0.,0.,1.));
#15094 = ORIENTED_EDGE('',*,*,#15095,.T.);
#15095 = EDGE_CURVE('',#15086,#15096,#15098,.T.);
#15096 = VERTEX_POINT('',#15097);
#15097 = CARTESIAN_POINT('',(0.29,-0.23,0.875));
#15098 = CIRCLE('',#15099,4.E-02);
#15099 = AXIS2_PLACEMENT_3D('',#15100,#15101,#15102);
#15100 = CARTESIAN_POINT('',(0.29,-0.23,0.915));
#15101 = DIRECTION('',(1.,0.,0.));
#15102 = DIRECTION('',(0.,-1.,0.));
#15103 = ORIENTED_EDGE('',*,*,#15104,.T.);
#15104 = EDGE_CURVE('',#15096,#14519,#15105,.T.);
#15105 = LINE('',#15106,#15107);
#15106 = CARTESIAN_POINT('',(0.29,-0.23,0.875));
#15107 = VECTOR('',#15108,1.);
#15108 = DIRECTION('',(0.,1.,0.));
#15109 = ORIENTED_EDGE('',*,*,#14516,.F.);
#15110 = ORIENTED_EDGE('',*,*,#15071,.T.);
#15111 = ORIENTED_EDGE('',*,*,#15112,.F.);
#15112 = EDGE_CURVE('',#15113,#15064,#15115,.T.);
#15113 = VERTEX_POINT('',#15114);
#15114 = CARTESIAN_POINT('',(0.29,-0.35,0.915));
#15115 = CIRCLE('',#15116,0.12);
#15116 = AXIS2_PLACEMENT_3D('',#15117,#15118,#15119);
#15117 = CARTESIAN_POINT('',(0.29,-0.23,0.915));
#15118 = DIRECTION('',(1.,0.,0.));
#15119 = DIRECTION('',(0.,-1.,0.));
#15120 = ORIENTED_EDGE('',*,*,#15121,.F.);
#15121 = EDGE_CURVE('',#15122,#15113,#15124,.T.);
#15122 = VERTEX_POINT('',#15123);
#15123 = CARTESIAN_POINT('',(0.29,-0.35,0.965));
#15124 = LINE('',#15125,#15126);
#15125 = CARTESIAN_POINT('',(0.29,-0.35,0.965));
#15126 = VECTOR('',#15127,1.);
#15127 = DIRECTION('',(0.,0.,-1.));
#15128 = ORIENTED_EDGE('',*,*,#15129,.F.);
#15129 = EDGE_CURVE('',#15130,#15122,#15132,.T.);
#15130 = VERTEX_POINT('',#15131);
#15131 = CARTESIAN_POINT('',(0.29,-0.33,0.985));
#15132 = LINE('',#15133,#15134);
#15133 = CARTESIAN_POINT('',(0.29,-0.33,0.985));
#15134 = VECTOR('',#15135,1.);
#15135 = DIRECTION('',(0.,-0.707106781187,-0.707106781186));
#15136 = ORIENTED_EDGE('',*,*,#15137,.F.);
#15137 = EDGE_CURVE('',#15138,#15130,#15140,.T.);
#15138 = VERTEX_POINT('',#15139);
#15139 = CARTESIAN_POINT('',(0.29,-0.33,1.));
#15140 = LINE('',#15141,#15142);
#15141 = CARTESIAN_POINT('',(0.29,-0.33,1.));
#15142 = VECTOR('',#15143,1.);
#15143 = DIRECTION('',(0.,0.,-1.));
#15144 = ORIENTED_EDGE('',*,*,#15145,.F.);
#15145 = EDGE_CURVE('',#15088,#15138,#15146,.T.);
#15146 = LINE('',#15147,#15148);
#15147 = CARTESIAN_POINT('',(0.29,-0.27,1.));
#15148 = VECTOR('',#15149,1.);
#15149 = DIRECTION('',(0.,-1.,0.));
#15150 = PLANE('',#15151);
#15151 = AXIS2_PLACEMENT_3D('',#15152,#15153,#15154);
#15152 = CARTESIAN_POINT('',(0.29,-0.18,0.76));
#15153 = DIRECTION('',(1.,0.,0.));
#15154 = DIRECTION('',(-0.,1.,0.));
#15155 = ADVANCED_FACE('',(#15156),#15181,.T.);
#15156 = FACE_BOUND('',#15157,.T.);
#15157 = EDGE_LOOP('',(#15158,#15166,#15174,#15180));
#15158 = ORIENTED_EDGE('',*,*,#15159,.T.);
#15159 = EDGE_CURVE('',#15138,#15160,#15162,.T.);
#15160 = VERTEX_POINT('',#15161);
#15161 = CARTESIAN_POINT('',(0.41,-0.33,1.));
#15162 = LINE('',#15163,#15164);
#15163 = CARTESIAN_POINT('',(0.29,-0.33,1.));
#15164 = VECTOR('',#15165,1.);
#15165 = DIRECTION('',(1.,0.,0.));
#15166 = ORIENTED_EDGE('',*,*,#15167,.F.);
#15167 = EDGE_CURVE('',#15168,#15160,#15170,.T.);
#15168 = VERTEX_POINT('',#15169);
#15169 = CARTESIAN_POINT('',(0.41,-0.27,1.));
#15170 = LINE('',#15171,#15172);
#15171 = CARTESIAN_POINT('',(0.41,-0.27,1.));
#15172 = VECTOR('',#15173,1.);
#15173 = DIRECTION('',(0.,-1.,0.));
#15174 = ORIENTED_EDGE('',*,*,#15175,.F.);
#15175 = EDGE_CURVE('',#15088,#15168,#15176,.T.);
#15176 = LINE('',#15177,#15178);
#15177 = CARTESIAN_POINT('',(0.29,-0.27,1.));
#15178 = VECTOR('',#15179,1.);
#15179 = DIRECTION('',(1.,0.,0.));
#15180 = ORIENTED_EDGE('',*,*,#15145,.T.);
#15181 = PLANE('',#15182);
#15182 = AXIS2_PLACEMENT_3D('',#15183,#15184,#15185);
#15183 = CARTESIAN_POINT('',(0.27,-0.27,1.));
#15184 = DIRECTION('',(0.,0.,1.));
#15185 = DIRECTION('',(1.,0.,-0.));
#15186 = ADVANCED_FACE('',(#15187),#15205,.T.);
#15187 = FACE_BOUND('',#15188,.T.);
#15188 = EDGE_LOOP('',(#15189,#15190,#15198,#15204));
#15189 = ORIENTED_EDGE('',*,*,#15175,.T.);
#15190 = ORIENTED_EDGE('',*,*,#15191,.F.);
#15191 = EDGE_CURVE('',#15192,#15168,#15194,.T.);
#15192 = VERTEX_POINT('',#15193);
#15193 = CARTESIAN_POINT('',(0.41,-0.27,0.915));
#15194 = LINE('',#15195,#15196);
#15195 = CARTESIAN_POINT('',(0.41,-0.27,0.915));
#15196 = VECTOR('',#15197,1.);
#15197 = DIRECTION('',(0.,0.,1.));
#15198 = ORIENTED_EDGE('',*,*,#15199,.F.);
#15199 = EDGE_CURVE('',#15086,#15192,#15200,.T.);
#15200 = LINE('',#15201,#15202);
#15201 = CARTESIAN_POINT('',(0.29,-0.27,0.915));
#15202 = VECTOR('',#15203,1.);
#15203 = DIRECTION('',(1.,0.,0.));
#15204 = ORIENTED_EDGE('',*,*,#15085,.T.);
#15205 = PLANE('',#15206);
#15206 = AXIS2_PLACEMENT_3D('',#15207,#15208,#15209);
#15207 = CARTESIAN_POINT('',(0.27,-0.27,0.915));
#15208 = DIRECTION('',(-0.,1.,0.));
#15209 = DIRECTION('',(1.,0.,0.));
#15210 = ADVANCED_FACE('',(#15211),#15230,.F.);
#15211 = FACE_BOUND('',#15212,.F.);
#15212 = EDGE_LOOP('',(#15213,#15214,#15222,#15229));
#15213 = ORIENTED_EDGE('',*,*,#15095,.T.);
#15214 = ORIENTED_EDGE('',*,*,#15215,.T.);
#15215 = EDGE_CURVE('',#15096,#15216,#15218,.T.);
#15216 = VERTEX_POINT('',#15217);
#15217 = CARTESIAN_POINT('',(0.41,-0.23,0.875));
#15218 = LINE('',#15219,#15220);
#15219 = CARTESIAN_POINT('',(0.29,-0.23,0.875));
#15220 = VECTOR('',#15221,1.);
#15221 = DIRECTION('',(1.,0.,0.));
#15222 = ORIENTED_EDGE('',*,*,#15223,.F.);
#15223 = EDGE_CURVE('',#15192,#15216,#15224,.T.);
#15224 = CIRCLE('',#15225,4.E-02);
#15225 = AXIS2_PLACEMENT_3D('',#15226,#15227,#15228);
#15226 = CARTESIAN_POINT('',(0.41,-0.23,0.915));
#15227 = DIRECTION('',(1.,0.,0.));
#15228 = DIRECTION('',(0.,-1.,0.));
#15229 = ORIENTED_EDGE('',*,*,#15199,.F.);
#15230 = CYLINDRICAL_SURFACE('',#15231,4.E-02);
#15231 = AXIS2_PLACEMENT_3D('',#15232,#15233,#15234);
#15232 = CARTESIAN_POINT('',(0.27,-0.23,0.915));
#15233 = DIRECTION('',(-1.,0.,-0.));
#15234 = DIRECTION('',(0.,0.,-1.));
#15235 = ADVANCED_FACE('',(#15236),#15247,.T.);
#15236 = FACE_BOUND('',#15237,.T.);
#15237 = EDGE_LOOP('',(#15238,#15239,#15245,#15246));
#15238 = ORIENTED_EDGE('',*,*,#15215,.T.);
#15239 = ORIENTED_EDGE('',*,*,#15240,.T.);
#15240 = EDGE_CURVE('',#15216,#14527,#15241,.T.);
#15241 = LINE('',#15242,#15243);
#15242 = CARTESIAN_POINT('',(0.41,-0.23,0.875));
#15243 = VECTOR('',#15244,1.);
#15244 = DIRECTION('',(0.,1.,0.));
#15245 = ORIENTED_EDGE('',*,*,#14526,.F.);
#15246 = ORIENTED_EDGE('',*,*,#15104,.F.);
#15247 = PLANE('',#15248);
#15248 = AXIS2_PLACEMENT_3D('',#15249,#15250,#15251);
#15249 = CARTESIAN_POINT('',(0.27,0.1575,0.875));
#15250 = DIRECTION('',(0.,0.,1.));
#15251 = DIRECTION('',(1.,0.,-0.));
#15252 = ADVANCED_FACE('',(#15253),#15292,.F.);
#15253 = FACE_BOUND('',#15254,.T.);
#15254 = EDGE_LOOP('',(#15255,#15263,#15271,#15279,#15286,#15287,#15288,
    #15289,#15290,#15291));
#15255 = ORIENTED_EDGE('',*,*,#15256,.T.);
#15256 = EDGE_CURVE('',#15160,#15257,#15259,.T.);
#15257 = VERTEX_POINT('',#15258);
#15258 = CARTESIAN_POINT('',(0.41,-0.33,0.985));
#15259 = LINE('',#15260,#15261);
#15260 = CARTESIAN_POINT('',(0.41,-0.33,1.));
#15261 = VECTOR('',#15262,1.);
#15262 = DIRECTION('',(0.,0.,-1.));
#15263 = ORIENTED_EDGE('',*,*,#15264,.T.);
#15264 = EDGE_CURVE('',#15257,#15265,#15267,.T.);
#15265 = VERTEX_POINT('',#15266);
#15266 = CARTESIAN_POINT('',(0.41,-0.35,0.965));
#15267 = LINE('',#15268,#15269);
#15268 = CARTESIAN_POINT('',(0.41,-0.33,0.985));
#15269 = VECTOR('',#15270,1.);
#15270 = DIRECTION('',(0.,-0.707106781187,-0.707106781186));
#15271 = ORIENTED_EDGE('',*,*,#15272,.T.);
#15272 = EDGE_CURVE('',#15265,#15273,#15275,.T.);
#15273 = VERTEX_POINT('',#15274);
#15274 = CARTESIAN_POINT('',(0.41,-0.35,0.915));
#15275 = LINE('',#15276,#15277);
#15276 = CARTESIAN_POINT('',(0.41,-0.35,0.965));
#15277 = VECTOR('',#15278,1.);
#15278 = DIRECTION('',(0.,0.,-1.));
#15279 = ORIENTED_EDGE('',*,*,#15280,.T.);
#15280 = EDGE_CURVE('',#15273,#15056,#15281,.T.);
#15281 = CIRCLE('',#15282,0.12);
#15282 = AXIS2_PLACEMENT_3D('',#15283,#15284,#15285);
#15283 = CARTESIAN_POINT('',(0.41,-0.23,0.915));
#15284 = DIRECTION('',(1.,0.,0.));
#15285 = DIRECTION('',(0.,-1.,0.));
#15286 = ORIENTED_EDGE('',*,*,#15055,.F.);
#15287 = ORIENTED_EDGE('',*,*,#14534,.F.);
#15288 = ORIENTED_EDGE('',*,*,#15240,.F.);
#15289 = ORIENTED_EDGE('',*,*,#15223,.F.);
#15290 = ORIENTED_EDGE('',*,*,#15191,.T.);
#15291 = ORIENTED_EDGE('',*,*,#15167,.T.);
#15292 = PLANE('',#15293);
#15293 = AXIS2_PLACEMENT_3D('',#15294,#15295,#15296);
#15294 = CARTESIAN_POINT('',(0.41,-0.18,1.));
#15295 = DIRECTION('',(-1.,0.,0.));
#15296 = DIRECTION('',(0.,0.,1.));
#15297 = ADVANCED_FACE('',(#15298),#15309,.T.);
#15298 = FACE_BOUND('',#15299,.T.);
#15299 = EDGE_LOOP('',(#15300,#15301,#15302,#15308));
#15300 = ORIENTED_EDGE('',*,*,#15063,.T.);
#15301 = ORIENTED_EDGE('',*,*,#15280,.F.);
#15302 = ORIENTED_EDGE('',*,*,#15303,.F.);
#15303 = EDGE_CURVE('',#15113,#15273,#15304,.T.);
#15304 = LINE('',#15305,#15306);
#15305 = CARTESIAN_POINT('',(0.29,-0.35,0.915));
#15306 = VECTOR('',#15307,1.);
#15307 = DIRECTION('',(1.,0.,0.));
#15308 = ORIENTED_EDGE('',*,*,#15112,.T.);
#15309 = CYLINDRICAL_SURFACE('',#15310,0.12);
#15310 = AXIS2_PLACEMENT_3D('',#15311,#15312,#15313);
#15311 = CARTESIAN_POINT('',(0.27,-0.23,0.915));
#15312 = DIRECTION('',(-1.,0.,-0.));
#15313 = DIRECTION('',(0.,0.,-1.));
#15314 = ADVANCED_FACE('',(#15315),#15326,.T.);
#15315 = FACE_BOUND('',#15316,.T.);
#15316 = EDGE_LOOP('',(#15317,#15318,#15319,#15325));
#15317 = ORIENTED_EDGE('',*,*,#15303,.T.);
#15318 = ORIENTED_EDGE('',*,*,#15272,.F.);
#15319 = ORIENTED_EDGE('',*,*,#15320,.F.);
#15320 = EDGE_CURVE('',#15122,#15265,#15321,.T.);
#15321 = LINE('',#15322,#15323);
#15322 = CARTESIAN_POINT('',(0.29,-0.35,0.965));
#15323 = VECTOR('',#15324,1.);
#15324 = DIRECTION('',(1.,0.,0.));
#15325 = ORIENTED_EDGE('',*,*,#15121,.T.);
#15326 = PLANE('',#15327);
#15327 = AXIS2_PLACEMENT_3D('',#15328,#15329,#15330);
#15328 = CARTESIAN_POINT('',(0.27,-0.35,0.965));
#15329 = DIRECTION('',(0.,-1.,0.));
#15330 = DIRECTION('',(0.,0.,-1.));
#15331 = ADVANCED_FACE('',(#15332),#15343,.T.);
#15332 = FACE_BOUND('',#15333,.T.);
#15333 = EDGE_LOOP('',(#15334,#15335,#15336,#15342));
#15334 = ORIENTED_EDGE('',*,*,#15320,.T.);
#15335 = ORIENTED_EDGE('',*,*,#15264,.F.);
#15336 = ORIENTED_EDGE('',*,*,#15337,.F.);
#15337 = EDGE_CURVE('',#15130,#15257,#15338,.T.);
#15338 = LINE('',#15339,#15340);
#15339 = CARTESIAN_POINT('',(0.29,-0.33,0.985));
#15340 = VECTOR('',#15341,1.);
#15341 = DIRECTION('',(1.,0.,0.));
#15342 = ORIENTED_EDGE('',*,*,#15129,.T.);
#15343 = PLANE('',#15344);
#15344 = AXIS2_PLACEMENT_3D('',#15345,#15346,#15347);
#15345 = CARTESIAN_POINT('',(0.27,-0.33,0.985));
#15346 = DIRECTION('',(0.,-0.707106781186,0.707106781187));
#15347 = DIRECTION('',(-1.,0.,0.));
#15348 = ADVANCED_FACE('',(#15349),#15355,.T.);
#15349 = FACE_BOUND('',#15350,.T.);
#15350 = EDGE_LOOP('',(#15351,#15352,#15353,#15354));
#15351 = ORIENTED_EDGE('',*,*,#15337,.T.);
#15352 = ORIENTED_EDGE('',*,*,#15256,.F.);
#15353 = ORIENTED_EDGE('',*,*,#15159,.F.);
#15354 = ORIENTED_EDGE('',*,*,#15137,.T.);
#15355 = PLANE('',#15356);
#15356 = AXIS2_PLACEMENT_3D('',#15357,#15358,#15359);
#15357 = CARTESIAN_POINT('',(0.27,-0.33,1.));
#15358 = DIRECTION('',(0.,-1.,0.));
#15359 = DIRECTION('',(0.,0.,-1.));
#15360 = ADVANCED_FACE('',(#15361),#15386,.T.);
#15361 = FACE_BOUND('',#15362,.T.);
#15362 = EDGE_LOOP('',(#15363,#15364,#15372,#15380));
#15363 = ORIENTED_EDGE('',*,*,#14684,.T.);
#15364 = ORIENTED_EDGE('',*,*,#15365,.F.);
#15365 = EDGE_CURVE('',#15366,#14677,#15368,.T.);
#15366 = VERTEX_POINT('',#15367);
#15367 = CARTESIAN_POINT('',(0.41,-0.23,-0.875));
#15368 = LINE('',#15369,#15370);
#15369 = CARTESIAN_POINT('',(0.41,-0.23,-0.875));
#15370 = VECTOR('',#15371,1.);
#15371 = DIRECTION('',(0.,1.,0.));
#15372 = ORIENTED_EDGE('',*,*,#15373,.F.);
#15373 = EDGE_CURVE('',#15374,#15366,#15376,.T.);
#15374 = VERTEX_POINT('',#15375);
#15375 = CARTESIAN_POINT('',(0.29,-0.23,-0.875));
#15376 = LINE('',#15377,#15378);
#15377 = CARTESIAN_POINT('',(0.29,-0.23,-0.875));
#15378 = VECTOR('',#15379,1.);
#15379 = DIRECTION('',(1.,0.,0.));
#15380 = ORIENTED_EDGE('',*,*,#15381,.T.);
#15381 = EDGE_CURVE('',#15374,#14659,#15382,.T.);
#15382 = LINE('',#15383,#15384);
#15383 = CARTESIAN_POINT('',(0.29,-0.23,-0.875));
#15384 = VECTOR('',#15385,1.);
#15385 = DIRECTION('',(0.,1.,0.));
#15386 = PLANE('',#15387);
#15387 = AXIS2_PLACEMENT_3D('',#15388,#15389,#15390);
#15388 = CARTESIAN_POINT('',(0.27,-0.23,-0.875));
#15389 = DIRECTION('',(0.,0.,-1.));
#15390 = DIRECTION('',(0.,-1.,0.));
#15391 = ADVANCED_FACE('',(#15392),#15460,.F.);
#15392 = FACE_BOUND('',#15393,.T.);
#15393 = EDGE_LOOP('',(#15394,#15395,#15404,#15412,#15420,#15428,#15436,
    #15444,#15453,#15459));
#15394 = ORIENTED_EDGE('',*,*,#15381,.F.);
#15395 = ORIENTED_EDGE('',*,*,#15396,.T.);
#15396 = EDGE_CURVE('',#15374,#15397,#15399,.T.);
#15397 = VERTEX_POINT('',#15398);
#15398 = CARTESIAN_POINT('',(0.29,-0.27,-0.915));
#15399 = CIRCLE('',#15400,4.E-02);
#15400 = AXIS2_PLACEMENT_3D('',#15401,#15402,#15403);
#15401 = CARTESIAN_POINT('',(0.29,-0.23,-0.915));
#15402 = DIRECTION('',(1.,0.,-0.));
#15403 = DIRECTION('',(0.,1.734723475977E-14,1.));
#15404 = ORIENTED_EDGE('',*,*,#15405,.F.);
#15405 = EDGE_CURVE('',#15406,#15397,#15408,.T.);
#15406 = VERTEX_POINT('',#15407);
#15407 = CARTESIAN_POINT('',(0.29,-0.27,-1.));
#15408 = LINE('',#15409,#15410);
#15409 = CARTESIAN_POINT('',(0.29,-0.27,-1.));
#15410 = VECTOR('',#15411,1.);
#15411 = DIRECTION('',(0.,0.,1.));
#15412 = ORIENTED_EDGE('',*,*,#15413,.F.);
#15413 = EDGE_CURVE('',#15414,#15406,#15416,.T.);
#15414 = VERTEX_POINT('',#15415);
#15415 = CARTESIAN_POINT('',(0.29,-0.33,-1.));
#15416 = LINE('',#15417,#15418);
#15417 = CARTESIAN_POINT('',(0.29,-0.33,-1.));
#15418 = VECTOR('',#15419,1.);
#15419 = DIRECTION('',(0.,1.,0.));
#15420 = ORIENTED_EDGE('',*,*,#15421,.F.);
#15421 = EDGE_CURVE('',#15422,#15414,#15424,.T.);
#15422 = VERTEX_POINT('',#15423);
#15423 = CARTESIAN_POINT('',(0.29,-0.33,-0.985));
#15424 = LINE('',#15425,#15426);
#15425 = CARTESIAN_POINT('',(0.29,-0.33,-0.985));
#15426 = VECTOR('',#15427,1.);
#15427 = DIRECTION('',(0.,0.,-1.));
#15428 = ORIENTED_EDGE('',*,*,#15429,.F.);
#15429 = EDGE_CURVE('',#15430,#15422,#15432,.T.);
#15430 = VERTEX_POINT('',#15431);
#15431 = CARTESIAN_POINT('',(0.29,-0.35,-0.965));
#15432 = LINE('',#15433,#15434);
#15433 = CARTESIAN_POINT('',(0.29,-0.35,-0.965));
#15434 = VECTOR('',#15435,1.);
#15435 = DIRECTION('',(0.,0.707106781187,-0.707106781186));
#15436 = ORIENTED_EDGE('',*,*,#15437,.F.);
#15437 = EDGE_CURVE('',#15438,#15430,#15440,.T.);
#15438 = VERTEX_POINT('',#15439);
#15439 = CARTESIAN_POINT('',(0.29,-0.35,-0.915));
#15440 = LINE('',#15441,#15442);
#15441 = CARTESIAN_POINT('',(0.29,-0.35,-0.915));
#15442 = VECTOR('',#15443,1.);
#15443 = DIRECTION('',(0.,0.,-1.));
#15444 = ORIENTED_EDGE('',*,*,#15445,.F.);
#15445 = EDGE_CURVE('',#15446,#15438,#15448,.T.);
#15446 = VERTEX_POINT('',#15447);
#15447 = CARTESIAN_POINT('',(0.29,-0.23,-0.795));
#15448 = CIRCLE('',#15449,0.12);
#15449 = AXIS2_PLACEMENT_3D('',#15450,#15451,#15452);
#15450 = CARTESIAN_POINT('',(0.29,-0.23,-0.915));
#15451 = DIRECTION('',(1.,0.,-0.));
#15452 = DIRECTION('',(0.,0.,1.));
#15453 = ORIENTED_EDGE('',*,*,#15454,.F.);
#15454 = EDGE_CURVE('',#14661,#15446,#15455,.T.);
#15455 = LINE('',#15456,#15457);
#15456 = CARTESIAN_POINT('',(0.29,-0.18,-0.795));
#15457 = VECTOR('',#15458,1.);
#15458 = DIRECTION('',(0.,-1.,0.));
#15459 = ORIENTED_EDGE('',*,*,#14658,.F.);
#15460 = PLANE('',#15461);
#15461 = AXIS2_PLACEMENT_3D('',#15462,#15463,#15464);
#15462 = CARTESIAN_POINT('',(0.29,-0.18,-1.));
#15463 = DIRECTION('',(1.,0.,0.));
#15464 = DIRECTION('',(-0.,1.,0.));
#15465 = ADVANCED_FACE('',(#15466),#15484,.T.);
#15466 = FACE_BOUND('',#15467,.T.);
#15467 = EDGE_LOOP('',(#15468,#15476,#15482,#15483));
#15468 = ORIENTED_EDGE('',*,*,#15469,.T.);
#15469 = EDGE_CURVE('',#15446,#15470,#15472,.T.);
#15470 = VERTEX_POINT('',#15471);
#15471 = CARTESIAN_POINT('',(0.41,-0.23,-0.795));
#15472 = LINE('',#15473,#15474);
#15473 = CARTESIAN_POINT('',(0.29,-0.23,-0.795));
#15474 = VECTOR('',#15475,1.);
#15475 = DIRECTION('',(1.,0.,0.));
#15476 = ORIENTED_EDGE('',*,*,#15477,.F.);
#15477 = EDGE_CURVE('',#14669,#15470,#15478,.T.);
#15478 = LINE('',#15479,#15480);
#15479 = CARTESIAN_POINT('',(0.41,-0.18,-0.795));
#15480 = VECTOR('',#15481,1.);
#15481 = DIRECTION('',(0.,-1.,0.));
#15482 = ORIENTED_EDGE('',*,*,#14668,.F.);
#15483 = ORIENTED_EDGE('',*,*,#15454,.T.);
#15484 = PLANE('',#15485);
#15485 = AXIS2_PLACEMENT_3D('',#15486,#15487,#15488);
#15486 = CARTESIAN_POINT('',(0.27,0.21,-0.795));
#15487 = DIRECTION('',(0.,0.,1.));
#15488 = DIRECTION('',(1.,0.,-0.));
#15489 = ADVANCED_FACE('',(#15490),#15551,.F.);
#15490 = FACE_BOUND('',#15491,.T.);
#15491 = EDGE_LOOP('',(#15492,#15493,#15502,#15510,#15518,#15526,#15534,
    #15542,#15549,#15550));
#15492 = ORIENTED_EDGE('',*,*,#15477,.T.);
#15493 = ORIENTED_EDGE('',*,*,#15494,.T.);
#15494 = EDGE_CURVE('',#15470,#15495,#15497,.T.);
#15495 = VERTEX_POINT('',#15496);
#15496 = CARTESIAN_POINT('',(0.41,-0.35,-0.915));
#15497 = CIRCLE('',#15498,0.12);
#15498 = AXIS2_PLACEMENT_3D('',#15499,#15500,#15501);
#15499 = CARTESIAN_POINT('',(0.41,-0.23,-0.915));
#15500 = DIRECTION('',(1.,0.,-0.));
#15501 = DIRECTION('',(0.,0.,1.));
#15502 = ORIENTED_EDGE('',*,*,#15503,.T.);
#15503 = EDGE_CURVE('',#15495,#15504,#15506,.T.);
#15504 = VERTEX_POINT('',#15505);
#15505 = CARTESIAN_POINT('',(0.41,-0.35,-0.965));
#15506 = LINE('',#15507,#15508);
#15507 = CARTESIAN_POINT('',(0.41,-0.35,-0.915));
#15508 = VECTOR('',#15509,1.);
#15509 = DIRECTION('',(0.,0.,-1.));
#15510 = ORIENTED_EDGE('',*,*,#15511,.T.);
#15511 = EDGE_CURVE('',#15504,#15512,#15514,.T.);
#15512 = VERTEX_POINT('',#15513);
#15513 = CARTESIAN_POINT('',(0.41,-0.33,-0.985));
#15514 = LINE('',#15515,#15516);
#15515 = CARTESIAN_POINT('',(0.41,-0.35,-0.965));
#15516 = VECTOR('',#15517,1.);
#15517 = DIRECTION('',(0.,0.707106781187,-0.707106781186));
#15518 = ORIENTED_EDGE('',*,*,#15519,.T.);
#15519 = EDGE_CURVE('',#15512,#15520,#15522,.T.);
#15520 = VERTEX_POINT('',#15521);
#15521 = CARTESIAN_POINT('',(0.41,-0.33,-1.));
#15522 = LINE('',#15523,#15524);
#15523 = CARTESIAN_POINT('',(0.41,-0.33,-0.985));
#15524 = VECTOR('',#15525,1.);
#15525 = DIRECTION('',(0.,0.,-1.));
#15526 = ORIENTED_EDGE('',*,*,#15527,.T.);
#15527 = EDGE_CURVE('',#15520,#15528,#15530,.T.);
#15528 = VERTEX_POINT('',#15529);
#15529 = CARTESIAN_POINT('',(0.41,-0.27,-1.));
#15530 = LINE('',#15531,#15532);
#15531 = CARTESIAN_POINT('',(0.41,-0.33,-1.));
#15532 = VECTOR('',#15533,1.);
#15533 = DIRECTION('',(0.,1.,0.));
#15534 = ORIENTED_EDGE('',*,*,#15535,.T.);
#15535 = EDGE_CURVE('',#15528,#15536,#15538,.T.);
#15536 = VERTEX_POINT('',#15537);
#15537 = CARTESIAN_POINT('',(0.41,-0.27,-0.915));
#15538 = LINE('',#15539,#15540);
#15539 = CARTESIAN_POINT('',(0.41,-0.27,-1.));
#15540 = VECTOR('',#15541,1.);
#15541 = DIRECTION('',(0.,0.,1.));
#15542 = ORIENTED_EDGE('',*,*,#15543,.F.);
#15543 = EDGE_CURVE('',#15366,#15536,#15544,.T.);
#15544 = CIRCLE('',#15545,4.E-02);
#15545 = AXIS2_PLACEMENT_3D('',#15546,#15547,#15548);
#15546 = CARTESIAN_POINT('',(0.41,-0.23,-0.915));
#15547 = DIRECTION('',(1.,0.,-0.));
#15548 = DIRECTION('',(0.,1.734723475977E-14,1.));
#15549 = ORIENTED_EDGE('',*,*,#15365,.T.);
#15550 = ORIENTED_EDGE('',*,*,#14676,.F.);
#15551 = PLANE('',#15552);
#15552 = AXIS2_PLACEMENT_3D('',#15553,#15554,#15555);
#15553 = CARTESIAN_POINT('',(0.41,-0.18,-0.76));
#15554 = DIRECTION('',(-1.,0.,0.));
#15555 = DIRECTION('',(0.,0.,1.));
#15556 = ADVANCED_FACE('',(#15557),#15568,.F.);
#15557 = FACE_BOUND('',#15558,.F.);
#15558 = EDGE_LOOP('',(#15559,#15560,#15566,#15567));
#15559 = ORIENTED_EDGE('',*,*,#15396,.T.);
#15560 = ORIENTED_EDGE('',*,*,#15561,.T.);
#15561 = EDGE_CURVE('',#15397,#15536,#15562,.T.);
#15562 = LINE('',#15563,#15564);
#15563 = CARTESIAN_POINT('',(0.29,-0.27,-0.915));
#15564 = VECTOR('',#15565,1.);
#15565 = DIRECTION('',(1.,0.,0.));
#15566 = ORIENTED_EDGE('',*,*,#15543,.F.);
#15567 = ORIENTED_EDGE('',*,*,#15373,.F.);
#15568 = CYLINDRICAL_SURFACE('',#15569,4.E-02);
#15569 = AXIS2_PLACEMENT_3D('',#15570,#15571,#15572);
#15570 = CARTESIAN_POINT('',(0.27,-0.23,-0.915));
#15571 = DIRECTION('',(-1.,0.,-0.));
#15572 = DIRECTION('',(0.,0.,-1.));
#15573 = ADVANCED_FACE('',(#15574),#15585,.T.);
#15574 = FACE_BOUND('',#15575,.T.);
#15575 = EDGE_LOOP('',(#15576,#15577,#15578,#15584));
#15576 = ORIENTED_EDGE('',*,*,#15561,.T.);
#15577 = ORIENTED_EDGE('',*,*,#15535,.F.);
#15578 = ORIENTED_EDGE('',*,*,#15579,.F.);
#15579 = EDGE_CURVE('',#15406,#15528,#15580,.T.);
#15580 = LINE('',#15581,#15582);
#15581 = CARTESIAN_POINT('',(0.29,-0.27,-1.));
#15582 = VECTOR('',#15583,1.);
#15583 = DIRECTION('',(1.,0.,0.));
#15584 = ORIENTED_EDGE('',*,*,#15405,.T.);
#15585 = PLANE('',#15586);
#15586 = AXIS2_PLACEMENT_3D('',#15587,#15588,#15589);
#15587 = CARTESIAN_POINT('',(0.27,-0.27,-1.));
#15588 = DIRECTION('',(-0.,1.,0.));
#15589 = DIRECTION('',(1.,0.,0.));
#15590 = ADVANCED_FACE('',(#15591),#15602,.T.);
#15591 = FACE_BOUND('',#15592,.T.);
#15592 = EDGE_LOOP('',(#15593,#15594,#15595,#15601));
#15593 = ORIENTED_EDGE('',*,*,#15579,.T.);
#15594 = ORIENTED_EDGE('',*,*,#15527,.F.);
#15595 = ORIENTED_EDGE('',*,*,#15596,.F.);
#15596 = EDGE_CURVE('',#15414,#15520,#15597,.T.);
#15597 = LINE('',#15598,#15599);
#15598 = CARTESIAN_POINT('',(0.29,-0.33,-1.));
#15599 = VECTOR('',#15600,1.);
#15600 = DIRECTION('',(1.,0.,0.));
#15601 = ORIENTED_EDGE('',*,*,#15413,.T.);
#15602 = PLANE('',#15603);
#15603 = AXIS2_PLACEMENT_3D('',#15604,#15605,#15606);
#15604 = CARTESIAN_POINT('',(0.27,-0.33,-1.));
#15605 = DIRECTION('',(0.,0.,-1.));
#15606 = DIRECTION('',(0.,-1.,0.));
#15607 = ADVANCED_FACE('',(#15608),#15619,.T.);
#15608 = FACE_BOUND('',#15609,.T.);
#15609 = EDGE_LOOP('',(#15610,#15611,#15612,#15618));
#15610 = ORIENTED_EDGE('',*,*,#15596,.T.);
#15611 = ORIENTED_EDGE('',*,*,#15519,.F.);
#15612 = ORIENTED_EDGE('',*,*,#15613,.F.);
#15613 = EDGE_CURVE('',#15422,#15512,#15614,.T.);
#15614 = LINE('',#15615,#15616);
#15615 = CARTESIAN_POINT('',(0.29,-0.33,-0.985));
#15616 = VECTOR('',#15617,1.);
#15617 = DIRECTION('',(1.,0.,0.));
#15618 = ORIENTED_EDGE('',*,*,#15421,.T.);
#15619 = PLANE('',#15620);
#15620 = AXIS2_PLACEMENT_3D('',#15621,#15622,#15623);
#15621 = CARTESIAN_POINT('',(0.27,-0.33,-0.985));
#15622 = DIRECTION('',(0.,-1.,0.));
#15623 = DIRECTION('',(0.,0.,-1.));
#15624 = ADVANCED_FACE('',(#15625),#15636,.T.);
#15625 = FACE_BOUND('',#15626,.T.);
#15626 = EDGE_LOOP('',(#15627,#15628,#15629,#15635));
#15627 = ORIENTED_EDGE('',*,*,#15613,.T.);
#15628 = ORIENTED_EDGE('',*,*,#15511,.F.);
#15629 = ORIENTED_EDGE('',*,*,#15630,.F.);
#15630 = EDGE_CURVE('',#15430,#15504,#15631,.T.);
#15631 = LINE('',#15632,#15633);
#15632 = CARTESIAN_POINT('',(0.29,-0.35,-0.965));
#15633 = VECTOR('',#15634,1.);
#15634 = DIRECTION('',(1.,0.,0.));
#15635 = ORIENTED_EDGE('',*,*,#15429,.T.);
#15636 = PLANE('',#15637);
#15637 = AXIS2_PLACEMENT_3D('',#15638,#15639,#15640);
#15638 = CARTESIAN_POINT('',(0.27,-0.35,-0.965));
#15639 = DIRECTION('',(0.,-0.707106781186,-0.707106781187));
#15640 = DIRECTION('',(0.,-0.707106781187,0.707106781186));
#15641 = ADVANCED_FACE('',(#15642),#15653,.T.);
#15642 = FACE_BOUND('',#15643,.T.);
#15643 = EDGE_LOOP('',(#15644,#15645,#15646,#15652));
#15644 = ORIENTED_EDGE('',*,*,#15630,.T.);
#15645 = ORIENTED_EDGE('',*,*,#15503,.F.);
#15646 = ORIENTED_EDGE('',*,*,#15647,.F.);
#15647 = EDGE_CURVE('',#15438,#15495,#15648,.T.);
#15648 = LINE('',#15649,#15650);
#15649 = CARTESIAN_POINT('',(0.29,-0.35,-0.915));
#15650 = VECTOR('',#15651,1.);
#15651 = DIRECTION('',(1.,0.,0.));
#15652 = ORIENTED_EDGE('',*,*,#15437,.T.);
#15653 = PLANE('',#15654);
#15654 = AXIS2_PLACEMENT_3D('',#15655,#15656,#15657);
#15655 = CARTESIAN_POINT('',(0.27,-0.35,-0.915));
#15656 = DIRECTION('',(0.,-1.,0.));
#15657 = DIRECTION('',(0.,0.,-1.));
#15658 = ADVANCED_FACE('',(#15659),#15665,.T.);
#15659 = FACE_BOUND('',#15660,.T.);
#15660 = EDGE_LOOP('',(#15661,#15662,#15663,#15664));
#15661 = ORIENTED_EDGE('',*,*,#15647,.T.);
#15662 = ORIENTED_EDGE('',*,*,#15494,.F.);
#15663 = ORIENTED_EDGE('',*,*,#15469,.F.);
#15664 = ORIENTED_EDGE('',*,*,#15445,.T.);
#15665 = CYLINDRICAL_SURFACE('',#15666,0.12);
#15666 = AXIS2_PLACEMENT_3D('',#15667,#15668,#15669);
#15667 = CARTESIAN_POINT('',(0.27,-0.23,-0.915));
#15668 = DIRECTION('',(-1.,0.,-0.));
#15669 = DIRECTION('',(0.,0.,-1.));
#15670 = ADVANCED_FACE('',(#15671),#15696,.T.);
#15671 = FACE_BOUND('',#15672,.T.);
#15672 = EDGE_LOOP('',(#15673,#15674,#15682,#15690));
#15673 = ORIENTED_EDGE('',*,*,#14576,.T.);
#15674 = ORIENTED_EDGE('',*,*,#15675,.F.);
#15675 = EDGE_CURVE('',#15676,#14569,#15678,.T.);
#15676 = VERTEX_POINT('',#15677);
#15677 = CARTESIAN_POINT('',(6.E-02,-0.23,0.795));
#15678 = LINE('',#15679,#15680);
#15679 = CARTESIAN_POINT('',(6.E-02,-0.23,0.795));
#15680 = VECTOR('',#15681,1.);
#15681 = DIRECTION('',(0.,1.,0.));
#15682 = ORIENTED_EDGE('',*,*,#15683,.F.);
#15683 = EDGE_CURVE('',#15684,#15676,#15686,.T.);
#15684 = VERTEX_POINT('',#15685);
#15685 = CARTESIAN_POINT('',(-6.E-02,-0.23,0.795));
#15686 = LINE('',#15687,#15688);
#15687 = CARTESIAN_POINT('',(-6.E-02,-0.23,0.795));
#15688 = VECTOR('',#15689,1.);
#15689 = DIRECTION('',(1.,0.,0.));
#15690 = ORIENTED_EDGE('',*,*,#15691,.T.);
#15691 = EDGE_CURVE('',#15684,#14551,#15692,.T.);
#15692 = LINE('',#15693,#15694);
#15693 = CARTESIAN_POINT('',(-6.E-02,-0.23,0.795));
#15694 = VECTOR('',#15695,1.);
#15695 = DIRECTION('',(0.,1.,0.));
#15696 = PLANE('',#15697);
#15697 = AXIS2_PLACEMENT_3D('',#15698,#15699,#15700);
#15698 = CARTESIAN_POINT('',(-8.E-02,-0.23,0.795));
#15699 = DIRECTION('',(0.,0.,-1.));
#15700 = DIRECTION('',(0.,-1.,0.));
#15701 = ADVANCED_FACE('',(#15702),#15770,.F.);
#15702 = FACE_BOUND('',#15703,.T.);
#15703 = EDGE_LOOP('',(#15704,#15714,#15723,#15729,#15730,#15731,#15740,
    #15748,#15756,#15764));
#15704 = ORIENTED_EDGE('',*,*,#15705,.F.);
#15705 = EDGE_CURVE('',#15706,#15708,#15710,.T.);
#15706 = VERTEX_POINT('',#15707);
#15707 = CARTESIAN_POINT('',(-6.E-02,-0.27,0.915));
#15708 = VERTEX_POINT('',#15709);
#15709 = CARTESIAN_POINT('',(-6.E-02,-0.27,1.));
#15710 = LINE('',#15711,#15712);
#15711 = CARTESIAN_POINT('',(-6.E-02,-0.27,0.915));
#15712 = VECTOR('',#15713,1.);
#15713 = DIRECTION('',(0.,0.,1.));
#15714 = ORIENTED_EDGE('',*,*,#15715,.T.);
#15715 = EDGE_CURVE('',#15706,#15716,#15718,.T.);
#15716 = VERTEX_POINT('',#15717);
#15717 = CARTESIAN_POINT('',(-6.E-02,-0.23,0.875));
#15718 = CIRCLE('',#15719,4.E-02);
#15719 = AXIS2_PLACEMENT_3D('',#15720,#15721,#15722);
#15720 = CARTESIAN_POINT('',(-6.E-02,-0.23,0.915));
#15721 = DIRECTION('',(1.,0.,0.));
#15722 = DIRECTION('',(0.,-1.,0.));
#15723 = ORIENTED_EDGE('',*,*,#15724,.F.);
#15724 = EDGE_CURVE('',#14553,#15716,#15725,.T.);
#15725 = LINE('',#15726,#15727);
#15726 = CARTESIAN_POINT('',(-6.E-02,-0.18,0.875));
#15727 = VECTOR('',#15728,1.);
#15728 = DIRECTION('',(0.,-1.,0.));
#15729 = ORIENTED_EDGE('',*,*,#14550,.F.);
#15730 = ORIENTED_EDGE('',*,*,#15691,.F.);
#15731 = ORIENTED_EDGE('',*,*,#15732,.F.);
#15732 = EDGE_CURVE('',#15733,#15684,#15735,.T.);
#15733 = VERTEX_POINT('',#15734);
#15734 = CARTESIAN_POINT('',(-6.E-02,-0.35,0.915));
#15735 = CIRCLE('',#15736,0.12);
#15736 = AXIS2_PLACEMENT_3D('',#15737,#15738,#15739);
#15737 = CARTESIAN_POINT('',(-6.E-02,-0.23,0.915));
#15738 = DIRECTION('',(1.,0.,0.));
#15739 = DIRECTION('',(0.,-1.,0.));
#15740 = ORIENTED_EDGE('',*,*,#15741,.F.);
#15741 = EDGE_CURVE('',#15742,#15733,#15744,.T.);
#15742 = VERTEX_POINT('',#15743);
#15743 = CARTESIAN_POINT('',(-6.E-02,-0.35,0.965));
#15744 = LINE('',#15745,#15746);
#15745 = CARTESIAN_POINT('',(-6.E-02,-0.35,0.965));
#15746 = VECTOR('',#15747,1.);
#15747 = DIRECTION('',(0.,0.,-1.));
#15748 = ORIENTED_EDGE('',*,*,#15749,.F.);
#15749 = EDGE_CURVE('',#15750,#15742,#15752,.T.);
#15750 = VERTEX_POINT('',#15751);
#15751 = CARTESIAN_POINT('',(-6.E-02,-0.33,0.985));
#15752 = LINE('',#15753,#15754);
#15753 = CARTESIAN_POINT('',(-6.E-02,-0.33,0.985));
#15754 = VECTOR('',#15755,1.);
#15755 = DIRECTION('',(0.,-0.707106781187,-0.707106781186));
#15756 = ORIENTED_EDGE('',*,*,#15757,.F.);
#15757 = EDGE_CURVE('',#15758,#15750,#15760,.T.);
#15758 = VERTEX_POINT('',#15759);
#15759 = CARTESIAN_POINT('',(-6.E-02,-0.33,1.));
#15760 = LINE('',#15761,#15762);
#15761 = CARTESIAN_POINT('',(-6.E-02,-0.33,1.));
#15762 = VECTOR('',#15763,1.);
#15763 = DIRECTION('',(0.,0.,-1.));
#15764 = ORIENTED_EDGE('',*,*,#15765,.F.);
#15765 = EDGE_CURVE('',#15708,#15758,#15766,.T.);
#15766 = LINE('',#15767,#15768);
#15767 = CARTESIAN_POINT('',(-6.E-02,-0.27,1.));
#15768 = VECTOR('',#15769,1.);
#15769 = DIRECTION('',(0.,-1.,0.));
#15770 = PLANE('',#15771);
#15771 = AXIS2_PLACEMENT_3D('',#15772,#15773,#15774);
#15772 = CARTESIAN_POINT('',(-6.E-02,-0.18,0.76));
#15773 = DIRECTION('',(1.,0.,0.));
#15774 = DIRECTION('',(-0.,1.,0.));
#15775 = ADVANCED_FACE('',(#15776),#15801,.T.);
#15776 = FACE_BOUND('',#15777,.T.);
#15777 = EDGE_LOOP('',(#15778,#15786,#15794,#15800));
#15778 = ORIENTED_EDGE('',*,*,#15779,.T.);
#15779 = EDGE_CURVE('',#15758,#15780,#15782,.T.);
#15780 = VERTEX_POINT('',#15781);
#15781 = CARTESIAN_POINT('',(6.E-02,-0.33,1.));
#15782 = LINE('',#15783,#15784);
#15783 = CARTESIAN_POINT('',(-6.E-02,-0.33,1.));
#15784 = VECTOR('',#15785,1.);
#15785 = DIRECTION('',(1.,0.,0.));
#15786 = ORIENTED_EDGE('',*,*,#15787,.F.);
#15787 = EDGE_CURVE('',#15788,#15780,#15790,.T.);
#15788 = VERTEX_POINT('',#15789);
#15789 = CARTESIAN_POINT('',(6.E-02,-0.27,1.));
#15790 = LINE('',#15791,#15792);
#15791 = CARTESIAN_POINT('',(6.E-02,-0.27,1.));
#15792 = VECTOR('',#15793,1.);
#15793 = DIRECTION('',(0.,-1.,0.));
#15794 = ORIENTED_EDGE('',*,*,#15795,.F.);
#15795 = EDGE_CURVE('',#15708,#15788,#15796,.T.);
#15796 = LINE('',#15797,#15798);
#15797 = CARTESIAN_POINT('',(-6.E-02,-0.27,1.));
#15798 = VECTOR('',#15799,1.);
#15799 = DIRECTION('',(1.,0.,0.));
#15800 = ORIENTED_EDGE('',*,*,#15765,.T.);
#15801 = PLANE('',#15802);
#15802 = AXIS2_PLACEMENT_3D('',#15803,#15804,#15805);
#15803 = CARTESIAN_POINT('',(-8.E-02,-0.27,1.));
#15804 = DIRECTION('',(0.,0.,1.));
#15805 = DIRECTION('',(1.,0.,-0.));
#15806 = ADVANCED_FACE('',(#15807),#15825,.T.);
#15807 = FACE_BOUND('',#15808,.T.);
#15808 = EDGE_LOOP('',(#15809,#15810,#15818,#15824));
#15809 = ORIENTED_EDGE('',*,*,#15795,.T.);
#15810 = ORIENTED_EDGE('',*,*,#15811,.F.);
#15811 = EDGE_CURVE('',#15812,#15788,#15814,.T.);
#15812 = VERTEX_POINT('',#15813);
#15813 = CARTESIAN_POINT('',(6.E-02,-0.27,0.915));
#15814 = LINE('',#15815,#15816);
#15815 = CARTESIAN_POINT('',(6.E-02,-0.27,0.915));
#15816 = VECTOR('',#15817,1.);
#15817 = DIRECTION('',(0.,0.,1.));
#15818 = ORIENTED_EDGE('',*,*,#15819,.F.);
#15819 = EDGE_CURVE('',#15706,#15812,#15820,.T.);
#15820 = LINE('',#15821,#15822);
#15821 = CARTESIAN_POINT('',(-6.E-02,-0.27,0.915));
#15822 = VECTOR('',#15823,1.);
#15823 = DIRECTION('',(1.,0.,0.));
#15824 = ORIENTED_EDGE('',*,*,#15705,.T.);
#15825 = PLANE('',#15826);
#15826 = AXIS2_PLACEMENT_3D('',#15827,#15828,#15829);
#15827 = CARTESIAN_POINT('',(-8.E-02,-0.27,0.915));
#15828 = DIRECTION('',(-0.,1.,0.));
#15829 = DIRECTION('',(1.,0.,0.));
#15830 = ADVANCED_FACE('',(#15831),#15850,.F.);
#15831 = FACE_BOUND('',#15832,.F.);
#15832 = EDGE_LOOP('',(#15833,#15834,#15842,#15849));
#15833 = ORIENTED_EDGE('',*,*,#15715,.T.);
#15834 = ORIENTED_EDGE('',*,*,#15835,.T.);
#15835 = EDGE_CURVE('',#15716,#15836,#15838,.T.);
#15836 = VERTEX_POINT('',#15837);
#15837 = CARTESIAN_POINT('',(6.E-02,-0.23,0.875));
#15838 = LINE('',#15839,#15840);
#15839 = CARTESIAN_POINT('',(-6.E-02,-0.23,0.875));
#15840 = VECTOR('',#15841,1.);
#15841 = DIRECTION('',(1.,0.,0.));
#15842 = ORIENTED_EDGE('',*,*,#15843,.F.);
#15843 = EDGE_CURVE('',#15812,#15836,#15844,.T.);
#15844 = CIRCLE('',#15845,4.E-02);
#15845 = AXIS2_PLACEMENT_3D('',#15846,#15847,#15848);
#15846 = CARTESIAN_POINT('',(6.E-02,-0.23,0.915));
#15847 = DIRECTION('',(1.,0.,0.));
#15848 = DIRECTION('',(0.,-1.,0.));
#15849 = ORIENTED_EDGE('',*,*,#15819,.F.);
#15850 = CYLINDRICAL_SURFACE('',#15851,4.E-02);
#15851 = AXIS2_PLACEMENT_3D('',#15852,#15853,#15854);
#15852 = CARTESIAN_POINT('',(-8.E-02,-0.23,0.915));
#15853 = DIRECTION('',(-1.,0.,-0.));
#15854 = DIRECTION('',(0.,0.,-1.));
#15855 = ADVANCED_FACE('',(#15856),#15867,.T.);
#15856 = FACE_BOUND('',#15857,.T.);
#15857 = EDGE_LOOP('',(#15858,#15859,#15865,#15866));
#15858 = ORIENTED_EDGE('',*,*,#15835,.T.);
#15859 = ORIENTED_EDGE('',*,*,#15860,.F.);
#15860 = EDGE_CURVE('',#14561,#15836,#15861,.T.);
#15861 = LINE('',#15862,#15863);
#15862 = CARTESIAN_POINT('',(6.E-02,-0.18,0.875));
#15863 = VECTOR('',#15864,1.);
#15864 = DIRECTION('',(0.,-1.,0.));
#15865 = ORIENTED_EDGE('',*,*,#14560,.F.);
#15866 = ORIENTED_EDGE('',*,*,#15724,.T.);
#15867 = PLANE('',#15868);
#15868 = AXIS2_PLACEMENT_3D('',#15869,#15870,#15871);
#15869 = CARTESIAN_POINT('',(-8.E-02,0.1575,0.875));
#15870 = DIRECTION('',(0.,0.,1.));
#15871 = DIRECTION('',(1.,0.,-0.));
#15872 = ADVANCED_FACE('',(#15873),#15912,.F.);
#15873 = FACE_BOUND('',#15874,.T.);
#15874 = EDGE_LOOP('',(#15875,#15883,#15891,#15899,#15906,#15907,#15908,
    #15909,#15910,#15911));
#15875 = ORIENTED_EDGE('',*,*,#15876,.T.);
#15876 = EDGE_CURVE('',#15780,#15877,#15879,.T.);
#15877 = VERTEX_POINT('',#15878);
#15878 = CARTESIAN_POINT('',(6.E-02,-0.33,0.985));
#15879 = LINE('',#15880,#15881);
#15880 = CARTESIAN_POINT('',(6.E-02,-0.33,1.));
#15881 = VECTOR('',#15882,1.);
#15882 = DIRECTION('',(0.,0.,-1.));
#15883 = ORIENTED_EDGE('',*,*,#15884,.T.);
#15884 = EDGE_CURVE('',#15877,#15885,#15887,.T.);
#15885 = VERTEX_POINT('',#15886);
#15886 = CARTESIAN_POINT('',(6.E-02,-0.35,0.965));
#15887 = LINE('',#15888,#15889);
#15888 = CARTESIAN_POINT('',(6.E-02,-0.33,0.985));
#15889 = VECTOR('',#15890,1.);
#15890 = DIRECTION('',(0.,-0.707106781187,-0.707106781186));
#15891 = ORIENTED_EDGE('',*,*,#15892,.T.);
#15892 = EDGE_CURVE('',#15885,#15893,#15895,.T.);
#15893 = VERTEX_POINT('',#15894);
#15894 = CARTESIAN_POINT('',(6.E-02,-0.35,0.915));
#15895 = LINE('',#15896,#15897);
#15896 = CARTESIAN_POINT('',(6.E-02,-0.35,0.965));
#15897 = VECTOR('',#15898,1.);
#15898 = DIRECTION('',(0.,0.,-1.));
#15899 = ORIENTED_EDGE('',*,*,#15900,.T.);
#15900 = EDGE_CURVE('',#15893,#15676,#15901,.T.);
#15901 = CIRCLE('',#15902,0.12);
#15902 = AXIS2_PLACEMENT_3D('',#15903,#15904,#15905);
#15903 = CARTESIAN_POINT('',(6.E-02,-0.23,0.915));
#15904 = DIRECTION('',(1.,0.,0.));
#15905 = DIRECTION('',(0.,-1.,0.));
#15906 = ORIENTED_EDGE('',*,*,#15675,.T.);
#15907 = ORIENTED_EDGE('',*,*,#14568,.F.);
#15908 = ORIENTED_EDGE('',*,*,#15860,.T.);
#15909 = ORIENTED_EDGE('',*,*,#15843,.F.);
#15910 = ORIENTED_EDGE('',*,*,#15811,.T.);
#15911 = ORIENTED_EDGE('',*,*,#15787,.T.);
#15912 = PLANE('',#15913);
#15913 = AXIS2_PLACEMENT_3D('',#15914,#15915,#15916);
#15914 = CARTESIAN_POINT('',(6.E-02,-0.18,1.));
#15915 = DIRECTION('',(-1.,0.,0.));
#15916 = DIRECTION('',(0.,0.,1.));
#15917 = ADVANCED_FACE('',(#15918),#15929,.T.);
#15918 = FACE_BOUND('',#15919,.T.);
#15919 = EDGE_LOOP('',(#15920,#15921,#15922,#15928));
#15920 = ORIENTED_EDGE('',*,*,#15683,.T.);
#15921 = ORIENTED_EDGE('',*,*,#15900,.F.);
#15922 = ORIENTED_EDGE('',*,*,#15923,.F.);
#15923 = EDGE_CURVE('',#15733,#15893,#15924,.T.);
#15924 = LINE('',#15925,#15926);
#15925 = CARTESIAN_POINT('',(-6.E-02,-0.35,0.915));
#15926 = VECTOR('',#15927,1.);
#15927 = DIRECTION('',(1.,0.,0.));
#15928 = ORIENTED_EDGE('',*,*,#15732,.T.);
#15929 = CYLINDRICAL_SURFACE('',#15930,0.12);
#15930 = AXIS2_PLACEMENT_3D('',#15931,#15932,#15933);
#15931 = CARTESIAN_POINT('',(-8.E-02,-0.23,0.915));
#15932 = DIRECTION('',(-1.,0.,-0.));
#15933 = DIRECTION('',(0.,0.,-1.));
#15934 = ADVANCED_FACE('',(#15935),#15946,.T.);
#15935 = FACE_BOUND('',#15936,.T.);
#15936 = EDGE_LOOP('',(#15937,#15938,#15939,#15945));
#15937 = ORIENTED_EDGE('',*,*,#15923,.T.);
#15938 = ORIENTED_EDGE('',*,*,#15892,.F.);
#15939 = ORIENTED_EDGE('',*,*,#15940,.F.);
#15940 = EDGE_CURVE('',#15742,#15885,#15941,.T.);
#15941 = LINE('',#15942,#15943);
#15942 = CARTESIAN_POINT('',(-6.E-02,-0.35,0.965));
#15943 = VECTOR('',#15944,1.);
#15944 = DIRECTION('',(1.,0.,0.));
#15945 = ORIENTED_EDGE('',*,*,#15741,.T.);
#15946 = PLANE('',#15947);
#15947 = AXIS2_PLACEMENT_3D('',#15948,#15949,#15950);
#15948 = CARTESIAN_POINT('',(-8.E-02,-0.35,0.965));
#15949 = DIRECTION('',(0.,-1.,0.));
#15950 = DIRECTION('',(0.,0.,-1.));
#15951 = ADVANCED_FACE('',(#15952),#15963,.T.);
#15952 = FACE_BOUND('',#15953,.T.);
#15953 = EDGE_LOOP('',(#15954,#15955,#15956,#15962));
#15954 = ORIENTED_EDGE('',*,*,#15940,.T.);
#15955 = ORIENTED_EDGE('',*,*,#15884,.F.);
#15956 = ORIENTED_EDGE('',*,*,#15957,.F.);
#15957 = EDGE_CURVE('',#15750,#15877,#15958,.T.);
#15958 = LINE('',#15959,#15960);
#15959 = CARTESIAN_POINT('',(-6.E-02,-0.33,0.985));
#15960 = VECTOR('',#15961,1.);
#15961 = DIRECTION('',(1.,0.,0.));
#15962 = ORIENTED_EDGE('',*,*,#15749,.T.);
#15963 = PLANE('',#15964);
#15964 = AXIS2_PLACEMENT_3D('',#15965,#15966,#15967);
#15965 = CARTESIAN_POINT('',(-8.E-02,-0.33,0.985));
#15966 = DIRECTION('',(0.,-0.707106781186,0.707106781187));
#15967 = DIRECTION('',(-1.,0.,0.));
#15968 = ADVANCED_FACE('',(#15969),#15975,.T.);
#15969 = FACE_BOUND('',#15970,.T.);
#15970 = EDGE_LOOP('',(#15971,#15972,#15973,#15974));
#15971 = ORIENTED_EDGE('',*,*,#15957,.T.);
#15972 = ORIENTED_EDGE('',*,*,#15876,.F.);
#15973 = ORIENTED_EDGE('',*,*,#15779,.F.);
#15974 = ORIENTED_EDGE('',*,*,#15757,.T.);
#15975 = PLANE('',#15976);
#15976 = AXIS2_PLACEMENT_3D('',#15977,#15978,#15979);
#15977 = CARTESIAN_POINT('',(-8.E-02,-0.33,1.));
#15978 = DIRECTION('',(0.,-1.,0.));
#15979 = DIRECTION('',(0.,0.,-1.));
#15980 = ADVANCED_FACE('',(#15981),#16006,.T.);
#15981 = FACE_BOUND('',#15982,.T.);
#15982 = EDGE_LOOP('',(#15983,#15984,#15992,#16000));
#15983 = ORIENTED_EDGE('',*,*,#14718,.T.);
#15984 = ORIENTED_EDGE('',*,*,#15985,.F.);
#15985 = EDGE_CURVE('',#15986,#14711,#15988,.T.);
#15986 = VERTEX_POINT('',#15987);
#15987 = CARTESIAN_POINT('',(6.E-02,-0.23,-0.875));
#15988 = LINE('',#15989,#15990);
#15989 = CARTESIAN_POINT('',(6.E-02,-0.23,-0.875));
#15990 = VECTOR('',#15991,1.);
#15991 = DIRECTION('',(0.,1.,0.));
#15992 = ORIENTED_EDGE('',*,*,#15993,.F.);
#15993 = EDGE_CURVE('',#15994,#15986,#15996,.T.);
#15994 = VERTEX_POINT('',#15995);
#15995 = CARTESIAN_POINT('',(-6.E-02,-0.23,-0.875));
#15996 = LINE('',#15997,#15998);
#15997 = CARTESIAN_POINT('',(-6.E-02,-0.23,-0.875));
#15998 = VECTOR('',#15999,1.);
#15999 = DIRECTION('',(1.,0.,0.));
#16000 = ORIENTED_EDGE('',*,*,#16001,.T.);
#16001 = EDGE_CURVE('',#15994,#14693,#16002,.T.);
#16002 = LINE('',#16003,#16004);
#16003 = CARTESIAN_POINT('',(-6.E-02,-0.23,-0.875));
#16004 = VECTOR('',#16005,1.);
#16005 = DIRECTION('',(0.,1.,0.));
#16006 = PLANE('',#16007);
#16007 = AXIS2_PLACEMENT_3D('',#16008,#16009,#16010);
#16008 = CARTESIAN_POINT('',(-8.E-02,-0.23,-0.875));
#16009 = DIRECTION('',(0.,0.,-1.));
#16010 = DIRECTION('',(0.,-1.,0.));
#16011 = ADVANCED_FACE('',(#16012),#16080,.F.);
#16012 = FACE_BOUND('',#16013,.T.);
#16013 = EDGE_LOOP('',(#16014,#16024,#16032,#16040,#16048,#16057,#16063,
    #16064,#16065,#16074));
#16014 = ORIENTED_EDGE('',*,*,#16015,.F.);
#16015 = EDGE_CURVE('',#16016,#16018,#16020,.T.);
#16016 = VERTEX_POINT('',#16017);
#16017 = CARTESIAN_POINT('',(-6.E-02,-0.33,-1.));
#16018 = VERTEX_POINT('',#16019);
#16019 = CARTESIAN_POINT('',(-6.E-02,-0.27,-1.));
#16020 = LINE('',#16021,#16022);
#16021 = CARTESIAN_POINT('',(-6.E-02,-0.33,-1.));
#16022 = VECTOR('',#16023,1.);
#16023 = DIRECTION('',(0.,1.,0.));
#16024 = ORIENTED_EDGE('',*,*,#16025,.F.);
#16025 = EDGE_CURVE('',#16026,#16016,#16028,.T.);
#16026 = VERTEX_POINT('',#16027);
#16027 = CARTESIAN_POINT('',(-6.E-02,-0.33,-0.985));
#16028 = LINE('',#16029,#16030);
#16029 = CARTESIAN_POINT('',(-6.E-02,-0.33,-0.985));
#16030 = VECTOR('',#16031,1.);
#16031 = DIRECTION('',(0.,0.,-1.));
#16032 = ORIENTED_EDGE('',*,*,#16033,.F.);
#16033 = EDGE_CURVE('',#16034,#16026,#16036,.T.);
#16034 = VERTEX_POINT('',#16035);
#16035 = CARTESIAN_POINT('',(-6.E-02,-0.35,-0.965));
#16036 = LINE('',#16037,#16038);
#16037 = CARTESIAN_POINT('',(-6.E-02,-0.35,-0.965));
#16038 = VECTOR('',#16039,1.);
#16039 = DIRECTION('',(0.,0.707106781187,-0.707106781186));
#16040 = ORIENTED_EDGE('',*,*,#16041,.F.);
#16041 = EDGE_CURVE('',#16042,#16034,#16044,.T.);
#16042 = VERTEX_POINT('',#16043);
#16043 = CARTESIAN_POINT('',(-6.E-02,-0.35,-0.915));
#16044 = LINE('',#16045,#16046);
#16045 = CARTESIAN_POINT('',(-6.E-02,-0.35,-0.915));
#16046 = VECTOR('',#16047,1.);
#16047 = DIRECTION('',(0.,0.,-1.));
#16048 = ORIENTED_EDGE('',*,*,#16049,.F.);
#16049 = EDGE_CURVE('',#16050,#16042,#16052,.T.);
#16050 = VERTEX_POINT('',#16051);
#16051 = CARTESIAN_POINT('',(-6.E-02,-0.23,-0.795));
#16052 = CIRCLE('',#16053,0.12);
#16053 = AXIS2_PLACEMENT_3D('',#16054,#16055,#16056);
#16054 = CARTESIAN_POINT('',(-6.E-02,-0.23,-0.915));
#16055 = DIRECTION('',(1.,0.,-0.));
#16056 = DIRECTION('',(0.,0.,1.));
#16057 = ORIENTED_EDGE('',*,*,#16058,.F.);
#16058 = EDGE_CURVE('',#14695,#16050,#16059,.T.);
#16059 = LINE('',#16060,#16061);
#16060 = CARTESIAN_POINT('',(-6.E-02,-0.18,-0.795));
#16061 = VECTOR('',#16062,1.);
#16062 = DIRECTION('',(0.,-1.,0.));
#16063 = ORIENTED_EDGE('',*,*,#14692,.F.);
#16064 = ORIENTED_EDGE('',*,*,#16001,.F.);
#16065 = ORIENTED_EDGE('',*,*,#16066,.T.);
#16066 = EDGE_CURVE('',#15994,#16067,#16069,.T.);
#16067 = VERTEX_POINT('',#16068);
#16068 = CARTESIAN_POINT('',(-6.E-02,-0.27,-0.915));
#16069 = CIRCLE('',#16070,4.E-02);
#16070 = AXIS2_PLACEMENT_3D('',#16071,#16072,#16073);
#16071 = CARTESIAN_POINT('',(-6.E-02,-0.23,-0.915));
#16072 = DIRECTION('',(1.,0.,-0.));
#16073 = DIRECTION('',(0.,1.734723475977E-14,1.));
#16074 = ORIENTED_EDGE('',*,*,#16075,.F.);
#16075 = EDGE_CURVE('',#16018,#16067,#16076,.T.);
#16076 = LINE('',#16077,#16078);
#16077 = CARTESIAN_POINT('',(-6.E-02,-0.27,-1.));
#16078 = VECTOR('',#16079,1.);
#16079 = DIRECTION('',(0.,0.,1.));
#16080 = PLANE('',#16081);
#16081 = AXIS2_PLACEMENT_3D('',#16082,#16083,#16084);
#16082 = CARTESIAN_POINT('',(-6.E-02,-0.18,-1.));
#16083 = DIRECTION('',(1.,0.,0.));
#16084 = DIRECTION('',(-0.,1.,0.));
#16085 = ADVANCED_FACE('',(#16086),#16111,.T.);
#16086 = FACE_BOUND('',#16087,.T.);
#16087 = EDGE_LOOP('',(#16088,#16096,#16104,#16110));
#16088 = ORIENTED_EDGE('',*,*,#16089,.T.);
#16089 = EDGE_CURVE('',#16067,#16090,#16092,.T.);
#16090 = VERTEX_POINT('',#16091);
#16091 = CARTESIAN_POINT('',(6.E-02,-0.27,-0.915));
#16092 = LINE('',#16093,#16094);
#16093 = CARTESIAN_POINT('',(-6.E-02,-0.27,-0.915));
#16094 = VECTOR('',#16095,1.);
#16095 = DIRECTION('',(1.,0.,0.));
#16096 = ORIENTED_EDGE('',*,*,#16097,.F.);
#16097 = EDGE_CURVE('',#16098,#16090,#16100,.T.);
#16098 = VERTEX_POINT('',#16099);
#16099 = CARTESIAN_POINT('',(6.E-02,-0.27,-1.));
#16100 = LINE('',#16101,#16102);
#16101 = CARTESIAN_POINT('',(6.E-02,-0.27,-1.));
#16102 = VECTOR('',#16103,1.);
#16103 = DIRECTION('',(0.,0.,1.));
#16104 = ORIENTED_EDGE('',*,*,#16105,.F.);
#16105 = EDGE_CURVE('',#16018,#16098,#16106,.T.);
#16106 = LINE('',#16107,#16108);
#16107 = CARTESIAN_POINT('',(-6.E-02,-0.27,-1.));
#16108 = VECTOR('',#16109,1.);
#16109 = DIRECTION('',(1.,0.,0.));
#16110 = ORIENTED_EDGE('',*,*,#16075,.T.);
#16111 = PLANE('',#16112);
#16112 = AXIS2_PLACEMENT_3D('',#16113,#16114,#16115);
#16113 = CARTESIAN_POINT('',(-8.E-02,-0.27,-1.));
#16114 = DIRECTION('',(-0.,1.,0.));
#16115 = DIRECTION('',(1.,0.,0.));
#16116 = ADVANCED_FACE('',(#16117),#16135,.T.);
#16117 = FACE_BOUND('',#16118,.T.);
#16118 = EDGE_LOOP('',(#16119,#16120,#16128,#16134));
#16119 = ORIENTED_EDGE('',*,*,#16105,.T.);
#16120 = ORIENTED_EDGE('',*,*,#16121,.F.);
#16121 = EDGE_CURVE('',#16122,#16098,#16124,.T.);
#16122 = VERTEX_POINT('',#16123);
#16123 = CARTESIAN_POINT('',(6.E-02,-0.33,-1.));
#16124 = LINE('',#16125,#16126);
#16125 = CARTESIAN_POINT('',(6.E-02,-0.33,-1.));
#16126 = VECTOR('',#16127,1.);
#16127 = DIRECTION('',(0.,1.,0.));
#16128 = ORIENTED_EDGE('',*,*,#16129,.F.);
#16129 = EDGE_CURVE('',#16016,#16122,#16130,.T.);
#16130 = LINE('',#16131,#16132);
#16131 = CARTESIAN_POINT('',(-6.E-02,-0.33,-1.));
#16132 = VECTOR('',#16133,1.);
#16133 = DIRECTION('',(1.,0.,0.));
#16134 = ORIENTED_EDGE('',*,*,#16015,.T.);
#16135 = PLANE('',#16136);
#16136 = AXIS2_PLACEMENT_3D('',#16137,#16138,#16139);
#16137 = CARTESIAN_POINT('',(-8.E-02,-0.33,-1.));
#16138 = DIRECTION('',(0.,0.,-1.));
#16139 = DIRECTION('',(0.,-1.,0.));
#16140 = ADVANCED_FACE('',(#16141),#16159,.T.);
#16141 = FACE_BOUND('',#16142,.T.);
#16142 = EDGE_LOOP('',(#16143,#16144,#16152,#16158));
#16143 = ORIENTED_EDGE('',*,*,#16129,.T.);
#16144 = ORIENTED_EDGE('',*,*,#16145,.F.);
#16145 = EDGE_CURVE('',#16146,#16122,#16148,.T.);
#16146 = VERTEX_POINT('',#16147);
#16147 = CARTESIAN_POINT('',(6.E-02,-0.33,-0.985));
#16148 = LINE('',#16149,#16150);
#16149 = CARTESIAN_POINT('',(6.E-02,-0.33,-0.985));
#16150 = VECTOR('',#16151,1.);
#16151 = DIRECTION('',(0.,0.,-1.));
#16152 = ORIENTED_EDGE('',*,*,#16153,.F.);
#16153 = EDGE_CURVE('',#16026,#16146,#16154,.T.);
#16154 = LINE('',#16155,#16156);
#16155 = CARTESIAN_POINT('',(-6.E-02,-0.33,-0.985));
#16156 = VECTOR('',#16157,1.);
#16157 = DIRECTION('',(1.,0.,0.));
#16158 = ORIENTED_EDGE('',*,*,#16025,.T.);
#16159 = PLANE('',#16160);
#16160 = AXIS2_PLACEMENT_3D('',#16161,#16162,#16163);
#16161 = CARTESIAN_POINT('',(-8.E-02,-0.33,-0.985));
#16162 = DIRECTION('',(0.,-1.,0.));
#16163 = DIRECTION('',(0.,0.,-1.));
#16164 = ADVANCED_FACE('',(#16165),#16183,.T.);
#16165 = FACE_BOUND('',#16166,.T.);
#16166 = EDGE_LOOP('',(#16167,#16168,#16176,#16182));
#16167 = ORIENTED_EDGE('',*,*,#16153,.T.);
#16168 = ORIENTED_EDGE('',*,*,#16169,.F.);
#16169 = EDGE_CURVE('',#16170,#16146,#16172,.T.);
#16170 = VERTEX_POINT('',#16171);
#16171 = CARTESIAN_POINT('',(6.E-02,-0.35,-0.965));
#16172 = LINE('',#16173,#16174);
#16173 = CARTESIAN_POINT('',(6.E-02,-0.35,-0.965));
#16174 = VECTOR('',#16175,1.);
#16175 = DIRECTION('',(0.,0.707106781187,-0.707106781186));
#16176 = ORIENTED_EDGE('',*,*,#16177,.F.);
#16177 = EDGE_CURVE('',#16034,#16170,#16178,.T.);
#16178 = LINE('',#16179,#16180);
#16179 = CARTESIAN_POINT('',(-6.E-02,-0.35,-0.965));
#16180 = VECTOR('',#16181,1.);
#16181 = DIRECTION('',(1.,0.,0.));
#16182 = ORIENTED_EDGE('',*,*,#16033,.T.);
#16183 = PLANE('',#16184);
#16184 = AXIS2_PLACEMENT_3D('',#16185,#16186,#16187);
#16185 = CARTESIAN_POINT('',(-8.E-02,-0.35,-0.965));
#16186 = DIRECTION('',(0.,-0.707106781186,-0.707106781187));
#16187 = DIRECTION('',(0.,-0.707106781187,0.707106781186));
#16188 = ADVANCED_FACE('',(#16189),#16207,.T.);
#16189 = FACE_BOUND('',#16190,.T.);
#16190 = EDGE_LOOP('',(#16191,#16192,#16200,#16206));
#16191 = ORIENTED_EDGE('',*,*,#16177,.T.);
#16192 = ORIENTED_EDGE('',*,*,#16193,.F.);
#16193 = EDGE_CURVE('',#16194,#16170,#16196,.T.);
#16194 = VERTEX_POINT('',#16195);
#16195 = CARTESIAN_POINT('',(6.E-02,-0.35,-0.915));
#16196 = LINE('',#16197,#16198);
#16197 = CARTESIAN_POINT('',(6.E-02,-0.35,-0.915));
#16198 = VECTOR('',#16199,1.);
#16199 = DIRECTION('',(0.,0.,-1.));
#16200 = ORIENTED_EDGE('',*,*,#16201,.F.);
#16201 = EDGE_CURVE('',#16042,#16194,#16202,.T.);
#16202 = LINE('',#16203,#16204);
#16203 = CARTESIAN_POINT('',(-6.E-02,-0.35,-0.915));
#16204 = VECTOR('',#16205,1.);
#16205 = DIRECTION('',(1.,0.,0.));
#16206 = ORIENTED_EDGE('',*,*,#16041,.T.);
#16207 = PLANE('',#16208);
#16208 = AXIS2_PLACEMENT_3D('',#16209,#16210,#16211);
#16209 = CARTESIAN_POINT('',(-8.E-02,-0.35,-0.915));
#16210 = DIRECTION('',(0.,-1.,0.));
#16211 = DIRECTION('',(0.,0.,-1.));
#16212 = ADVANCED_FACE('',(#16213),#16232,.T.);
#16213 = FACE_BOUND('',#16214,.T.);
#16214 = EDGE_LOOP('',(#16215,#16216,#16225,#16231));
#16215 = ORIENTED_EDGE('',*,*,#16201,.T.);
#16216 = ORIENTED_EDGE('',*,*,#16217,.F.);
#16217 = EDGE_CURVE('',#16218,#16194,#16220,.T.);
#16218 = VERTEX_POINT('',#16219);
#16219 = CARTESIAN_POINT('',(6.E-02,-0.23,-0.795));
#16220 = CIRCLE('',#16221,0.12);
#16221 = AXIS2_PLACEMENT_3D('',#16222,#16223,#16224);
#16222 = CARTESIAN_POINT('',(6.E-02,-0.23,-0.915));
#16223 = DIRECTION('',(1.,0.,-0.));
#16224 = DIRECTION('',(0.,0.,1.));
#16225 = ORIENTED_EDGE('',*,*,#16226,.F.);
#16226 = EDGE_CURVE('',#16050,#16218,#16227,.T.);
#16227 = LINE('',#16228,#16229);
#16228 = CARTESIAN_POINT('',(-6.E-02,-0.23,-0.795));
#16229 = VECTOR('',#16230,1.);
#16230 = DIRECTION('',(1.,0.,0.));
#16231 = ORIENTED_EDGE('',*,*,#16049,.T.);
#16232 = CYLINDRICAL_SURFACE('',#16233,0.12);
#16233 = AXIS2_PLACEMENT_3D('',#16234,#16235,#16236);
#16234 = CARTESIAN_POINT('',(-8.E-02,-0.23,-0.915));
#16235 = DIRECTION('',(-1.,0.,-0.));
#16236 = DIRECTION('',(0.,0.,-1.));
#16237 = ADVANCED_FACE('',(#16238),#16249,.T.);
#16238 = FACE_BOUND('',#16239,.T.);
#16239 = EDGE_LOOP('',(#16240,#16241,#16247,#16248));
#16240 = ORIENTED_EDGE('',*,*,#16226,.T.);
#16241 = ORIENTED_EDGE('',*,*,#16242,.F.);
#16242 = EDGE_CURVE('',#14703,#16218,#16243,.T.);
#16243 = LINE('',#16244,#16245);
#16244 = CARTESIAN_POINT('',(6.E-02,-0.18,-0.795));
#16245 = VECTOR('',#16246,1.);
#16246 = DIRECTION('',(0.,-1.,0.));
#16247 = ORIENTED_EDGE('',*,*,#14702,.F.);
#16248 = ORIENTED_EDGE('',*,*,#16058,.T.);
#16249 = PLANE('',#16250);
#16250 = AXIS2_PLACEMENT_3D('',#16251,#16252,#16253);
#16251 = CARTESIAN_POINT('',(-8.E-02,0.21,-0.795));
#16252 = DIRECTION('',(0.,0.,1.));
#16253 = DIRECTION('',(1.,0.,-0.));
#16254 = ADVANCED_FACE('',(#16255),#16273,.F.);
#16255 = FACE_BOUND('',#16256,.T.);
#16256 = EDGE_LOOP('',(#16257,#16264,#16265,#16266,#16267,#16268,#16269,
    #16270,#16271,#16272));
#16257 = ORIENTED_EDGE('',*,*,#16258,.F.);
#16258 = EDGE_CURVE('',#15986,#16090,#16259,.T.);
#16259 = CIRCLE('',#16260,4.E-02);
#16260 = AXIS2_PLACEMENT_3D('',#16261,#16262,#16263);
#16261 = CARTESIAN_POINT('',(6.E-02,-0.23,-0.915));
#16262 = DIRECTION('',(1.,0.,-0.));
#16263 = DIRECTION('',(0.,1.734723475977E-14,1.));
#16264 = ORIENTED_EDGE('',*,*,#15985,.T.);
#16265 = ORIENTED_EDGE('',*,*,#14710,.F.);
#16266 = ORIENTED_EDGE('',*,*,#16242,.T.);
#16267 = ORIENTED_EDGE('',*,*,#16217,.T.);
#16268 = ORIENTED_EDGE('',*,*,#16193,.T.);
#16269 = ORIENTED_EDGE('',*,*,#16169,.T.);
#16270 = ORIENTED_EDGE('',*,*,#16145,.T.);
#16271 = ORIENTED_EDGE('',*,*,#16121,.T.);
#16272 = ORIENTED_EDGE('',*,*,#16097,.T.);
#16273 = PLANE('',#16274);
#16274 = AXIS2_PLACEMENT_3D('',#16275,#16276,#16277);
#16275 = CARTESIAN_POINT('',(6.E-02,-0.18,-0.76));
#16276 = DIRECTION('',(-1.,0.,0.));
#16277 = DIRECTION('',(0.,0.,1.));
#16278 = ADVANCED_FACE('',(#16279),#16285,.F.);
#16279 = FACE_BOUND('',#16280,.F.);
#16280 = EDGE_LOOP('',(#16281,#16282,#16283,#16284));
#16281 = ORIENTED_EDGE('',*,*,#16066,.T.);
#16282 = ORIENTED_EDGE('',*,*,#16089,.T.);
#16283 = ORIENTED_EDGE('',*,*,#16258,.F.);
#16284 = ORIENTED_EDGE('',*,*,#15993,.F.);
#16285 = CYLINDRICAL_SURFACE('',#16286,4.E-02);
#16286 = AXIS2_PLACEMENT_3D('',#16287,#16288,#16289);
#16287 = CARTESIAN_POINT('',(-8.E-02,-0.23,-0.915));
#16288 = DIRECTION('',(-1.,0.,-0.));
#16289 = DIRECTION('',(0.,0.,-1.));
#16290 = ADVANCED_FACE('',(#16291),#16316,.T.);
#16291 = FACE_BOUND('',#16292,.T.);
#16292 = EDGE_LOOP('',(#16293,#16294,#16302,#16310));
#16293 = ORIENTED_EDGE('',*,*,#14610,.T.);
#16294 = ORIENTED_EDGE('',*,*,#16295,.F.);
#16295 = EDGE_CURVE('',#16296,#14603,#16298,.T.);
#16296 = VERTEX_POINT('',#16297);
#16297 = CARTESIAN_POINT('',(-0.29,-0.23,0.795));
#16298 = LINE('',#16299,#16300);
#16299 = CARTESIAN_POINT('',(-0.29,-0.23,0.795));
#16300 = VECTOR('',#16301,1.);
#16301 = DIRECTION('',(0.,1.,0.));
#16302 = ORIENTED_EDGE('',*,*,#16303,.F.);
#16303 = EDGE_CURVE('',#16304,#16296,#16306,.T.);
#16304 = VERTEX_POINT('',#16305);
#16305 = CARTESIAN_POINT('',(-0.41,-0.23,0.795));
#16306 = LINE('',#16307,#16308);
#16307 = CARTESIAN_POINT('',(-0.41,-0.23,0.795));
#16308 = VECTOR('',#16309,1.);
#16309 = DIRECTION('',(1.,0.,0.));
#16310 = ORIENTED_EDGE('',*,*,#16311,.T.);
#16311 = EDGE_CURVE('',#16304,#14585,#16312,.T.);
#16312 = LINE('',#16313,#16314);
#16313 = CARTESIAN_POINT('',(-0.41,-0.23,0.795));
#16314 = VECTOR('',#16315,1.);
#16315 = DIRECTION('',(0.,1.,0.));
#16316 = PLANE('',#16317);
#16317 = AXIS2_PLACEMENT_3D('',#16318,#16319,#16320);
#16318 = CARTESIAN_POINT('',(-0.43,-0.23,0.795));
#16319 = DIRECTION('',(0.,0.,-1.));
#16320 = DIRECTION('',(0.,-1.,0.));
#16321 = ADVANCED_FACE('',(#16322),#16390,.F.);
#16322 = FACE_BOUND('',#16323,.T.);
#16323 = EDGE_LOOP('',(#16324,#16334,#16343,#16349,#16350,#16351,#16360,
    #16368,#16376,#16384));
#16324 = ORIENTED_EDGE('',*,*,#16325,.F.);
#16325 = EDGE_CURVE('',#16326,#16328,#16330,.T.);
#16326 = VERTEX_POINT('',#16327);
#16327 = CARTESIAN_POINT('',(-0.41,-0.27,0.915));
#16328 = VERTEX_POINT('',#16329);
#16329 = CARTESIAN_POINT('',(-0.41,-0.27,1.));
#16330 = LINE('',#16331,#16332);
#16331 = CARTESIAN_POINT('',(-0.41,-0.27,0.915));
#16332 = VECTOR('',#16333,1.);
#16333 = DIRECTION('',(0.,0.,1.));
#16334 = ORIENTED_EDGE('',*,*,#16335,.T.);
#16335 = EDGE_CURVE('',#16326,#16336,#16338,.T.);
#16336 = VERTEX_POINT('',#16337);
#16337 = CARTESIAN_POINT('',(-0.41,-0.23,0.875));
#16338 = CIRCLE('',#16339,4.E-02);
#16339 = AXIS2_PLACEMENT_3D('',#16340,#16341,#16342);
#16340 = CARTESIAN_POINT('',(-0.41,-0.23,0.915));
#16341 = DIRECTION('',(1.,0.,0.));
#16342 = DIRECTION('',(0.,-1.,0.));
#16343 = ORIENTED_EDGE('',*,*,#16344,.F.);
#16344 = EDGE_CURVE('',#14587,#16336,#16345,.T.);
#16345 = LINE('',#16346,#16347);
#16346 = CARTESIAN_POINT('',(-0.41,-0.18,0.875));
#16347 = VECTOR('',#16348,1.);
#16348 = DIRECTION('',(0.,-1.,0.));
#16349 = ORIENTED_EDGE('',*,*,#14584,.F.);
#16350 = ORIENTED_EDGE('',*,*,#16311,.F.);
#16351 = ORIENTED_EDGE('',*,*,#16352,.F.);
#16352 = EDGE_CURVE('',#16353,#16304,#16355,.T.);
#16353 = VERTEX_POINT('',#16354);
#16354 = CARTESIAN_POINT('',(-0.41,-0.35,0.915));
#16355 = CIRCLE('',#16356,0.12);
#16356 = AXIS2_PLACEMENT_3D('',#16357,#16358,#16359);
#16357 = CARTESIAN_POINT('',(-0.41,-0.23,0.915));
#16358 = DIRECTION('',(1.,0.,0.));
#16359 = DIRECTION('',(0.,-1.,0.));
#16360 = ORIENTED_EDGE('',*,*,#16361,.F.);
#16361 = EDGE_CURVE('',#16362,#16353,#16364,.T.);
#16362 = VERTEX_POINT('',#16363);
#16363 = CARTESIAN_POINT('',(-0.41,-0.35,0.965));
#16364 = LINE('',#16365,#16366);
#16365 = CARTESIAN_POINT('',(-0.41,-0.35,0.965));
#16366 = VECTOR('',#16367,1.);
#16367 = DIRECTION('',(0.,0.,-1.));
#16368 = ORIENTED_EDGE('',*,*,#16369,.F.);
#16369 = EDGE_CURVE('',#16370,#16362,#16372,.T.);
#16370 = VERTEX_POINT('',#16371);
#16371 = CARTESIAN_POINT('',(-0.41,-0.33,0.985));
#16372 = LINE('',#16373,#16374);
#16373 = CARTESIAN_POINT('',(-0.41,-0.33,0.985));
#16374 = VECTOR('',#16375,1.);
#16375 = DIRECTION('',(0.,-0.707106781187,-0.707106781186));
#16376 = ORIENTED_EDGE('',*,*,#16377,.F.);
#16377 = EDGE_CURVE('',#16378,#16370,#16380,.T.);
#16378 = VERTEX_POINT('',#16379);
#16379 = CARTESIAN_POINT('',(-0.41,-0.33,1.));
#16380 = LINE('',#16381,#16382);
#16381 = CARTESIAN_POINT('',(-0.41,-0.33,1.));
#16382 = VECTOR('',#16383,1.);
#16383 = DIRECTION('',(0.,0.,-1.));
#16384 = ORIENTED_EDGE('',*,*,#16385,.F.);
#16385 = EDGE_CURVE('',#16328,#16378,#16386,.T.);
#16386 = LINE('',#16387,#16388);
#16387 = CARTESIAN_POINT('',(-0.41,-0.27,1.));
#16388 = VECTOR('',#16389,1.);
#16389 = DIRECTION('',(0.,-1.,0.));
#16390 = PLANE('',#16391);
#16391 = AXIS2_PLACEMENT_3D('',#16392,#16393,#16394);
#16392 = CARTESIAN_POINT('',(-0.41,-0.18,0.76));
#16393 = DIRECTION('',(1.,0.,0.));
#16394 = DIRECTION('',(-0.,1.,0.));
#16395 = ADVANCED_FACE('',(#16396),#16421,.T.);
#16396 = FACE_BOUND('',#16397,.T.);
#16397 = EDGE_LOOP('',(#16398,#16406,#16414,#16420));
#16398 = ORIENTED_EDGE('',*,*,#16399,.T.);
#16399 = EDGE_CURVE('',#16378,#16400,#16402,.T.);
#16400 = VERTEX_POINT('',#16401);
#16401 = CARTESIAN_POINT('',(-0.29,-0.33,1.));
#16402 = LINE('',#16403,#16404);
#16403 = CARTESIAN_POINT('',(-0.41,-0.33,1.));
#16404 = VECTOR('',#16405,1.);
#16405 = DIRECTION('',(1.,0.,0.));
#16406 = ORIENTED_EDGE('',*,*,#16407,.F.);
#16407 = EDGE_CURVE('',#16408,#16400,#16410,.T.);
#16408 = VERTEX_POINT('',#16409);
#16409 = CARTESIAN_POINT('',(-0.29,-0.27,1.));
#16410 = LINE('',#16411,#16412);
#16411 = CARTESIAN_POINT('',(-0.29,-0.27,1.));
#16412 = VECTOR('',#16413,1.);
#16413 = DIRECTION('',(0.,-1.,0.));
#16414 = ORIENTED_EDGE('',*,*,#16415,.F.);
#16415 = EDGE_CURVE('',#16328,#16408,#16416,.T.);
#16416 = LINE('',#16417,#16418);
#16417 = CARTESIAN_POINT('',(-0.41,-0.27,1.));
#16418 = VECTOR('',#16419,1.);
#16419 = DIRECTION('',(1.,0.,0.));
#16420 = ORIENTED_EDGE('',*,*,#16385,.T.);
#16421 = PLANE('',#16422);
#16422 = AXIS2_PLACEMENT_3D('',#16423,#16424,#16425);
#16423 = CARTESIAN_POINT('',(-0.43,-0.27,1.));
#16424 = DIRECTION('',(0.,0.,1.));
#16425 = DIRECTION('',(1.,0.,-0.));
#16426 = ADVANCED_FACE('',(#16427),#16445,.T.);
#16427 = FACE_BOUND('',#16428,.T.);
#16428 = EDGE_LOOP('',(#16429,#16430,#16438,#16444));
#16429 = ORIENTED_EDGE('',*,*,#16415,.T.);
#16430 = ORIENTED_EDGE('',*,*,#16431,.F.);
#16431 = EDGE_CURVE('',#16432,#16408,#16434,.T.);
#16432 = VERTEX_POINT('',#16433);
#16433 = CARTESIAN_POINT('',(-0.29,-0.27,0.915));
#16434 = LINE('',#16435,#16436);
#16435 = CARTESIAN_POINT('',(-0.29,-0.27,0.915));
#16436 = VECTOR('',#16437,1.);
#16437 = DIRECTION('',(0.,0.,1.));
#16438 = ORIENTED_EDGE('',*,*,#16439,.F.);
#16439 = EDGE_CURVE('',#16326,#16432,#16440,.T.);
#16440 = LINE('',#16441,#16442);
#16441 = CARTESIAN_POINT('',(-0.41,-0.27,0.915));
#16442 = VECTOR('',#16443,1.);
#16443 = DIRECTION('',(1.,0.,0.));
#16444 = ORIENTED_EDGE('',*,*,#16325,.T.);
#16445 = PLANE('',#16446);
#16446 = AXIS2_PLACEMENT_3D('',#16447,#16448,#16449);
#16447 = CARTESIAN_POINT('',(-0.43,-0.27,0.915));
#16448 = DIRECTION('',(-0.,1.,0.));
#16449 = DIRECTION('',(1.,0.,0.));
#16450 = ADVANCED_FACE('',(#16451),#16470,.F.);
#16451 = FACE_BOUND('',#16452,.F.);
#16452 = EDGE_LOOP('',(#16453,#16454,#16462,#16469));
#16453 = ORIENTED_EDGE('',*,*,#16335,.T.);
#16454 = ORIENTED_EDGE('',*,*,#16455,.T.);
#16455 = EDGE_CURVE('',#16336,#16456,#16458,.T.);
#16456 = VERTEX_POINT('',#16457);
#16457 = CARTESIAN_POINT('',(-0.29,-0.23,0.875));
#16458 = LINE('',#16459,#16460);
#16459 = CARTESIAN_POINT('',(-0.41,-0.23,0.875));
#16460 = VECTOR('',#16461,1.);
#16461 = DIRECTION('',(1.,0.,0.));
#16462 = ORIENTED_EDGE('',*,*,#16463,.F.);
#16463 = EDGE_CURVE('',#16432,#16456,#16464,.T.);
#16464 = CIRCLE('',#16465,4.E-02);
#16465 = AXIS2_PLACEMENT_3D('',#16466,#16467,#16468);
#16466 = CARTESIAN_POINT('',(-0.29,-0.23,0.915));
#16467 = DIRECTION('',(1.,0.,0.));
#16468 = DIRECTION('',(0.,-1.,0.));
#16469 = ORIENTED_EDGE('',*,*,#16439,.F.);
#16470 = CYLINDRICAL_SURFACE('',#16471,4.E-02);
#16471 = AXIS2_PLACEMENT_3D('',#16472,#16473,#16474);
#16472 = CARTESIAN_POINT('',(-0.43,-0.23,0.915));
#16473 = DIRECTION('',(-1.,0.,-0.));
#16474 = DIRECTION('',(0.,0.,-1.));
#16475 = ADVANCED_FACE('',(#16476),#16487,.T.);
#16476 = FACE_BOUND('',#16477,.T.);
#16477 = EDGE_LOOP('',(#16478,#16479,#16485,#16486));
#16478 = ORIENTED_EDGE('',*,*,#16455,.T.);
#16479 = ORIENTED_EDGE('',*,*,#16480,.F.);
#16480 = EDGE_CURVE('',#14595,#16456,#16481,.T.);
#16481 = LINE('',#16482,#16483);
#16482 = CARTESIAN_POINT('',(-0.29,-0.18,0.875));
#16483 = VECTOR('',#16484,1.);
#16484 = DIRECTION('',(0.,-1.,0.));
#16485 = ORIENTED_EDGE('',*,*,#14594,.F.);
#16486 = ORIENTED_EDGE('',*,*,#16344,.T.);
#16487 = PLANE('',#16488);
#16488 = AXIS2_PLACEMENT_3D('',#16489,#16490,#16491);
#16489 = CARTESIAN_POINT('',(-0.43,0.1575,0.875));
#16490 = DIRECTION('',(0.,0.,1.));
#16491 = DIRECTION('',(1.,0.,-0.));
#16492 = ADVANCED_FACE('',(#16493),#16532,.F.);
#16493 = FACE_BOUND('',#16494,.T.);
#16494 = EDGE_LOOP('',(#16495,#16503,#16511,#16519,#16526,#16527,#16528,
    #16529,#16530,#16531));
#16495 = ORIENTED_EDGE('',*,*,#16496,.T.);
#16496 = EDGE_CURVE('',#16400,#16497,#16499,.T.);
#16497 = VERTEX_POINT('',#16498);
#16498 = CARTESIAN_POINT('',(-0.29,-0.33,0.985));
#16499 = LINE('',#16500,#16501);
#16500 = CARTESIAN_POINT('',(-0.29,-0.33,1.));
#16501 = VECTOR('',#16502,1.);
#16502 = DIRECTION('',(0.,0.,-1.));
#16503 = ORIENTED_EDGE('',*,*,#16504,.T.);
#16504 = EDGE_CURVE('',#16497,#16505,#16507,.T.);
#16505 = VERTEX_POINT('',#16506);
#16506 = CARTESIAN_POINT('',(-0.29,-0.35,0.965));
#16507 = LINE('',#16508,#16509);
#16508 = CARTESIAN_POINT('',(-0.29,-0.33,0.985));
#16509 = VECTOR('',#16510,1.);
#16510 = DIRECTION('',(0.,-0.707106781187,-0.707106781186));
#16511 = ORIENTED_EDGE('',*,*,#16512,.T.);
#16512 = EDGE_CURVE('',#16505,#16513,#16515,.T.);
#16513 = VERTEX_POINT('',#16514);
#16514 = CARTESIAN_POINT('',(-0.29,-0.35,0.915));
#16515 = LINE('',#16516,#16517);
#16516 = CARTESIAN_POINT('',(-0.29,-0.35,0.965));
#16517 = VECTOR('',#16518,1.);
#16518 = DIRECTION('',(0.,0.,-1.));
#16519 = ORIENTED_EDGE('',*,*,#16520,.T.);
#16520 = EDGE_CURVE('',#16513,#16296,#16521,.T.);
#16521 = CIRCLE('',#16522,0.12);
#16522 = AXIS2_PLACEMENT_3D('',#16523,#16524,#16525);
#16523 = CARTESIAN_POINT('',(-0.29,-0.23,0.915));
#16524 = DIRECTION('',(1.,0.,0.));
#16525 = DIRECTION('',(0.,-1.,0.));
#16526 = ORIENTED_EDGE('',*,*,#16295,.T.);
#16527 = ORIENTED_EDGE('',*,*,#14602,.F.);
#16528 = ORIENTED_EDGE('',*,*,#16480,.T.);
#16529 = ORIENTED_EDGE('',*,*,#16463,.F.);
#16530 = ORIENTED_EDGE('',*,*,#16431,.T.);
#16531 = ORIENTED_EDGE('',*,*,#16407,.T.);
#16532 = PLANE('',#16533);
#16533 = AXIS2_PLACEMENT_3D('',#16534,#16535,#16536);
#16534 = CARTESIAN_POINT('',(-0.29,-0.18,1.));
#16535 = DIRECTION('',(-1.,0.,0.));
#16536 = DIRECTION('',(0.,0.,1.));
#16537 = ADVANCED_FACE('',(#16538),#16549,.T.);
#16538 = FACE_BOUND('',#16539,.T.);
#16539 = EDGE_LOOP('',(#16540,#16541,#16542,#16548));
#16540 = ORIENTED_EDGE('',*,*,#16303,.T.);
#16541 = ORIENTED_EDGE('',*,*,#16520,.F.);
#16542 = ORIENTED_EDGE('',*,*,#16543,.F.);
#16543 = EDGE_CURVE('',#16353,#16513,#16544,.T.);
#16544 = LINE('',#16545,#16546);
#16545 = CARTESIAN_POINT('',(-0.41,-0.35,0.915));
#16546 = VECTOR('',#16547,1.);
#16547 = DIRECTION('',(1.,0.,0.));
#16548 = ORIENTED_EDGE('',*,*,#16352,.T.);
#16549 = CYLINDRICAL_SURFACE('',#16550,0.12);
#16550 = AXIS2_PLACEMENT_3D('',#16551,#16552,#16553);
#16551 = CARTESIAN_POINT('',(-0.43,-0.23,0.915));
#16552 = DIRECTION('',(-1.,0.,-0.));
#16553 = DIRECTION('',(0.,0.,-1.));
#16554 = ADVANCED_FACE('',(#16555),#16566,.T.);
#16555 = FACE_BOUND('',#16556,.T.);
#16556 = EDGE_LOOP('',(#16557,#16558,#16559,#16565));
#16557 = ORIENTED_EDGE('',*,*,#16543,.T.);
#16558 = ORIENTED_EDGE('',*,*,#16512,.F.);
#16559 = ORIENTED_EDGE('',*,*,#16560,.F.);
#16560 = EDGE_CURVE('',#16362,#16505,#16561,.T.);
#16561 = LINE('',#16562,#16563);
#16562 = CARTESIAN_POINT('',(-0.41,-0.35,0.965));
#16563 = VECTOR('',#16564,1.);
#16564 = DIRECTION('',(1.,0.,0.));
#16565 = ORIENTED_EDGE('',*,*,#16361,.T.);
#16566 = PLANE('',#16567);
#16567 = AXIS2_PLACEMENT_3D('',#16568,#16569,#16570);
#16568 = CARTESIAN_POINT('',(-0.43,-0.35,0.965));
#16569 = DIRECTION('',(0.,-1.,0.));
#16570 = DIRECTION('',(0.,0.,-1.));
#16571 = ADVANCED_FACE('',(#16572),#16583,.T.);
#16572 = FACE_BOUND('',#16573,.T.);
#16573 = EDGE_LOOP('',(#16574,#16575,#16576,#16582));
#16574 = ORIENTED_EDGE('',*,*,#16560,.T.);
#16575 = ORIENTED_EDGE('',*,*,#16504,.F.);
#16576 = ORIENTED_EDGE('',*,*,#16577,.F.);
#16577 = EDGE_CURVE('',#16370,#16497,#16578,.T.);
#16578 = LINE('',#16579,#16580);
#16579 = CARTESIAN_POINT('',(-0.41,-0.33,0.985));
#16580 = VECTOR('',#16581,1.);
#16581 = DIRECTION('',(1.,0.,0.));
#16582 = ORIENTED_EDGE('',*,*,#16369,.T.);
#16583 = PLANE('',#16584);
#16584 = AXIS2_PLACEMENT_3D('',#16585,#16586,#16587);
#16585 = CARTESIAN_POINT('',(-0.43,-0.33,0.985));
#16586 = DIRECTION('',(0.,-0.707106781186,0.707106781187));
#16587 = DIRECTION('',(-1.,0.,0.));
#16588 = ADVANCED_FACE('',(#16589),#16595,.T.);
#16589 = FACE_BOUND('',#16590,.T.);
#16590 = EDGE_LOOP('',(#16591,#16592,#16593,#16594));
#16591 = ORIENTED_EDGE('',*,*,#16577,.T.);
#16592 = ORIENTED_EDGE('',*,*,#16496,.F.);
#16593 = ORIENTED_EDGE('',*,*,#16399,.F.);
#16594 = ORIENTED_EDGE('',*,*,#16377,.T.);
#16595 = PLANE('',#16596);
#16596 = AXIS2_PLACEMENT_3D('',#16597,#16598,#16599);
#16597 = CARTESIAN_POINT('',(-0.43,-0.33,1.));
#16598 = DIRECTION('',(0.,-1.,0.));
#16599 = DIRECTION('',(0.,0.,-1.));
#16600 = ADVANCED_FACE('',(#16601),#16626,.T.);
#16601 = FACE_BOUND('',#16602,.T.);
#16602 = EDGE_LOOP('',(#16603,#16604,#16612,#16620));
#16603 = ORIENTED_EDGE('',*,*,#14752,.T.);
#16604 = ORIENTED_EDGE('',*,*,#16605,.F.);
#16605 = EDGE_CURVE('',#16606,#14745,#16608,.T.);
#16606 = VERTEX_POINT('',#16607);
#16607 = CARTESIAN_POINT('',(-0.29,-0.23,-0.875));
#16608 = LINE('',#16609,#16610);
#16609 = CARTESIAN_POINT('',(-0.29,-0.23,-0.875));
#16610 = VECTOR('',#16611,1.);
#16611 = DIRECTION('',(0.,1.,0.));
#16612 = ORIENTED_EDGE('',*,*,#16613,.F.);
#16613 = EDGE_CURVE('',#16614,#16606,#16616,.T.);
#16614 = VERTEX_POINT('',#16615);
#16615 = CARTESIAN_POINT('',(-0.41,-0.23,-0.875));
#16616 = LINE('',#16617,#16618);
#16617 = CARTESIAN_POINT('',(-0.41,-0.23,-0.875));
#16618 = VECTOR('',#16619,1.);
#16619 = DIRECTION('',(1.,0.,0.));
#16620 = ORIENTED_EDGE('',*,*,#16621,.T.);
#16621 = EDGE_CURVE('',#16614,#14727,#16622,.T.);
#16622 = LINE('',#16623,#16624);
#16623 = CARTESIAN_POINT('',(-0.41,-0.23,-0.875));
#16624 = VECTOR('',#16625,1.);
#16625 = DIRECTION('',(0.,1.,0.));
#16626 = PLANE('',#16627);
#16627 = AXIS2_PLACEMENT_3D('',#16628,#16629,#16630);
#16628 = CARTESIAN_POINT('',(-0.43,-0.23,-0.875));
#16629 = DIRECTION('',(0.,0.,-1.));
#16630 = DIRECTION('',(0.,-1.,0.));
#16631 = ADVANCED_FACE('',(#16632),#16700,.F.);
#16632 = FACE_BOUND('',#16633,.T.);
#16633 = EDGE_LOOP('',(#16634,#16644,#16652,#16660,#16668,#16677,#16683,
    #16684,#16685,#16694));
#16634 = ORIENTED_EDGE('',*,*,#16635,.F.);
#16635 = EDGE_CURVE('',#16636,#16638,#16640,.T.);
#16636 = VERTEX_POINT('',#16637);
#16637 = CARTESIAN_POINT('',(-0.41,-0.33,-1.));
#16638 = VERTEX_POINT('',#16639);
#16639 = CARTESIAN_POINT('',(-0.41,-0.27,-1.));
#16640 = LINE('',#16641,#16642);
#16641 = CARTESIAN_POINT('',(-0.41,-0.33,-1.));
#16642 = VECTOR('',#16643,1.);
#16643 = DIRECTION('',(0.,1.,0.));
#16644 = ORIENTED_EDGE('',*,*,#16645,.F.);
#16645 = EDGE_CURVE('',#16646,#16636,#16648,.T.);
#16646 = VERTEX_POINT('',#16647);
#16647 = CARTESIAN_POINT('',(-0.41,-0.33,-0.985));
#16648 = LINE('',#16649,#16650);
#16649 = CARTESIAN_POINT('',(-0.41,-0.33,-0.985));
#16650 = VECTOR('',#16651,1.);
#16651 = DIRECTION('',(0.,0.,-1.));
#16652 = ORIENTED_EDGE('',*,*,#16653,.F.);
#16653 = EDGE_CURVE('',#16654,#16646,#16656,.T.);
#16654 = VERTEX_POINT('',#16655);
#16655 = CARTESIAN_POINT('',(-0.41,-0.35,-0.965));
#16656 = LINE('',#16657,#16658);
#16657 = CARTESIAN_POINT('',(-0.41,-0.35,-0.965));
#16658 = VECTOR('',#16659,1.);
#16659 = DIRECTION('',(0.,0.707106781187,-0.707106781186));
#16660 = ORIENTED_EDGE('',*,*,#16661,.F.);
#16661 = EDGE_CURVE('',#16662,#16654,#16664,.T.);
#16662 = VERTEX_POINT('',#16663);
#16663 = CARTESIAN_POINT('',(-0.41,-0.35,-0.915));
#16664 = LINE('',#16665,#16666);
#16665 = CARTESIAN_POINT('',(-0.41,-0.35,-0.915));
#16666 = VECTOR('',#16667,1.);
#16667 = DIRECTION('',(0.,0.,-1.));
#16668 = ORIENTED_EDGE('',*,*,#16669,.F.);
#16669 = EDGE_CURVE('',#16670,#16662,#16672,.T.);
#16670 = VERTEX_POINT('',#16671);
#16671 = CARTESIAN_POINT('',(-0.41,-0.23,-0.795));
#16672 = CIRCLE('',#16673,0.12);
#16673 = AXIS2_PLACEMENT_3D('',#16674,#16675,#16676);
#16674 = CARTESIAN_POINT('',(-0.41,-0.23,-0.915));
#16675 = DIRECTION('',(1.,0.,-0.));
#16676 = DIRECTION('',(0.,0.,1.));
#16677 = ORIENTED_EDGE('',*,*,#16678,.F.);
#16678 = EDGE_CURVE('',#14729,#16670,#16679,.T.);
#16679 = LINE('',#16680,#16681);
#16680 = CARTESIAN_POINT('',(-0.41,-0.18,-0.795));
#16681 = VECTOR('',#16682,1.);
#16682 = DIRECTION('',(0.,-1.,0.));
#16683 = ORIENTED_EDGE('',*,*,#14726,.F.);
#16684 = ORIENTED_EDGE('',*,*,#16621,.F.);
#16685 = ORIENTED_EDGE('',*,*,#16686,.T.);
#16686 = EDGE_CURVE('',#16614,#16687,#16689,.T.);
#16687 = VERTEX_POINT('',#16688);
#16688 = CARTESIAN_POINT('',(-0.41,-0.27,-0.915));
#16689 = CIRCLE('',#16690,4.E-02);
#16690 = AXIS2_PLACEMENT_3D('',#16691,#16692,#16693);
#16691 = CARTESIAN_POINT('',(-0.41,-0.23,-0.915));
#16692 = DIRECTION('',(1.,0.,-0.));
#16693 = DIRECTION('',(0.,1.734723475977E-14,1.));
#16694 = ORIENTED_EDGE('',*,*,#16695,.F.);
#16695 = EDGE_CURVE('',#16638,#16687,#16696,.T.);
#16696 = LINE('',#16697,#16698);
#16697 = CARTESIAN_POINT('',(-0.41,-0.27,-1.));
#16698 = VECTOR('',#16699,1.);
#16699 = DIRECTION('',(0.,0.,1.));
#16700 = PLANE('',#16701);
#16701 = AXIS2_PLACEMENT_3D('',#16702,#16703,#16704);
#16702 = CARTESIAN_POINT('',(-0.41,-0.18,-1.));
#16703 = DIRECTION('',(1.,0.,0.));
#16704 = DIRECTION('',(-0.,1.,0.));
#16705 = ADVANCED_FACE('',(#16706),#16731,.T.);
#16706 = FACE_BOUND('',#16707,.T.);
#16707 = EDGE_LOOP('',(#16708,#16716,#16724,#16730));
#16708 = ORIENTED_EDGE('',*,*,#16709,.T.);
#16709 = EDGE_CURVE('',#16687,#16710,#16712,.T.);
#16710 = VERTEX_POINT('',#16711);
#16711 = CARTESIAN_POINT('',(-0.29,-0.27,-0.915));
#16712 = LINE('',#16713,#16714);
#16713 = CARTESIAN_POINT('',(-0.41,-0.27,-0.915));
#16714 = VECTOR('',#16715,1.);
#16715 = DIRECTION('',(1.,0.,0.));
#16716 = ORIENTED_EDGE('',*,*,#16717,.F.);
#16717 = EDGE_CURVE('',#16718,#16710,#16720,.T.);
#16718 = VERTEX_POINT('',#16719);
#16719 = CARTESIAN_POINT('',(-0.29,-0.27,-1.));
#16720 = LINE('',#16721,#16722);
#16721 = CARTESIAN_POINT('',(-0.29,-0.27,-1.));
#16722 = VECTOR('',#16723,1.);
#16723 = DIRECTION('',(0.,0.,1.));
#16724 = ORIENTED_EDGE('',*,*,#16725,.F.);
#16725 = EDGE_CURVE('',#16638,#16718,#16726,.T.);
#16726 = LINE('',#16727,#16728);
#16727 = CARTESIAN_POINT('',(-0.41,-0.27,-1.));
#16728 = VECTOR('',#16729,1.);
#16729 = DIRECTION('',(1.,0.,0.));
#16730 = ORIENTED_EDGE('',*,*,#16695,.T.);
#16731 = PLANE('',#16732);
#16732 = AXIS2_PLACEMENT_3D('',#16733,#16734,#16735);
#16733 = CARTESIAN_POINT('',(-0.43,-0.27,-1.));
#16734 = DIRECTION('',(-0.,1.,0.));
#16735 = DIRECTION('',(1.,0.,0.));
#16736 = ADVANCED_FACE('',(#16737),#16755,.T.);
#16737 = FACE_BOUND('',#16738,.T.);
#16738 = EDGE_LOOP('',(#16739,#16740,#16748,#16754));
#16739 = ORIENTED_EDGE('',*,*,#16725,.T.);
#16740 = ORIENTED_EDGE('',*,*,#16741,.F.);
#16741 = EDGE_CURVE('',#16742,#16718,#16744,.T.);
#16742 = VERTEX_POINT('',#16743);
#16743 = CARTESIAN_POINT('',(-0.29,-0.33,-1.));
#16744 = LINE('',#16745,#16746);
#16745 = CARTESIAN_POINT('',(-0.29,-0.33,-1.));
#16746 = VECTOR('',#16747,1.);
#16747 = DIRECTION('',(0.,1.,0.));
#16748 = ORIENTED_EDGE('',*,*,#16749,.F.);
#16749 = EDGE_CURVE('',#16636,#16742,#16750,.T.);
#16750 = LINE('',#16751,#16752);
#16751 = CARTESIAN_POINT('',(-0.41,-0.33,-1.));
#16752 = VECTOR('',#16753,1.);
#16753 = DIRECTION('',(1.,0.,0.));
#16754 = ORIENTED_EDGE('',*,*,#16635,.T.);
#16755 = PLANE('',#16756);
#16756 = AXIS2_PLACEMENT_3D('',#16757,#16758,#16759);
#16757 = CARTESIAN_POINT('',(-0.43,-0.33,-1.));
#16758 = DIRECTION('',(0.,0.,-1.));
#16759 = DIRECTION('',(0.,-1.,0.));
#16760 = ADVANCED_FACE('',(#16761),#16779,.T.);
#16761 = FACE_BOUND('',#16762,.T.);
#16762 = EDGE_LOOP('',(#16763,#16764,#16772,#16778));
#16763 = ORIENTED_EDGE('',*,*,#16749,.T.);
#16764 = ORIENTED_EDGE('',*,*,#16765,.F.);
#16765 = EDGE_CURVE('',#16766,#16742,#16768,.T.);
#16766 = VERTEX_POINT('',#16767);
#16767 = CARTESIAN_POINT('',(-0.29,-0.33,-0.985));
#16768 = LINE('',#16769,#16770);
#16769 = CARTESIAN_POINT('',(-0.29,-0.33,-0.985));
#16770 = VECTOR('',#16771,1.);
#16771 = DIRECTION('',(0.,0.,-1.));
#16772 = ORIENTED_EDGE('',*,*,#16773,.F.);
#16773 = EDGE_CURVE('',#16646,#16766,#16774,.T.);
#16774 = LINE('',#16775,#16776);
#16775 = CARTESIAN_POINT('',(-0.41,-0.33,-0.985));
#16776 = VECTOR('',#16777,1.);
#16777 = DIRECTION('',(1.,0.,0.));
#16778 = ORIENTED_EDGE('',*,*,#16645,.T.);
#16779 = PLANE('',#16780);
#16780 = AXIS2_PLACEMENT_3D('',#16781,#16782,#16783);
#16781 = CARTESIAN_POINT('',(-0.43,-0.33,-0.985));
#16782 = DIRECTION('',(0.,-1.,0.));
#16783 = DIRECTION('',(0.,0.,-1.));
#16784 = ADVANCED_FACE('',(#16785),#16803,.T.);
#16785 = FACE_BOUND('',#16786,.T.);
#16786 = EDGE_LOOP('',(#16787,#16788,#16796,#16802));
#16787 = ORIENTED_EDGE('',*,*,#16773,.T.);
#16788 = ORIENTED_EDGE('',*,*,#16789,.F.);
#16789 = EDGE_CURVE('',#16790,#16766,#16792,.T.);
#16790 = VERTEX_POINT('',#16791);
#16791 = CARTESIAN_POINT('',(-0.29,-0.35,-0.965));
#16792 = LINE('',#16793,#16794);
#16793 = CARTESIAN_POINT('',(-0.29,-0.35,-0.965));
#16794 = VECTOR('',#16795,1.);
#16795 = DIRECTION('',(0.,0.707106781187,-0.707106781186));
#16796 = ORIENTED_EDGE('',*,*,#16797,.F.);
#16797 = EDGE_CURVE('',#16654,#16790,#16798,.T.);
#16798 = LINE('',#16799,#16800);
#16799 = CARTESIAN_POINT('',(-0.41,-0.35,-0.965));
#16800 = VECTOR('',#16801,1.);
#16801 = DIRECTION('',(1.,0.,0.));
#16802 = ORIENTED_EDGE('',*,*,#16653,.T.);
#16803 = PLANE('',#16804);
#16804 = AXIS2_PLACEMENT_3D('',#16805,#16806,#16807);
#16805 = CARTESIAN_POINT('',(-0.43,-0.35,-0.965));
#16806 = DIRECTION('',(0.,-0.707106781186,-0.707106781187));
#16807 = DIRECTION('',(0.,-0.707106781187,0.707106781186));
#16808 = ADVANCED_FACE('',(#16809),#16827,.T.);
#16809 = FACE_BOUND('',#16810,.T.);
#16810 = EDGE_LOOP('',(#16811,#16812,#16820,#16826));
#16811 = ORIENTED_EDGE('',*,*,#16797,.T.);
#16812 = ORIENTED_EDGE('',*,*,#16813,.F.);
#16813 = EDGE_CURVE('',#16814,#16790,#16816,.T.);
#16814 = VERTEX_POINT('',#16815);
#16815 = CARTESIAN_POINT('',(-0.29,-0.35,-0.915));
#16816 = LINE('',#16817,#16818);
#16817 = CARTESIAN_POINT('',(-0.29,-0.35,-0.915));
#16818 = VECTOR('',#16819,1.);
#16819 = DIRECTION('',(0.,0.,-1.));
#16820 = ORIENTED_EDGE('',*,*,#16821,.F.);
#16821 = EDGE_CURVE('',#16662,#16814,#16822,.T.);
#16822 = LINE('',#16823,#16824);
#16823 = CARTESIAN_POINT('',(-0.41,-0.35,-0.915));
#16824 = VECTOR('',#16825,1.);
#16825 = DIRECTION('',(1.,0.,0.));
#16826 = ORIENTED_EDGE('',*,*,#16661,.T.);
#16827 = PLANE('',#16828);
#16828 = AXIS2_PLACEMENT_3D('',#16829,#16830,#16831);
#16829 = CARTESIAN_POINT('',(-0.43,-0.35,-0.915));
#16830 = DIRECTION('',(0.,-1.,0.));
#16831 = DIRECTION('',(0.,0.,-1.));
#16832 = ADVANCED_FACE('',(#16833),#16852,.T.);
#16833 = FACE_BOUND('',#16834,.T.);
#16834 = EDGE_LOOP('',(#16835,#16836,#16845,#16851));
#16835 = ORIENTED_EDGE('',*,*,#16821,.T.);
#16836 = ORIENTED_EDGE('',*,*,#16837,.F.);
#16837 = EDGE_CURVE('',#16838,#16814,#16840,.T.);
#16838 = VERTEX_POINT('',#16839);
#16839 = CARTESIAN_POINT('',(-0.29,-0.23,-0.795));
#16840 = CIRCLE('',#16841,0.12);
#16841 = AXIS2_PLACEMENT_3D('',#16842,#16843,#16844);
#16842 = CARTESIAN_POINT('',(-0.29,-0.23,-0.915));
#16843 = DIRECTION('',(1.,0.,-0.));
#16844 = DIRECTION('',(0.,0.,1.));
#16845 = ORIENTED_EDGE('',*,*,#16846,.F.);
#16846 = EDGE_CURVE('',#16670,#16838,#16847,.T.);
#16847 = LINE('',#16848,#16849);
#16848 = CARTESIAN_POINT('',(-0.41,-0.23,-0.795));
#16849 = VECTOR('',#16850,1.);
#16850 = DIRECTION('',(1.,0.,0.));
#16851 = ORIENTED_EDGE('',*,*,#16669,.T.);
#16852 = CYLINDRICAL_SURFACE('',#16853,0.12);
#16853 = AXIS2_PLACEMENT_3D('',#16854,#16855,#16856);
#16854 = CARTESIAN_POINT('',(-0.43,-0.23,-0.915));
#16855 = DIRECTION('',(-1.,0.,-0.));
#16856 = DIRECTION('',(0.,0.,-1.));
#16857 = ADVANCED_FACE('',(#16858),#16869,.T.);
#16858 = FACE_BOUND('',#16859,.T.);
#16859 = EDGE_LOOP('',(#16860,#16861,#16867,#16868));
#16860 = ORIENTED_EDGE('',*,*,#16846,.T.);
#16861 = ORIENTED_EDGE('',*,*,#16862,.F.);
#16862 = EDGE_CURVE('',#14737,#16838,#16863,.T.);
#16863 = LINE('',#16864,#16865);
#16864 = CARTESIAN_POINT('',(-0.29,-0.18,-0.795));
#16865 = VECTOR('',#16866,1.);
#16866 = DIRECTION('',(0.,-1.,0.));
#16867 = ORIENTED_EDGE('',*,*,#14736,.F.);
#16868 = ORIENTED_EDGE('',*,*,#16678,.T.);
#16869 = PLANE('',#16870);
#16870 = AXIS2_PLACEMENT_3D('',#16871,#16872,#16873);
#16871 = CARTESIAN_POINT('',(-0.43,0.21,-0.795));
#16872 = DIRECTION('',(0.,0.,1.));
#16873 = DIRECTION('',(1.,0.,-0.));
#16874 = ADVANCED_FACE('',(#16875),#16893,.F.);
#16875 = FACE_BOUND('',#16876,.T.);
#16876 = EDGE_LOOP('',(#16877,#16884,#16885,#16886,#16887,#16888,#16889,
    #16890,#16891,#16892));
#16877 = ORIENTED_EDGE('',*,*,#16878,.F.);
#16878 = EDGE_CURVE('',#16606,#16710,#16879,.T.);
#16879 = CIRCLE('',#16880,4.E-02);
#16880 = AXIS2_PLACEMENT_3D('',#16881,#16882,#16883);
#16881 = CARTESIAN_POINT('',(-0.29,-0.23,-0.915));
#16882 = DIRECTION('',(1.,0.,-0.));
#16883 = DIRECTION('',(0.,1.734723475977E-14,1.));
#16884 = ORIENTED_EDGE('',*,*,#16605,.T.);
#16885 = ORIENTED_EDGE('',*,*,#14744,.F.);
#16886 = ORIENTED_EDGE('',*,*,#16862,.T.);
#16887 = ORIENTED_EDGE('',*,*,#16837,.T.);
#16888 = ORIENTED_EDGE('',*,*,#16813,.T.);
#16889 = ORIENTED_EDGE('',*,*,#16789,.T.);
#16890 = ORIENTED_EDGE('',*,*,#16765,.T.);
#16891 = ORIENTED_EDGE('',*,*,#16741,.T.);
#16892 = ORIENTED_EDGE('',*,*,#16717,.T.);
#16893 = PLANE('',#16894);
#16894 = AXIS2_PLACEMENT_3D('',#16895,#16896,#16897);
#16895 = CARTESIAN_POINT('',(-0.29,-0.18,-0.76));
#16896 = DIRECTION('',(-1.,0.,0.));
#16897 = DIRECTION('',(0.,0.,1.));
#16898 = ADVANCED_FACE('',(#16899),#16905,.F.);
#16899 = FACE_BOUND('',#16900,.F.);
#16900 = EDGE_LOOP('',(#16901,#16902,#16903,#16904));
#16901 = ORIENTED_EDGE('',*,*,#16686,.T.);
#16902 = ORIENTED_EDGE('',*,*,#16709,.T.);
#16903 = ORIENTED_EDGE('',*,*,#16878,.F.);
#16904 = ORIENTED_EDGE('',*,*,#16613,.F.);
#16905 = CYLINDRICAL_SURFACE('',#16906,4.E-02);
#16906 = AXIS2_PLACEMENT_3D('',#16907,#16908,#16909);
#16907 = CARTESIAN_POINT('',(-0.43,-0.23,-0.915));
#16908 = DIRECTION('',(-1.,0.,-0.));
#16909 = DIRECTION('',(0.,0.,-1.));
#16910 = ADVANCED_FACE('',(#16911),#16917,.F.);
#16911 = FACE_BOUND('',#16912,.T.);
#16912 = EDGE_LOOP('',(#16913,#16914,#16915,#16916));
#16913 = ORIENTED_EDGE('',*,*,#6946,.T.);
#16914 = ORIENTED_EDGE('',*,*,#5649,.F.);
#16915 = ORIENTED_EDGE('',*,*,#5455,.F.);
#16916 = ORIENTED_EDGE('',*,*,#6368,.T.);
#16917 = PLANE('',#16918);
#16918 = AXIS2_PLACEMENT_3D('',#16919,#16920,#16921);
#16919 = CARTESIAN_POINT('',(0.8275,0.,0.));
#16920 = DIRECTION('',(1.,0.,0.));
#16921 = DIRECTION('',(-0.,1.,0.));
#16922 = ADVANCED_FACE('',(#16923),#16929,.F.);
#16923 = FACE_BOUND('',#16924,.T.);
#16924 = EDGE_LOOP('',(#16925,#16926,#16927,#16928));
#16925 = ORIENTED_EDGE('',*,*,#14186,.T.);
#16926 = ORIENTED_EDGE('',*,*,#14402,.F.);
#16927 = ORIENTED_EDGE('',*,*,#7568,.F.);
#16928 = ORIENTED_EDGE('',*,*,#6169,.T.);
#16929 = PLANE('',#16930);
#16930 = AXIS2_PLACEMENT_3D('',#16931,#16932,#16933);
#16931 = CARTESIAN_POINT('',(0.8275,0.,0.));
#16932 = DIRECTION('',(1.,0.,0.));
#16933 = DIRECTION('',(-0.,1.,0.));
#16934 = ADVANCED_FACE('',(#16935),#16946,.F.);
#16935 = FACE_BOUND('',#16936,.T.);
#16936 = EDGE_LOOP('',(#16937,#16938,#16944,#16945));
#16937 = ORIENTED_EDGE('',*,*,#14354,.T.);
#16938 = ORIENTED_EDGE('',*,*,#16939,.F.);
#16939 = EDGE_CURVE('',#14216,#14347,#16940,.T.);
#16940 = LINE('',#16941,#16942);
#16941 = CARTESIAN_POINT('',(0.62,6.8E-02,-0.62866826328));
#16942 = VECTOR('',#16943,1.);
#16943 = DIRECTION('',(1.,0.,0.));
#16944 = ORIENTED_EDGE('',*,*,#14215,.F.);
#16945 = ORIENTED_EDGE('',*,*,#7592,.T.);
#16946 = PLANE('',#16947);
#16947 = AXIS2_PLACEMENT_3D('',#16948,#16949,#16950);
#16948 = CARTESIAN_POINT('',(0.62,6.8E-02,-0.97));
#16949 = DIRECTION('',(-0.,1.,0.));
#16950 = DIRECTION('',(1.,0.,0.));
#16951 = ADVANCED_FACE('',(#16952),#16963,.F.);
#16952 = FACE_BOUND('',#16953,.T.);
#16953 = EDGE_LOOP('',(#16954,#16955,#16956,#16962));
#16954 = ORIENTED_EDGE('',*,*,#16939,.T.);
#16955 = ORIENTED_EDGE('',*,*,#14346,.T.);
#16956 = ORIENTED_EDGE('',*,*,#16957,.F.);
#16957 = EDGE_CURVE('',#14224,#14338,#16958,.T.);
#16958 = LINE('',#16959,#16960);
#16959 = CARTESIAN_POINT('',(0.62,0.147698376862,-0.571756978372));
#16960 = VECTOR('',#16961,1.);
#16961 = DIRECTION('',(1.,0.,0.));
#16962 = ORIENTED_EDGE('',*,*,#14223,.F.);
#16963 = PLANE('',#16964);
#16964 = AXIS2_PLACEMENT_3D('',#16965,#16966,#16967);
#16965 = CARTESIAN_POINT('',(0.62,6.8E-02,-0.62866826328));
#16966 = DIRECTION('',(0.,0.581129145978,-0.813811351416));
#16967 = DIRECTION('',(-1.,0.,0.));
#16968 = ADVANCED_FACE('',(#16969),#16975,.T.);
#16969 = FACE_BOUND('',#16970,.T.);
#16970 = EDGE_LOOP('',(#16971,#16972,#16973,#16974));
#16971 = ORIENTED_EDGE('',*,*,#4174,.T.);
#16972 = ORIENTED_EDGE('',*,*,#14231,.F.);
#16973 = ORIENTED_EDGE('',*,*,#16957,.T.);
#16974 = ORIENTED_EDGE('',*,*,#14337,.T.);
#16975 = CYLINDRICAL_SURFACE('',#16976,9.E-02);
#16976 = AXIS2_PLACEMENT_3D('',#16977,#16978,#16979);
#16977 = CARTESIAN_POINT('',(0.62,0.2,-0.645));
#16978 = DIRECTION('',(1.,-0.,0.));
#16979 = DIRECTION('',(0.,0.,1.));
#16980 = ADVANCED_FACE('',(#16981),#16992,.F.);
#16981 = FACE_BOUND('',#16982,.T.);
#16982 = EDGE_LOOP('',(#16983,#16984,#16985,#16991));
#16983 = ORIENTED_EDGE('',*,*,#4193,.T.);
#16984 = ORIENTED_EDGE('',*,*,#14330,.T.);
#16985 = ORIENTED_EDGE('',*,*,#16986,.F.);
#16986 = EDGE_CURVE('',#14240,#14322,#16987,.T.);
#16987 = LINE('',#16988,#16989);
#16988 = CARTESIAN_POINT('',(0.62,0.297850884872,-0.609619985366));
#16989 = VECTOR('',#16990,1.);
#16990 = DIRECTION('',(1.,0.,0.));
#16991 = ORIENTED_EDGE('',*,*,#14239,.F.);
#16992 = PLANE('',#16993);
#16993 = AXIS2_PLACEMENT_3D('',#16994,#16995,#16996);
#16994 = CARTESIAN_POINT('',(0.62,0.257850884872,-0.576056000119));
#16995 = DIRECTION('',(0.,-0.642787609686,-0.766044443119));
#16996 = DIRECTION('',(0.,-0.766044443119,0.642787609686));
#16997 = ADVANCED_FACE('',(#16998),#17009,.T.);
#16998 = FACE_BOUND('',#16999,.T.);
#16999 = EDGE_LOOP('',(#17000,#17001,#17002,#17008));
#17000 = ORIENTED_EDGE('',*,*,#16986,.T.);
#17001 = ORIENTED_EDGE('',*,*,#14321,.T.);
#17002 = ORIENTED_EDGE('',*,*,#17003,.F.);
#17003 = EDGE_CURVE('',#14248,#14314,#17004,.T.);
#17004 = LINE('',#17005,#17006);
#17005 = CARTESIAN_POINT('',(0.62,0.33,-0.678563985247));
#17006 = VECTOR('',#17007,1.);
#17007 = DIRECTION('',(1.,0.,0.));
#17008 = ORIENTED_EDGE('',*,*,#14247,.F.);
#17009 = CYLINDRICAL_SURFACE('',#17010,9.E-02);
#17010 = AXIS2_PLACEMENT_3D('',#17011,#17012,#17013);
#17011 = CARTESIAN_POINT('',(0.62,0.24,-0.678563985247));
#17012 = DIRECTION('',(1.,-0.,0.));
#17013 = DIRECTION('',(0.,0.,1.));
#17014 = ADVANCED_FACE('',(#17015),#17021,.F.);
#17015 = FACE_BOUND('',#17016,.T.);
#17016 = EDGE_LOOP('',(#17017,#17018,#17019,#17020));
#17017 = ORIENTED_EDGE('',*,*,#17003,.T.);
#17018 = ORIENTED_EDGE('',*,*,#14313,.T.);
#17019 = ORIENTED_EDGE('',*,*,#14280,.F.);
#17020 = ORIENTED_EDGE('',*,*,#14256,.F.);
#17021 = PLANE('',#17022);
#17022 = AXIS2_PLACEMENT_3D('',#17023,#17024,#17025);
#17023 = CARTESIAN_POINT('',(0.62,0.33,-0.678563985247));
#17024 = DIRECTION('',(0.,-1.,0.));
#17025 = DIRECTION('',(0.,0.,-1.));
#17026 = ADVANCED_FACE('',(#17027),#17038,.F.);
#17027 = FACE_BOUND('',#17028,.F.);
#17028 = EDGE_LOOP('',(#17029,#17035,#17036,#17037));
#17029 = ORIENTED_EDGE('',*,*,#17030,.F.);
#17030 = EDGE_CURVE('',#14154,#11534,#17031,.T.);
#17031 = LINE('',#17032,#17033);
#17032 = CARTESIAN_POINT('',(0.835,0.13,-0.88));
#17033 = VECTOR('',#17034,1.);
#17034 = DIRECTION('',(0.,0.,-1.));
#17035 = ORIENTED_EDGE('',*,*,#14161,.F.);
#17036 = ORIENTED_EDGE('',*,*,#14305,.T.);
#17037 = ORIENTED_EDGE('',*,*,#11533,.F.);
#17038 = CYLINDRICAL_SURFACE('',#17039,4.E-02);
#17039 = AXIS2_PLACEMENT_3D('',#17040,#17041,#17042);
#17040 = CARTESIAN_POINT('',(0.835,0.17,-0.88));
#17041 = DIRECTION('',(0.,0.,-1.));
#17042 = DIRECTION('',(1.,0.,0.));
#17043 = ADVANCED_FACE('',(#17044),#17055,.F.);
#17044 = FACE_BOUND('',#17045,.T.);
#17045 = EDGE_LOOP('',(#17046,#17047,#17048,#17049));
#17046 = ORIENTED_EDGE('',*,*,#11542,.T.);
#17047 = ORIENTED_EDGE('',*,*,#17030,.F.);
#17048 = ORIENTED_EDGE('',*,*,#14153,.F.);
#17049 = ORIENTED_EDGE('',*,*,#17050,.T.);
#17050 = EDGE_CURVE('',#14145,#11543,#17051,.T.);
#17051 = LINE('',#17052,#17053);
#17052 = CARTESIAN_POINT('',(0.90021809153,0.13,-0.88));
#17053 = VECTOR('',#17054,1.);
#17054 = DIRECTION('',(0.,0.,-1.));
#17055 = PLANE('',#17056);
#17056 = AXIS2_PLACEMENT_3D('',#17057,#17058,#17059);
#17057 = CARTESIAN_POINT('',(0.90021809153,0.13,-0.88));
#17058 = DIRECTION('',(0.,-1.,0.));
#17059 = DIRECTION('',(0.,0.,-1.));
#17060 = ADVANCED_FACE('',(#17061),#17072,.F.);
#17061 = FACE_BOUND('',#17062,.F.);
#17062 = EDGE_LOOP('',(#17063,#17069,#17070,#17071));
#17063 = ORIENTED_EDGE('',*,*,#17064,.F.);
#17064 = EDGE_CURVE('',#14137,#11551,#17065,.T.);
#17065 = LINE('',#17066,#17067);
#17066 = CARTESIAN_POINT('',(0.927530277865,0.140775960621,-0.88));
#17067 = VECTOR('',#17068,1.);
#17068 = DIRECTION('',(0.,0.,-1.));
#17069 = ORIENTED_EDGE('',*,*,#14144,.F.);
#17070 = ORIENTED_EDGE('',*,*,#17050,.T.);
#17071 = ORIENTED_EDGE('',*,*,#11550,.F.);
#17072 = CYLINDRICAL_SURFACE('',#17073,4.E-02);
#17073 = AXIS2_PLACEMENT_3D('',#17074,#17075,#17076);
#17074 = CARTESIAN_POINT('',(0.90021809153,0.17,-0.88));
#17075 = DIRECTION('',(0.,0.,-1.));
#17076 = DIRECTION('',(1.,0.,0.));
#17077 = ADVANCED_FACE('',(#17078),#17084,.F.);
#17078 = FACE_BOUND('',#17079,.T.);
#17079 = EDGE_LOOP('',(#17080,#17081,#17082,#17083));
#17080 = ORIENTED_EDGE('',*,*,#11559,.T.);
#17081 = ORIENTED_EDGE('',*,*,#17064,.F.);
#17082 = ORIENTED_EDGE('',*,*,#14136,.F.);
#17083 = ORIENTED_EDGE('',*,*,#9903,.T.);
#17084 = PLANE('',#17085);
#17085 = AXIS2_PLACEMENT_3D('',#17086,#17087,#17088);
#17086 = CARTESIAN_POINT('',(1.13,0.33,-0.88));
#17087 = DIRECTION('',(0.682804658377,-0.730600984463,0.));
#17088 = DIRECTION('',(0.,0.,-1.));
#17089 = ADVANCED_FACE('',(#17090),#17101,.F.);
#17090 = FACE_BOUND('',#17091,.T.);
#17091 = EDGE_LOOP('',(#17092,#17093,#17099,#17100));
#17092 = ORIENTED_EDGE('',*,*,#11501,.T.);
#17093 = ORIENTED_EDGE('',*,*,#17094,.F.);
#17094 = EDGE_CURVE('',#14045,#11494,#17095,.T.);
#17095 = LINE('',#17096,#17097);
#17096 = CARTESIAN_POINT('',(0.67,-0.17,-0.88));
#17097 = VECTOR('',#17098,1.);
#17098 = DIRECTION('',(0.,0.,-1.));
#17099 = ORIENTED_EDGE('',*,*,#14042,.F.);
#17100 = ORIENTED_EDGE('',*,*,#14201,.T.);
#17101 = PLANE('',#17102);
#17102 = AXIS2_PLACEMENT_3D('',#17103,#17104,#17105);
#17103 = CARTESIAN_POINT('',(0.62,-0.12,-0.88));
#17104 = DIRECTION('',(0.707106781186,0.707106781187,0.));
#17105 = DIRECTION('',(0.,0.,-1.));
#17106 = ADVANCED_FACE('',(#17107),#17118,.F.);
#17107 = FACE_BOUND('',#17108,.T.);
#17108 = EDGE_LOOP('',(#17109,#17110,#17116,#17117));
#17109 = ORIENTED_EDGE('',*,*,#11493,.T.);
#17110 = ORIENTED_EDGE('',*,*,#17111,.F.);
#17111 = EDGE_CURVE('',#14053,#11485,#17112,.T.);
#17112 = LINE('',#17113,#17114);
#17113 = CARTESIAN_POINT('',(0.964,-0.17,-0.88));
#17114 = VECTOR('',#17115,1.);
#17115 = DIRECTION('',(0.,0.,-1.));
#17116 = ORIENTED_EDGE('',*,*,#14052,.F.);
#17117 = ORIENTED_EDGE('',*,*,#17094,.T.);
#17118 = PLANE('',#17119);
#17119 = AXIS2_PLACEMENT_3D('',#17120,#17121,#17122);
#17120 = CARTESIAN_POINT('',(0.67,-0.17,-0.88));
#17121 = DIRECTION('',(-0.,1.,0.));
#17122 = DIRECTION('',(1.,0.,0.));
#17123 = ADVANCED_FACE('',(#17124),#17135,.T.);
#17124 = FACE_BOUND('',#17125,.T.);
#17125 = EDGE_LOOP('',(#17126,#17127,#17133,#17134));
#17126 = ORIENTED_EDGE('',*,*,#11484,.T.);
#17127 = ORIENTED_EDGE('',*,*,#17128,.F.);
#17128 = EDGE_CURVE('',#14061,#11477,#17129,.T.);
#17129 = LINE('',#17130,#17131);
#17130 = CARTESIAN_POINT('',(1.032280465838,-0.143060098446,-0.88));
#17131 = VECTOR('',#17132,1.);
#17132 = DIRECTION('',(0.,0.,-1.));
#17133 = ORIENTED_EDGE('',*,*,#14060,.F.);
#17134 = ORIENTED_EDGE('',*,*,#17111,.T.);
#17135 = CYLINDRICAL_SURFACE('',#17136,0.1);
#17136 = AXIS2_PLACEMENT_3D('',#17137,#17138,#17139);
#17137 = CARTESIAN_POINT('',(0.964,-7.E-02,-0.88));
#17138 = DIRECTION('',(0.,0.,-1.));
#17139 = DIRECTION('',(1.,0.,0.));
#17140 = ADVANCED_FACE('',(#17141),#17152,.F.);
#17141 = FACE_BOUND('',#17142,.T.);
#17142 = EDGE_LOOP('',(#17143,#17144,#17150,#17151));
#17143 = ORIENTED_EDGE('',*,*,#11476,.T.);
#17144 = ORIENTED_EDGE('',*,*,#17145,.F.);
#17145 = EDGE_CURVE('',#14070,#11468,#17146,.T.);
#17146 = LINE('',#17147,#17148);
#17147 = CARTESIAN_POINT('',(1.177929076513,-6.939901553669E-03,-0.88));
#17148 = VECTOR('',#17149,1.);
#17149 = DIRECTION('',(0.,0.,-1.));
#17150 = ORIENTED_EDGE('',*,*,#14069,.F.);
#17151 = ORIENTED_EDGE('',*,*,#17128,.T.);
#17152 = PLANE('',#17153);
#17153 = AXIS2_PLACEMENT_3D('',#17154,#17155,#17156);
#17154 = CARTESIAN_POINT('',(1.032280465838,-0.143060098446,-0.88));
#17155 = DIRECTION('',(-0.682804658377,0.730600984463,0.));
#17156 = DIRECTION('',(0.,0.,1.));
#17157 = ADVANCED_FACE('',(#17158),#17164,.F.);
#17158 = FACE_BOUND('',#17159,.F.);
#17159 = EDGE_LOOP('',(#17160,#17161,#17162,#17163));
#17160 = ORIENTED_EDGE('',*,*,#17145,.F.);
#17161 = ORIENTED_EDGE('',*,*,#14077,.F.);
#17162 = ORIENTED_EDGE('',*,*,#11443,.T.);
#17163 = ORIENTED_EDGE('',*,*,#11467,.F.);
#17164 = CYLINDRICAL_SURFACE('',#17165,0.1);
#17165 = AXIS2_PLACEMENT_3D('',#17166,#17167,#17168);
#17166 = CARTESIAN_POINT('',(1.246209542351,-8.E-02,-0.88));
#17167 = DIRECTION('',(0.,0.,-1.));
#17168 = DIRECTION('',(1.,0.,0.));
#17169 = ADVANCED_FACE('',(#17170),#17192,.T.);
#17170 = FACE_BOUND('',#17171,.T.);
#17171 = EDGE_LOOP('',(#17172,#17181,#17182,#17183,#17184,#17185));
#17172 = ORIENTED_EDGE('',*,*,#17173,.T.);
#17173 = EDGE_CURVE('',#17174,#4870,#17176,.T.);
#17174 = VERTEX_POINT('',#17175);
#17175 = CARTESIAN_POINT('',(1.7,-0.28,-0.932287565553));
#17176 = B_SPLINE_CURVE_WITH_KNOTS('',3,(#17177,#17178,#17179,#17180),
  .UNSPECIFIED.,.F.,.F.,(4,4),(0.,1.),.PIECEWISE_BEZIER_KNOTS.);
#17177 = CARTESIAN_POINT('',(1.7,-0.28,-0.932287565553));
#17178 = CARTESIAN_POINT('',(1.684819729773,-0.295180270227,
    -0.949500374062));
#17179 = CARTESIAN_POINT('',(1.668013827844,-0.311986172156,
    -0.962804792402));
#17180 = CARTESIAN_POINT('',(1.65,-0.33,-0.973205080757));
#17181 = ORIENTED_EDGE('',*,*,#4869,.T.);
#17182 = ORIENTED_EDGE('',*,*,#13955,.T.);
#17183 = ORIENTED_EDGE('',*,*,#10399,.F.);
#17184 = ORIENTED_EDGE('',*,*,#10711,.F.);
#17185 = ORIENTED_EDGE('',*,*,#17186,.T.);
#17186 = EDGE_CURVE('',#10704,#17174,#17187,.T.);
#17187 = CIRCLE('',#17188,0.2);
#17188 = AXIS2_PLACEMENT_3D('',#17189,#17190,#17191);
#17189 = CARTESIAN_POINT('',(1.55,-0.28,-0.8));
#17190 = DIRECTION('',(0.,1.,0.));
#17191 = DIRECTION('',(1.,0.,-1.054711873394E-14));
#17192 = CYLINDRICAL_SURFACE('',#17193,0.2);
#17193 = AXIS2_PLACEMENT_3D('',#17194,#17195,#17196);
#17194 = CARTESIAN_POINT('',(1.55,-0.33,-0.8));
#17195 = DIRECTION('',(0.,-1.,0.));
#17196 = DIRECTION('',(1.,0.,0.));
#17197 = ADVANCED_FACE('',(#17198),#17224,.F.);
#17198 = FACE_BOUND('',#17199,.T.);
#17199 = EDGE_LOOP('',(#17200,#17209,#17217,#17223));
#17200 = ORIENTED_EDGE('',*,*,#17201,.F.);
#17201 = EDGE_CURVE('',#17202,#10729,#17204,.T.);
#17202 = VERTEX_POINT('',#17203);
#17203 = CARTESIAN_POINT('',(1.7,-0.28,0.932287565553));
#17204 = CIRCLE('',#17205,0.2);
#17205 = AXIS2_PLACEMENT_3D('',#17206,#17207,#17208);
#17206 = CARTESIAN_POINT('',(1.55,-0.28,0.8));
#17207 = DIRECTION('',(-0.,1.,0.));
#17208 = DIRECTION('',(0.75,0.,0.661437827766));
#17209 = ORIENTED_EDGE('',*,*,#17210,.F.);
#17210 = EDGE_CURVE('',#17211,#17202,#17213,.T.);
#17211 = VERTEX_POINT('',#17212);
#17212 = CARTESIAN_POINT('',(1.7,-0.28,0.615));
#17213 = LINE('',#17214,#17215);
#17214 = CARTESIAN_POINT('',(1.7,-0.28,0.615));
#17215 = VECTOR('',#17216,1.);
#17216 = DIRECTION('',(0.,0.,1.));
#17217 = ORIENTED_EDGE('',*,*,#17218,.F.);
#17218 = EDGE_CURVE('',#10737,#17211,#17219,.T.);
#17219 = LINE('',#17220,#17221);
#17220 = CARTESIAN_POINT('',(1.75,-0.28,0.615));
#17221 = VECTOR('',#17222,1.);
#17222 = DIRECTION('',(-1.,0.,0.));
#17223 = ORIENTED_EDGE('',*,*,#10736,.F.);
#17224 = PLANE('',#17225);
#17225 = AXIS2_PLACEMENT_3D('',#17226,#17227,#17228);
#17226 = CARTESIAN_POINT('',(1.75,-0.28,-1.));
#17227 = DIRECTION('',(-0.,1.,0.));
#17228 = DIRECTION('',(1.,0.,0.));
#17229 = ADVANCED_FACE('',(#17230),#17255,.F.);
#17230 = FACE_BOUND('',#17231,.T.);
#17231 = EDGE_LOOP('',(#17232,#17240,#17248,#17254));
#17232 = ORIENTED_EDGE('',*,*,#17233,.T.);
#17233 = EDGE_CURVE('',#10656,#17234,#17236,.T.);
#17234 = VERTEX_POINT('',#17235);
#17235 = CARTESIAN_POINT('',(1.7,-0.28,0.35));
#17236 = LINE('',#17237,#17238);
#17237 = CARTESIAN_POINT('',(1.75,-0.28,0.35));
#17238 = VECTOR('',#17239,1.);
#17239 = DIRECTION('',(-1.,0.,0.));
#17240 = ORIENTED_EDGE('',*,*,#17241,.F.);
#17241 = EDGE_CURVE('',#17242,#17234,#17244,.T.);
#17242 = VERTEX_POINT('',#17243);
#17243 = CARTESIAN_POINT('',(1.7,-0.28,-0.35));
#17244 = LINE('',#17245,#17246);
#17245 = CARTESIAN_POINT('',(1.7,-0.28,-0.35));
#17246 = VECTOR('',#17247,1.);
#17247 = DIRECTION('',(0.,0.,1.));
#17248 = ORIENTED_EDGE('',*,*,#17249,.F.);
#17249 = EDGE_CURVE('',#10666,#17242,#17250,.T.);
#17250 = LINE('',#17251,#17252);
#17251 = CARTESIAN_POINT('',(1.75,-0.28,-0.35));
#17252 = VECTOR('',#17253,1.);
#17253 = DIRECTION('',(-1.,0.,0.));
#17254 = ORIENTED_EDGE('',*,*,#10665,.F.);
#17255 = PLANE('',#17256);
#17256 = AXIS2_PLACEMENT_3D('',#17257,#17258,#17259);
#17257 = CARTESIAN_POINT('',(1.75,-0.28,-1.));
#17258 = DIRECTION('',(-0.,1.,0.));
#17259 = DIRECTION('',(1.,0.,0.));
#17260 = ADVANCED_FACE('',(#17261),#17279,.F.);
#17261 = FACE_BOUND('',#17262,.T.);
#17262 = EDGE_LOOP('',(#17263,#17271,#17277,#17278));
#17263 = ORIENTED_EDGE('',*,*,#17264,.T.);
#17264 = EDGE_CURVE('',#10696,#17265,#17267,.T.);
#17265 = VERTEX_POINT('',#17266);
#17266 = CARTESIAN_POINT('',(1.7,-0.28,-0.615));
#17267 = LINE('',#17268,#17269);
#17268 = CARTESIAN_POINT('',(1.75,-0.28,-0.615));
#17269 = VECTOR('',#17270,1.);
#17270 = DIRECTION('',(-1.,0.,0.));
#17271 = ORIENTED_EDGE('',*,*,#17272,.F.);
#17272 = EDGE_CURVE('',#17174,#17265,#17273,.T.);
#17273 = LINE('',#17274,#17275);
#17274 = CARTESIAN_POINT('',(1.7,-0.28,-0.932287565553));
#17275 = VECTOR('',#17276,1.);
#17276 = DIRECTION('',(0.,0.,1.));
#17277 = ORIENTED_EDGE('',*,*,#17186,.F.);
#17278 = ORIENTED_EDGE('',*,*,#10703,.F.);
#17279 = PLANE('',#17280);
#17280 = AXIS2_PLACEMENT_3D('',#17281,#17282,#17283);
#17281 = CARTESIAN_POINT('',(1.75,-0.28,-1.));
#17282 = DIRECTION('',(-0.,1.,0.));
#17283 = DIRECTION('',(1.,0.,0.));
#17284 = ADVANCED_FACE('',(#17285),#17305,.F.);
#17285 = FACE_BOUND('',#17286,.T.);
#17286 = EDGE_LOOP('',(#17287,#17288,#17289,#17295,#17296,#17297,#17298,
    #17299));
#17287 = ORIENTED_EDGE('',*,*,#10744,.F.);
#17288 = ORIENTED_EDGE('',*,*,#17218,.T.);
#17289 = ORIENTED_EDGE('',*,*,#17290,.T.);
#17290 = EDGE_CURVE('',#17211,#4563,#17291,.T.);
#17291 = LINE('',#17292,#17293);
#17292 = CARTESIAN_POINT('',(1.7,-0.28,0.615));
#17293 = VECTOR('',#17294,1.);
#17294 = DIRECTION('',(-0.707106781187,-0.707106781187,0.));
#17295 = ORIENTED_EDGE('',*,*,#4562,.T.);
#17296 = ORIENTED_EDGE('',*,*,#5213,.F.);
#17297 = ORIENTED_EDGE('',*,*,#11016,.T.);
#17298 = ORIENTED_EDGE('',*,*,#10907,.F.);
#17299 = ORIENTED_EDGE('',*,*,#17300,.T.);
#17300 = EDGE_CURVE('',#10900,#10745,#17301,.T.);
#17301 = LINE('',#17302,#17303);
#17302 = CARTESIAN_POINT('',(1.58,-6.E-02,0.615));
#17303 = VECTOR('',#17304,1.);
#17304 = DIRECTION('',(1.,0.,0.));
#17305 = PLANE('',#17306);
#17306 = AXIS2_PLACEMENT_3D('',#17307,#17308,#17309);
#17307 = CARTESIAN_POINT('',(1.5,0.33,0.615));
#17308 = DIRECTION('',(0.,0.,1.));
#17309 = DIRECTION('',(1.,0.,-0.));
#17310 = ADVANCED_FACE('',(#17311),#17317,.T.);
#17311 = FACE_BOUND('',#17312,.T.);
#17312 = EDGE_LOOP('',(#17313,#17314,#17315,#17316));
#17313 = ORIENTED_EDGE('',*,*,#17300,.F.);
#17314 = ORIENTED_EDGE('',*,*,#10899,.F.);
#17315 = ORIENTED_EDGE('',*,*,#10505,.T.);
#17316 = ORIENTED_EDGE('',*,*,#10752,.F.);
#17317 = PLANE('',#17318);
#17318 = AXIS2_PLACEMENT_3D('',#17319,#17320,#17321);
#17319 = CARTESIAN_POINT('',(1.665,-3.5E-02,0.64));
#17320 = DIRECTION('',(0.,0.707106781187,-0.707106781187));
#17321 = DIRECTION('',(-1.,0.,0.));
#17322 = ADVANCED_FACE('',(#17323),#17335,.F.);
#17323 = FACE_BOUND('',#17324,.T.);
#17324 = EDGE_LOOP('',(#17325,#17326,#17327,#17334));
#17325 = ORIENTED_EDGE('',*,*,#17290,.F.);
#17326 = ORIENTED_EDGE('',*,*,#17210,.T.);
#17327 = ORIENTED_EDGE('',*,*,#17328,.F.);
#17328 = EDGE_CURVE('',#4571,#17202,#17329,.T.);
#17329 = B_SPLINE_CURVE_WITH_KNOTS('',3,(#17330,#17331,#17332,#17333),
  .UNSPECIFIED.,.F.,.F.,(4,4),(0.,1.),.PIECEWISE_BEZIER_KNOTS.);
#17330 = CARTESIAN_POINT('',(1.65,-0.33,0.973205080757));
#17331 = CARTESIAN_POINT('',(1.668013827844,-0.311986172156,
    0.962804792402));
#17332 = CARTESIAN_POINT('',(1.684819729773,-0.295180270227,
    0.949500374062));
#17333 = CARTESIAN_POINT('',(1.7,-0.28,0.932287565553));
#17334 = ORIENTED_EDGE('',*,*,#4570,.T.);
#17335 = PLANE('',#17336);
#17336 = AXIS2_PLACEMENT_3D('',#17337,#17338,#17339);
#17337 = CARTESIAN_POINT('',(1.7,-0.28,-1.));
#17338 = DIRECTION('',(-0.707106781187,0.707106781187,0.));
#17339 = DIRECTION('',(0.,0.,1.));
#17340 = ADVANCED_FACE('',(#17341),#17357,.F.);
#17341 = FACE_BOUND('',#17342,.T.);
#17342 = EDGE_LOOP('',(#17343,#17349,#17350,#17356));
#17343 = ORIENTED_EDGE('',*,*,#17344,.F.);
#17344 = EDGE_CURVE('',#17242,#4927,#17345,.T.);
#17345 = LINE('',#17346,#17347);
#17346 = CARTESIAN_POINT('',(1.7,-0.28,-0.35));
#17347 = VECTOR('',#17348,1.);
#17348 = DIRECTION('',(-0.707106781187,-0.707106781187,0.));
#17349 = ORIENTED_EDGE('',*,*,#17241,.T.);
#17350 = ORIENTED_EDGE('',*,*,#17351,.T.);
#17351 = EDGE_CURVE('',#17234,#4935,#17352,.T.);
#17352 = LINE('',#17353,#17354);
#17353 = CARTESIAN_POINT('',(1.7,-0.28,0.35));
#17354 = VECTOR('',#17355,1.);
#17355 = DIRECTION('',(-0.707106781187,-0.707106781187,0.));
#17356 = ORIENTED_EDGE('',*,*,#4934,.T.);
#17357 = PLANE('',#17358);
#17358 = AXIS2_PLACEMENT_3D('',#17359,#17360,#17361);
#17359 = CARTESIAN_POINT('',(1.7,-0.28,-1.));
#17360 = DIRECTION('',(-0.707106781187,0.707106781187,0.));
#17361 = DIRECTION('',(0.,0.,1.));
#17362 = ADVANCED_FACE('',(#17363),#17374,.F.);
#17363 = FACE_BOUND('',#17364,.T.);
#17364 = EDGE_LOOP('',(#17365,#17366,#17367,#17373));
#17365 = ORIENTED_EDGE('',*,*,#17173,.F.);
#17366 = ORIENTED_EDGE('',*,*,#17272,.T.);
#17367 = ORIENTED_EDGE('',*,*,#17368,.T.);
#17368 = EDGE_CURVE('',#17265,#4879,#17369,.T.);
#17369 = LINE('',#17370,#17371);
#17370 = CARTESIAN_POINT('',(1.7,-0.28,-0.615));
#17371 = VECTOR('',#17372,1.);
#17372 = DIRECTION('',(-0.707106781187,-0.707106781187,0.));
#17373 = ORIENTED_EDGE('',*,*,#4878,.T.);
#17374 = PLANE('',#17375);
#17375 = AXIS2_PLACEMENT_3D('',#17376,#17377,#17378);
#17376 = CARTESIAN_POINT('',(1.7,-0.28,-1.));
#17377 = DIRECTION('',(-0.707106781187,0.707106781187,0.));
#17378 = DIRECTION('',(0.,0.,1.));
#17379 = ADVANCED_FACE('',(#17380),#17388,.T.);
#17380 = FACE_BOUND('',#17381,.T.);
#17381 = EDGE_LOOP('',(#17382,#17383,#17384,#17385,#17386,#17387));
#17382 = ORIENTED_EDGE('',*,*,#10728,.T.);
#17383 = ORIENTED_EDGE('',*,*,#10488,.F.);
#17384 = ORIENTED_EDGE('',*,*,#12754,.F.);
#17385 = ORIENTED_EDGE('',*,*,#4578,.T.);
#17386 = ORIENTED_EDGE('',*,*,#17328,.T.);
#17387 = ORIENTED_EDGE('',*,*,#17201,.T.);
#17388 = CYLINDRICAL_SURFACE('',#17389,0.2);
#17389 = AXIS2_PLACEMENT_3D('',#17390,#17391,#17392);
#17390 = CARTESIAN_POINT('',(1.55,-0.33,0.8));
#17391 = DIRECTION('',(0.,-1.,0.));
#17392 = DIRECTION('',(1.,0.,0.));
#17393 = ADVANCED_FACE('',(#17394),#17402,.F.);
#17394 = FACE_BOUND('',#17395,.T.);
#17395 = EDGE_LOOP('',(#17396,#17397,#17398,#17399,#17400,#17401));
#17396 = ORIENTED_EDGE('',*,*,#4942,.F.);
#17397 = ORIENTED_EDGE('',*,*,#17351,.F.);
#17398 = ORIENTED_EDGE('',*,*,#17233,.F.);
#17399 = ORIENTED_EDGE('',*,*,#10655,.T.);
#17400 = ORIENTED_EDGE('',*,*,#10766,.T.);
#17401 = ORIENTED_EDGE('',*,*,#10813,.F.);
#17402 = PLANE('',#17403);
#17403 = AXIS2_PLACEMENT_3D('',#17404,#17405,#17406);
#17404 = CARTESIAN_POINT('',(1.75,0.33,0.35));
#17405 = DIRECTION('',(0.,0.,-1.));
#17406 = DIRECTION('',(0.,-1.,0.));
#17407 = ADVANCED_FACE('',(#17408),#17416,.F.);
#17408 = FACE_BOUND('',#17409,.T.);
#17409 = EDGE_LOOP('',(#17410,#17411,#17412,#17413,#17414,#17415));
#17410 = ORIENTED_EDGE('',*,*,#10775,.T.);
#17411 = ORIENTED_EDGE('',*,*,#10673,.F.);
#17412 = ORIENTED_EDGE('',*,*,#17249,.T.);
#17413 = ORIENTED_EDGE('',*,*,#17344,.T.);
#17414 = ORIENTED_EDGE('',*,*,#4926,.T.);
#17415 = ORIENTED_EDGE('',*,*,#10820,.T.);
#17416 = PLANE('',#17417);
#17417 = AXIS2_PLACEMENT_3D('',#17418,#17419,#17420);
#17418 = CARTESIAN_POINT('',(1.5,0.33,-0.35));
#17419 = DIRECTION('',(0.,0.,1.));
#17420 = DIRECTION('',(1.,0.,-0.));
#17421 = ADVANCED_FACE('',(#17422),#17432,.F.);
#17422 = FACE_BOUND('',#17423,.T.);
#17423 = EDGE_LOOP('',(#17424,#17425,#17426,#17427,#17428,#17429,#17430,
    #17431));
#17424 = ORIENTED_EDGE('',*,*,#10859,.T.);
#17425 = ORIENTED_EDGE('',*,*,#10999,.F.);
#17426 = ORIENTED_EDGE('',*,*,#5173,.T.);
#17427 = ORIENTED_EDGE('',*,*,#4886,.F.);
#17428 = ORIENTED_EDGE('',*,*,#17368,.F.);
#17429 = ORIENTED_EDGE('',*,*,#17264,.F.);
#17430 = ORIENTED_EDGE('',*,*,#10695,.T.);
#17431 = ORIENTED_EDGE('',*,*,#10632,.T.);
#17432 = PLANE('',#17433);
#17433 = AXIS2_PLACEMENT_3D('',#17434,#17435,#17436);
#17434 = CARTESIAN_POINT('',(1.75,0.33,-0.615));
#17435 = DIRECTION('',(0.,0.,-1.));
#17436 = DIRECTION('',(0.,-1.,0.));
#17437 = ADVANCED_FACE('',(#17438),#17444,.F.);
#17438 = FACE_BOUND('',#17439,.T.);
#17439 = EDGE_LOOP('',(#17440,#17441,#17442,#17443));
#17440 = ORIENTED_EDGE('',*,*,#9989,.T.);
#17441 = ORIENTED_EDGE('',*,*,#4805,.F.);
#17442 = ORIENTED_EDGE('',*,*,#13977,.T.);
#17443 = ORIENTED_EDGE('',*,*,#10577,.T.);
#17444 = PLANE('',#17445);
#17445 = AXIS2_PLACEMENT_3D('',#17446,#17447,#17448);
#17446 = CARTESIAN_POINT('',(-1.265,0.33,-1.));
#17447 = DIRECTION('',(-1.,0.,0.));
#17448 = DIRECTION('',(0.,0.,1.));
#17449 = ADVANCED_FACE('',(#17450),#17458,.F.);
#17450 = FACE_BOUND('',#17451,.T.);
#17451 = EDGE_LOOP('',(#17452,#17453,#17454,#17455,#17456,#17457));
#17452 = ORIENTED_EDGE('',*,*,#4732,.F.);
#17453 = ORIENTED_EDGE('',*,*,#12880,.T.);
#17454 = ORIENTED_EDGE('',*,*,#13876,.F.);
#17455 = ORIENTED_EDGE('',*,*,#12977,.T.);
#17456 = ORIENTED_EDGE('',*,*,#13074,.T.);
#17457 = ORIENTED_EDGE('',*,*,#13114,.F.);
#17458 = PLANE('',#17459);
#17459 = AXIS2_PLACEMENT_3D('',#17460,#17461,#17462);
#17460 = CARTESIAN_POINT('',(-1.75,0.33,-0.35));
#17461 = DIRECTION('',(0.,0.,1.));
#17462 = DIRECTION('',(1.,0.,-0.));
#17463 = ADVANCED_FACE('',(#17464),#17470,.F.);
#17464 = FACE_BOUND('',#17465,.T.);
#17465 = EDGE_LOOP('',(#17466,#17467,#17468,#17469));
#17466 = ORIENTED_EDGE('',*,*,#5365,.T.);
#17467 = ORIENTED_EDGE('',*,*,#4595,.F.);
#17468 = ORIENTED_EDGE('',*,*,#12747,.T.);
#17469 = ORIENTED_EDGE('',*,*,#10472,.T.);
#17470 = PLANE('',#17471);
#17471 = AXIS2_PLACEMENT_3D('',#17472,#17473,#17474);
#17472 = CARTESIAN_POINT('',(1.265,0.33,1.));
#17473 = DIRECTION('',(1.,0.,0.));
#17474 = DIRECTION('',(-0.,1.,0.));
#17475 = ADVANCED_FACE('',(#17476),#17487,.F.);
#17476 = FACE_BOUND('',#17477,.T.);
#17477 = EDGE_LOOP('',(#17478,#17479,#17485,#17486));
#17478 = ORIENTED_EDGE('',*,*,#12578,.T.);
#17479 = ORIENTED_EDGE('',*,*,#17480,.F.);
#17480 = EDGE_CURVE('',#12440,#12571,#17481,.T.);
#17481 = LINE('',#17482,#17483);
#17482 = CARTESIAN_POINT('',(-0.62,6.8E-02,0.62866826328));
#17483 = VECTOR('',#17484,1.);
#17484 = DIRECTION('',(-1.,0.,0.));
#17485 = ORIENTED_EDGE('',*,*,#12439,.F.);
#17486 = ORIENTED_EDGE('',*,*,#6892,.T.);
#17487 = PLANE('',#17488);
#17488 = AXIS2_PLACEMENT_3D('',#17489,#17490,#17491);
#17489 = CARTESIAN_POINT('',(-0.62,6.8E-02,0.97));
#17490 = DIRECTION('',(-0.,1.,0.));
#17491 = DIRECTION('',(1.,0.,0.));
#17492 = ADVANCED_FACE('',(#17493),#17504,.F.);
#17493 = FACE_BOUND('',#17494,.T.);
#17494 = EDGE_LOOP('',(#17495,#17496,#17497,#17503));
#17495 = ORIENTED_EDGE('',*,*,#17480,.T.);
#17496 = ORIENTED_EDGE('',*,*,#12570,.T.);
#17497 = ORIENTED_EDGE('',*,*,#17498,.F.);
#17498 = EDGE_CURVE('',#12448,#12562,#17499,.T.);
#17499 = LINE('',#17500,#17501);
#17500 = CARTESIAN_POINT('',(-0.62,0.147698376862,0.571756978372));
#17501 = VECTOR('',#17502,1.);
#17502 = DIRECTION('',(-1.,0.,0.));
#17503 = ORIENTED_EDGE('',*,*,#12447,.F.);
#17504 = PLANE('',#17505);
#17505 = AXIS2_PLACEMENT_3D('',#17506,#17507,#17508);
#17506 = CARTESIAN_POINT('',(-0.62,6.8E-02,0.62866826328));
#17507 = DIRECTION('',(0.,0.581129145978,0.813811351416));
#17508 = DIRECTION('',(1.,-0.,0.));
#17509 = ADVANCED_FACE('',(#17510),#17516,.T.);
#17510 = FACE_BOUND('',#17511,.T.);
#17511 = EDGE_LOOP('',(#17512,#17513,#17514,#17515));
#17512 = ORIENTED_EDGE('',*,*,#4132,.T.);
#17513 = ORIENTED_EDGE('',*,*,#12455,.F.);
#17514 = ORIENTED_EDGE('',*,*,#17498,.T.);
#17515 = ORIENTED_EDGE('',*,*,#12561,.T.);
#17516 = CYLINDRICAL_SURFACE('',#17517,9.E-02);
#17517 = AXIS2_PLACEMENT_3D('',#17518,#17519,#17520);
#17518 = CARTESIAN_POINT('',(-0.62,0.2,0.645));
#17519 = DIRECTION('',(-1.,0.,-0.));
#17520 = DIRECTION('',(0.,0.,-1.));
#17521 = ADVANCED_FACE('',(#17522),#17533,.F.);
#17522 = FACE_BOUND('',#17523,.T.);
#17523 = EDGE_LOOP('',(#17524,#17525,#17526,#17532));
#17524 = ORIENTED_EDGE('',*,*,#4151,.T.);
#17525 = ORIENTED_EDGE('',*,*,#12554,.T.);
#17526 = ORIENTED_EDGE('',*,*,#17527,.F.);
#17527 = EDGE_CURVE('',#12464,#12546,#17528,.T.);
#17528 = LINE('',#17529,#17530);
#17529 = CARTESIAN_POINT('',(-0.62,0.297850884872,0.609619985366));
#17530 = VECTOR('',#17531,1.);
#17531 = DIRECTION('',(-1.,0.,0.));
#17532 = ORIENTED_EDGE('',*,*,#12463,.F.);
#17533 = PLANE('',#17534);
#17534 = AXIS2_PLACEMENT_3D('',#17535,#17536,#17537);
#17535 = CARTESIAN_POINT('',(-0.62,0.257850884872,0.576056000119));
#17536 = DIRECTION('',(0.,-0.642787609686,0.766044443119));
#17537 = DIRECTION('',(-1.,0.,0.));
#17538 = ADVANCED_FACE('',(#17539),#17550,.T.);
#17539 = FACE_BOUND('',#17540,.T.);
#17540 = EDGE_LOOP('',(#17541,#17542,#17543,#17549));
#17541 = ORIENTED_EDGE('',*,*,#17527,.T.);
#17542 = ORIENTED_EDGE('',*,*,#12545,.T.);
#17543 = ORIENTED_EDGE('',*,*,#17544,.F.);
#17544 = EDGE_CURVE('',#12472,#12538,#17545,.T.);
#17545 = LINE('',#17546,#17547);
#17546 = CARTESIAN_POINT('',(-0.62,0.33,0.678563985247));
#17547 = VECTOR('',#17548,1.);
#17548 = DIRECTION('',(-1.,0.,0.));
#17549 = ORIENTED_EDGE('',*,*,#12471,.F.);
#17550 = CYLINDRICAL_SURFACE('',#17551,9.E-02);
#17551 = AXIS2_PLACEMENT_3D('',#17552,#17553,#17554);
#17552 = CARTESIAN_POINT('',(-0.62,0.24,0.678563985247));
#17553 = DIRECTION('',(-1.,0.,-0.));
#17554 = DIRECTION('',(0.,0.,-1.));
#17555 = ADVANCED_FACE('',(#17556),#17562,.F.);
#17556 = FACE_BOUND('',#17557,.T.);
#17557 = EDGE_LOOP('',(#17558,#17559,#17560,#17561));
#17558 = ORIENTED_EDGE('',*,*,#17544,.T.);
#17559 = ORIENTED_EDGE('',*,*,#12537,.T.);
#17560 = ORIENTED_EDGE('',*,*,#12504,.F.);
#17561 = ORIENTED_EDGE('',*,*,#12480,.F.);
#17562 = PLANE('',#17563);
#17563 = AXIS2_PLACEMENT_3D('',#17564,#17565,#17566);
#17564 = CARTESIAN_POINT('',(-0.62,0.33,0.678563985247));
#17565 = DIRECTION('',(0.,-1.,0.));
#17566 = DIRECTION('',(0.,0.,-1.));
#17567 = ADVANCED_FACE('',(#17568),#17579,.F.);
#17568 = FACE_BOUND('',#17569,.F.);
#17569 = EDGE_LOOP('',(#17570,#17576,#17577,#17578));
#17570 = ORIENTED_EDGE('',*,*,#17571,.F.);
#17571 = EDGE_CURVE('',#12378,#12159,#17572,.T.);
#17572 = LINE('',#17573,#17574);
#17573 = CARTESIAN_POINT('',(-0.835,0.13,0.88));
#17574 = VECTOR('',#17575,1.);
#17575 = DIRECTION('',(0.,0.,1.));
#17576 = ORIENTED_EDGE('',*,*,#12385,.F.);
#17577 = ORIENTED_EDGE('',*,*,#12529,.T.);
#17578 = ORIENTED_EDGE('',*,*,#12158,.F.);
#17579 = CYLINDRICAL_SURFACE('',#17580,4.E-02);
#17580 = AXIS2_PLACEMENT_3D('',#17581,#17582,#17583);
#17581 = CARTESIAN_POINT('',(-0.835,0.17,0.88));
#17582 = DIRECTION('',(0.,0.,1.));
#17583 = DIRECTION('',(-1.,0.,0.));
#17584 = ADVANCED_FACE('',(#17585),#17596,.F.);
#17585 = FACE_BOUND('',#17586,.T.);
#17586 = EDGE_LOOP('',(#17587,#17588,#17589,#17590));
#17587 = ORIENTED_EDGE('',*,*,#12167,.T.);
#17588 = ORIENTED_EDGE('',*,*,#17571,.F.);
#17589 = ORIENTED_EDGE('',*,*,#12377,.F.);
#17590 = ORIENTED_EDGE('',*,*,#17591,.T.);
#17591 = EDGE_CURVE('',#12369,#12168,#17592,.T.);
#17592 = LINE('',#17593,#17594);
#17593 = CARTESIAN_POINT('',(-0.90021809153,0.13,0.88));
#17594 = VECTOR('',#17595,1.);
#17595 = DIRECTION('',(0.,0.,1.));
#17596 = PLANE('',#17597);
#17597 = AXIS2_PLACEMENT_3D('',#17598,#17599,#17600);
#17598 = CARTESIAN_POINT('',(-0.90021809153,0.13,0.88));
#17599 = DIRECTION('',(0.,-1.,0.));
#17600 = DIRECTION('',(0.,0.,-1.));
#17601 = ADVANCED_FACE('',(#17602),#17608,.F.);
#17602 = FACE_BOUND('',#17603,.F.);
#17603 = EDGE_LOOP('',(#17604,#17605,#17606,#17607));
#17604 = ORIENTED_EDGE('',*,*,#12238,.F.);
#17605 = ORIENTED_EDGE('',*,*,#12368,.F.);
#17606 = ORIENTED_EDGE('',*,*,#17591,.T.);
#17607 = ORIENTED_EDGE('',*,*,#12175,.F.);
#17608 = CYLINDRICAL_SURFACE('',#17609,4.E-02);
#17609 = AXIS2_PLACEMENT_3D('',#17610,#17611,#17612);
#17610 = CARTESIAN_POINT('',(-0.90021809153,0.17,0.88));
#17611 = DIRECTION('',(0.,0.,1.));
#17612 = DIRECTION('',(-1.,0.,0.));
#17613 = ADVANCED_FACE('',(#17614),#17640,.T.);
#17614 = FACE_BOUND('',#17615,.T.);
#17615 = EDGE_LOOP('',(#17616,#17617,#17625,#17633,#17639));
#17616 = ORIENTED_EDGE('',*,*,#11968,.T.);
#17617 = ORIENTED_EDGE('',*,*,#17618,.T.);
#17618 = EDGE_CURVE('',#11961,#17619,#17621,.T.);
#17619 = VERTEX_POINT('',#17620);
#17620 = CARTESIAN_POINT('',(-1.411191602831,0.419625454917,0.75));
#17621 = LINE('',#17622,#17623);
#17622 = CARTESIAN_POINT('',(-1.271191602831,0.357293438974,
    0.632840042824));
#17623 = VECTOR('',#17624,1.);
#17624 = DIRECTION('',(-0.725751716034,0.32312548239,0.607350285505));
#17625 = ORIENTED_EDGE('',*,*,#17626,.F.);
#17626 = EDGE_CURVE('',#17627,#17619,#17629,.T.);
#17627 = VERTEX_POINT('',#17628);
#17628 = CARTESIAN_POINT('',(-1.411191602831,0.332054552637,0.75));
#17629 = LINE('',#17630,#17631);
#17630 = CARTESIAN_POINT('',(-1.411191602831,0.332054552637,0.75));
#17631 = VECTOR('',#17632,1.);
#17632 = DIRECTION('',(0.,1.,0.));
#17633 = ORIENTED_EDGE('',*,*,#17634,.F.);
#17634 = EDGE_CURVE('',#5960,#17627,#17635,.T.);
#17635 = LINE('',#17636,#17637);
#17636 = CARTESIAN_POINT('',(-1.406577002055,0.33,0.746138239791));
#17637 = VECTOR('',#17638,1.);
#17638 = DIRECTION('',(-0.725751716034,0.32312548239,0.607350285505));
#17639 = ORIENTED_EDGE('',*,*,#5959,.T.);
#17640 = PLANE('',#17641);
#17641 = AXIS2_PLACEMENT_3D('',#17642,#17643,#17644);
#17642 = CARTESIAN_POINT('',(-1.411191602831,0.33,0.75));
#17643 = DIRECTION('',(0.641777727204,0.,0.766890702033));
#17644 = DIRECTION('',(0.,-1.,0.));
#17645 = ADVANCED_FACE('',(#17646),#17680,.F.);
#17646 = FACE_BOUND('',#17647,.T.);
#17647 = EDGE_LOOP('',(#17648,#17649,#17650,#17658,#17666,#17674));
#17648 = ORIENTED_EDGE('',*,*,#5967,.F.);
#17649 = ORIENTED_EDGE('',*,*,#17634,.T.);
#17650 = ORIENTED_EDGE('',*,*,#17651,.F.);
#17651 = EDGE_CURVE('',#17652,#17627,#17654,.T.);
#17652 = VERTEX_POINT('',#17653);
#17653 = CARTESIAN_POINT('',(-1.443730534277,0.346541818306,0.75));
#17654 = LINE('',#17655,#17656);
#17655 = CARTESIAN_POINT('',(-1.443730534277,0.346541818306,0.75));
#17656 = VECTOR('',#17657,1.);
#17657 = DIRECTION('',(0.913545457643,-0.406736643076,0.));
#17658 = ORIENTED_EDGE('',*,*,#17659,.T.);
#17659 = EDGE_CURVE('',#17652,#17660,#17662,.T.);
#17660 = VERTEX_POINT('',#17661);
#17661 = CARTESIAN_POINT('',(-1.443730534277,0.346541818306,-0.75));
#17662 = LINE('',#17663,#17664);
#17663 = CARTESIAN_POINT('',(-1.443730534277,0.346541818306,0.75));
#17664 = VECTOR('',#17665,1.);
#17665 = DIRECTION('',(0.,0.,-1.));
#17666 = ORIENTED_EDGE('',*,*,#17667,.T.);
#17667 = EDGE_CURVE('',#17660,#17668,#17670,.T.);
#17668 = VERTEX_POINT('',#17669);
#17669 = CARTESIAN_POINT('',(-1.411191602831,0.332054552637,-0.75));
#17670 = LINE('',#17671,#17672);
#17671 = CARTESIAN_POINT('',(-1.443730534277,0.346541818306,-0.75));
#17672 = VECTOR('',#17673,1.);
#17673 = DIRECTION('',(0.913545457643,-0.406736643076,0.));
#17674 = ORIENTED_EDGE('',*,*,#17675,.F.);
#17675 = EDGE_CURVE('',#5968,#17668,#17676,.T.);
#17676 = LINE('',#17677,#17678);
#17677 = CARTESIAN_POINT('',(-1.406577002055,0.33,-0.746138239791));
#17678 = VECTOR('',#17679,1.);
#17679 = DIRECTION('',(-0.725751716034,0.32312548239,-0.607350285505));
#17680 = PLANE('',#17681);
#17681 = AXIS2_PLACEMENT_3D('',#17682,#17683,#17684);
#17682 = CARTESIAN_POINT('',(-1.443730534277,0.346541818306,0.75));
#17683 = DIRECTION('',(0.406736643076,0.913545457643,0.));
#17684 = DIRECTION('',(0.,0.,-1.));
#17685 = ADVANCED_FACE('',(#17686),#17705,.T.);
#17686 = FACE_BOUND('',#17687,.T.);
#17687 = EDGE_LOOP('',(#17688,#17689,#17697,#17703,#17704));
#17688 = ORIENTED_EDGE('',*,*,#17675,.T.);
#17689 = ORIENTED_EDGE('',*,*,#17690,.T.);
#17690 = EDGE_CURVE('',#17668,#17691,#17693,.T.);
#17691 = VERTEX_POINT('',#17692);
#17692 = CARTESIAN_POINT('',(-1.411191602831,0.419625454917,-0.75));
#17693 = LINE('',#17694,#17695);
#17694 = CARTESIAN_POINT('',(-1.411191602831,0.332054552637,-0.75));
#17695 = VECTOR('',#17696,1.);
#17696 = DIRECTION('',(0.,1.,0.));
#17697 = ORIENTED_EDGE('',*,*,#17698,.F.);
#17698 = EDGE_CURVE('',#11952,#17691,#17699,.T.);
#17699 = LINE('',#17700,#17701);
#17700 = CARTESIAN_POINT('',(-1.271191602831,0.357293438974,
    -0.632840042824));
#17701 = VECTOR('',#17702,1.);
#17702 = DIRECTION('',(-0.725751716034,0.32312548239,-0.607350285505));
#17703 = ORIENTED_EDGE('',*,*,#11951,.F.);
#17704 = ORIENTED_EDGE('',*,*,#5975,.T.);
#17705 = PLANE('',#17706);
#17706 = AXIS2_PLACEMENT_3D('',#17707,#17708,#17709);
#17707 = CARTESIAN_POINT('',(-1.22,0.33,-0.59));
#17708 = DIRECTION('',(0.641777727204,0.,-0.766890702033));
#17709 = DIRECTION('',(0.,-1.,0.));
#17710 = ADVANCED_FACE('',(#17711),#17722,.F.);
#17711 = FACE_BOUND('',#17712,.T.);
#17712 = EDGE_LOOP('',(#17713,#17719,#17720,#17721));
#17713 = ORIENTED_EDGE('',*,*,#17714,.F.);
#17714 = EDGE_CURVE('',#17619,#17691,#17715,.T.);
#17715 = LINE('',#17716,#17717);
#17716 = CARTESIAN_POINT('',(-1.411191602831,0.419625454917,0.75));
#17717 = VECTOR('',#17718,1.);
#17718 = DIRECTION('',(0.,0.,-1.));
#17719 = ORIENTED_EDGE('',*,*,#17618,.F.);
#17720 = ORIENTED_EDGE('',*,*,#11960,.T.);
#17721 = ORIENTED_EDGE('',*,*,#17698,.T.);
#17722 = PLANE('',#17723);
#17723 = AXIS2_PLACEMENT_3D('',#17724,#17725,#17726);
#17724 = CARTESIAN_POINT('',(-1.271191602831,0.357293438974,0.75));
#17725 = DIRECTION('',(-0.406736643076,-0.913545457643,0.));
#17726 = DIRECTION('',(-0.913545457643,0.406736643076,0.));
#17727 = ADVANCED_FACE('',(#17728),#17746,.T.);
#17728 = FACE_BOUND('',#17729,.T.);
#17729 = EDGE_LOOP('',(#17730,#17737,#17738,#17745));
#17730 = ORIENTED_EDGE('',*,*,#17731,.T.);
#17731 = EDGE_CURVE('',#17691,#6000,#17732,.T.);
#17732 = CIRCLE('',#17733,0.12);
#17733 = AXIS2_PLACEMENT_3D('',#17734,#17735,#17736);
#17734 = CARTESIAN_POINT('',(-1.46,0.31,-0.75));
#17735 = DIRECTION('',(0.,-0.,1.));
#17736 = DIRECTION('',(0.406736643076,0.913545457643,0.));
#17737 = ORIENTED_EDGE('',*,*,#5999,.T.);
#17738 = ORIENTED_EDGE('',*,*,#17739,.F.);
#17739 = EDGE_CURVE('',#17619,#6002,#17740,.T.);
#17740 = CIRCLE('',#17741,0.12);
#17741 = AXIS2_PLACEMENT_3D('',#17742,#17743,#17744);
#17742 = CARTESIAN_POINT('',(-1.46,0.31,0.75));
#17743 = DIRECTION('',(0.,-0.,1.));
#17744 = DIRECTION('',(0.406736643076,0.913545457643,0.));
#17745 = ORIENTED_EDGE('',*,*,#17714,.T.);
#17746 = CYLINDRICAL_SURFACE('',#17747,0.12);
#17747 = AXIS2_PLACEMENT_3D('',#17748,#17749,#17750);
#17748 = CARTESIAN_POINT('',(-1.46,0.31,0.75));
#17749 = DIRECTION('',(0.,0.,-1.));
#17750 = DIRECTION('',(1.,0.,0.));
#17751 = ADVANCED_FACE('',(#17752),#17765,.T.);
#17752 = FACE_BOUND('',#17753,.T.);
#17753 = EDGE_LOOP('',(#17754,#17755,#17756,#17763,#17764));
#17754 = ORIENTED_EDGE('',*,*,#17739,.T.);
#17755 = ORIENTED_EDGE('',*,*,#6025,.T.);
#17756 = ORIENTED_EDGE('',*,*,#17757,.T.);
#17757 = EDGE_CURVE('',#6018,#17652,#17758,.T.);
#17758 = CIRCLE('',#17759,4.E-02);
#17759 = AXIS2_PLACEMENT_3D('',#17760,#17761,#17762);
#17760 = CARTESIAN_POINT('',(-1.46,0.31,0.75));
#17761 = DIRECTION('',(0.,0.,-1.));
#17762 = DIRECTION('',(-0.866025403784,0.5,0.));
#17763 = ORIENTED_EDGE('',*,*,#17651,.T.);
#17764 = ORIENTED_EDGE('',*,*,#17626,.T.);
#17765 = PLANE('',#17766);
#17766 = AXIS2_PLACEMENT_3D('',#17767,#17768,#17769);
#17767 = CARTESIAN_POINT('',(0.,0.,0.75));
#17768 = DIRECTION('',(0.,0.,1.));
#17769 = DIRECTION('',(1.,0.,-0.));
#17770 = ADVANCED_FACE('',(#17771),#17783,.F.);
#17771 = FACE_BOUND('',#17772,.F.);
#17772 = EDGE_LOOP('',(#17773,#17774,#17775,#17782));
#17773 = ORIENTED_EDGE('',*,*,#17757,.T.);
#17774 = ORIENTED_EDGE('',*,*,#17659,.T.);
#17775 = ORIENTED_EDGE('',*,*,#17776,.F.);
#17776 = EDGE_CURVE('',#6010,#17660,#17777,.T.);
#17777 = CIRCLE('',#17778,4.E-02);
#17778 = AXIS2_PLACEMENT_3D('',#17779,#17780,#17781);
#17779 = CARTESIAN_POINT('',(-1.46,0.31,-0.75));
#17780 = DIRECTION('',(0.,0.,-1.));
#17781 = DIRECTION('',(-0.866025403784,0.5,0.));
#17782 = ORIENTED_EDGE('',*,*,#6017,.T.);
#17783 = CYLINDRICAL_SURFACE('',#17784,4.E-02);
#17784 = AXIS2_PLACEMENT_3D('',#17785,#17786,#17787);
#17785 = CARTESIAN_POINT('',(-1.46,0.31,0.75));
#17786 = DIRECTION('',(0.,0.,-1.));
#17787 = DIRECTION('',(1.,0.,0.));
#17788 = ADVANCED_FACE('',(#17789),#17796,.F.);
#17789 = FACE_BOUND('',#17790,.T.);
#17790 = EDGE_LOOP('',(#17791,#17792,#17793,#17794,#17795));
#17791 = ORIENTED_EDGE('',*,*,#17667,.F.);
#17792 = ORIENTED_EDGE('',*,*,#17776,.F.);
#17793 = ORIENTED_EDGE('',*,*,#6009,.F.);
#17794 = ORIENTED_EDGE('',*,*,#17731,.F.);
#17795 = ORIENTED_EDGE('',*,*,#17690,.F.);
#17796 = PLANE('',#17797);
#17797 = AXIS2_PLACEMENT_3D('',#17798,#17799,#17800);
#17798 = CARTESIAN_POINT('',(0.,0.,-0.75));
#17799 = DIRECTION('',(0.,0.,1.));
#17800 = DIRECTION('',(1.,0.,-0.));
#17801 = ADVANCED_FACE('',(#17802),#17813,.T.);
#17802 = FACE_BOUND('',#17803,.T.);
#17803 = EDGE_LOOP('',(#17804,#17805,#17811,#17812));
#17804 = ORIENTED_EDGE('',*,*,#11763,.F.);
#17805 = ORIENTED_EDGE('',*,*,#17806,.F.);
#17806 = EDGE_CURVE('',#5886,#11756,#17807,.T.);
#17807 = LINE('',#17808,#17809);
#17808 = CARTESIAN_POINT('',(-1.2203,0.33,-0.787));
#17809 = VECTOR('',#17810,1.);
#17810 = DIRECTION('',(0.,1.,0.));
#17811 = ORIENTED_EDGE('',*,*,#5885,.T.);
#17812 = ORIENTED_EDGE('',*,*,#11927,.T.);
#17813 = PLANE('',#17814);
#17814 = AXIS2_PLACEMENT_3D('',#17815,#17816,#17817);
#17815 = CARTESIAN_POINT('',(-1.2203,0.33,-0.787));
#17816 = DIRECTION('',(-1.,0.,0.));
#17817 = DIRECTION('',(0.,0.,1.));
#17818 = ADVANCED_FACE('',(#17819),#17825,.T.);
#17819 = FACE_BOUND('',#17820,.T.);
#17820 = EDGE_LOOP('',(#17821,#17822,#17823,#17824));
#17821 = ORIENTED_EDGE('',*,*,#17806,.T.);
#17822 = ORIENTED_EDGE('',*,*,#11755,.F.);
#17823 = ORIENTED_EDGE('',*,*,#9750,.F.);
#17824 = ORIENTED_EDGE('',*,*,#5895,.T.);
#17825 = PLANE('',#17826);
#17826 = AXIS2_PLACEMENT_3D('',#17827,#17828,#17829);
#17827 = CARTESIAN_POINT('',(-1.37,0.33,-0.97));
#17828 = DIRECTION('',(-0.774013830159,0.,0.633168690573));
#17829 = DIRECTION('',(0.,1.,0.));
#17830 = ADVANCED_FACE('',(#17831),#17842,.T.);
#17831 = FACE_BOUND('',#17832,.T.);
#17832 = EDGE_LOOP('',(#17833,#17834,#17840,#17841));
#17833 = ORIENTED_EDGE('',*,*,#6081,.T.);
#17834 = ORIENTED_EDGE('',*,*,#17835,.T.);
#17835 = EDGE_CURVE('',#6074,#11741,#17836,.T.);
#17836 = LINE('',#17837,#17838);
#17837 = CARTESIAN_POINT('',(-0.9303,0.33,-0.7897));
#17838 = VECTOR('',#17839,1.);
#17839 = DIRECTION('',(0.,1.,0.));
#17840 = ORIENTED_EDGE('',*,*,#11738,.F.);
#17841 = ORIENTED_EDGE('',*,*,#11919,.T.);
#17842 = PLANE('',#17843);
#17843 = AXIS2_PLACEMENT_3D('',#17844,#17845,#17846);
#17844 = CARTESIAN_POINT('',(-0.9303,0.33,-0.63));
#17845 = DIRECTION('',(1.,0.,0.));
#17846 = DIRECTION('',(-0.,1.,0.));
#17847 = ADVANCED_FACE('',(#17848),#17855,.T.);
#17848 = FACE_BOUND('',#17849,.T.);
#17849 = EDGE_LOOP('',(#17850,#17851,#17852,#17853,#17854));
#17850 = ORIENTED_EDGE('',*,*,#9829,.T.);
#17851 = ORIENTED_EDGE('',*,*,#9766,.T.);
#17852 = ORIENTED_EDGE('',*,*,#11748,.F.);
#17853 = ORIENTED_EDGE('',*,*,#17835,.F.);
#17854 = ORIENTED_EDGE('',*,*,#6073,.T.);
#17855 = PLANE('',#17856);
#17856 = AXIS2_PLACEMENT_3D('',#17857,#17858,#17859);
#17857 = CARTESIAN_POINT('',(-0.9303,0.33,-0.7897));
#17858 = DIRECTION('',(0.688920156147,0.,-0.724837235836));
#17859 = DIRECTION('',(0.,-1.,0.));
#17860 = ADVANCED_FACE('',(#17861),#17866,.F.);
#17861 = FACE_BOUND('',#17862,.T.);
#17862 = EDGE_LOOP('',(#17863,#17864,#17865));
#17863 = ORIENTED_EDGE('',*,*,#7646,.T.);
#17864 = ORIENTED_EDGE('',*,*,#6039,.T.);
#17865 = ORIENTED_EDGE('',*,*,#11912,.T.);
#17866 = PLANE('',#17867);
#17867 = AXIS2_PLACEMENT_3D('',#17868,#17869,#17870);
#17868 = CARTESIAN_POINT('',(-0.9303,0.33,-0.63));
#17869 = DIRECTION('',(1.,0.,0.));
#17870 = DIRECTION('',(-0.,1.,0.));
#17871 = ADVANCED_FACE('',(#17872),#17904,.T.);
#17872 = FACE_BOUND('',#17873,.T.);
#17873 = EDGE_LOOP('',(#17874,#17875,#17882,#17889,#17890,#17897));
#17874 = ORIENTED_EDGE('',*,*,#6961,.T.);
#17875 = ORIENTED_EDGE('',*,*,#17876,.F.);
#17876 = EDGE_CURVE('',#6353,#6954,#17877,.T.);
#17877 = CIRCLE('',#17878,0.12);
#17878 = AXIS2_PLACEMENT_3D('',#17879,#17880,#17881);
#17879 = CARTESIAN_POINT('',(0.9303,0.31,0.75));
#17880 = DIRECTION('',(-1.,0.,0.));
#17881 = DIRECTION('',(0.,0.166666666667,-0.986013297183));
#17882 = ORIENTED_EDGE('',*,*,#17883,.F.);
#17883 = EDGE_CURVE('',#11842,#6353,#17884,.T.);
#17884 = CIRCLE('',#17885,0.12);
#17885 = AXIS2_PLACEMENT_3D('',#17886,#17887,#17888);
#17886 = CARTESIAN_POINT('',(0.9303,0.31,0.75));
#17887 = DIRECTION('',(-1.,0.,0.));
#17888 = DIRECTION('',(0.,1.,0.));
#17889 = ORIENTED_EDGE('',*,*,#11883,.F.);
#17890 = ORIENTED_EDGE('',*,*,#17891,.F.);
#17891 = EDGE_CURVE('',#6281,#11876,#17892,.T.);
#17892 = CIRCLE('',#17893,0.12);
#17893 = AXIS2_PLACEMENT_3D('',#17894,#17895,#17896);
#17894 = CARTESIAN_POINT('',(1.2203,0.31,0.75));
#17895 = DIRECTION('',(1.,0.,0.));
#17896 = DIRECTION('',(0.,0.166666666667,-0.986013297183));
#17897 = ORIENTED_EDGE('',*,*,#17898,.F.);
#17898 = EDGE_CURVE('',#6962,#6281,#17899,.T.);
#17899 = CIRCLE('',#17900,0.12);
#17900 = AXIS2_PLACEMENT_3D('',#17901,#17902,#17903);
#17901 = CARTESIAN_POINT('',(1.2203,0.31,0.75));
#17902 = DIRECTION('',(1.,0.,0.));
#17903 = DIRECTION('',(0.,0.,-1.));
#17904 = CYLINDRICAL_SURFACE('',#17905,0.12);
#17905 = AXIS2_PLACEMENT_3D('',#17906,#17907,#17908);
#17906 = CARTESIAN_POINT('',(6.3126,0.31,0.75));
#17907 = DIRECTION('',(1.,-0.,0.));
#17908 = DIRECTION('',(0.,1.,0.));
#17909 = ADVANCED_FACE('',(#17910),#17915,.F.);
#17910 = FACE_BOUND('',#17911,.T.);
#17911 = EDGE_LOOP('',(#17912,#17913,#17914));
#17912 = ORIENTED_EDGE('',*,*,#6280,.T.);
#17913 = ORIENTED_EDGE('',*,*,#6969,.F.);
#17914 = ORIENTED_EDGE('',*,*,#17898,.T.);
#17915 = PLANE('',#17916);
#17916 = AXIS2_PLACEMENT_3D('',#17917,#17918,#17919);
#17917 = CARTESIAN_POINT('',(1.2203,0.33,0.787));
#17918 = DIRECTION('',(1.,0.,0.));
#17919 = DIRECTION('',(-0.,1.,0.));
#17920 = ADVANCED_FACE('',(#17921),#17932,.T.);
#17921 = FACE_BOUND('',#17922,.T.);
#17922 = EDGE_LOOP('',(#17923,#17924,#17930,#17931));
#17923 = ORIENTED_EDGE('',*,*,#11875,.F.);
#17924 = ORIENTED_EDGE('',*,*,#17925,.F.);
#17925 = EDGE_CURVE('',#6289,#11868,#17926,.T.);
#17926 = LINE('',#17927,#17928);
#17927 = CARTESIAN_POINT('',(1.2203,0.33,0.787));
#17928 = VECTOR('',#17929,1.);
#17929 = DIRECTION('',(0.,1.,0.));
#17930 = ORIENTED_EDGE('',*,*,#6288,.T.);
#17931 = ORIENTED_EDGE('',*,*,#17891,.T.);
#17932 = PLANE('',#17933);
#17933 = AXIS2_PLACEMENT_3D('',#17934,#17935,#17936);
#17934 = CARTESIAN_POINT('',(1.2203,0.33,0.787));
#17935 = DIRECTION('',(1.,0.,0.));
#17936 = DIRECTION('',(-0.,1.,0.));
#17937 = ADVANCED_FACE('',(#17938),#17949,.T.);
#17938 = FACE_BOUND('',#17939,.T.);
#17939 = EDGE_LOOP('',(#17940,#17941,#17942,#17948));
#17940 = ORIENTED_EDGE('',*,*,#17925,.T.);
#17941 = ORIENTED_EDGE('',*,*,#11867,.F.);
#17942 = ORIENTED_EDGE('',*,*,#17943,.F.);
#17943 = EDGE_CURVE('',#6297,#11860,#17944,.T.);
#17944 = LINE('',#17945,#17946);
#17945 = CARTESIAN_POINT('',(1.37,0.33,0.97));
#17946 = VECTOR('',#17947,1.);
#17947 = DIRECTION('',(0.,1.,0.));
#17948 = ORIENTED_EDGE('',*,*,#6296,.T.);
#17949 = PLANE('',#17950);
#17950 = AXIS2_PLACEMENT_3D('',#17951,#17952,#17953);
#17951 = CARTESIAN_POINT('',(1.37,0.33,0.97));
#17952 = DIRECTION('',(0.774013830159,0.,-0.633168690573));
#17953 = DIRECTION('',(0.,-1.,0.));
#17954 = ADVANCED_FACE('',(#17955),#18058,.T.);
#17955 = FACE_BOUND('',#17956,.T.);
#17956 = EDGE_LOOP('',(#17957,#17968,#17976,#17985,#17993,#17999,#18000,
    #18008,#18016,#18025,#18033,#18040,#18041,#18042,#18043,#18044,
    #18045,#18051,#18052));
#17957 = ORIENTED_EDGE('',*,*,#17958,.T.);
#17958 = EDGE_CURVE('',#17959,#17961,#17963,.T.);
#17959 = VERTEX_POINT('',#17960);
#17960 = CARTESIAN_POINT('',(0.927530277865,0.140775960621,0.97));
#17961 = VERTEX_POINT('',#17962);
#17962 = CARTESIAN_POINT('',(0.90021809153,0.13,0.97));
#17963 = CIRCLE('',#17964,4.E-02);
#17964 = AXIS2_PLACEMENT_3D('',#17965,#17966,#17967);
#17965 = CARTESIAN_POINT('',(0.90021809153,0.17,0.97));
#17966 = DIRECTION('',(0.,0.,-1.));
#17967 = DIRECTION('',(0.682804658377,-0.730600984463,0.));
#17968 = ORIENTED_EDGE('',*,*,#17969,.T.);
#17969 = EDGE_CURVE('',#17961,#17970,#17972,.T.);
#17970 = VERTEX_POINT('',#17971);
#17971 = CARTESIAN_POINT('',(0.835,0.13,0.97));
#17972 = LINE('',#17973,#17974);
#17973 = CARTESIAN_POINT('',(0.90021809153,0.13,0.97));
#17974 = VECTOR('',#17975,1.);
#17975 = DIRECTION('',(-1.,0.,0.));
#17976 = ORIENTED_EDGE('',*,*,#17977,.T.);
#17977 = EDGE_CURVE('',#17970,#17978,#17980,.T.);
#17978 = VERTEX_POINT('',#17979);
#17979 = CARTESIAN_POINT('',(0.795,0.17,0.97));
#17980 = CIRCLE('',#17981,4.E-02);
#17981 = AXIS2_PLACEMENT_3D('',#17982,#17983,#17984);
#17982 = CARTESIAN_POINT('',(0.835,0.17,0.97));
#17983 = DIRECTION('',(0.,0.,-1.));
#17984 = DIRECTION('',(0.,-1.,0.));
#17985 = ORIENTED_EDGE('',*,*,#17986,.T.);
#17986 = EDGE_CURVE('',#17978,#17987,#17989,.T.);
#17987 = VERTEX_POINT('',#17988);
#17988 = CARTESIAN_POINT('',(0.795,0.21,0.97));
#17989 = LINE('',#17990,#17991);
#17990 = CARTESIAN_POINT('',(0.795,0.17,0.97));
#17991 = VECTOR('',#17992,1.);
#17992 = DIRECTION('',(0.,1.,0.));
#17993 = ORIENTED_EDGE('',*,*,#17994,.F.);
#17994 = EDGE_CURVE('',#5528,#17987,#17995,.T.);
#17995 = LINE('',#17996,#17997);
#17996 = CARTESIAN_POINT('',(0.62,0.21,0.97));
#17997 = VECTOR('',#17998,1.);
#17998 = DIRECTION('',(1.,1.554312234475E-14,0.));
#17999 = ORIENTED_EDGE('',*,*,#5527,.T.);
#18000 = ORIENTED_EDGE('',*,*,#18001,.T.);
#18001 = EDGE_CURVE('',#5520,#18002,#18004,.T.);
#18002 = VERTEX_POINT('',#18003);
#18003 = CARTESIAN_POINT('',(0.67,-0.17,0.97));
#18004 = LINE('',#18005,#18006);
#18005 = CARTESIAN_POINT('',(0.62,-0.12,0.97));
#18006 = VECTOR('',#18007,1.);
#18007 = DIRECTION('',(0.707106781187,-0.707106781186,0.));
#18008 = ORIENTED_EDGE('',*,*,#18009,.T.);
#18009 = EDGE_CURVE('',#18002,#18010,#18012,.T.);
#18010 = VERTEX_POINT('',#18011);
#18011 = CARTESIAN_POINT('',(0.964,-0.17,0.97));
#18012 = LINE('',#18013,#18014);
#18013 = CARTESIAN_POINT('',(0.67,-0.17,0.97));
#18014 = VECTOR('',#18015,1.);
#18015 = DIRECTION('',(1.,0.,0.));
#18016 = ORIENTED_EDGE('',*,*,#18017,.T.);
#18017 = EDGE_CURVE('',#18010,#18018,#18020,.T.);
#18018 = VERTEX_POINT('',#18019);
#18019 = CARTESIAN_POINT('',(1.032280465838,-0.143060098446,0.97));
#18020 = CIRCLE('',#18021,0.1);
#18021 = AXIS2_PLACEMENT_3D('',#18022,#18023,#18024);
#18022 = CARTESIAN_POINT('',(0.964,-7.E-02,0.97));
#18023 = DIRECTION('',(0.,0.,1.));
#18024 = DIRECTION('',(0.,-1.,0.));
#18025 = ORIENTED_EDGE('',*,*,#18026,.T.);
#18026 = EDGE_CURVE('',#18018,#18027,#18029,.T.);
#18027 = VERTEX_POINT('',#18028);
#18028 = CARTESIAN_POINT('',(1.177929076513,-6.939901553669E-03,0.97));
#18029 = LINE('',#18030,#18031);
#18030 = CARTESIAN_POINT('',(1.032280465838,-0.143060098446,0.97));
#18031 = VECTOR('',#18032,1.);
#18032 = DIRECTION('',(0.730600984463,0.682804658377,0.));
#18033 = ORIENTED_EDGE('',*,*,#18034,.T.);
#18034 = EDGE_CURVE('',#18027,#5301,#18035,.T.);
#18035 = CIRCLE('',#18036,0.1);
#18036 = AXIS2_PLACEMENT_3D('',#18037,#18038,#18039);
#18037 = CARTESIAN_POINT('',(1.246209542351,-8.E-02,0.97));
#18038 = DIRECTION('',(0.,0.,-1.));
#18039 = DIRECTION('',(-0.682804658377,0.730600984463,0.));
#18040 = ORIENTED_EDGE('',*,*,#5300,.F.);
#18041 = ORIENTED_EDGE('',*,*,#10890,.F.);
#18042 = ORIENTED_EDGE('',*,*,#6304,.F.);
#18043 = ORIENTED_EDGE('',*,*,#17943,.T.);
#18044 = ORIENTED_EDGE('',*,*,#11859,.F.);
#18045 = ORIENTED_EDGE('',*,*,#18046,.F.);
#18046 = EDGE_CURVE('',#9934,#11852,#18047,.T.);
#18047 = LINE('',#18048,#18049);
#18048 = CARTESIAN_POINT('',(1.12,0.33,0.97));
#18049 = VECTOR('',#18050,1.);
#18050 = DIRECTION('',(0.,1.,0.));
#18051 = ORIENTED_EDGE('',*,*,#9933,.T.);
#18052 = ORIENTED_EDGE('',*,*,#18053,.T.);
#18053 = EDGE_CURVE('',#9926,#17959,#18054,.T.);
#18054 = LINE('',#18055,#18056);
#18055 = CARTESIAN_POINT('',(1.13,0.33,0.97));
#18056 = VECTOR('',#18057,1.);
#18057 = DIRECTION('',(-0.730600984463,-0.682804658377,0.));
#18058 = PLANE('',#18059);
#18059 = AXIS2_PLACEMENT_3D('',#18060,#18061,#18062);
#18060 = CARTESIAN_POINT('',(1.5,0.33,0.97));
#18061 = DIRECTION('',(0.,0.,1.));
#18062 = DIRECTION('',(1.,0.,-0.));
#18063 = ADVANCED_FACE('',(#18064),#18075,.T.);
#18064 = FACE_BOUND('',#18065,.T.);
#18065 = EDGE_LOOP('',(#18066,#18067,#18073,#18074));
#18066 = ORIENTED_EDGE('',*,*,#5505,.T.);
#18067 = ORIENTED_EDGE('',*,*,#18068,.T.);
#18068 = EDGE_CURVE('',#5497,#17959,#18069,.T.);
#18069 = LINE('',#18070,#18071);
#18070 = CARTESIAN_POINT('',(0.927530277865,0.140775960621,0.88));
#18071 = VECTOR('',#18072,1.);
#18072 = DIRECTION('',(0.,0.,1.));
#18073 = ORIENTED_EDGE('',*,*,#18053,.F.);
#18074 = ORIENTED_EDGE('',*,*,#9925,.F.);
#18075 = PLANE('',#18076);
#18076 = AXIS2_PLACEMENT_3D('',#18077,#18078,#18079);
#18077 = CARTESIAN_POINT('',(1.13,0.33,0.88));
#18078 = DIRECTION('',(-0.682804658377,0.730600984463,0.));
#18079 = DIRECTION('',(0.,0.,1.));
#18080 = ADVANCED_FACE('',(#18081),#18092,.F.);
#18081 = FACE_BOUND('',#18082,.F.);
#18082 = EDGE_LOOP('',(#18083,#18084,#18085,#18086));
#18083 = ORIENTED_EDGE('',*,*,#5496,.T.);
#18084 = ORIENTED_EDGE('',*,*,#18068,.T.);
#18085 = ORIENTED_EDGE('',*,*,#17958,.T.);
#18086 = ORIENTED_EDGE('',*,*,#18087,.F.);
#18087 = EDGE_CURVE('',#5489,#17961,#18088,.T.);
#18088 = LINE('',#18089,#18090);
#18089 = CARTESIAN_POINT('',(0.90021809153,0.13,0.88));
#18090 = VECTOR('',#18091,1.);
#18091 = DIRECTION('',(0.,0.,1.));
#18092 = CYLINDRICAL_SURFACE('',#18093,4.E-02);
#18093 = AXIS2_PLACEMENT_3D('',#18094,#18095,#18096);
#18094 = CARTESIAN_POINT('',(0.90021809153,0.17,0.88));
#18095 = DIRECTION('',(0.,0.,-1.));
#18096 = DIRECTION('',(1.,0.,0.));
#18097 = ADVANCED_FACE('',(#18098),#18109,.T.);
#18098 = FACE_BOUND('',#18099,.T.);
#18099 = EDGE_LOOP('',(#18100,#18106,#18107,#18108));
#18100 = ORIENTED_EDGE('',*,*,#18101,.T.);
#18101 = EDGE_CURVE('',#5480,#17970,#18102,.T.);
#18102 = LINE('',#18103,#18104);
#18103 = CARTESIAN_POINT('',(0.835,0.13,0.88));
#18104 = VECTOR('',#18105,1.);
#18105 = DIRECTION('',(0.,0.,1.));
#18106 = ORIENTED_EDGE('',*,*,#17969,.F.);
#18107 = ORIENTED_EDGE('',*,*,#18087,.F.);
#18108 = ORIENTED_EDGE('',*,*,#5488,.T.);
#18109 = PLANE('',#18110);
#18110 = AXIS2_PLACEMENT_3D('',#18111,#18112,#18113);
#18111 = CARTESIAN_POINT('',(0.90021809153,0.13,0.88));
#18112 = DIRECTION('',(-0.,1.,0.));
#18113 = DIRECTION('',(1.,0.,0.));
#18114 = ADVANCED_FACE('',(#18115),#18126,.F.);
#18115 = FACE_BOUND('',#18116,.F.);
#18116 = EDGE_LOOP('',(#18117,#18118,#18119,#18120));
#18117 = ORIENTED_EDGE('',*,*,#5479,.T.);
#18118 = ORIENTED_EDGE('',*,*,#18101,.T.);
#18119 = ORIENTED_EDGE('',*,*,#17977,.T.);
#18120 = ORIENTED_EDGE('',*,*,#18121,.F.);
#18121 = EDGE_CURVE('',#5472,#17978,#18122,.T.);
#18122 = LINE('',#18123,#18124);
#18123 = CARTESIAN_POINT('',(0.795,0.17,0.88));
#18124 = VECTOR('',#18125,1.);
#18125 = DIRECTION('',(0.,0.,1.));
#18126 = CYLINDRICAL_SURFACE('',#18127,4.E-02);
#18127 = AXIS2_PLACEMENT_3D('',#18128,#18129,#18130);
#18128 = CARTESIAN_POINT('',(0.835,0.17,0.88));
#18129 = DIRECTION('',(0.,0.,-1.));
#18130 = DIRECTION('',(1.,0.,0.));
#18131 = ADVANCED_FACE('',(#18132),#18195,.T.);
#18132 = FACE_BOUND('',#18133,.T.);
#18133 = EDGE_LOOP('',(#18134,#18135,#18136,#18137,#18138,#18146,#18154,
    #18161,#18162,#18170,#18179,#18187,#18194));
#18134 = ORIENTED_EDGE('',*,*,#18121,.F.);
#18135 = ORIENTED_EDGE('',*,*,#5471,.F.);
#18136 = ORIENTED_EDGE('',*,*,#5665,.T.);
#18137 = ORIENTED_EDGE('',*,*,#6939,.T.);
#18138 = ORIENTED_EDGE('',*,*,#18139,.T.);
#18139 = EDGE_CURVE('',#6932,#18140,#18142,.T.);
#18140 = VERTEX_POINT('',#18141);
#18141 = CARTESIAN_POINT('',(0.795,6.8E-02,0.62866826328));
#18142 = LINE('',#18143,#18144);
#18143 = CARTESIAN_POINT('',(0.795,6.8E-02,0.63));
#18144 = VECTOR('',#18145,1.);
#18145 = DIRECTION('',(1.667331099614E-13,0.,-1.));
#18146 = ORIENTED_EDGE('',*,*,#18147,.T.);
#18147 = EDGE_CURVE('',#18140,#18148,#18150,.T.);
#18148 = VERTEX_POINT('',#18149);
#18149 = CARTESIAN_POINT('',(0.795,0.147698376862,0.571756978372));
#18150 = LINE('',#18151,#18152);
#18151 = CARTESIAN_POINT('',(0.795,6.8E-02,0.62866826328));
#18152 = VECTOR('',#18153,1.);
#18153 = DIRECTION('',(0.,0.813811351416,-0.581129145978));
#18154 = ORIENTED_EDGE('',*,*,#18155,.T.);
#18155 = EDGE_CURVE('',#18148,#4093,#18156,.T.);
#18156 = CIRCLE('',#18157,9.E-02);
#18157 = AXIS2_PLACEMENT_3D('',#18158,#18159,#18160);
#18158 = CARTESIAN_POINT('',(0.795,0.2,0.645));
#18159 = DIRECTION('',(1.,0.,0.));
#18160 = DIRECTION('',(0.,-0.581129145978,-0.813811351416));
#18161 = ORIENTED_EDGE('',*,*,#4117,.T.);
#18162 = ORIENTED_EDGE('',*,*,#18163,.T.);
#18163 = EDGE_CURVE('',#4110,#18164,#18166,.T.);
#18164 = VERTEX_POINT('',#18165);
#18165 = CARTESIAN_POINT('',(0.795,0.297850884872,0.609619985366));
#18166 = LINE('',#18167,#18168);
#18167 = CARTESIAN_POINT('',(0.795,0.257850884872,0.576056000119));
#18168 = VECTOR('',#18169,1.);
#18169 = DIRECTION('',(0.,0.766044443119,0.642787609686));
#18170 = ORIENTED_EDGE('',*,*,#18171,.T.);
#18171 = EDGE_CURVE('',#18164,#18172,#18174,.T.);
#18172 = VERTEX_POINT('',#18173);
#18173 = CARTESIAN_POINT('',(0.795,0.33,0.678563985247));
#18174 = CIRCLE('',#18175,9.E-02);
#18175 = AXIS2_PLACEMENT_3D('',#18176,#18177,#18178);
#18176 = CARTESIAN_POINT('',(0.795,0.24,0.678563985247));
#18177 = DIRECTION('',(1.,0.,0.));
#18178 = DIRECTION('',(0.,0.642787609686,-0.766044443119));
#18179 = ORIENTED_EDGE('',*,*,#18180,.T.);
#18180 = EDGE_CURVE('',#18172,#18181,#18183,.T.);
#18181 = VERTEX_POINT('',#18182);
#18182 = CARTESIAN_POINT('',(0.795,0.33,0.85));
#18183 = LINE('',#18184,#18185);
#18184 = CARTESIAN_POINT('',(0.795,0.33,0.678563985247));
#18185 = VECTOR('',#18186,1.);
#18186 = DIRECTION('',(0.,0.,1.));
#18187 = ORIENTED_EDGE('',*,*,#18188,.T.);
#18188 = EDGE_CURVE('',#18181,#17987,#18189,.T.);
#18189 = CIRCLE('',#18190,0.12);
#18190 = AXIS2_PLACEMENT_3D('',#18191,#18192,#18193);
#18191 = CARTESIAN_POINT('',(0.795,0.21,0.85));
#18192 = DIRECTION('',(1.,0.,0.));
#18193 = DIRECTION('',(-0.,1.,0.));
#18194 = ORIENTED_EDGE('',*,*,#17986,.F.);
#18195 = PLANE('',#18196);
#18196 = AXIS2_PLACEMENT_3D('',#18197,#18198,#18199);
#18197 = CARTESIAN_POINT('',(0.795,0.17,0.88));
#18198 = DIRECTION('',(1.,0.,0.));
#18199 = DIRECTION('',(-0.,1.,0.));
#18200 = ADVANCED_FACE('',(#18201),#18212,.T.);
#18201 = FACE_BOUND('',#18202,.T.);
#18202 = EDGE_LOOP('',(#18203,#18204,#18210,#18211));
#18203 = ORIENTED_EDGE('',*,*,#18188,.F.);
#18204 = ORIENTED_EDGE('',*,*,#18205,.F.);
#18205 = EDGE_CURVE('',#5536,#18181,#18206,.T.);
#18206 = LINE('',#18207,#18208);
#18207 = CARTESIAN_POINT('',(0.62,0.33,0.85));
#18208 = VECTOR('',#18209,1.);
#18209 = DIRECTION('',(1.,0.,0.));
#18210 = ORIENTED_EDGE('',*,*,#5535,.T.);
#18211 = ORIENTED_EDGE('',*,*,#17994,.T.);
#18212 = CYLINDRICAL_SURFACE('',#18213,0.12);
#18213 = AXIS2_PLACEMENT_3D('',#18214,#18215,#18216);
#18214 = CARTESIAN_POINT('',(0.62,0.21,0.85));
#18215 = DIRECTION('',(-1.,0.,-0.));
#18216 = DIRECTION('',(0.,0.,-1.));
#18217 = ADVANCED_FACE('',(#18218),#18229,.T.);
#18218 = FACE_BOUND('',#18219,.T.);
#18219 = EDGE_LOOP('',(#18220,#18221,#18222,#18228));
#18220 = ORIENTED_EDGE('',*,*,#18205,.T.);
#18221 = ORIENTED_EDGE('',*,*,#18180,.F.);
#18222 = ORIENTED_EDGE('',*,*,#18223,.F.);
#18223 = EDGE_CURVE('',#5545,#18172,#18224,.T.);
#18224 = LINE('',#18225,#18226);
#18225 = CARTESIAN_POINT('',(0.62,0.33,0.678563985247));
#18226 = VECTOR('',#18227,1.);
#18227 = DIRECTION('',(1.,0.,0.));
#18228 = ORIENTED_EDGE('',*,*,#5544,.T.);
#18229 = PLANE('',#18230);
#18230 = AXIS2_PLACEMENT_3D('',#18231,#18232,#18233);
#18231 = CARTESIAN_POINT('',(0.62,0.33,0.678563985247));
#18232 = DIRECTION('',(-0.,1.,0.));
#18233 = DIRECTION('',(1.,0.,0.));
#18234 = ADVANCED_FACE('',(#18235),#18246,.T.);
#18235 = FACE_BOUND('',#18236,.T.);
#18236 = EDGE_LOOP('',(#18237,#18238,#18239,#18245));
#18237 = ORIENTED_EDGE('',*,*,#18223,.T.);
#18238 = ORIENTED_EDGE('',*,*,#18171,.F.);
#18239 = ORIENTED_EDGE('',*,*,#18240,.F.);
#18240 = EDGE_CURVE('',#5553,#18164,#18241,.T.);
#18241 = LINE('',#18242,#18243);
#18242 = CARTESIAN_POINT('',(0.62,0.297850884872,0.609619985366));
#18243 = VECTOR('',#18244,1.);
#18244 = DIRECTION('',(1.,0.,0.));
#18245 = ORIENTED_EDGE('',*,*,#5552,.T.);
#18246 = CYLINDRICAL_SURFACE('',#18247,9.E-02);
#18247 = AXIS2_PLACEMENT_3D('',#18248,#18249,#18250);
#18248 = CARTESIAN_POINT('',(0.62,0.24,0.678563985247));
#18249 = DIRECTION('',(-1.,0.,-0.));
#18250 = DIRECTION('',(0.,0.,-1.));
#18251 = ADVANCED_FACE('',(#18252),#18258,.T.);
#18252 = FACE_BOUND('',#18253,.T.);
#18253 = EDGE_LOOP('',(#18254,#18255,#18256,#18257));
#18254 = ORIENTED_EDGE('',*,*,#18240,.T.);
#18255 = ORIENTED_EDGE('',*,*,#18163,.F.);
#18256 = ORIENTED_EDGE('',*,*,#4109,.F.);
#18257 = ORIENTED_EDGE('',*,*,#5561,.T.);
#18258 = PLANE('',#18259);
#18259 = AXIS2_PLACEMENT_3D('',#18260,#18261,#18262);
#18260 = CARTESIAN_POINT('',(0.62,0.257850884872,0.576056000119));
#18261 = DIRECTION('',(0.,0.642787609686,-0.766044443119));
#18262 = DIRECTION('',(-1.,0.,0.));
#18263 = ADVANCED_FACE('',(#18264),#18275,.T.);
#18264 = FACE_BOUND('',#18265,.T.);
#18265 = EDGE_LOOP('',(#18266,#18267,#18268,#18274));
#18266 = ORIENTED_EDGE('',*,*,#4090,.T.);
#18267 = ORIENTED_EDGE('',*,*,#18155,.F.);
#18268 = ORIENTED_EDGE('',*,*,#18269,.F.);
#18269 = EDGE_CURVE('',#5569,#18148,#18270,.T.);
#18270 = LINE('',#18271,#18272);
#18271 = CARTESIAN_POINT('',(0.62,0.147698376862,0.571756978372));
#18272 = VECTOR('',#18273,1.);
#18273 = DIRECTION('',(1.,0.,0.));
#18274 = ORIENTED_EDGE('',*,*,#5568,.T.);
#18275 = CYLINDRICAL_SURFACE('',#18276,9.E-02);
#18276 = AXIS2_PLACEMENT_3D('',#18277,#18278,#18279);
#18277 = CARTESIAN_POINT('',(0.62,0.2,0.645));
#18278 = DIRECTION('',(-1.,0.,-0.));
#18279 = DIRECTION('',(0.,0.,-1.));
#18280 = ADVANCED_FACE('',(#18281),#18292,.T.);
#18281 = FACE_BOUND('',#18282,.T.);
#18282 = EDGE_LOOP('',(#18283,#18284,#18285,#18291));
#18283 = ORIENTED_EDGE('',*,*,#18269,.T.);
#18284 = ORIENTED_EDGE('',*,*,#18147,.F.);
#18285 = ORIENTED_EDGE('',*,*,#18286,.F.);
#18286 = EDGE_CURVE('',#5578,#18140,#18287,.T.);
#18287 = LINE('',#18288,#18289);
#18288 = CARTESIAN_POINT('',(0.62,6.8E-02,0.62866826328));
#18289 = VECTOR('',#18290,1.);
#18290 = DIRECTION('',(1.,0.,0.));
#18291 = ORIENTED_EDGE('',*,*,#5577,.T.);
#18292 = PLANE('',#18293);
#18293 = AXIS2_PLACEMENT_3D('',#18294,#18295,#18296);
#18294 = CARTESIAN_POINT('',(0.62,6.8E-02,0.62866826328));
#18295 = DIRECTION('',(0.,-0.581129145978,-0.813811351416));
#18296 = DIRECTION('',(0.,-0.813811351416,0.581129145978));
#18297 = ADVANCED_FACE('',(#18298),#18304,.T.);
#18298 = FACE_BOUND('',#18299,.T.);
#18299 = EDGE_LOOP('',(#18300,#18301,#18302,#18303));
#18300 = ORIENTED_EDGE('',*,*,#5585,.T.);
#18301 = ORIENTED_EDGE('',*,*,#18286,.T.);
#18302 = ORIENTED_EDGE('',*,*,#18139,.F.);
#18303 = ORIENTED_EDGE('',*,*,#6931,.F.);
#18304 = PLANE('',#18305);
#18305 = AXIS2_PLACEMENT_3D('',#18306,#18307,#18308);
#18306 = CARTESIAN_POINT('',(0.62,6.8E-02,0.97));
#18307 = DIRECTION('',(0.,-1.,0.));
#18308 = DIRECTION('',(0.,0.,-1.));
#18309 = ADVANCED_FACE('',(#18310),#18322,.T.);
#18310 = FACE_BOUND('',#18311,.T.);
#18311 = EDGE_LOOP('',(#18312,#18313,#18314,#18315,#18321));
#18312 = ORIENTED_EDGE('',*,*,#9941,.T.);
#18313 = ORIENTED_EDGE('',*,*,#18046,.T.);
#18314 = ORIENTED_EDGE('',*,*,#11851,.F.);
#18315 = ORIENTED_EDGE('',*,*,#18316,.F.);
#18316 = EDGE_CURVE('',#6376,#11844,#18317,.T.);
#18317 = LINE('',#18318,#18319);
#18318 = CARTESIAN_POINT('',(0.9303,0.33,0.7897));
#18319 = VECTOR('',#18320,1.);
#18320 = DIRECTION('',(0.,1.,0.));
#18321 = ORIENTED_EDGE('',*,*,#6375,.T.);
#18322 = PLANE('',#18323);
#18323 = AXIS2_PLACEMENT_3D('',#18324,#18325,#18326);
#18324 = CARTESIAN_POINT('',(0.9303,0.33,0.7897));
#18325 = DIRECTION('',(-0.688920156147,0.,0.724837235836));
#18326 = DIRECTION('',(0.,1.,0.));
#18327 = ADVANCED_FACE('',(#18328),#18334,.T.);
#18328 = FACE_BOUND('',#18329,.T.);
#18329 = EDGE_LOOP('',(#18330,#18331,#18332,#18333));
#18330 = ORIENTED_EDGE('',*,*,#6383,.T.);
#18331 = ORIENTED_EDGE('',*,*,#18316,.T.);
#18332 = ORIENTED_EDGE('',*,*,#11841,.F.);
#18333 = ORIENTED_EDGE('',*,*,#17883,.T.);
#18334 = PLANE('',#18335);
#18335 = AXIS2_PLACEMENT_3D('',#18336,#18337,#18338);
#18336 = CARTESIAN_POINT('',(0.9303,0.33,0.63));
#18337 = DIRECTION('',(-1.,0.,0.));
#18338 = DIRECTION('',(0.,0.,1.));
#18339 = ADVANCED_FACE('',(#18340),#18351,.F.);
#18340 = FACE_BOUND('',#18341,.F.);
#18341 = EDGE_LOOP('',(#18342,#18343,#18349,#18350));
#18342 = ORIENTED_EDGE('',*,*,#5381,.T.);
#18343 = ORIENTED_EDGE('',*,*,#18344,.T.);
#18344 = EDGE_CURVE('',#5382,#18027,#18345,.T.);
#18345 = LINE('',#18346,#18347);
#18346 = CARTESIAN_POINT('',(1.177929076513,-6.939901553669E-03,0.88));
#18347 = VECTOR('',#18348,1.);
#18348 = DIRECTION('',(0.,0.,1.));
#18349 = ORIENTED_EDGE('',*,*,#18034,.T.);
#18350 = ORIENTED_EDGE('',*,*,#5308,.F.);
#18351 = CYLINDRICAL_SURFACE('',#18352,0.1);
#18352 = AXIS2_PLACEMENT_3D('',#18353,#18354,#18355);
#18353 = CARTESIAN_POINT('',(1.246209542351,-8.E-02,0.88));
#18354 = DIRECTION('',(0.,0.,-1.));
#18355 = DIRECTION('',(1.,0.,0.));
#18356 = ADVANCED_FACE('',(#18357),#18368,.T.);
#18357 = FACE_BOUND('',#18358,.T.);
#18358 = EDGE_LOOP('',(#18359,#18360,#18361,#18367));
#18359 = ORIENTED_EDGE('',*,*,#18344,.T.);
#18360 = ORIENTED_EDGE('',*,*,#18026,.F.);
#18361 = ORIENTED_EDGE('',*,*,#18362,.F.);
#18362 = EDGE_CURVE('',#5391,#18018,#18363,.T.);
#18363 = LINE('',#18364,#18365);
#18364 = CARTESIAN_POINT('',(1.032280465838,-0.143060098446,0.88));
#18365 = VECTOR('',#18366,1.);
#18366 = DIRECTION('',(0.,0.,1.));
#18367 = ORIENTED_EDGE('',*,*,#5390,.T.);
#18368 = PLANE('',#18369);
#18369 = AXIS2_PLACEMENT_3D('',#18370,#18371,#18372);
#18370 = CARTESIAN_POINT('',(1.032280465838,-0.143060098446,0.88));
#18371 = DIRECTION('',(0.682804658377,-0.730600984463,0.));
#18372 = DIRECTION('',(0.,0.,-1.));
#18373 = ADVANCED_FACE('',(#18374),#18385,.T.);
#18374 = FACE_BOUND('',#18375,.T.);
#18375 = EDGE_LOOP('',(#18376,#18377,#18378,#18384));
#18376 = ORIENTED_EDGE('',*,*,#18362,.T.);
#18377 = ORIENTED_EDGE('',*,*,#18017,.F.);
#18378 = ORIENTED_EDGE('',*,*,#18379,.F.);
#18379 = EDGE_CURVE('',#5399,#18010,#18380,.T.);
#18380 = LINE('',#18381,#18382);
#18381 = CARTESIAN_POINT('',(0.964,-0.17,0.88));
#18382 = VECTOR('',#18383,1.);
#18383 = DIRECTION('',(0.,0.,1.));
#18384 = ORIENTED_EDGE('',*,*,#5398,.T.);
#18385 = CYLINDRICAL_SURFACE('',#18386,0.1);
#18386 = AXIS2_PLACEMENT_3D('',#18387,#18388,#18389);
#18387 = CARTESIAN_POINT('',(0.964,-7.E-02,0.88));
#18388 = DIRECTION('',(0.,0.,-1.));
#18389 = DIRECTION('',(1.,0.,0.));
#18390 = ADVANCED_FACE('',(#18391),#18402,.T.);
#18391 = FACE_BOUND('',#18392,.T.);
#18392 = EDGE_LOOP('',(#18393,#18394,#18395,#18401));
#18393 = ORIENTED_EDGE('',*,*,#18379,.T.);
#18394 = ORIENTED_EDGE('',*,*,#18009,.F.);
#18395 = ORIENTED_EDGE('',*,*,#18396,.F.);
#18396 = EDGE_CURVE('',#5408,#18002,#18397,.T.);
#18397 = LINE('',#18398,#18399);
#18398 = CARTESIAN_POINT('',(0.67,-0.17,0.88));
#18399 = VECTOR('',#18400,1.);
#18400 = DIRECTION('',(0.,0.,1.));
#18401 = ORIENTED_EDGE('',*,*,#5407,.T.);
#18402 = PLANE('',#18403);
#18403 = AXIS2_PLACEMENT_3D('',#18404,#18405,#18406);
#18404 = CARTESIAN_POINT('',(0.67,-0.17,0.88));
#18405 = DIRECTION('',(0.,-1.,0.));
#18406 = DIRECTION('',(0.,0.,-1.));
#18407 = ADVANCED_FACE('',(#18408),#18414,.T.);
#18408 = FACE_BOUND('',#18409,.T.);
#18409 = EDGE_LOOP('',(#18410,#18411,#18412,#18413));
#18410 = ORIENTED_EDGE('',*,*,#18396,.T.);
#18411 = ORIENTED_EDGE('',*,*,#18001,.F.);
#18412 = ORIENTED_EDGE('',*,*,#5519,.F.);
#18413 = ORIENTED_EDGE('',*,*,#5415,.T.);
#18414 = PLANE('',#18415);
#18415 = AXIS2_PLACEMENT_3D('',#18416,#18417,#18418);
#18416 = CARTESIAN_POINT('',(0.62,-0.12,0.88));
#18417 = DIRECTION('',(-0.707106781186,-0.707106781187,0.));
#18418 = DIRECTION('',(-0.707106781187,0.707106781186,0.));
#18419 = ADVANCED_FACE('',(#18420),#18425,.F.);
#18420 = FACE_BOUND('',#18421,.T.);
#18421 = EDGE_LOOP('',(#18422,#18423,#18424));
#18422 = ORIENTED_EDGE('',*,*,#17876,.T.);
#18423 = ORIENTED_EDGE('',*,*,#6953,.T.);
#18424 = ORIENTED_EDGE('',*,*,#6350,.T.);
#18425 = PLANE('',#18426);
#18426 = AXIS2_PLACEMENT_3D('',#18427,#18428,#18429);
#18427 = CARTESIAN_POINT('',(0.9303,0.33,0.63));
#18428 = DIRECTION('',(-1.,0.,0.));
#18429 = DIRECTION('',(0.,0.,1.));
#18430 = ADVANCED_FACE('',(#18431),#18436,.F.);
#18431 = FACE_BOUND('',#18432,.T.);
#18432 = EDGE_LOOP('',(#18433,#18434,#18435));
#18433 = ORIENTED_EDGE('',*,*,#7545,.T.);
#18434 = ORIENTED_EDGE('',*,*,#6207,.T.);
#18435 = ORIENTED_EDGE('',*,*,#11647,.T.);
#18436 = PLANE('',#18437);
#18437 = AXIS2_PLACEMENT_3D('',#18438,#18439,#18440);
#18438 = CARTESIAN_POINT('',(1.2203,0.33,-0.63));
#18439 = DIRECTION('',(1.,0.,0.));
#18440 = DIRECTION('',(-0.,1.,0.));
#18441 = ADVANCED_FACE('',(#18442),#18453,.T.);
#18442 = FACE_BOUND('',#18443,.T.);
#18443 = EDGE_LOOP('',(#18444,#18445,#18446,#18447));
#18444 = ORIENTED_EDGE('',*,*,#5269,.T.);
#18445 = ORIENTED_EDGE('',*,*,#6249,.T.);
#18446 = ORIENTED_EDGE('',*,*,#11415,.F.);
#18447 = ORIENTED_EDGE('',*,*,#18448,.F.);
#18448 = EDGE_CURVE('',#5270,#11377,#18449,.T.);
#18449 = LINE('',#18450,#18451);
#18450 = CARTESIAN_POINT('',(1.411191602831,0.419625454917,0.75));
#18451 = VECTOR('',#18452,1.);
#18452 = DIRECTION('',(0.,0.,-1.));
#18453 = CYLINDRICAL_SURFACE('',#18454,0.12);
#18454 = AXIS2_PLACEMENT_3D('',#18455,#18456,#18457);
#18455 = CARTESIAN_POINT('',(1.46,0.31,0.75));
#18456 = DIRECTION('',(0.,0.,1.));
#18457 = DIRECTION('',(-1.,0.,0.));
#18458 = ADVANCED_FACE('',(#18459),#18470,.T.);
#18459 = FACE_BOUND('',#18460,.T.);
#18460 = EDGE_LOOP('',(#18461,#18462,#18468,#18469));
#18461 = ORIENTED_EDGE('',*,*,#11346,.F.);
#18462 = ORIENTED_EDGE('',*,*,#18463,.T.);
#18463 = EDGE_CURVE('',#11338,#5270,#18464,.T.);
#18464 = LINE('',#18465,#18466);
#18465 = CARTESIAN_POINT('',(1.291191602831,0.36619801268,0.649577179564
    ));
#18466 = VECTOR('',#18467,1.);
#18467 = DIRECTION('',(0.725751716034,0.32312548239,0.607350285505));
#18468 = ORIENTED_EDGE('',*,*,#18448,.T.);
#18469 = ORIENTED_EDGE('',*,*,#11376,.F.);
#18470 = PLANE('',#18471);
#18471 = AXIS2_PLACEMENT_3D('',#18472,#18473,#18474);
#18472 = CARTESIAN_POINT('',(1.291191602831,0.36619801268,0.75));
#18473 = DIRECTION('',(-0.406736643076,0.913545457643,0.));
#18474 = DIRECTION('',(0.,0.,1.));
#18475 = ADVANCED_FACE('',(#18476),#18482,.F.);
#18476 = FACE_BOUND('',#18477,.T.);
#18477 = EDGE_LOOP('',(#18478,#18479,#18480,#18481));
#18478 = ORIENTED_EDGE('',*,*,#18463,.F.);
#18479 = ORIENTED_EDGE('',*,*,#11337,.F.);
#18480 = ORIENTED_EDGE('',*,*,#6256,.F.);
#18481 = ORIENTED_EDGE('',*,*,#5278,.T.);
#18482 = PLANE('',#18483);
#18483 = AXIS2_PLACEMENT_3D('',#18484,#18485,#18486);
#18484 = CARTESIAN_POINT('',(1.411191602831,0.33,0.75));
#18485 = DIRECTION('',(0.641777727204,0.,-0.766890702033));
#18486 = DIRECTION('',(0.,-1.,0.));
#18487 = ADVANCED_FACE('',(#18488),#18549,.T.);
#18488 = FACE_BOUND('',#18489,.T.);
#18489 = EDGE_LOOP('',(#18490,#18491,#18492,#18493,#18502,#18510,#18518,
    #18526,#18534,#18542));
#18490 = ORIENTED_EDGE('',*,*,#5189,.T.);
#18491 = ORIENTED_EDGE('',*,*,#10992,.T.);
#18492 = ORIENTED_EDGE('',*,*,#10843,.F.);
#18493 = ORIENTED_EDGE('',*,*,#18494,.T.);
#18494 = EDGE_CURVE('',#10836,#18495,#18497,.T.);
#18495 = VERTEX_POINT('',#18496);
#18496 = CARTESIAN_POINT('',(1.62,-0.27,-0.595));
#18497 = CIRCLE('',#18498,4.E-02);
#18498 = AXIS2_PLACEMENT_3D('',#18499,#18500,#18501);
#18499 = CARTESIAN_POINT('',(1.62,-0.23,-0.595));
#18500 = DIRECTION('',(0.,0.,1.));
#18501 = DIRECTION('',(-1.,0.,0.));
#18502 = ORIENTED_EDGE('',*,*,#18503,.T.);
#18503 = EDGE_CURVE('',#18495,#18504,#18506,.T.);
#18504 = VERTEX_POINT('',#18505);
#18505 = CARTESIAN_POINT('',(1.73,-0.27,-0.595));
#18506 = LINE('',#18507,#18508);
#18507 = CARTESIAN_POINT('',(1.62,-0.27,-0.595));
#18508 = VECTOR('',#18509,1.);
#18509 = DIRECTION('',(1.,0.,0.));
#18510 = ORIENTED_EDGE('',*,*,#18511,.T.);
#18511 = EDGE_CURVE('',#18504,#18512,#18514,.T.);
#18512 = VERTEX_POINT('',#18513);
#18513 = CARTESIAN_POINT('',(1.73,-0.33,-0.595));
#18514 = LINE('',#18515,#18516);
#18515 = CARTESIAN_POINT('',(1.73,-0.27,-0.595));
#18516 = VECTOR('',#18517,1.);
#18517 = DIRECTION('',(0.,-1.,0.));
#18518 = ORIENTED_EDGE('',*,*,#18519,.T.);
#18519 = EDGE_CURVE('',#18512,#18520,#18522,.T.);
#18520 = VERTEX_POINT('',#18521);
#18521 = CARTESIAN_POINT('',(1.69,-0.33,-0.595));
#18522 = LINE('',#18523,#18524);
#18523 = CARTESIAN_POINT('',(1.73,-0.33,-0.595));
#18524 = VECTOR('',#18525,1.);
#18525 = DIRECTION('',(-1.,0.,0.));
#18526 = ORIENTED_EDGE('',*,*,#18527,.T.);
#18527 = EDGE_CURVE('',#18520,#18528,#18530,.T.);
#18528 = VERTEX_POINT('',#18529);
#18529 = CARTESIAN_POINT('',(1.67,-0.35,-0.595));
#18530 = LINE('',#18531,#18532);
#18531 = CARTESIAN_POINT('',(1.69,-0.33,-0.595));
#18532 = VECTOR('',#18533,1.);
#18533 = DIRECTION('',(-0.707106781187,-0.707106781187,0.));
#18534 = ORIENTED_EDGE('',*,*,#18535,.T.);
#18535 = EDGE_CURVE('',#18528,#18536,#18538,.T.);
#18536 = VERTEX_POINT('',#18537);
#18537 = CARTESIAN_POINT('',(1.566332495807,-0.35,-0.595));
#18538 = LINE('',#18539,#18540);
#18539 = CARTESIAN_POINT('',(1.67,-0.35,-0.595));
#18540 = VECTOR('',#18541,1.);
#18541 = DIRECTION('',(-1.,0.,0.));
#18542 = ORIENTED_EDGE('',*,*,#18543,.T.);
#18543 = EDGE_CURVE('',#18536,#4895,#18544,.T.);
#18544 = CIRCLE('',#18545,0.12);
#18545 = AXIS2_PLACEMENT_3D('',#18546,#18547,#18548);
#18546 = CARTESIAN_POINT('',(1.566332495807,-0.23,-0.595));
#18547 = DIRECTION('',(-0.,0.,-1.));
#18548 = DIRECTION('',(-1.828167247216E-12,-1.,0.));
#18549 = PLANE('',#18550);
#18550 = AXIS2_PLACEMENT_3D('',#18551,#18552,#18553);
#18551 = CARTESIAN_POINT('',(1.5,-0.35,-0.595));
#18552 = DIRECTION('',(0.,0.,-1.));
#18553 = DIRECTION('',(0.,-1.,0.));
#18554 = ADVANCED_FACE('',(#18555),#18574,.T.);
#18555 = FACE_BOUND('',#18556,.T.);
#18556 = EDGE_LOOP('',(#18557,#18558,#18559,#18567));
#18557 = ORIENTED_EDGE('',*,*,#4902,.F.);
#18558 = ORIENTED_EDGE('',*,*,#18543,.F.);
#18559 = ORIENTED_EDGE('',*,*,#18560,.T.);
#18560 = EDGE_CURVE('',#18536,#18561,#18563,.T.);
#18561 = VERTEX_POINT('',#18562);
#18562 = CARTESIAN_POINT('',(1.566332495807,-0.35,-0.37));
#18563 = LINE('',#18564,#18565);
#18564 = CARTESIAN_POINT('',(1.566332495807,-0.35,-0.595));
#18565 = VECTOR('',#18566,1.);
#18566 = DIRECTION('',(0.,0.,1.));
#18567 = ORIENTED_EDGE('',*,*,#18568,.F.);
#18568 = EDGE_CURVE('',#4903,#18561,#18569,.T.);
#18569 = CIRCLE('',#18570,0.12);
#18570 = AXIS2_PLACEMENT_3D('',#18571,#18572,#18573);
#18571 = CARTESIAN_POINT('',(1.566332495807,-0.23,-0.37));
#18572 = DIRECTION('',(0.,0.,1.));
#18573 = DIRECTION('',(-0.552770798394,-0.833333333333,0.));
#18574 = CYLINDRICAL_SURFACE('',#18575,0.12);
#18575 = AXIS2_PLACEMENT_3D('',#18576,#18577,#18578);
#18576 = CARTESIAN_POINT('',(1.566332495807,-0.23,-3.6072));
#18577 = DIRECTION('',(0.,-0.,-1.));
#18578 = DIRECTION('',(-0.552770798394,-0.833333333332,0.));
#18579 = ADVANCED_FACE('',(#18580),#18632,.T.);
#18580 = FACE_BOUND('',#18581,.T.);
#18581 = EDGE_LOOP('',(#18582,#18590,#18598,#18606,#18614,#18622,#18629,
    #18630,#18631));
#18582 = ORIENTED_EDGE('',*,*,#18583,.F.);
#18583 = EDGE_CURVE('',#18584,#18561,#18586,.T.);
#18584 = VERTEX_POINT('',#18585);
#18585 = CARTESIAN_POINT('',(1.67,-0.35,-0.37));
#18586 = LINE('',#18587,#18588);
#18587 = CARTESIAN_POINT('',(1.67,-0.35,-0.37));
#18588 = VECTOR('',#18589,1.);
#18589 = DIRECTION('',(-1.,0.,0.));
#18590 = ORIENTED_EDGE('',*,*,#18591,.F.);
#18591 = EDGE_CURVE('',#18592,#18584,#18594,.T.);
#18592 = VERTEX_POINT('',#18593);
#18593 = CARTESIAN_POINT('',(1.69,-0.33,-0.37));
#18594 = LINE('',#18595,#18596);
#18595 = CARTESIAN_POINT('',(1.69,-0.33,-0.37));
#18596 = VECTOR('',#18597,1.);
#18597 = DIRECTION('',(-0.707106781187,-0.707106781187,0.));
#18598 = ORIENTED_EDGE('',*,*,#18599,.F.);
#18599 = EDGE_CURVE('',#18600,#18592,#18602,.T.);
#18600 = VERTEX_POINT('',#18601);
#18601 = CARTESIAN_POINT('',(1.73,-0.33,-0.37));
#18602 = LINE('',#18603,#18604);
#18603 = CARTESIAN_POINT('',(1.73,-0.33,-0.37));
#18604 = VECTOR('',#18605,1.);
#18605 = DIRECTION('',(-1.,0.,0.));
#18606 = ORIENTED_EDGE('',*,*,#18607,.F.);
#18607 = EDGE_CURVE('',#18608,#18600,#18610,.T.);
#18608 = VERTEX_POINT('',#18609);
#18609 = CARTESIAN_POINT('',(1.73,-0.27,-0.37));
#18610 = LINE('',#18611,#18612);
#18611 = CARTESIAN_POINT('',(1.73,-0.27,-0.37));
#18612 = VECTOR('',#18613,1.);
#18613 = DIRECTION('',(0.,-1.,0.));
#18614 = ORIENTED_EDGE('',*,*,#18615,.F.);
#18615 = EDGE_CURVE('',#18616,#18608,#18618,.T.);
#18616 = VERTEX_POINT('',#18617);
#18617 = CARTESIAN_POINT('',(1.62,-0.27,-0.37));
#18618 = LINE('',#18619,#18620);
#18619 = CARTESIAN_POINT('',(1.62,-0.27,-0.37));
#18620 = VECTOR('',#18621,1.);
#18621 = DIRECTION('',(1.,0.,0.));
#18622 = ORIENTED_EDGE('',*,*,#18623,.T.);
#18623 = EDGE_CURVE('',#18616,#10828,#18624,.T.);
#18624 = CIRCLE('',#18625,4.E-02);
#18625 = AXIS2_PLACEMENT_3D('',#18626,#18627,#18628);
#18626 = CARTESIAN_POINT('',(1.62,-0.23,-0.37));
#18627 = DIRECTION('',(0.,0.,-1.));
#18628 = DIRECTION('',(0.,-1.,0.));
#18629 = ORIENTED_EDGE('',*,*,#10827,.F.);
#18630 = ORIENTED_EDGE('',*,*,#4910,.F.);
#18631 = ORIENTED_EDGE('',*,*,#18568,.T.);
#18632 = PLANE('',#18633);
#18633 = AXIS2_PLACEMENT_3D('',#18634,#18635,#18636);
#18634 = CARTESIAN_POINT('',(1.5,-0.33,-0.37));
#18635 = DIRECTION('',(0.,0.,1.));
#18636 = DIRECTION('',(1.,0.,-0.));
#18637 = ADVANCED_FACE('',(#18638),#18649,.F.);
#18638 = FACE_BOUND('',#18639,.F.);
#18639 = EDGE_LOOP('',(#18640,#18641,#18642,#18648));
#18640 = ORIENTED_EDGE('',*,*,#10835,.F.);
#18641 = ORIENTED_EDGE('',*,*,#18494,.T.);
#18642 = ORIENTED_EDGE('',*,*,#18643,.T.);
#18643 = EDGE_CURVE('',#18495,#18616,#18644,.T.);
#18644 = LINE('',#18645,#18646);
#18645 = CARTESIAN_POINT('',(1.62,-0.27,-0.595));
#18646 = VECTOR('',#18647,1.);
#18647 = DIRECTION('',(0.,0.,1.));
#18648 = ORIENTED_EDGE('',*,*,#18623,.T.);
#18649 = CYLINDRICAL_SURFACE('',#18650,4.E-02);
#18650 = AXIS2_PLACEMENT_3D('',#18651,#18652,#18653);
#18651 = CARTESIAN_POINT('',(1.62,-0.23,-3.6072));
#18652 = DIRECTION('',(-0.,0.,-1.));
#18653 = DIRECTION('',(-1.,0.,0.));
#18654 = ADVANCED_FACE('',(#18655),#18666,.T.);
#18655 = FACE_BOUND('',#18656,.T.);
#18656 = EDGE_LOOP('',(#18657,#18658,#18664,#18665));
#18657 = ORIENTED_EDGE('',*,*,#18615,.T.);
#18658 = ORIENTED_EDGE('',*,*,#18659,.F.);
#18659 = EDGE_CURVE('',#18504,#18608,#18660,.T.);
#18660 = LINE('',#18661,#18662);
#18661 = CARTESIAN_POINT('',(1.73,-0.27,-0.595));
#18662 = VECTOR('',#18663,1.);
#18663 = DIRECTION('',(0.,0.,1.));
#18664 = ORIENTED_EDGE('',*,*,#18503,.F.);
#18665 = ORIENTED_EDGE('',*,*,#18643,.T.);
#18666 = PLANE('',#18667);
#18667 = AXIS2_PLACEMENT_3D('',#18668,#18669,#18670);
#18668 = CARTESIAN_POINT('',(1.5,-0.27,-0.595));
#18669 = DIRECTION('',(-0.,1.,0.));
#18670 = DIRECTION('',(1.,0.,0.));
#18671 = ADVANCED_FACE('',(#18672),#18683,.T.);
#18672 = FACE_BOUND('',#18673,.T.);
#18673 = EDGE_LOOP('',(#18674,#18675,#18676,#18682));
#18674 = ORIENTED_EDGE('',*,*,#18659,.T.);
#18675 = ORIENTED_EDGE('',*,*,#18607,.T.);
#18676 = ORIENTED_EDGE('',*,*,#18677,.F.);
#18677 = EDGE_CURVE('',#18512,#18600,#18678,.T.);
#18678 = LINE('',#18679,#18680);
#18679 = CARTESIAN_POINT('',(1.73,-0.33,-0.595));
#18680 = VECTOR('',#18681,1.);
#18681 = DIRECTION('',(0.,0.,1.));
#18682 = ORIENTED_EDGE('',*,*,#18511,.F.);
#18683 = PLANE('',#18684);
#18684 = AXIS2_PLACEMENT_3D('',#18685,#18686,#18687);
#18685 = CARTESIAN_POINT('',(1.73,-0.27,-0.595));
#18686 = DIRECTION('',(1.,0.,0.));
#18687 = DIRECTION('',(-0.,1.,0.));
#18688 = ADVANCED_FACE('',(#18689),#18700,.T.);
#18689 = FACE_BOUND('',#18690,.T.);
#18690 = EDGE_LOOP('',(#18691,#18692,#18693,#18699));
#18691 = ORIENTED_EDGE('',*,*,#18677,.T.);
#18692 = ORIENTED_EDGE('',*,*,#18599,.T.);
#18693 = ORIENTED_EDGE('',*,*,#18694,.F.);
#18694 = EDGE_CURVE('',#18520,#18592,#18695,.T.);
#18695 = LINE('',#18696,#18697);
#18696 = CARTESIAN_POINT('',(1.69,-0.33,-0.595));
#18697 = VECTOR('',#18698,1.);
#18698 = DIRECTION('',(0.,0.,1.));
#18699 = ORIENTED_EDGE('',*,*,#18519,.F.);
#18700 = PLANE('',#18701);
#18701 = AXIS2_PLACEMENT_3D('',#18702,#18703,#18704);
#18702 = CARTESIAN_POINT('',(1.73,-0.33,-0.595));
#18703 = DIRECTION('',(0.,-1.,0.));
#18704 = DIRECTION('',(0.,0.,-1.));
#18705 = ADVANCED_FACE('',(#18706),#18717,.T.);
#18706 = FACE_BOUND('',#18707,.T.);
#18707 = EDGE_LOOP('',(#18708,#18709,#18710,#18716));
#18708 = ORIENTED_EDGE('',*,*,#18694,.T.);
#18709 = ORIENTED_EDGE('',*,*,#18591,.T.);
#18710 = ORIENTED_EDGE('',*,*,#18711,.F.);
#18711 = EDGE_CURVE('',#18528,#18584,#18712,.T.);
#18712 = LINE('',#18713,#18714);
#18713 = CARTESIAN_POINT('',(1.67,-0.35,-0.595));
#18714 = VECTOR('',#18715,1.);
#18715 = DIRECTION('',(0.,0.,1.));
#18716 = ORIENTED_EDGE('',*,*,#18527,.F.);
#18717 = PLANE('',#18718);
#18718 = AXIS2_PLACEMENT_3D('',#18719,#18720,#18721);
#18719 = CARTESIAN_POINT('',(1.69,-0.33,-0.595));
#18720 = DIRECTION('',(0.707106781187,-0.707106781187,0.));
#18721 = DIRECTION('',(0.,0.,-1.));
#18722 = ADVANCED_FACE('',(#18723),#18729,.T.);
#18723 = FACE_BOUND('',#18724,.T.);
#18724 = EDGE_LOOP('',(#18725,#18726,#18727,#18728));
#18725 = ORIENTED_EDGE('',*,*,#18535,.F.);
#18726 = ORIENTED_EDGE('',*,*,#18711,.T.);
#18727 = ORIENTED_EDGE('',*,*,#18583,.T.);
#18728 = ORIENTED_EDGE('',*,*,#18560,.F.);
#18729 = PLANE('',#18730);
#18730 = AXIS2_PLACEMENT_3D('',#18731,#18732,#18733);
#18731 = CARTESIAN_POINT('',(1.5,-0.35,-0.37));
#18732 = DIRECTION('',(0.,-1.,0.));
#18733 = DIRECTION('',(0.,0.,-1.));
#18734 = ADVANCED_FACE('',(#18735),#18787,.T.);
#18735 = FACE_BOUND('',#18736,.T.);
#18736 = EDGE_LOOP('',(#18737,#18738,#18739,#18748,#18756,#18764,#18772,
    #18780,#18786));
#18737 = ORIENTED_EDGE('',*,*,#4958,.T.);
#18738 = ORIENTED_EDGE('',*,*,#10806,.F.);
#18739 = ORIENTED_EDGE('',*,*,#18740,.T.);
#18740 = EDGE_CURVE('',#10799,#18741,#18743,.T.);
#18741 = VERTEX_POINT('',#18742);
#18742 = CARTESIAN_POINT('',(1.62,-0.27,0.37));
#18743 = CIRCLE('',#18744,4.E-02);
#18744 = AXIS2_PLACEMENT_3D('',#18745,#18746,#18747);
#18745 = CARTESIAN_POINT('',(1.62,-0.23,0.37));
#18746 = DIRECTION('',(0.,0.,1.));
#18747 = DIRECTION('',(-1.,0.,0.));
#18748 = ORIENTED_EDGE('',*,*,#18749,.T.);
#18749 = EDGE_CURVE('',#18741,#18750,#18752,.T.);
#18750 = VERTEX_POINT('',#18751);
#18751 = CARTESIAN_POINT('',(1.73,-0.27,0.37));
#18752 = LINE('',#18753,#18754);
#18753 = CARTESIAN_POINT('',(1.62,-0.27,0.37));
#18754 = VECTOR('',#18755,1.);
#18755 = DIRECTION('',(1.,0.,-2.593884702988E-13));
#18756 = ORIENTED_EDGE('',*,*,#18757,.T.);
#18757 = EDGE_CURVE('',#18750,#18758,#18760,.T.);
#18758 = VERTEX_POINT('',#18759);
#18759 = CARTESIAN_POINT('',(1.73,-0.33,0.37));
#18760 = LINE('',#18761,#18762);
#18761 = CARTESIAN_POINT('',(1.73,-0.27,0.37));
#18762 = VECTOR('',#18763,1.);
#18763 = DIRECTION('',(0.,-1.,-1.7763568394E-13));
#18764 = ORIENTED_EDGE('',*,*,#18765,.T.);
#18765 = EDGE_CURVE('',#18758,#18766,#18768,.T.);
#18766 = VERTEX_POINT('',#18767);
#18767 = CARTESIAN_POINT('',(1.69,-0.33,0.37));
#18768 = LINE('',#18769,#18770);
#18769 = CARTESIAN_POINT('',(1.73,-0.33,0.37));
#18770 = VECTOR('',#18771,1.);
#18771 = DIRECTION('',(-1.,0.,0.));
#18772 = ORIENTED_EDGE('',*,*,#18773,.T.);
#18773 = EDGE_CURVE('',#18766,#18774,#18776,.T.);
#18774 = VERTEX_POINT('',#18775);
#18775 = CARTESIAN_POINT('',(1.67,-0.35,0.37));
#18776 = LINE('',#18777,#18778);
#18777 = CARTESIAN_POINT('',(1.69,-0.33,0.37));
#18778 = VECTOR('',#18779,1.);
#18779 = DIRECTION('',(-0.707106781187,-0.707106781187,
    -1.256073966947E-13));
#18780 = ORIENTED_EDGE('',*,*,#18781,.F.);
#18781 = EDGE_CURVE('',#4982,#18774,#18782,.T.);
#18782 = LINE('',#18783,#18784);
#18783 = CARTESIAN_POINT('',(1.566332495807,-0.35,0.37));
#18784 = VECTOR('',#18785,1.);
#18785 = DIRECTION('',(1.,0.,0.));
#18786 = ORIENTED_EDGE('',*,*,#4981,.T.);
#18787 = PLANE('',#18788);
#18788 = AXIS2_PLACEMENT_3D('',#18789,#18790,#18791);
#18789 = CARTESIAN_POINT('',(1.5,-0.35,0.37));
#18790 = DIRECTION('',(0.,5.329070518201E-13,-1.));
#18791 = DIRECTION('',(-1.,0.,0.));
#18792 = ADVANCED_FACE('',(#18793),#18804,.T.);
#18793 = FACE_BOUND('',#18794,.T.);
#18794 = EDGE_LOOP('',(#18795,#18796,#18802,#18803));
#18795 = ORIENTED_EDGE('',*,*,#18781,.T.);
#18796 = ORIENTED_EDGE('',*,*,#18797,.F.);
#18797 = EDGE_CURVE('',#5014,#18774,#18798,.T.);
#18798 = LINE('',#18799,#18800);
#18799 = CARTESIAN_POINT('',(1.67,-0.35,0.595));
#18800 = VECTOR('',#18801,1.);
#18801 = DIRECTION('',(0.,0.,-1.));
#18802 = ORIENTED_EDGE('',*,*,#5013,.F.);
#18803 = ORIENTED_EDGE('',*,*,#4990,.F.);
#18804 = PLANE('',#18805);
#18805 = AXIS2_PLACEMENT_3D('',#18806,#18807,#18808);
#18806 = CARTESIAN_POINT('',(1.5,-0.35,0.595));
#18807 = DIRECTION('',(0.,-1.,0.));
#18808 = DIRECTION('',(0.,0.,-1.));
#18809 = ADVANCED_FACE('',(#18810),#18821,.F.);
#18810 = FACE_BOUND('',#18811,.T.);
#18811 = EDGE_LOOP('',(#18812,#18813,#18814,#18820));
#18812 = ORIENTED_EDGE('',*,*,#18797,.T.);
#18813 = ORIENTED_EDGE('',*,*,#18773,.F.);
#18814 = ORIENTED_EDGE('',*,*,#18815,.F.);
#18815 = EDGE_CURVE('',#5022,#18766,#18816,.T.);
#18816 = LINE('',#18817,#18818);
#18817 = CARTESIAN_POINT('',(1.69,-0.33,0.595));
#18818 = VECTOR('',#18819,1.);
#18819 = DIRECTION('',(0.,0.,-1.));
#18820 = ORIENTED_EDGE('',*,*,#5021,.T.);
#18821 = PLANE('',#18822);
#18822 = AXIS2_PLACEMENT_3D('',#18823,#18824,#18825);
#18823 = CARTESIAN_POINT('',(1.69,-0.33,0.595));
#18824 = DIRECTION('',(-0.707106781187,0.707106781187,0.));
#18825 = DIRECTION('',(0.,0.,1.));
#18826 = ADVANCED_FACE('',(#18827),#18838,.F.);
#18827 = FACE_BOUND('',#18828,.T.);
#18828 = EDGE_LOOP('',(#18829,#18830,#18831,#18837));
#18829 = ORIENTED_EDGE('',*,*,#18815,.T.);
#18830 = ORIENTED_EDGE('',*,*,#18765,.F.);
#18831 = ORIENTED_EDGE('',*,*,#18832,.F.);
#18832 = EDGE_CURVE('',#5030,#18758,#18833,.T.);
#18833 = LINE('',#18834,#18835);
#18834 = CARTESIAN_POINT('',(1.73,-0.33,0.595));
#18835 = VECTOR('',#18836,1.);
#18836 = DIRECTION('',(0.,0.,-1.));
#18837 = ORIENTED_EDGE('',*,*,#5029,.T.);
#18838 = PLANE('',#18839);
#18839 = AXIS2_PLACEMENT_3D('',#18840,#18841,#18842);
#18840 = CARTESIAN_POINT('',(1.73,-0.33,0.595));
#18841 = DIRECTION('',(-0.,1.,0.));
#18842 = DIRECTION('',(1.,0.,0.));
#18843 = ADVANCED_FACE('',(#18844),#18855,.F.);
#18844 = FACE_BOUND('',#18845,.T.);
#18845 = EDGE_LOOP('',(#18846,#18847,#18848,#18854));
#18846 = ORIENTED_EDGE('',*,*,#18832,.T.);
#18847 = ORIENTED_EDGE('',*,*,#18757,.F.);
#18848 = ORIENTED_EDGE('',*,*,#18849,.F.);
#18849 = EDGE_CURVE('',#5038,#18750,#18850,.T.);
#18850 = LINE('',#18851,#18852);
#18851 = CARTESIAN_POINT('',(1.73,-0.27,0.595));
#18852 = VECTOR('',#18853,1.);
#18853 = DIRECTION('',(0.,0.,-1.));
#18854 = ORIENTED_EDGE('',*,*,#5037,.T.);
#18855 = PLANE('',#18856);
#18856 = AXIS2_PLACEMENT_3D('',#18857,#18858,#18859);
#18857 = CARTESIAN_POINT('',(1.73,-0.27,0.595));
#18858 = DIRECTION('',(-1.,0.,0.));
#18859 = DIRECTION('',(0.,0.,1.));
#18860 = ADVANCED_FACE('',(#18861),#18872,.F.);
#18861 = FACE_BOUND('',#18862,.T.);
#18862 = EDGE_LOOP('',(#18863,#18864,#18865,#18866));
#18863 = ORIENTED_EDGE('',*,*,#5045,.T.);
#18864 = ORIENTED_EDGE('',*,*,#18849,.T.);
#18865 = ORIENTED_EDGE('',*,*,#18749,.F.);
#18866 = ORIENTED_EDGE('',*,*,#18867,.T.);
#18867 = EDGE_CURVE('',#18741,#5046,#18868,.T.);
#18868 = LINE('',#18869,#18870);
#18869 = CARTESIAN_POINT('',(1.62,-0.27,0.37));
#18870 = VECTOR('',#18871,1.);
#18871 = DIRECTION('',(0.,0.,1.));
#18872 = PLANE('',#18873);
#18873 = AXIS2_PLACEMENT_3D('',#18874,#18875,#18876);
#18874 = CARTESIAN_POINT('',(1.5,-0.27,0.595));
#18875 = DIRECTION('',(0.,-1.,0.));
#18876 = DIRECTION('',(0.,0.,-1.));
#18877 = ADVANCED_FACE('',(#18878),#18884,.F.);
#18878 = FACE_BOUND('',#18879,.F.);
#18879 = EDGE_LOOP('',(#18880,#18881,#18882,#18883));
#18880 = ORIENTED_EDGE('',*,*,#10798,.F.);
#18881 = ORIENTED_EDGE('',*,*,#18740,.T.);
#18882 = ORIENTED_EDGE('',*,*,#18867,.T.);
#18883 = ORIENTED_EDGE('',*,*,#5053,.T.);
#18884 = CYLINDRICAL_SURFACE('',#18885,4.E-02);
#18885 = AXIS2_PLACEMENT_3D('',#18886,#18887,#18888);
#18886 = CARTESIAN_POINT('',(1.62,-0.23,-3.6072));
#18887 = DIRECTION('',(-0.,0.,-1.));
#18888 = DIRECTION('',(-1.,0.,0.));
#18889 = ( GEOMETRIC_REPRESENTATION_CONTEXT(3) 
GLOBAL_UNCERTAINTY_ASSIGNED_CONTEXT((#18893)) 
GLOBAL_UNIT_ASSIGNED_CONTEXT((#18890,#18891,#18892)) 
REPRESENTATION_CONTEXT('Context #1',
  '3D Context with UNIT and UNCERTAINTY') );
#18890 = ( LENGTH_UNIT() NAMED_UNIT(*) SI_UNIT(.MILLI.,.METRE.) );
#18891 = ( NAMED_UNIT(*) PLANE_ANGLE_UNIT() SI_UNIT($,.RADIAN.) );
#18892 = ( NAMED_UNIT(*) SI_UNIT($,.STERADIAN.) SOLID_ANGLE_UNIT() );
#18893 = UNCERTAINTY_MEASURE_WITH_UNIT(LENGTH_MEASURE(2.E-06),#18890,
  'distance_accuracy_value','confusion accuracy');
#18894 = CONTEXT_DEPENDENT_SHAPE_REPRESENTATION(#18895,#18897);
#18895 = ( REPRESENTATION_RELATIONSHIP('','',#4083,#4056) 
REPRESENTATION_RELATIONSHIP_WITH_TRANSFORMATION(#18896) 
SHAPE_REPRESENTATION_RELATIONSHIP() );
#18896 = ITEM_DEFINED_TRANSFORMATION('','',#11,#4057);
#18897 = PRODUCT_DEFINITION_SHAPE('Placement','Placement of an item',
  #18898);
#18898 = NEXT_ASSEMBLY_USAGE_OCCURRENCE('6','=>[0:1:1:2]','',#4051,#4078
  ,$);
#18899 = PRODUCT_RELATED_PRODUCT_CATEGORY('part',$,(#4080));
#18900 = SHAPE_DEFINITION_REPRESENTATION(#18901,#18907);
#18901 = PRODUCT_DEFINITION_SHAPE('','',#18902);
#18902 = PRODUCT_DEFINITION('design','',#18903,#18906);
#18903 = PRODUCT_DEFINITION_FORMATION('','',#18904);
#18904 = PRODUCT('COMPOUND','COMPOUND','',(#18905));
#18905 = PRODUCT_CONTEXT('',#2,'mechanical');
#18906 = PRODUCT_DEFINITION_CONTEXT('part definition',#2,'design');
#18907 = SHAPE_REPRESENTATION('',(#11,#18908,#18916,#18924,#18932,#18940
    ,#18948,#18956,#18964,#18972,#18980,#18988,#18996,#19004,#19012,
    #19020,#19028,#19036,#19044,#19052,#19060,#19068,#19076,#19084,
    #19092,#19100,#19108,#19116,#19124,#19132,#19140,#19148,#19156,
    #19164,#19172,#19180,#19188,#19196,#19204,#19212,#19220),#19228);
#18908 = GEOMETRIC_CURVE_SET('',(#18909));
#18909 = TRIMMED_CURVE('',#18910,(#18914,PARAMETER_VALUE(0.)),(#18915,
    PARAMETER_VALUE(0.34)),.T.,.PARAMETER.);
#18910 = LINE('',#18911,#18912);
#18911 = CARTESIAN_POINT('',(1.45,-0.35,0.65));
#18912 = VECTOR('',#18913,1.);
#18913 = DIRECTION('',(0.,0.,-1.));
#18914 = CARTESIAN_POINT('',(1.45,-0.35,0.65));
#18915 = CARTESIAN_POINT('',(1.45,-0.35,0.31));
#18916 = GEOMETRIC_CURVE_SET('',(#18917));
#18917 = TRIMMED_CURVE('',#18918,(#18922,PARAMETER_VALUE(0.)),(#18923,
    PARAMETER_VALUE(0.36)),.T.,.PARAMETER.);
#18918 = LINE('',#18919,#18920);
#18919 = CARTESIAN_POINT('',(1.45,-0.35,0.31));
#18920 = VECTOR('',#18921,1.);
#18921 = DIRECTION('',(1.,0.,0.));
#18922 = CARTESIAN_POINT('',(1.45,-0.35,0.31));
#18923 = CARTESIAN_POINT('',(1.81,-0.35,0.31));
#18924 = GEOMETRIC_CURVE_SET('',(#18925));
#18925 = TRIMMED_CURVE('',#18926,(#18930,PARAMETER_VALUE(0.)),(#18931,
    PARAMETER_VALUE(0.34)),.T.,.PARAMETER.);
#18926 = LINE('',#18927,#18928);
#18927 = CARTESIAN_POINT('',(1.81,-0.35,0.31));
#18928 = VECTOR('',#18929,1.);
#18929 = DIRECTION('',(0.,0.,1.));
#18930 = CARTESIAN_POINT('',(1.81,-0.35,0.31));
#18931 = CARTESIAN_POINT('',(1.81,-0.35,0.65));
#18932 = GEOMETRIC_CURVE_SET('',(#18933));
#18933 = TRIMMED_CURVE('',#18934,(#18938,PARAMETER_VALUE(0.)),(#18939,
    PARAMETER_VALUE(0.36)),.T.,.PARAMETER.);
#18934 = LINE('',#18935,#18936);
#18935 = CARTESIAN_POINT('',(1.81,-0.35,0.65));
#18936 = VECTOR('',#18937,1.);
#18937 = DIRECTION('',(-1.,0.,0.));
#18938 = CARTESIAN_POINT('',(1.81,-0.35,0.65));
#18939 = CARTESIAN_POINT('',(1.45,-0.35,0.65));
#18940 = GEOMETRIC_CURVE_SET('',(#18941));
#18941 = TRIMMED_CURVE('',#18942,(#18946,PARAMETER_VALUE(0.)),(#18947,
    PARAMETER_VALUE(0.36)),.T.,.PARAMETER.);
#18942 = LINE('',#18943,#18944);
#18943 = CARTESIAN_POINT('',(1.45,-0.35,-0.65));
#18944 = VECTOR('',#18945,1.);
#18945 = DIRECTION('',(1.,0.,0.));
#18946 = CARTESIAN_POINT('',(1.45,-0.35,-0.65));
#18947 = CARTESIAN_POINT('',(1.81,-0.35,-0.65));
#18948 = GEOMETRIC_CURVE_SET('',(#18949));
#18949 = TRIMMED_CURVE('',#18950,(#18954,PARAMETER_VALUE(0.)),(#18955,
    PARAMETER_VALUE(0.34)),.T.,.PARAMETER.);
#18950 = LINE('',#18951,#18952);
#18951 = CARTESIAN_POINT('',(1.81,-0.35,-0.65));
#18952 = VECTOR('',#18953,1.);
#18953 = DIRECTION('',(0.,0.,1.));
#18954 = CARTESIAN_POINT('',(1.81,-0.35,-0.65));
#18955 = CARTESIAN_POINT('',(1.81,-0.35,-0.31));
#18956 = GEOMETRIC_CURVE_SET('',(#18957));
#18957 = TRIMMED_CURVE('',#18958,(#18962,PARAMETER_VALUE(0.)),(#18963,
    PARAMETER_VALUE(0.36)),.T.,.PARAMETER.);
#18958 = LINE('',#18959,#18960);
#18959 = CARTESIAN_POINT('',(1.81,-0.35,-0.31));
#18960 = VECTOR('',#18961,1.);
#18961 = DIRECTION('',(-1.,0.,0.));
#18962 = CARTESIAN_POINT('',(1.81,-0.35,-0.31));
#18963 = CARTESIAN_POINT('',(1.45,-0.35,-0.31));
#18964 = GEOMETRIC_CURVE_SET('',(#18965));
#18965 = TRIMMED_CURVE('',#18966,(#18970,PARAMETER_VALUE(0.)),(#18971,
    PARAMETER_VALUE(0.34)),.T.,.PARAMETER.);
#18966 = LINE('',#18967,#18968);
#18967 = CARTESIAN_POINT('',(1.45,-0.35,-0.31));
#18968 = VECTOR('',#18969,1.);
#18969 = DIRECTION('',(0.,0.,-1.));
#18970 = CARTESIAN_POINT('',(1.45,-0.35,-0.31));
#18971 = CARTESIAN_POINT('',(1.45,-0.35,-0.65));
#18972 = GEOMETRIC_CURVE_SET('',(#18973));
#18973 = TRIMMED_CURVE('',#18974,(#18978,PARAMETER_VALUE(0.)),(#18979,
    PARAMETER_VALUE(0.36)),.T.,.PARAMETER.);
#18974 = LINE('',#18975,#18976);
#18975 = CARTESIAN_POINT('',(-1.45,-0.35,0.65));
#18976 = VECTOR('',#18977,1.);
#18977 = DIRECTION('',(-1.,0.,0.));
#18978 = CARTESIAN_POINT('',(-1.45,-0.35,0.65));
#18979 = CARTESIAN_POINT('',(-1.81,-0.35,0.65));
#18980 = GEOMETRIC_CURVE_SET('',(#18981));
#18981 = TRIMMED_CURVE('',#18982,(#18986,PARAMETER_VALUE(0.)),(#18987,
    PARAMETER_VALUE(0.34)),.T.,.PARAMETER.);
#18982 = LINE('',#18983,#18984);
#18983 = CARTESIAN_POINT('',(-1.81,-0.35,0.65));
#18984 = VECTOR('',#18985,1.);
#18985 = DIRECTION('',(0.,0.,-1.));
#18986 = CARTESIAN_POINT('',(-1.81,-0.35,0.65));
#18987 = CARTESIAN_POINT('',(-1.81,-0.35,0.31));
#18988 = GEOMETRIC_CURVE_SET('',(#18989));
#18989 = TRIMMED_CURVE('',#18990,(#18994,PARAMETER_VALUE(0.)),(#18995,
    PARAMETER_VALUE(0.36)),.T.,.PARAMETER.);
#18990 = LINE('',#18991,#18992);
#18991 = CARTESIAN_POINT('',(-1.81,-0.35,0.31));
#18992 = VECTOR('',#18993,1.);
#18993 = DIRECTION('',(1.,0.,0.));
#18994 = CARTESIAN_POINT('',(-1.81,-0.35,0.31));
#18995 = CARTESIAN_POINT('',(-1.45,-0.35,0.31));
#18996 = GEOMETRIC_CURVE_SET('',(#18997));
#18997 = TRIMMED_CURVE('',#18998,(#19002,PARAMETER_VALUE(0.)),(#19003,
    PARAMETER_VALUE(0.34)),.T.,.PARAMETER.);
#18998 = LINE('',#18999,#19000);
#18999 = CARTESIAN_POINT('',(-1.45,-0.35,0.31));
#19000 = VECTOR('',#19001,1.);
#19001 = DIRECTION('',(0.,0.,1.));
#19002 = CARTESIAN_POINT('',(-1.45,-0.35,0.31));
#19003 = CARTESIAN_POINT('',(-1.45,-0.35,0.65));
#19004 = GEOMETRIC_CURVE_SET('',(#19005));
#19005 = TRIMMED_CURVE('',#19006,(#19010,PARAMETER_VALUE(0.)),(#19011,
    PARAMETER_VALUE(0.34)),.T.,.PARAMETER.);
#19006 = LINE('',#19007,#19008);
#19007 = CARTESIAN_POINT('',(-1.45,-0.35,-0.65));
#19008 = VECTOR('',#19009,1.);
#19009 = DIRECTION('',(0.,0.,1.));
#19010 = CARTESIAN_POINT('',(-1.45,-0.35,-0.65));
#19011 = CARTESIAN_POINT('',(-1.45,-0.35,-0.31));
#19012 = GEOMETRIC_CURVE_SET('',(#19013));
#19013 = TRIMMED_CURVE('',#19014,(#19018,PARAMETER_VALUE(0.)),(#19019,
    PARAMETER_VALUE(0.36)),.T.,.PARAMETER.);
#19014 = LINE('',#19015,#19016);
#19015 = CARTESIAN_POINT('',(-1.45,-0.35,-0.31));
#19016 = VECTOR('',#19017,1.);
#19017 = DIRECTION('',(-1.,0.,0.));
#19018 = CARTESIAN_POINT('',(-1.45,-0.35,-0.31));
#19019 = CARTESIAN_POINT('',(-1.81,-0.35,-0.31));
#19020 = GEOMETRIC_CURVE_SET('',(#19021));
#19021 = TRIMMED_CURVE('',#19022,(#19026,PARAMETER_VALUE(0.)),(#19027,
    PARAMETER_VALUE(0.34)),.T.,.PARAMETER.);
#19022 = LINE('',#19023,#19024);
#19023 = CARTESIAN_POINT('',(-1.81,-0.35,-0.31));
#19024 = VECTOR('',#19025,1.);
#19025 = DIRECTION('',(0.,0.,-1.));
#19026 = CARTESIAN_POINT('',(-1.81,-0.35,-0.31));
#19027 = CARTESIAN_POINT('',(-1.81,-0.35,-0.65));
#19028 = GEOMETRIC_CURVE_SET('',(#19029));
#19029 = TRIMMED_CURVE('',#19030,(#19034,PARAMETER_VALUE(0.)),(#19035,
    PARAMETER_VALUE(0.36)),.T.,.PARAMETER.);
#19030 = LINE('',#19031,#19032);
#19031 = CARTESIAN_POINT('',(-1.81,-0.35,-0.65));
#19032 = VECTOR('',#19033,1.);
#19033 = DIRECTION('',(1.,0.,0.));
#19034 = CARTESIAN_POINT('',(-1.81,-0.35,-0.65));
#19035 = CARTESIAN_POINT('',(-1.45,-0.35,-0.65));
#19036 = GEOMETRIC_CURVE_SET('',(#19037));
#19037 = TRIMMED_CURVE('',#19038,(#19042,PARAMETER_VALUE(0.)),(#19043,
    PARAMETER_VALUE(0.36)),.T.,.PARAMETER.);
#19038 = LINE('',#19039,#19040);
#19039 = CARTESIAN_POINT('',(0.27,-0.35,1.13));
#19040 = VECTOR('',#19041,1.);
#19041 = DIRECTION('',(0.,0.,-1.));
#19042 = CARTESIAN_POINT('',(0.27,-0.35,1.13));
#19043 = CARTESIAN_POINT('',(0.27,-0.35,0.77));
#19044 = GEOMETRIC_CURVE_SET('',(#19045));
#19045 = TRIMMED_CURVE('',#19046,(#19050,PARAMETER_VALUE(0.)),(#19051,
    PARAMETER_VALUE(0.16)),.T.,.PARAMETER.);
#19046 = LINE('',#19047,#19048);
#19047 = CARTESIAN_POINT('',(0.27,-0.35,0.77));
#19048 = VECTOR('',#19049,1.);
#19049 = DIRECTION('',(1.,0.,0.));
#19050 = CARTESIAN_POINT('',(0.27,-0.35,0.77));
#19051 = CARTESIAN_POINT('',(0.43,-0.35,0.77));
#19052 = GEOMETRIC_CURVE_SET('',(#19053));
#19053 = TRIMMED_CURVE('',#19054,(#19058,PARAMETER_VALUE(0.)),(#19059,
    PARAMETER_VALUE(0.36)),.T.,.PARAMETER.);
#19054 = LINE('',#19055,#19056);
#19055 = CARTESIAN_POINT('',(0.43,-0.35,0.77));
#19056 = VECTOR('',#19057,1.);
#19057 = DIRECTION('',(0.,0.,1.));
#19058 = CARTESIAN_POINT('',(0.43,-0.35,0.77));
#19059 = CARTESIAN_POINT('',(0.43,-0.35,1.13));
#19060 = GEOMETRIC_CURVE_SET('',(#19061));
#19061 = TRIMMED_CURVE('',#19062,(#19066,PARAMETER_VALUE(0.)),(#19067,
    PARAMETER_VALUE(0.16)),.T.,.PARAMETER.);
#19062 = LINE('',#19063,#19064);
#19063 = CARTESIAN_POINT('',(0.43,-0.35,1.13));
#19064 = VECTOR('',#19065,1.);
#19065 = DIRECTION('',(-1.,0.,0.));
#19066 = CARTESIAN_POINT('',(0.43,-0.35,1.13));
#19067 = CARTESIAN_POINT('',(0.27,-0.35,1.13));
#19068 = GEOMETRIC_CURVE_SET('',(#19069));
#19069 = TRIMMED_CURVE('',#19070,(#19074,PARAMETER_VALUE(0.)),(#19075,
    PARAMETER_VALUE(0.16)),.T.,.PARAMETER.);
#19070 = LINE('',#19071,#19072);
#19071 = CARTESIAN_POINT('',(0.27,-0.35,-1.13));
#19072 = VECTOR('',#19073,1.);
#19073 = DIRECTION('',(1.,0.,0.));
#19074 = CARTESIAN_POINT('',(0.27,-0.35,-1.13));
#19075 = CARTESIAN_POINT('',(0.43,-0.35,-1.13));
#19076 = GEOMETRIC_CURVE_SET('',(#19077));
#19077 = TRIMMED_CURVE('',#19078,(#19082,PARAMETER_VALUE(0.)),(#19083,
    PARAMETER_VALUE(0.36)),.T.,.PARAMETER.);
#19078 = LINE('',#19079,#19080);
#19079 = CARTESIAN_POINT('',(0.43,-0.35,-1.13));
#19080 = VECTOR('',#19081,1.);
#19081 = DIRECTION('',(0.,0.,1.));
#19082 = CARTESIAN_POINT('',(0.43,-0.35,-1.13));
#19083 = CARTESIAN_POINT('',(0.43,-0.35,-0.77));
#19084 = GEOMETRIC_CURVE_SET('',(#19085));
#19085 = TRIMMED_CURVE('',#19086,(#19090,PARAMETER_VALUE(0.)),(#19091,
    PARAMETER_VALUE(0.16)),.T.,.PARAMETER.);
#19086 = LINE('',#19087,#19088);
#19087 = CARTESIAN_POINT('',(0.43,-0.35,-0.77));
#19088 = VECTOR('',#19089,1.);
#19089 = DIRECTION('',(-1.,0.,0.));
#19090 = CARTESIAN_POINT('',(0.43,-0.35,-0.77));
#19091 = CARTESIAN_POINT('',(0.27,-0.35,-0.77));
#19092 = GEOMETRIC_CURVE_SET('',(#19093));
#19093 = TRIMMED_CURVE('',#19094,(#19098,PARAMETER_VALUE(0.)),(#19099,
    PARAMETER_VALUE(0.36)),.T.,.PARAMETER.);
#19094 = LINE('',#19095,#19096);
#19095 = CARTESIAN_POINT('',(0.27,-0.35,-0.77));
#19096 = VECTOR('',#19097,1.);
#19097 = DIRECTION('',(0.,0.,-1.));
#19098 = CARTESIAN_POINT('',(0.27,-0.35,-0.77));
#19099 = CARTESIAN_POINT('',(0.27,-0.35,-1.13));
#19100 = GEOMETRIC_CURVE_SET('',(#19101));
#19101 = TRIMMED_CURVE('',#19102,(#19106,PARAMETER_VALUE(0.)),(#19107,
    PARAMETER_VALUE(0.36)),.T.,.PARAMETER.);
#19102 = LINE('',#19103,#19104);
#19103 = CARTESIAN_POINT('',(-8.E-02,-0.35,1.13));
#19104 = VECTOR('',#19105,1.);
#19105 = DIRECTION('',(0.,0.,-1.));
#19106 = CARTESIAN_POINT('',(-8.E-02,-0.35,1.13));
#19107 = CARTESIAN_POINT('',(-8.E-02,-0.35,0.77));
#19108 = GEOMETRIC_CURVE_SET('',(#19109));
#19109 = TRIMMED_CURVE('',#19110,(#19114,PARAMETER_VALUE(0.)),(#19115,
    PARAMETER_VALUE(0.16)),.T.,.PARAMETER.);
#19110 = LINE('',#19111,#19112);
#19111 = CARTESIAN_POINT('',(-8.E-02,-0.35,0.77));
#19112 = VECTOR('',#19113,1.);
#19113 = DIRECTION('',(1.,0.,0.));
#19114 = CARTESIAN_POINT('',(-8.E-02,-0.35,0.77));
#19115 = CARTESIAN_POINT('',(8.E-02,-0.35,0.77));
#19116 = GEOMETRIC_CURVE_SET('',(#19117));
#19117 = TRIMMED_CURVE('',#19118,(#19122,PARAMETER_VALUE(0.)),(#19123,
    PARAMETER_VALUE(0.36)),.T.,.PARAMETER.);
#19118 = LINE('',#19119,#19120);
#19119 = CARTESIAN_POINT('',(8.E-02,-0.35,0.77));
#19120 = VECTOR('',#19121,1.);
#19121 = DIRECTION('',(0.,0.,1.));
#19122 = CARTESIAN_POINT('',(8.E-02,-0.35,0.77));
#19123 = CARTESIAN_POINT('',(8.E-02,-0.35,1.13));
#19124 = GEOMETRIC_CURVE_SET('',(#19125));
#19125 = TRIMMED_CURVE('',#19126,(#19130,PARAMETER_VALUE(0.)),(#19131,
    PARAMETER_VALUE(0.16)),.T.,.PARAMETER.);
#19126 = LINE('',#19127,#19128);
#19127 = CARTESIAN_POINT('',(8.E-02,-0.35,1.13));
#19128 = VECTOR('',#19129,1.);
#19129 = DIRECTION('',(-1.,0.,0.));
#19130 = CARTESIAN_POINT('',(8.E-02,-0.35,1.13));
#19131 = CARTESIAN_POINT('',(-8.E-02,-0.35,1.13));
#19132 = GEOMETRIC_CURVE_SET('',(#19133));
#19133 = TRIMMED_CURVE('',#19134,(#19138,PARAMETER_VALUE(0.)),(#19139,
    PARAMETER_VALUE(0.16)),.T.,.PARAMETER.);
#19134 = LINE('',#19135,#19136);
#19135 = CARTESIAN_POINT('',(-8.E-02,-0.35,-1.13));
#19136 = VECTOR('',#19137,1.);
#19137 = DIRECTION('',(1.,0.,0.));
#19138 = CARTESIAN_POINT('',(-8.E-02,-0.35,-1.13));
#19139 = CARTESIAN_POINT('',(8.E-02,-0.35,-1.13));
#19140 = GEOMETRIC_CURVE_SET('',(#19141));
#19141 = TRIMMED_CURVE('',#19142,(#19146,PARAMETER_VALUE(0.)),(#19147,
    PARAMETER_VALUE(0.36)),.T.,.PARAMETER.);
#19142 = LINE('',#19143,#19144);
#19143 = CARTESIAN_POINT('',(8.E-02,-0.35,-1.13));
#19144 = VECTOR('',#19145,1.);
#19145 = DIRECTION('',(0.,0.,1.));
#19146 = CARTESIAN_POINT('',(8.E-02,-0.35,-1.13));
#19147 = CARTESIAN_POINT('',(8.E-02,-0.35,-0.77));
#19148 = GEOMETRIC_CURVE_SET('',(#19149));
#19149 = TRIMMED_CURVE('',#19150,(#19154,PARAMETER_VALUE(0.)),(#19155,
    PARAMETER_VALUE(0.16)),.T.,.PARAMETER.);
#19150 = LINE('',#19151,#19152);
#19151 = CARTESIAN_POINT('',(8.E-02,-0.35,-0.77));
#19152 = VECTOR('',#19153,1.);
#19153 = DIRECTION('',(-1.,0.,0.));
#19154 = CARTESIAN_POINT('',(8.E-02,-0.35,-0.77));
#19155 = CARTESIAN_POINT('',(-8.E-02,-0.35,-0.77));
#19156 = GEOMETRIC_CURVE_SET('',(#19157));
#19157 = TRIMMED_CURVE('',#19158,(#19162,PARAMETER_VALUE(0.)),(#19163,
    PARAMETER_VALUE(0.36)),.T.,.PARAMETER.);
#19158 = LINE('',#19159,#19160);
#19159 = CARTESIAN_POINT('',(-8.E-02,-0.35,-0.77));
#19160 = VECTOR('',#19161,1.);
#19161 = DIRECTION('',(0.,0.,-1.));
#19162 = CARTESIAN_POINT('',(-8.E-02,-0.35,-0.77));
#19163 = CARTESIAN_POINT('',(-8.E-02,-0.35,-1.13));
#19164 = GEOMETRIC_CURVE_SET('',(#19165));
#19165 = TRIMMED_CURVE('',#19166,(#19170,PARAMETER_VALUE(0.)),(#19171,
    PARAMETER_VALUE(0.36)),.T.,.PARAMETER.);
#19166 = LINE('',#19167,#19168);
#19167 = CARTESIAN_POINT('',(-0.43,-0.35,1.13));
#19168 = VECTOR('',#19169,1.);
#19169 = DIRECTION('',(0.,0.,-1.));
#19170 = CARTESIAN_POINT('',(-0.43,-0.35,1.13));
#19171 = CARTESIAN_POINT('',(-0.43,-0.35,0.77));
#19172 = GEOMETRIC_CURVE_SET('',(#19173));
#19173 = TRIMMED_CURVE('',#19174,(#19178,PARAMETER_VALUE(0.)),(#19179,
    PARAMETER_VALUE(0.16)),.T.,.PARAMETER.);
#19174 = LINE('',#19175,#19176);
#19175 = CARTESIAN_POINT('',(-0.43,-0.35,0.77));
#19176 = VECTOR('',#19177,1.);
#19177 = DIRECTION('',(1.,0.,0.));
#19178 = CARTESIAN_POINT('',(-0.43,-0.35,0.77));
#19179 = CARTESIAN_POINT('',(-0.27,-0.35,0.77));
#19180 = GEOMETRIC_CURVE_SET('',(#19181));
#19181 = TRIMMED_CURVE('',#19182,(#19186,PARAMETER_VALUE(0.)),(#19187,
    PARAMETER_VALUE(0.36)),.T.,.PARAMETER.);
#19182 = LINE('',#19183,#19184);
#19183 = CARTESIAN_POINT('',(-0.27,-0.35,0.77));
#19184 = VECTOR('',#19185,1.);
#19185 = DIRECTION('',(0.,0.,1.));
#19186 = CARTESIAN_POINT('',(-0.27,-0.35,0.77));
#19187 = CARTESIAN_POINT('',(-0.27,-0.35,1.13));
#19188 = GEOMETRIC_CURVE_SET('',(#19189));
#19189 = TRIMMED_CURVE('',#19190,(#19194,PARAMETER_VALUE(0.)),(#19195,
    PARAMETER_VALUE(0.16)),.T.,.PARAMETER.);
#19190 = LINE('',#19191,#19192);
#19191 = CARTESIAN_POINT('',(-0.27,-0.35,1.13));
#19192 = VECTOR('',#19193,1.);
#19193 = DIRECTION('',(-1.,0.,0.));
#19194 = CARTESIAN_POINT('',(-0.27,-0.35,1.13));
#19195 = CARTESIAN_POINT('',(-0.43,-0.35,1.13));
#19196 = GEOMETRIC_CURVE_SET('',(#19197));
#19197 = TRIMMED_CURVE('',#19198,(#19202,PARAMETER_VALUE(0.)),(#19203,
    PARAMETER_VALUE(0.16)),.T.,.PARAMETER.);
#19198 = LINE('',#19199,#19200);
#19199 = CARTESIAN_POINT('',(-0.43,-0.35,-1.13));
#19200 = VECTOR('',#19201,1.);
#19201 = DIRECTION('',(1.,0.,0.));
#19202 = CARTESIAN_POINT('',(-0.43,-0.35,-1.13));
#19203 = CARTESIAN_POINT('',(-0.27,-0.35,-1.13));
#19204 = GEOMETRIC_CURVE_SET('',(#19205));
#19205 = TRIMMED_CURVE('',#19206,(#19210,PARAMETER_VALUE(0.)),(#19211,
    PARAMETER_VALUE(0.36)),.T.,.PARAMETER.);
#19206 = LINE('',#19207,#19208);
#19207 = CARTESIAN_POINT('',(-0.27,-0.35,-1.13));
#19208 = VECTOR('',#19209,1.);
#19209 = DIRECTION('',(0.,0.,1.));
#19210 = CARTESIAN_POINT('',(-0.27,-0.35,-1.13));
#19211 = CARTESIAN_POINT('',(-0.27,-0.35,-0.77));
#19212 = GEOMETRIC_CURVE_SET('',(#19213));
#19213 = TRIMMED_CURVE('',#19214,(#19218,PARAMETER_VALUE(0.)),(#19219,
    PARAMETER_VALUE(0.16)),.T.,.PARAMETER.);
#19214 = LINE('',#19215,#19216);
#19215 = CARTESIAN_POINT('',(-0.27,-0.35,-0.77));
#19216 = VECTOR('',#19217,1.);
#19217 = DIRECTION('',(-1.,0.,0.));
#19218 = CARTESIAN_POINT('',(-0.27,-0.35,-0.77));
#19219 = CARTESIAN_POINT('',(-0.43,-0.35,-0.77));
#19220 = GEOMETRIC_CURVE_SET('',(#19221));
#19221 = TRIMMED_CURVE('',#19222,(#19226,PARAMETER_VALUE(0.)),(#19227,
    PARAMETER_VALUE(0.36)),.T.,.PARAMETER.);
#19222 = LINE('',#19223,#19224);
#19223 = CARTESIAN_POINT('',(-0.43,-0.35,-0.77));
#19224 = VECTOR('',#19225,1.);
#19225 = DIRECTION('',(0.,0.,-1.));
#19226 = CARTESIAN_POINT('',(-0.43,-0.35,-0.77));
#19227 = CARTESIAN_POINT('',(-0.43,-0.35,-1.13));
#19228 = ( GEOMETRIC_REPRESENTATION_CONTEXT(3) 
GLOBAL_UNCERTAINTY_ASSIGNED_CONTEXT((#19232)) 
GLOBAL_UNIT_ASSIGNED_CONTEXT((#19229,#19230,#19231)) 
REPRESENTATION_CONTEXT('Context #1',
  '3D Context with UNIT and UNCERTAINTY') );
#19229 = ( LENGTH_UNIT() NAMED_UNIT(*) SI_UNIT(.MILLI.,.METRE.) );
#19230 = ( NAMED_UNIT(*) PLANE_ANGLE_UNIT() SI_UNIT($,.RADIAN.) );
#19231 = ( NAMED_UNIT(*) SI_UNIT($,.STERADIAN.) SOLID_ANGLE_UNIT() );
#19232 = UNCERTAINTY_MEASURE_WITH_UNIT(LENGTH_MEASURE(1.E-07),#19229,
  'distance_accuracy_value','confusion accuracy');
#19233 = CONTEXT_DEPENDENT_SHAPE_REPRESENTATION(#19234,#19236);
#19234 = ( REPRESENTATION_RELATIONSHIP('','',#18907,#4056) 
REPRESENTATION_RELATIONSHIP_WITH_TRANSFORMATION(#19235) 
SHAPE_REPRESENTATION_RELATIONSHIP() );
#19235 = ITEM_DEFINED_TRANSFORMATION('','',#11,#4061);
#19236 = PRODUCT_DEFINITION_SHAPE('Placement','Placement of an item',
  #19237);
#19237 = NEXT_ASSEMBLY_USAGE_OCCURRENCE('7','=>[0:1:1:3]','',#4051,
  #18902,$);
#19238 = PRODUCT_RELATED_PRODUCT_CATEGORY('part',$,(#18904));
#19239 = CONTEXT_DEPENDENT_SHAPE_REPRESENTATION(#19240,#19242);
#19240 = ( REPRESENTATION_RELATIONSHIP('','',#1428,#10) 
REPRESENTATION_RELATIONSHIP_WITH_TRANSFORMATION(#19241) 
SHAPE_REPRESENTATION_RELATIONSHIP() );
#19241 = ITEM_DEFINED_TRANSFORMATION('','',#11,#39);
#19242 = PRODUCT_DEFINITION_SHAPE('Placement','Placement of an item',
  #19243);
#19243 = NEXT_ASSEMBLY_USAGE_OCCURRENCE('9','D2','',#5,#1423,$);
#19244 = CONTEXT_DEPENDENT_SHAPE_REPRESENTATION(#19245,#19247);
#19245 = ( REPRESENTATION_RELATIONSHIP('','',#619,#10) 
REPRESENTATION_RELATIONSHIP_WITH_TRANSFORMATION(#19246) 
SHAPE_REPRESENTATION_RELATIONSHIP() );
#19246 = ITEM_DEFINED_TRANSFORMATION('','',#11,#43);
#19247 = PRODUCT_DEFINITION_SHAPE('Placement','Placement of an item',
  #19248);
#19248 = NEXT_ASSEMBLY_USAGE_OCCURRENCE('10','R3','',#5,#614,$);
#19249 = CONTEXT_DEPENDENT_SHAPE_REPRESENTATION(#19250,#19252);
#19250 = ( REPRESENTATION_RELATIONSHIP('','',#619,#10) 
REPRESENTATION_RELATIONSHIP_WITH_TRANSFORMATION(#19251) 
SHAPE_REPRESENTATION_RELATIONSHIP() );
#19251 = ITEM_DEFINED_TRANSFORMATION('','',#11,#47);
#19252 = PRODUCT_DEFINITION_SHAPE('Placement','Placement of an item',
  #19253);
#19253 = NEXT_ASSEMBLY_USAGE_OCCURRENCE('11','R2','',#5,#614,$);
#19254 = SHAPE_DEFINITION_REPRESENTATION(#19255,#19261);
#19255 = PRODUCT_DEFINITION_SHAPE('','',#19256);
#19256 = PRODUCT_DEFINITION('design','',#19257,#19260);
#19257 = PRODUCT_DEFINITION_FORMATION('','',#19258);
#19258 = PRODUCT('cvbs-camera-module_PCB','cvbs-camera-module_PCB','',(
    #19259));
#19259 = PRODUCT_CONTEXT('',#2,'mechanical');
#19260 = PRODUCT_DEFINITION_CONTEXT('part definition',#2,'design');
#19261 = ADVANCED_BREP_SHAPE_REPRESENTATION('',(#11,#19262),#20983);
#19262 = MANIFOLD_SOLID_BREP('',#19263);
#19263 = CLOSED_SHELL('',(#19264,#19304,#19335,#19368,#19787,#20206,
    #20223,#20240,#20257,#20274,#20291,#20308,#20325,#20342,#20359,
    #20376,#20393,#20410,#20427,#20444,#20461,#20478,#20495,#20512,
    #20529,#20546,#20563,#20580,#20597,#20614,#20631,#20648,#20665,
    #20682,#20699,#20716,#20733,#20750,#20767,#20779,#20801,#20818,
    #20835,#20852,#20869,#20886,#20903,#20915,#20932,#20949,#20966));
#19264 = ADVANCED_FACE('',(#19265),#19299,.T.);
#19265 = FACE_BOUND('',#19266,.T.);
#19266 = EDGE_LOOP('',(#19267,#19277,#19285,#19293));
#19267 = ORIENTED_EDGE('',*,*,#19268,.T.);
#19268 = EDGE_CURVE('',#19269,#19271,#19273,.T.);
#19269 = VERTEX_POINT('',#19270);
#19270 = CARTESIAN_POINT('',(116.55,-65.225,0.));
#19271 = VERTEX_POINT('',#19272);
#19272 = CARTESIAN_POINT('',(116.55,-65.225,0.53));
#19273 = LINE('',#19274,#19275);
#19274 = CARTESIAN_POINT('',(116.55,-65.225,0.));
#19275 = VECTOR('',#19276,1.);
#19276 = DIRECTION('',(0.,0.,1.));
#19277 = ORIENTED_EDGE('',*,*,#19278,.T.);
#19278 = EDGE_CURVE('',#19271,#19279,#19281,.T.);
#19279 = VERTEX_POINT('',#19280);
#19280 = CARTESIAN_POINT('',(115.3,-65.225,0.53));
#19281 = LINE('',#19282,#19283);
#19282 = CARTESIAN_POINT('',(116.55,-65.225,0.53));
#19283 = VECTOR('',#19284,1.);
#19284 = DIRECTION('',(-1.,0.,0.));
#19285 = ORIENTED_EDGE('',*,*,#19286,.F.);
#19286 = EDGE_CURVE('',#19287,#19279,#19289,.T.);
#19287 = VERTEX_POINT('',#19288);
#19288 = CARTESIAN_POINT('',(115.3,-65.225,0.));
#19289 = LINE('',#19290,#19291);
#19290 = CARTESIAN_POINT('',(115.3,-65.225,0.));
#19291 = VECTOR('',#19292,1.);
#19292 = DIRECTION('',(0.,0.,1.));
#19293 = ORIENTED_EDGE('',*,*,#19294,.F.);
#19294 = EDGE_CURVE('',#19269,#19287,#19295,.T.);
#19295 = LINE('',#19296,#19297);
#19296 = CARTESIAN_POINT('',(116.55,-65.225,0.));
#19297 = VECTOR('',#19298,1.);
#19298 = DIRECTION('',(-1.,0.,0.));
#19299 = PLANE('',#19300);
#19300 = AXIS2_PLACEMENT_3D('',#19301,#19302,#19303);
#19301 = CARTESIAN_POINT('',(116.55,-65.225,0.));
#19302 = DIRECTION('',(0.,-1.,0.));
#19303 = DIRECTION('',(-1.,0.,0.));
#19304 = ADVANCED_FACE('',(#19305),#19330,.T.);
#19305 = FACE_BOUND('',#19306,.T.);
#19306 = EDGE_LOOP('',(#19307,#19317,#19323,#19324));
#19307 = ORIENTED_EDGE('',*,*,#19308,.T.);
#19308 = EDGE_CURVE('',#19309,#19311,#19313,.T.);
#19309 = VERTEX_POINT('',#19310);
#19310 = CARTESIAN_POINT('',(116.55,-55.4,0.));
#19311 = VERTEX_POINT('',#19312);
#19312 = CARTESIAN_POINT('',(116.55,-55.4,0.53));
#19313 = LINE('',#19314,#19315);
#19314 = CARTESIAN_POINT('',(116.55,-55.4,0.));
#19315 = VECTOR('',#19316,1.);
#19316 = DIRECTION('',(0.,0.,1.));
#19317 = ORIENTED_EDGE('',*,*,#19318,.T.);
#19318 = EDGE_CURVE('',#19311,#19271,#19319,.T.);
#19319 = LINE('',#19320,#19321);
#19320 = CARTESIAN_POINT('',(116.55,-55.4,0.53));
#19321 = VECTOR('',#19322,1.);
#19322 = DIRECTION('',(0.,-1.,0.));
#19323 = ORIENTED_EDGE('',*,*,#19268,.F.);
#19324 = ORIENTED_EDGE('',*,*,#19325,.F.);
#19325 = EDGE_CURVE('',#19309,#19269,#19326,.T.);
#19326 = LINE('',#19327,#19328);
#19327 = CARTESIAN_POINT('',(116.55,-55.4,0.));
#19328 = VECTOR('',#19329,1.);
#19329 = DIRECTION('',(0.,-1.,0.));
#19330 = PLANE('',#19331);
#19331 = AXIS2_PLACEMENT_3D('',#19332,#19333,#19334);
#19332 = CARTESIAN_POINT('',(116.55,-55.4,0.));
#19333 = DIRECTION('',(1.,0.,-0.));
#19334 = DIRECTION('',(0.,-1.,0.));
#19335 = ADVANCED_FACE('',(#19336),#19363,.F.);
#19336 = FACE_BOUND('',#19337,.T.);
#19337 = EDGE_LOOP('',(#19338,#19339,#19348,#19356));
#19338 = ORIENTED_EDGE('',*,*,#19286,.T.);
#19339 = ORIENTED_EDGE('',*,*,#19340,.T.);
#19340 = EDGE_CURVE('',#19279,#19341,#19343,.T.);
#19341 = VERTEX_POINT('',#19342);
#19342 = CARTESIAN_POINT('',(114.8,-65.725,0.53));
#19343 = CIRCLE('',#19344,0.500001333575);
#19344 = AXIS2_PLACEMENT_3D('',#19345,#19346,#19347);
#19345 = CARTESIAN_POINT('',(115.30000133357,-65.72500133357,0.53));
#19346 = DIRECTION('',(0.,0.,1.));
#19347 = DIRECTION('',(-2.667139219464E-06,0.999999999996,0.));
#19348 = ORIENTED_EDGE('',*,*,#19349,.F.);
#19349 = EDGE_CURVE('',#19350,#19341,#19352,.T.);
#19350 = VERTEX_POINT('',#19351);
#19351 = CARTESIAN_POINT('',(114.8,-65.725,0.));
#19352 = LINE('',#19353,#19354);
#19353 = CARTESIAN_POINT('',(114.8,-65.725,0.));
#19354 = VECTOR('',#19355,1.);
#19355 = DIRECTION('',(0.,0.,1.));
#19356 = ORIENTED_EDGE('',*,*,#19357,.F.);
#19357 = EDGE_CURVE('',#19287,#19350,#19358,.T.);
#19358 = CIRCLE('',#19359,0.500001333575);
#19359 = AXIS2_PLACEMENT_3D('',#19360,#19361,#19362);
#19360 = CARTESIAN_POINT('',(115.30000133357,-65.72500133357,0.));
#19361 = DIRECTION('',(0.,0.,1.));
#19362 = DIRECTION('',(-2.667139219464E-06,0.999999999996,0.));
#19363 = CYLINDRICAL_SURFACE('',#19364,0.500001333575);
#19364 = AXIS2_PLACEMENT_3D('',#19365,#19366,#19367);
#19365 = CARTESIAN_POINT('',(115.30000133357,-65.72500133357,0.));
#19366 = DIRECTION('',(-0.,-0.,-1.));
#19367 = DIRECTION('',(-2.667139219464E-06,0.999999999996,0.));
#19368 = ADVANCED_FACE('',(#19369,#19668,#19738,#19749,#19760,#19771),
  #19782,.F.);
#19369 = FACE_BOUND('',#19370,.F.);
#19370 = EDGE_LOOP('',(#19371,#19372,#19373,#19381,#19389,#19397,#19406,
    #19415,#19424,#19433,#19442,#19451,#19460,#19469,#19478,#19487,
    #19495,#19504,#19512,#19520,#19528,#19537,#19545,#19554,#19562,
    #19571,#19580,#19588,#19597,#19606,#19615,#19624,#19633,#19642,
    #19651,#19660,#19667));
#19371 = ORIENTED_EDGE('',*,*,#19294,.F.);
#19372 = ORIENTED_EDGE('',*,*,#19325,.F.);
#19373 = ORIENTED_EDGE('',*,*,#19374,.F.);
#19374 = EDGE_CURVE('',#19375,#19309,#19377,.T.);
#19375 = VERTEX_POINT('',#19376);
#19376 = CARTESIAN_POINT('',(112.6,-55.4,0.));
#19377 = LINE('',#19378,#19379);
#19378 = CARTESIAN_POINT('',(112.6,-55.4,0.));
#19379 = VECTOR('',#19380,1.);
#19380 = DIRECTION('',(1.,0.,0.));
#19381 = ORIENTED_EDGE('',*,*,#19382,.F.);
#19382 = EDGE_CURVE('',#19383,#19375,#19385,.T.);
#19383 = VERTEX_POINT('',#19384);
#19384 = CARTESIAN_POINT('',(112.6,-65.225,0.));
#19385 = LINE('',#19386,#19387);
#19386 = CARTESIAN_POINT('',(112.6,-65.225,0.));
#19387 = VECTOR('',#19388,1.);
#19388 = DIRECTION('',(0.,1.,0.));
#19389 = ORIENTED_EDGE('',*,*,#19390,.F.);
#19390 = EDGE_CURVE('',#19391,#19383,#19393,.T.);
#19391 = VERTEX_POINT('',#19392);
#19392 = CARTESIAN_POINT('',(113.3,-65.225,0.));
#19393 = LINE('',#19394,#19395);
#19394 = CARTESIAN_POINT('',(113.3,-65.225,0.));
#19395 = VECTOR('',#19396,1.);
#19396 = DIRECTION('',(-1.,0.,0.));
#19397 = ORIENTED_EDGE('',*,*,#19398,.F.);
#19398 = EDGE_CURVE('',#19399,#19391,#19401,.T.);
#19399 = VERTEX_POINT('',#19400);
#19400 = CARTESIAN_POINT('',(113.8,-65.725,0.));
#19401 = CIRCLE('',#19402,0.500001333575);
#19402 = AXIS2_PLACEMENT_3D('',#19403,#19404,#19405);
#19403 = CARTESIAN_POINT('',(113.29999866642,-65.72500133357,0.));
#19404 = DIRECTION('',(0.,0.,1.));
#19405 = DIRECTION('',(0.999999999996,2.667139219464E-06,-0.));
#19406 = ORIENTED_EDGE('',*,*,#19407,.F.);
#19407 = EDGE_CURVE('',#19408,#19399,#19410,.T.);
#19408 = VERTEX_POINT('',#19409);
#19409 = CARTESIAN_POINT('',(112.842994,-66.445866,0.));
#19410 = CIRCLE('',#19411,0.749998759493);
#19411 = AXIS2_PLACEMENT_3D('',#19412,#19413,#19414);
#19412 = CARTESIAN_POINT('',(113.0500012405,-65.7250011433,0.));
#19413 = DIRECTION('',(0.,0.,1.));
#19414 = DIRECTION('',(-0.276010110534,-0.961154732019,0.));
#19415 = ORIENTED_EDGE('',*,*,#19416,.F.);
#19416 = EDGE_CURVE('',#19417,#19408,#19419,.T.);
#19417 = VERTEX_POINT('',#19418);
#19418 = CARTESIAN_POINT('',(113.63523,-69.326319,0.));
#19419 = CIRCLE('',#19420,1.749999643022);
#19420 = AXIS2_PLACEMENT_3D('',#19421,#19422,#19423);
#19421 = CARTESIAN_POINT('',(112.35998060004,-68.12788764256,0.));
#19422 = DIRECTION('',(0.,0.,-1.));
#19423 = DIRECTION('',(0.72871409148,-0.684818058231,0.));
#19424 = ORIENTED_EDGE('',*,*,#19425,.F.);
#19425 = EDGE_CURVE('',#19426,#19417,#19428,.T.);
#19426 = VERTEX_POINT('',#19427);
#19427 = CARTESIAN_POINT('',(113.841727,-70.508418,0.));
#19428 = CIRCLE('',#19429,0.750002011972);
#19429 = AXIS2_PLACEMENT_3D('',#19430,#19431,#19432);
#19430 = CARTESIAN_POINT('',(114.18176933152,-69.83993147752,0.));
#19431 = DIRECTION('',(0.,0.,1.));
#19432 = DIRECTION('',(-0.453388559086,-0.891312972244,0.));
#19433 = ORIENTED_EDGE('',*,*,#19434,.F.);
#19434 = EDGE_CURVE('',#19435,#19426,#19437,.T.);
#19435 = VERTEX_POINT('',#19436);
#19436 = CARTESIAN_POINT('',(111.648304,-73.118219,0.));
#19437 = CIRCLE('',#19438,1.74999298905);
#19438 = AXIS2_PLACEMENT_3D('',#19439,#19440,#19441);
#19439 = CARTESIAN_POINT('',(113.04828059613,-72.06819948018,0.));
#19440 = DIRECTION('',(0.,0.,-1.));
#19441 = DIRECTION('',(-0.799989831328,-0.60001355799,-0.));
#19442 = ORIENTED_EDGE('',*,*,#19443,.F.);
#19443 = EDGE_CURVE('',#19444,#19435,#19446,.T.);
#19444 = VERTEX_POINT('',#19445);
#19445 = CARTESIAN_POINT('',(110.448304,-73.118219,0.));
#19446 = CIRCLE('',#19447,0.75);
#19447 = AXIS2_PLACEMENT_3D('',#19448,#19449,#19450);
#19448 = CARTESIAN_POINT('',(111.048304,-73.568219,0.));
#19449 = DIRECTION('',(0.,0.,1.));
#19450 = DIRECTION('',(-0.8,0.6,-0.));
#19451 = ORIENTED_EDGE('',*,*,#19452,.F.);
#19452 = EDGE_CURVE('',#19453,#19444,#19455,.T.);
#19453 = VERTEX_POINT('',#19454);
#19454 = CARTESIAN_POINT('',(107.648304,-73.118219,0.));
#19455 = CIRCLE('',#19456,1.75);
#19456 = AXIS2_PLACEMENT_3D('',#19457,#19458,#19459);
#19457 = CARTESIAN_POINT('',(109.048304,-72.068219,0.));
#19458 = DIRECTION('',(0.,0.,-1.));
#19459 = DIRECTION('',(-0.8,-0.6,-0.));
#19460 = ORIENTED_EDGE('',*,*,#19461,.F.);
#19461 = EDGE_CURVE('',#19462,#19453,#19464,.T.);
#19462 = VERTEX_POINT('',#19463);
#19463 = CARTESIAN_POINT('',(106.373813,-73.240253,0.));
#19464 = CIRCLE('',#19465,0.749999822898);
#19465 = AXIS2_PLACEMENT_3D('',#19466,#19467,#19468);
#19466 = CARTESIAN_POINT('',(107.04830405474,-73.56821877782,0.));
#19467 = DIRECTION('',(0.,0.,1.));
#19468 = DIRECTION('',(-0.899321618684,0.437287807019,-0.));
#19469 = ORIENTED_EDGE('',*,*,#19470,.F.);
#19470 = EDGE_CURVE('',#19471,#19462,#19473,.T.);
#19471 = VERTEX_POINT('',#19472);
#19472 = CARTESIAN_POINT('',(104.8,-70.725,0.));
#19473 = CIRCLE('',#19474,1.749999833232);
#19474 = AXIS2_PLACEMENT_3D('',#19475,#19476,#19477);
#19475 = CARTESIAN_POINT('',(104.8000001118,-72.47499983323,0.));
#19476 = DIRECTION('',(0.,0.,-1.));
#19477 = DIRECTION('',(-6.388565054516E-08,1.,0.));
#19478 = ORIENTED_EDGE('',*,*,#19479,.F.);
#19479 = EDGE_CURVE('',#19480,#19471,#19482,.T.);
#19480 = VERTEX_POINT('',#19481);
#19481 = CARTESIAN_POINT('',(104.3,-70.225,0.));
#19482 = CIRCLE('',#19483,0.500001333575);
#19483 = AXIS2_PLACEMENT_3D('',#19484,#19485,#19486);
#19484 = CARTESIAN_POINT('',(104.80000133357,-70.22499866642,0.));
#19485 = DIRECTION('',(0.,0.,1.));
#19486 = DIRECTION('',(-0.999999999996,-2.667139191042E-06,0.));
#19487 = ORIENTED_EDGE('',*,*,#19488,.F.);
#19488 = EDGE_CURVE('',#19489,#19480,#19491,.T.);
#19489 = VERTEX_POINT('',#19490);
#19490 = CARTESIAN_POINT('',(104.3,-69.725,0.));
#19491 = LINE('',#19492,#19493);
#19492 = CARTESIAN_POINT('',(104.3,-69.725,0.));
#19493 = VECTOR('',#19494,1.);
#19494 = DIRECTION('',(0.,-1.,0.));
#19495 = ORIENTED_EDGE('',*,*,#19496,.F.);
#19496 = EDGE_CURVE('',#19497,#19489,#19499,.T.);
#19497 = VERTEX_POINT('',#19498);
#19498 = CARTESIAN_POINT('',(104.3,-69.2,0.));
#19499 = CIRCLE('',#19500,0.2625);
#19500 = AXIS2_PLACEMENT_3D('',#19501,#19502,#19503);
#19501 = CARTESIAN_POINT('',(104.3,-69.4625,0.));
#19502 = DIRECTION('',(0.,0.,1.));
#19503 = DIRECTION('',(5.413658939125E-14,1.,-0.));
#19504 = ORIENTED_EDGE('',*,*,#19505,.F.);
#19505 = EDGE_CURVE('',#19506,#19497,#19508,.T.);
#19506 = VERTEX_POINT('',#19507);
#19507 = CARTESIAN_POINT('',(106.6,-69.2,0.));
#19508 = LINE('',#19509,#19510);
#19509 = CARTESIAN_POINT('',(106.6,-69.2,0.));
#19510 = VECTOR('',#19511,1.);
#19511 = DIRECTION('',(-1.,0.,0.));
#19512 = ORIENTED_EDGE('',*,*,#19513,.F.);
#19513 = EDGE_CURVE('',#19514,#19506,#19516,.T.);
#19514 = VERTEX_POINT('',#19515);
#19515 = CARTESIAN_POINT('',(106.6,-65.9,0.));
#19516 = LINE('',#19517,#19518);
#19517 = CARTESIAN_POINT('',(106.6,-65.9,0.));
#19518 = VECTOR('',#19519,1.);
#19519 = DIRECTION('',(0.,-1.,0.));
#19520 = ORIENTED_EDGE('',*,*,#19521,.F.);
#19521 = EDGE_CURVE('',#19522,#19514,#19524,.T.);
#19522 = VERTEX_POINT('',#19523);
#19523 = CARTESIAN_POINT('',(97.4,-65.9,0.));
#19524 = LINE('',#19525,#19526);
#19525 = CARTESIAN_POINT('',(97.4,-65.9,0.));
#19526 = VECTOR('',#19527,1.);
#19527 = DIRECTION('',(1.,0.,0.));
#19528 = ORIENTED_EDGE('',*,*,#19529,.F.);
#19529 = EDGE_CURVE('',#19530,#19522,#19532,.T.);
#19530 = VERTEX_POINT('',#19531);
#19531 = CARTESIAN_POINT('',(95.9,-67.4,0.));
#19532 = CIRCLE('',#19533,1.500000586493);
#19533 = AXIS2_PLACEMENT_3D('',#19534,#19535,#19536);
#19534 = CARTESIAN_POINT('',(97.400000586493,-67.40000058649,0.));
#19535 = DIRECTION('',(0.,0.,-1.));
#19536 = DIRECTION('',(-1.,3.909953710804E-07,0.));
#19537 = ORIENTED_EDGE('',*,*,#19538,.F.);
#19538 = EDGE_CURVE('',#19539,#19530,#19541,.T.);
#19539 = VERTEX_POINT('',#19540);
#19540 = CARTESIAN_POINT('',(95.9,-72.6,0.));
#19541 = LINE('',#19542,#19543);
#19542 = CARTESIAN_POINT('',(95.9,-72.6,0.));
#19543 = VECTOR('',#19544,1.);
#19544 = DIRECTION('',(0.,1.,0.));
#19545 = ORIENTED_EDGE('',*,*,#19546,.F.);
#19546 = EDGE_CURVE('',#19547,#19539,#19549,.T.);
#19547 = VERTEX_POINT('',#19548);
#19548 = CARTESIAN_POINT('',(97.4,-74.1,0.));
#19549 = CIRCLE('',#19550,1.500000586493);
#19550 = AXIS2_PLACEMENT_3D('',#19551,#19552,#19553);
#19551 = CARTESIAN_POINT('',(97.400000586493,-72.5999994135,0.));
#19552 = DIRECTION('',(0.,0.,-1.));
#19553 = DIRECTION('',(-3.909953710804E-07,-1.,-0.));
#19554 = ORIENTED_EDGE('',*,*,#19555,.F.);
#19555 = EDGE_CURVE('',#19556,#19547,#19558,.T.);
#19556 = VERTEX_POINT('',#19557);
#19557 = CARTESIAN_POINT('',(102.93,-74.1,0.));
#19558 = LINE('',#19559,#19560);
#19559 = CARTESIAN_POINT('',(102.93,-74.1,0.));
#19560 = VECTOR('',#19561,1.);
#19561 = DIRECTION('',(-1.,0.,0.));
#19562 = ORIENTED_EDGE('',*,*,#19563,.F.);
#19563 = EDGE_CURVE('',#19564,#19556,#19566,.T.);
#19564 = VERTEX_POINT('',#19565);
#19565 = CARTESIAN_POINT('',(104.005,-73.025,0.));
#19566 = CIRCLE('',#19567,1.07499928225);
#19567 = AXIS2_PLACEMENT_3D('',#19568,#19569,#19570);
#19568 = CARTESIAN_POINT('',(102.93000071775,-73.02500071775,0.));
#19569 = DIRECTION('',(0.,0.,-1.));
#19570 = DIRECTION('',(1.,6.676754442833E-07,0.));
#19571 = ORIENTED_EDGE('',*,*,#19572,.F.);
#19572 = EDGE_CURVE('',#19573,#19564,#19575,.T.);
#19573 = VERTEX_POINT('',#19574);
#19574 = CARTESIAN_POINT('',(104.299981,-72.725042,0.));
#19575 = CIRCLE('',#19576,0.300000371719);
#19576 = AXIS2_PLACEMENT_3D('',#19577,#19578,#19579);
#19577 = CARTESIAN_POINT('',(104.30500037171,-73.02500037867,0.));
#19578 = DIRECTION('',(0.,0.,1.));
#19579 = DIRECTION('',(-1.673121833023E-02,0.99986002337,0.));
#19580 = ORIENTED_EDGE('',*,*,#19581,.F.);
#19581 = EDGE_CURVE('',#19582,#19573,#19584,.T.);
#19582 = VERTEX_POINT('',#19583);
#19583 = CARTESIAN_POINT('',(104.299999,-72.224999,0.));
#19584 = LINE('',#19585,#19586);
#19585 = CARTESIAN_POINT('',(104.299999,-72.224999,0.));
#19586 = VECTOR('',#19587,1.);
#19587 = DIRECTION('',(-3.599690423729E-05,-0.999999999352,0.));
#19588 = ORIENTED_EDGE('',*,*,#19589,.F.);
#19589 = EDGE_CURVE('',#19590,#19582,#19592,.T.);
#19590 = VERTEX_POINT('',#19591);
#19591 = CARTESIAN_POINT('',(104.799999,-71.724999,0.));
#19592 = CIRCLE('',#19593,0.500001333575);
#19593 = AXIS2_PLACEMENT_3D('',#19594,#19595,#19596);
#19594 = CARTESIAN_POINT('',(104.80000033357,-72.22500033357,0.));
#19595 = DIRECTION('',(0.,0.,1.));
#19596 = DIRECTION('',(-2.667139191042E-06,0.999999999996,0.));
#19597 = ORIENTED_EDGE('',*,*,#19598,.F.);
#19598 = EDGE_CURVE('',#19599,#19590,#19601,.T.);
#19599 = VERTEX_POINT('',#19600);
#19600 = CARTESIAN_POINT('',(105.474491,-72.802966,0.));
#19601 = CIRCLE('',#19602,0.750000800068);
#19602 = AXIS2_PLACEMENT_3D('',#19603,#19604,#19605);
#19603 = CARTESIAN_POINT('',(104.79999906394,-72.47499980006,0.));
#19604 = DIRECTION('',(0.,0.,1.));
#19605 = DIRECTION('',(0.89932162205,-0.437287800096,0.));
#19606 = ORIENTED_EDGE('',*,*,#19607,.F.);
#19607 = EDGE_CURVE('',#19608,#19599,#19610,.T.);
#19608 = VERTEX_POINT('',#19609);
#19609 = CARTESIAN_POINT('',(108.448304,-72.518219,0.));
#19610 = CIRCLE('',#19611,1.749999797297);
#19611 = AXIS2_PLACEMENT_3D('',#19612,#19613,#19614);
#19612 = CARTESIAN_POINT('',(107.04830405678,-73.56821873787,0.));
#19613 = DIRECTION('',(0.,0.,-1.));
#19614 = DIRECTION('',(0.800000060215,0.599999919713,0.));
#19615 = ORIENTED_EDGE('',*,*,#19616,.F.);
#19616 = EDGE_CURVE('',#19617,#19608,#19619,.T.);
#19617 = VERTEX_POINT('',#19618);
#19618 = CARTESIAN_POINT('',(109.648304,-72.518219,0.));
#19619 = CIRCLE('',#19620,0.75);
#19620 = AXIS2_PLACEMENT_3D('',#19621,#19622,#19623);
#19621 = CARTESIAN_POINT('',(109.048304,-72.068219,0.));
#19622 = DIRECTION('',(0.,0.,1.));
#19623 = DIRECTION('',(0.8,-0.6,0.));
#19624 = ORIENTED_EDGE('',*,*,#19625,.F.);
#19625 = EDGE_CURVE('',#19626,#19617,#19628,.T.);
#19626 = VERTEX_POINT('',#19627);
#19627 = CARTESIAN_POINT('',(112.448304,-72.518219,0.));
#19628 = CIRCLE('',#19629,1.75);
#19629 = AXIS2_PLACEMENT_3D('',#19630,#19631,#19632);
#19630 = CARTESIAN_POINT('',(111.048304,-73.568219,0.));
#19631 = DIRECTION('',(0.,0.,-1.));
#19632 = DIRECTION('',(0.8,0.6,0.));
#19633 = ORIENTED_EDGE('',*,*,#19634,.F.);
#19634 = EDGE_CURVE('',#19635,#19626,#19637,.T.);
#19635 = VERTEX_POINT('',#19636);
#19636 = CARTESIAN_POINT('',(113.388343,-71.399733,0.));
#19637 = CIRCLE('',#19638,0.749993038358);
#19638 = AXIS2_PLACEMENT_3D('',#19639,#19640,#19641);
#19639 = CARTESIAN_POINT('',(113.04828040839,-72.06819914826,0.));
#19640 = DIRECTION('',(0.,0.,1.));
#19641 = DIRECTION('',(0.453420997546,0.89129647087,-0.));
#19642 = ORIENTED_EDGE('',*,*,#19643,.F.);
#19643 = EDGE_CURVE('',#19644,#19635,#19646,.T.);
#19644 = VERTEX_POINT('',#19645);
#19645 = CARTESIAN_POINT('',(112.906515,-68.641501,0.));
#19646 = CIRCLE('',#19647,1.750002567308);
#19647 = AXIS2_PLACEMENT_3D('',#19648,#19649,#19650);
#19648 = CARTESIAN_POINT('',(114.18176985084,-69.8399308273,0.));
#19649 = DIRECTION('',(0.,0.,-1.));
#19650 = DIRECTION('',(-0.728715988576,0.684816039527,-0.));
#19651 = ORIENTED_EDGE('',*,*,#19652,.F.);
#19652 = EDGE_CURVE('',#19653,#19644,#19655,.T.);
#19653 = VERTEX_POINT('',#19654);
#19654 = CARTESIAN_POINT('',(112.566986,-67.407022,0.));
#19655 = CIRCLE('',#19656,0.749999196324);
#19656 = AXIS2_PLACEMENT_3D('',#19657,#19658,#19659);
#19657 = CARTESIAN_POINT('',(112.35998026451,-68.12788774336,0.));
#19658 = DIRECTION('',(0.,0.,1.));
#19659 = DIRECTION('',(0.276007943081,0.961155354433,-0.));
#19660 = ORIENTED_EDGE('',*,*,#19661,.F.);
#19661 = EDGE_CURVE('',#19350,#19653,#19662,.T.);
#19662 = CIRCLE('',#19663,1.750000223457);
#19663 = AXIS2_PLACEMENT_3D('',#19664,#19665,#19666);
#19664 = CARTESIAN_POINT('',(113.04999977654,-65.72499986168,0.));
#19665 = DIRECTION('',(0.,0.,-1.));
#19666 = DIRECTION('',(1.,-7.903481963652E-08,0.));
#19667 = ORIENTED_EDGE('',*,*,#19357,.F.);
#19668 = FACE_BOUND('',#19669,.F.);
#19669 = EDGE_LOOP('',(#19670,#19681,#19689,#19698,#19706,#19715,#19723,
    #19732));
#19670 = ORIENTED_EDGE('',*,*,#19671,.F.);
#19671 = EDGE_CURVE('',#19672,#19674,#19676,.T.);
#19672 = VERTEX_POINT('',#19673);
#19673 = CARTESIAN_POINT('',(97.7,-67.4,0.));
#19674 = VERTEX_POINT('',#19675);
#19675 = CARTESIAN_POINT('',(97.4,-67.4,0.));
#19676 = CIRCLE('',#19677,0.15);
#19677 = AXIS2_PLACEMENT_3D('',#19678,#19679,#19680);
#19678 = CARTESIAN_POINT('',(97.55,-67.4,0.));
#19679 = DIRECTION('',(0.,0.,1.));
#19680 = DIRECTION('',(1.,0.,-0.));
#19681 = ORIENTED_EDGE('',*,*,#19682,.F.);
#19682 = EDGE_CURVE('',#19683,#19672,#19685,.T.);
#19683 = VERTEX_POINT('',#19684);
#19684 = CARTESIAN_POINT('',(102.3,-67.4,0.));
#19685 = LINE('',#19686,#19687);
#19686 = CARTESIAN_POINT('',(102.3,-67.4,0.));
#19687 = VECTOR('',#19688,1.);
#19688 = DIRECTION('',(-1.,0.,0.));
#19689 = ORIENTED_EDGE('',*,*,#19690,.F.);
#19690 = EDGE_CURVE('',#19691,#19683,#19693,.T.);
#19691 = VERTEX_POINT('',#19692);
#19692 = CARTESIAN_POINT('',(102.6,-67.4,0.));
#19693 = CIRCLE('',#19694,0.15);
#19694 = AXIS2_PLACEMENT_3D('',#19695,#19696,#19697);
#19695 = CARTESIAN_POINT('',(102.45,-67.4,0.));
#19696 = DIRECTION('',(0.,0.,1.));
#19697 = DIRECTION('',(1.,0.,-0.));
#19698 = ORIENTED_EDGE('',*,*,#19699,.F.);
#19699 = EDGE_CURVE('',#19700,#19691,#19702,.T.);
#19700 = VERTEX_POINT('',#19701);
#19701 = CARTESIAN_POINT('',(102.6,-72.6,0.));
#19702 = LINE('',#19703,#19704);
#19703 = CARTESIAN_POINT('',(102.6,-72.6,0.));
#19704 = VECTOR('',#19705,1.);
#19705 = DIRECTION('',(0.,1.,0.));
#19706 = ORIENTED_EDGE('',*,*,#19707,.F.);
#19707 = EDGE_CURVE('',#19708,#19700,#19710,.T.);
#19708 = VERTEX_POINT('',#19709);
#19709 = CARTESIAN_POINT('',(102.3,-72.6,0.));
#19710 = CIRCLE('',#19711,0.15);
#19711 = AXIS2_PLACEMENT_3D('',#19712,#19713,#19714);
#19712 = CARTESIAN_POINT('',(102.45,-72.6,0.));
#19713 = DIRECTION('',(0.,0.,1.));
#19714 = DIRECTION('',(-1.,0.,-0.));
#19715 = ORIENTED_EDGE('',*,*,#19716,.F.);
#19716 = EDGE_CURVE('',#19717,#19708,#19719,.T.);
#19717 = VERTEX_POINT('',#19718);
#19718 = CARTESIAN_POINT('',(97.7,-72.6,0.));
#19719 = LINE('',#19720,#19721);
#19720 = CARTESIAN_POINT('',(97.7,-72.6,0.));
#19721 = VECTOR('',#19722,1.);
#19722 = DIRECTION('',(1.,0.,0.));
#19723 = ORIENTED_EDGE('',*,*,#19724,.F.);
#19724 = EDGE_CURVE('',#19725,#19717,#19727,.T.);
#19725 = VERTEX_POINT('',#19726);
#19726 = CARTESIAN_POINT('',(97.4,-72.6,0.));
#19727 = CIRCLE('',#19728,0.15);
#19728 = AXIS2_PLACEMENT_3D('',#19729,#19730,#19731);
#19729 = CARTESIAN_POINT('',(97.55,-72.6,0.));
#19730 = DIRECTION('',(0.,0.,1.));
#19731 = DIRECTION('',(-1.,0.,-0.));
#19732 = ORIENTED_EDGE('',*,*,#19733,.F.);
#19733 = EDGE_CURVE('',#19674,#19725,#19734,.T.);
#19734 = LINE('',#19735,#19736);
#19735 = CARTESIAN_POINT('',(97.4,-67.4,0.));
#19736 = VECTOR('',#19737,1.);
#19737 = DIRECTION('',(0.,-1.,0.));
#19738 = FACE_BOUND('',#19739,.F.);
#19739 = EDGE_LOOP('',(#19740));
#19740 = ORIENTED_EDGE('',*,*,#19741,.T.);
#19741 = EDGE_CURVE('',#19742,#19742,#19744,.T.);
#19742 = VERTEX_POINT('',#19743);
#19743 = CARTESIAN_POINT('',(105.2,-68.25,0.));
#19744 = CIRCLE('',#19745,0.7);
#19745 = AXIS2_PLACEMENT_3D('',#19746,#19747,#19748);
#19746 = CARTESIAN_POINT('',(105.2,-67.55,0.));
#19747 = DIRECTION('',(-0.,0.,-1.));
#19748 = DIRECTION('',(-0.,-1.,0.));
#19749 = FACE_BOUND('',#19750,.F.);
#19750 = EDGE_LOOP('',(#19751));
#19751 = ORIENTED_EDGE('',*,*,#19752,.T.);
#19752 = EDGE_CURVE('',#19753,#19753,#19755,.T.);
#19753 = VERTEX_POINT('',#19754);
#19754 = CARTESIAN_POINT('',(113.5,-64.15,0.));
#19755 = CIRCLE('',#19756,0.15);
#19756 = AXIS2_PLACEMENT_3D('',#19757,#19758,#19759);
#19757 = CARTESIAN_POINT('',(113.5,-64.,0.));
#19758 = DIRECTION('',(-0.,0.,-1.));
#19759 = DIRECTION('',(-0.,-1.,0.));
#19760 = FACE_BOUND('',#19761,.F.);
#19761 = EDGE_LOOP('',(#19762));
#19762 = ORIENTED_EDGE('',*,*,#19763,.T.);
#19763 = EDGE_CURVE('',#19764,#19764,#19766,.T.);
#19764 = VERTEX_POINT('',#19765);
#19765 = CARTESIAN_POINT('',(114.3,-64.15,0.));
#19766 = CIRCLE('',#19767,0.15);
#19767 = AXIS2_PLACEMENT_3D('',#19768,#19769,#19770);
#19768 = CARTESIAN_POINT('',(114.3,-64.,0.));
#19769 = DIRECTION('',(-0.,0.,-1.));
#19770 = DIRECTION('',(-9.473903143469E-14,-1.,0.));
#19771 = FACE_BOUND('',#19772,.F.);
#19772 = EDGE_LOOP('',(#19773));
#19773 = ORIENTED_EDGE('',*,*,#19774,.T.);
#19774 = EDGE_CURVE('',#19775,#19775,#19777,.T.);
#19775 = VERTEX_POINT('',#19776);
#19776 = CARTESIAN_POINT('',(115.1,-64.15,0.));
#19777 = CIRCLE('',#19778,0.15);
#19778 = AXIS2_PLACEMENT_3D('',#19779,#19780,#19781);
#19779 = CARTESIAN_POINT('',(115.1,-64.,0.));
#19780 = DIRECTION('',(-0.,0.,-1.));
#19781 = DIRECTION('',(-0.,-1.,0.));
#19782 = PLANE('',#19783);
#19783 = AXIS2_PLACEMENT_3D('',#19784,#19785,#19786);
#19784 = CARTESIAN_POINT('',(0.,0.,0.));
#19785 = DIRECTION('',(0.,0.,1.));
#19786 = DIRECTION('',(1.,0.,-0.));
#19787 = ADVANCED_FACE('',(#19788,#20087,#20157,#20168,#20179,#20190),
  #20201,.T.);
#19788 = FACE_BOUND('',#19789,.T.);
#19789 = EDGE_LOOP('',(#19790,#19791,#19792,#19800,#19808,#19816,#19825,
    #19834,#19843,#19852,#19861,#19870,#19879,#19888,#19897,#19906,
    #19914,#19923,#19931,#19939,#19947,#19956,#19964,#19973,#19981,
    #19990,#19999,#20007,#20016,#20025,#20034,#20043,#20052,#20061,
    #20070,#20079,#20086));
#19790 = ORIENTED_EDGE('',*,*,#19278,.F.);
#19791 = ORIENTED_EDGE('',*,*,#19318,.F.);
#19792 = ORIENTED_EDGE('',*,*,#19793,.F.);
#19793 = EDGE_CURVE('',#19794,#19311,#19796,.T.);
#19794 = VERTEX_POINT('',#19795);
#19795 = CARTESIAN_POINT('',(112.6,-55.4,0.53));
#19796 = LINE('',#19797,#19798);
#19797 = CARTESIAN_POINT('',(112.6,-55.4,0.53));
#19798 = VECTOR('',#19799,1.);
#19799 = DIRECTION('',(1.,0.,0.));
#19800 = ORIENTED_EDGE('',*,*,#19801,.F.);
#19801 = EDGE_CURVE('',#19802,#19794,#19804,.T.);
#19802 = VERTEX_POINT('',#19803);
#19803 = CARTESIAN_POINT('',(112.6,-65.225,0.53));
#19804 = LINE('',#19805,#19806);
#19805 = CARTESIAN_POINT('',(112.6,-65.225,0.53));
#19806 = VECTOR('',#19807,1.);
#19807 = DIRECTION('',(0.,1.,0.));
#19808 = ORIENTED_EDGE('',*,*,#19809,.F.);
#19809 = EDGE_CURVE('',#19810,#19802,#19812,.T.);
#19810 = VERTEX_POINT('',#19811);
#19811 = CARTESIAN_POINT('',(113.3,-65.225,0.53));
#19812 = LINE('',#19813,#19814);
#19813 = CARTESIAN_POINT('',(113.3,-65.225,0.53));
#19814 = VECTOR('',#19815,1.);
#19815 = DIRECTION('',(-1.,0.,0.));
#19816 = ORIENTED_EDGE('',*,*,#19817,.F.);
#19817 = EDGE_CURVE('',#19818,#19810,#19820,.T.);
#19818 = VERTEX_POINT('',#19819);
#19819 = CARTESIAN_POINT('',(113.8,-65.725,0.53));
#19820 = CIRCLE('',#19821,0.500001333575);
#19821 = AXIS2_PLACEMENT_3D('',#19822,#19823,#19824);
#19822 = CARTESIAN_POINT('',(113.29999866642,-65.72500133357,0.53));
#19823 = DIRECTION('',(0.,0.,1.));
#19824 = DIRECTION('',(0.999999999996,2.667139219464E-06,-0.));
#19825 = ORIENTED_EDGE('',*,*,#19826,.F.);
#19826 = EDGE_CURVE('',#19827,#19818,#19829,.T.);
#19827 = VERTEX_POINT('',#19828);
#19828 = CARTESIAN_POINT('',(112.842994,-66.445866,0.53));
#19829 = CIRCLE('',#19830,0.749998759493);
#19830 = AXIS2_PLACEMENT_3D('',#19831,#19832,#19833);
#19831 = CARTESIAN_POINT('',(113.0500012405,-65.7250011433,0.53));
#19832 = DIRECTION('',(0.,0.,1.));
#19833 = DIRECTION('',(-0.276010110534,-0.961154732019,0.));
#19834 = ORIENTED_EDGE('',*,*,#19835,.F.);
#19835 = EDGE_CURVE('',#19836,#19827,#19838,.T.);
#19836 = VERTEX_POINT('',#19837);
#19837 = CARTESIAN_POINT('',(113.63523,-69.326319,0.53));
#19838 = CIRCLE('',#19839,1.749999643022);
#19839 = AXIS2_PLACEMENT_3D('',#19840,#19841,#19842);
#19840 = CARTESIAN_POINT('',(112.35998060004,-68.12788764256,0.53));
#19841 = DIRECTION('',(0.,0.,-1.));
#19842 = DIRECTION('',(0.72871409148,-0.684818058231,0.));
#19843 = ORIENTED_EDGE('',*,*,#19844,.F.);
#19844 = EDGE_CURVE('',#19845,#19836,#19847,.T.);
#19845 = VERTEX_POINT('',#19846);
#19846 = CARTESIAN_POINT('',(113.841727,-70.508418,0.53));
#19847 = CIRCLE('',#19848,0.750002011972);
#19848 = AXIS2_PLACEMENT_3D('',#19849,#19850,#19851);
#19849 = CARTESIAN_POINT('',(114.18176933152,-69.83993147752,0.53));
#19850 = DIRECTION('',(0.,0.,1.));
#19851 = DIRECTION('',(-0.453388559086,-0.891312972244,0.));
#19852 = ORIENTED_EDGE('',*,*,#19853,.F.);
#19853 = EDGE_CURVE('',#19854,#19845,#19856,.T.);
#19854 = VERTEX_POINT('',#19855);
#19855 = CARTESIAN_POINT('',(111.648304,-73.118219,0.53));
#19856 = CIRCLE('',#19857,1.74999298905);
#19857 = AXIS2_PLACEMENT_3D('',#19858,#19859,#19860);
#19858 = CARTESIAN_POINT('',(113.04828059613,-72.06819948018,0.53));
#19859 = DIRECTION('',(0.,0.,-1.));
#19860 = DIRECTION('',(-0.799989831328,-0.60001355799,-0.));
#19861 = ORIENTED_EDGE('',*,*,#19862,.F.);
#19862 = EDGE_CURVE('',#19863,#19854,#19865,.T.);
#19863 = VERTEX_POINT('',#19864);
#19864 = CARTESIAN_POINT('',(110.448304,-73.118219,0.53));
#19865 = CIRCLE('',#19866,0.75);
#19866 = AXIS2_PLACEMENT_3D('',#19867,#19868,#19869);
#19867 = CARTESIAN_POINT('',(111.048304,-73.568219,0.53));
#19868 = DIRECTION('',(0.,0.,1.));
#19869 = DIRECTION('',(-0.8,0.6,-0.));
#19870 = ORIENTED_EDGE('',*,*,#19871,.F.);
#19871 = EDGE_CURVE('',#19872,#19863,#19874,.T.);
#19872 = VERTEX_POINT('',#19873);
#19873 = CARTESIAN_POINT('',(107.648304,-73.118219,0.53));
#19874 = CIRCLE('',#19875,1.75);
#19875 = AXIS2_PLACEMENT_3D('',#19876,#19877,#19878);
#19876 = CARTESIAN_POINT('',(109.048304,-72.068219,0.53));
#19877 = DIRECTION('',(0.,0.,-1.));
#19878 = DIRECTION('',(-0.8,-0.6,-0.));
#19879 = ORIENTED_EDGE('',*,*,#19880,.F.);
#19880 = EDGE_CURVE('',#19881,#19872,#19883,.T.);
#19881 = VERTEX_POINT('',#19882);
#19882 = CARTESIAN_POINT('',(106.373813,-73.240253,0.53));
#19883 = CIRCLE('',#19884,0.749999822898);
#19884 = AXIS2_PLACEMENT_3D('',#19885,#19886,#19887);
#19885 = CARTESIAN_POINT('',(107.04830405474,-73.56821877782,0.53));
#19886 = DIRECTION('',(0.,0.,1.));
#19887 = DIRECTION('',(-0.899321618684,0.437287807019,-0.));
#19888 = ORIENTED_EDGE('',*,*,#19889,.F.);
#19889 = EDGE_CURVE('',#19890,#19881,#19892,.T.);
#19890 = VERTEX_POINT('',#19891);
#19891 = CARTESIAN_POINT('',(104.8,-70.725,0.53));
#19892 = CIRCLE('',#19893,1.749999833232);
#19893 = AXIS2_PLACEMENT_3D('',#19894,#19895,#19896);
#19894 = CARTESIAN_POINT('',(104.8000001118,-72.47499983323,0.53));
#19895 = DIRECTION('',(0.,0.,-1.));
#19896 = DIRECTION('',(-6.388565054516E-08,1.,0.));
#19897 = ORIENTED_EDGE('',*,*,#19898,.F.);
#19898 = EDGE_CURVE('',#19899,#19890,#19901,.T.);
#19899 = VERTEX_POINT('',#19900);
#19900 = CARTESIAN_POINT('',(104.3,-70.225,0.53));
#19901 = CIRCLE('',#19902,0.500001333575);
#19902 = AXIS2_PLACEMENT_3D('',#19903,#19904,#19905);
#19903 = CARTESIAN_POINT('',(104.80000133357,-70.22499866642,0.53));
#19904 = DIRECTION('',(0.,0.,1.));
#19905 = DIRECTION('',(-0.999999999996,-2.667139191042E-06,0.));
#19906 = ORIENTED_EDGE('',*,*,#19907,.F.);
#19907 = EDGE_CURVE('',#19908,#19899,#19910,.T.);
#19908 = VERTEX_POINT('',#19909);
#19909 = CARTESIAN_POINT('',(104.3,-69.725,0.53));
#19910 = LINE('',#19911,#19912);
#19911 = CARTESIAN_POINT('',(104.3,-69.725,0.53));
#19912 = VECTOR('',#19913,1.);
#19913 = DIRECTION('',(0.,-1.,0.));
#19914 = ORIENTED_EDGE('',*,*,#19915,.F.);
#19915 = EDGE_CURVE('',#19916,#19908,#19918,.T.);
#19916 = VERTEX_POINT('',#19917);
#19917 = CARTESIAN_POINT('',(104.3,-69.2,0.53));
#19918 = CIRCLE('',#19919,0.2625);
#19919 = AXIS2_PLACEMENT_3D('',#19920,#19921,#19922);
#19920 = CARTESIAN_POINT('',(104.3,-69.4625,0.53));
#19921 = DIRECTION('',(0.,0.,1.));
#19922 = DIRECTION('',(5.413658939125E-14,1.,-0.));
#19923 = ORIENTED_EDGE('',*,*,#19924,.F.);
#19924 = EDGE_CURVE('',#19925,#19916,#19927,.T.);
#19925 = VERTEX_POINT('',#19926);
#19926 = CARTESIAN_POINT('',(106.6,-69.2,0.53));
#19927 = LINE('',#19928,#19929);
#19928 = CARTESIAN_POINT('',(106.6,-69.2,0.53));
#19929 = VECTOR('',#19930,1.);
#19930 = DIRECTION('',(-1.,0.,0.));
#19931 = ORIENTED_EDGE('',*,*,#19932,.F.);
#19932 = EDGE_CURVE('',#19933,#19925,#19935,.T.);
#19933 = VERTEX_POINT('',#19934);
#19934 = CARTESIAN_POINT('',(106.6,-65.9,0.53));
#19935 = LINE('',#19936,#19937);
#19936 = CARTESIAN_POINT('',(106.6,-65.9,0.53));
#19937 = VECTOR('',#19938,1.);
#19938 = DIRECTION('',(0.,-1.,0.));
#19939 = ORIENTED_EDGE('',*,*,#19940,.F.);
#19940 = EDGE_CURVE('',#19941,#19933,#19943,.T.);
#19941 = VERTEX_POINT('',#19942);
#19942 = CARTESIAN_POINT('',(97.4,-65.9,0.53));
#19943 = LINE('',#19944,#19945);
#19944 = CARTESIAN_POINT('',(97.4,-65.9,0.53));
#19945 = VECTOR('',#19946,1.);
#19946 = DIRECTION('',(1.,0.,0.));
#19947 = ORIENTED_EDGE('',*,*,#19948,.F.);
#19948 = EDGE_CURVE('',#19949,#19941,#19951,.T.);
#19949 = VERTEX_POINT('',#19950);
#19950 = CARTESIAN_POINT('',(95.9,-67.4,0.53));
#19951 = CIRCLE('',#19952,1.500000586493);
#19952 = AXIS2_PLACEMENT_3D('',#19953,#19954,#19955);
#19953 = CARTESIAN_POINT('',(97.400000586493,-67.40000058649,0.53));
#19954 = DIRECTION('',(0.,0.,-1.));
#19955 = DIRECTION('',(-1.,3.909953710804E-07,0.));
#19956 = ORIENTED_EDGE('',*,*,#19957,.F.);
#19957 = EDGE_CURVE('',#19958,#19949,#19960,.T.);
#19958 = VERTEX_POINT('',#19959);
#19959 = CARTESIAN_POINT('',(95.9,-72.6,0.53));
#19960 = LINE('',#19961,#19962);
#19961 = CARTESIAN_POINT('',(95.9,-72.6,0.53));
#19962 = VECTOR('',#19963,1.);
#19963 = DIRECTION('',(0.,1.,0.));
#19964 = ORIENTED_EDGE('',*,*,#19965,.F.);
#19965 = EDGE_CURVE('',#19966,#19958,#19968,.T.);
#19966 = VERTEX_POINT('',#19967);
#19967 = CARTESIAN_POINT('',(97.4,-74.1,0.53));
#19968 = CIRCLE('',#19969,1.500000586493);
#19969 = AXIS2_PLACEMENT_3D('',#19970,#19971,#19972);
#19970 = CARTESIAN_POINT('',(97.400000586493,-72.5999994135,0.53));
#19971 = DIRECTION('',(0.,0.,-1.));
#19972 = DIRECTION('',(-3.909953710804E-07,-1.,-0.));
#19973 = ORIENTED_EDGE('',*,*,#19974,.F.);
#19974 = EDGE_CURVE('',#19975,#19966,#19977,.T.);
#19975 = VERTEX_POINT('',#19976);
#19976 = CARTESIAN_POINT('',(102.93,-74.1,0.53));
#19977 = LINE('',#19978,#19979);
#19978 = CARTESIAN_POINT('',(102.93,-74.1,0.53));
#19979 = VECTOR('',#19980,1.);
#19980 = DIRECTION('',(-1.,0.,0.));
#19981 = ORIENTED_EDGE('',*,*,#19982,.F.);
#19982 = EDGE_CURVE('',#19983,#19975,#19985,.T.);
#19983 = VERTEX_POINT('',#19984);
#19984 = CARTESIAN_POINT('',(104.005,-73.025,0.53));
#19985 = CIRCLE('',#19986,1.07499928225);
#19986 = AXIS2_PLACEMENT_3D('',#19987,#19988,#19989);
#19987 = CARTESIAN_POINT('',(102.93000071775,-73.02500071775,0.53));
#19988 = DIRECTION('',(0.,0.,-1.));
#19989 = DIRECTION('',(1.,6.676754442833E-07,0.));
#19990 = ORIENTED_EDGE('',*,*,#19991,.F.);
#19991 = EDGE_CURVE('',#19992,#19983,#19994,.T.);
#19992 = VERTEX_POINT('',#19993);
#19993 = CARTESIAN_POINT('',(104.299981,-72.725042,0.53));
#19994 = CIRCLE('',#19995,0.300000371719);
#19995 = AXIS2_PLACEMENT_3D('',#19996,#19997,#19998);
#19996 = CARTESIAN_POINT('',(104.30500037171,-73.02500037867,0.53));
#19997 = DIRECTION('',(0.,0.,1.));
#19998 = DIRECTION('',(-1.673121833023E-02,0.99986002337,0.));
#19999 = ORIENTED_EDGE('',*,*,#20000,.F.);
#20000 = EDGE_CURVE('',#20001,#19992,#20003,.T.);
#20001 = VERTEX_POINT('',#20002);
#20002 = CARTESIAN_POINT('',(104.299999,-72.224999,0.53));
#20003 = LINE('',#20004,#20005);
#20004 = CARTESIAN_POINT('',(104.299999,-72.224999,0.53));
#20005 = VECTOR('',#20006,1.);
#20006 = DIRECTION('',(-3.599690423729E-05,-0.999999999352,0.));
#20007 = ORIENTED_EDGE('',*,*,#20008,.F.);
#20008 = EDGE_CURVE('',#20009,#20001,#20011,.T.);
#20009 = VERTEX_POINT('',#20010);
#20010 = CARTESIAN_POINT('',(104.799999,-71.724999,0.53));
#20011 = CIRCLE('',#20012,0.500001333575);
#20012 = AXIS2_PLACEMENT_3D('',#20013,#20014,#20015);
#20013 = CARTESIAN_POINT('',(104.80000033357,-72.22500033357,0.53));
#20014 = DIRECTION('',(0.,0.,1.));
#20015 = DIRECTION('',(-2.667139191042E-06,0.999999999996,0.));
#20016 = ORIENTED_EDGE('',*,*,#20017,.F.);
#20017 = EDGE_CURVE('',#20018,#20009,#20020,.T.);
#20018 = VERTEX_POINT('',#20019);
#20019 = CARTESIAN_POINT('',(105.474491,-72.802966,0.53));
#20020 = CIRCLE('',#20021,0.750000800068);
#20021 = AXIS2_PLACEMENT_3D('',#20022,#20023,#20024);
#20022 = CARTESIAN_POINT('',(104.79999906394,-72.47499980006,0.53));
#20023 = DIRECTION('',(0.,0.,1.));
#20024 = DIRECTION('',(0.89932162205,-0.437287800096,0.));
#20025 = ORIENTED_EDGE('',*,*,#20026,.F.);
#20026 = EDGE_CURVE('',#20027,#20018,#20029,.T.);
#20027 = VERTEX_POINT('',#20028);
#20028 = CARTESIAN_POINT('',(108.448304,-72.518219,0.53));
#20029 = CIRCLE('',#20030,1.749999797297);
#20030 = AXIS2_PLACEMENT_3D('',#20031,#20032,#20033);
#20031 = CARTESIAN_POINT('',(107.04830405678,-73.56821873787,0.53));
#20032 = DIRECTION('',(0.,0.,-1.));
#20033 = DIRECTION('',(0.800000060215,0.599999919713,0.));
#20034 = ORIENTED_EDGE('',*,*,#20035,.F.);
#20035 = EDGE_CURVE('',#20036,#20027,#20038,.T.);
#20036 = VERTEX_POINT('',#20037);
#20037 = CARTESIAN_POINT('',(109.648304,-72.518219,0.53));
#20038 = CIRCLE('',#20039,0.75);
#20039 = AXIS2_PLACEMENT_3D('',#20040,#20041,#20042);
#20040 = CARTESIAN_POINT('',(109.048304,-72.068219,0.53));
#20041 = DIRECTION('',(0.,0.,1.));
#20042 = DIRECTION('',(0.8,-0.6,0.));
#20043 = ORIENTED_EDGE('',*,*,#20044,.F.);
#20044 = EDGE_CURVE('',#20045,#20036,#20047,.T.);
#20045 = VERTEX_POINT('',#20046);
#20046 = CARTESIAN_POINT('',(112.448304,-72.518219,0.53));
#20047 = CIRCLE('',#20048,1.75);
#20048 = AXIS2_PLACEMENT_3D('',#20049,#20050,#20051);
#20049 = CARTESIAN_POINT('',(111.048304,-73.568219,0.53));
#20050 = DIRECTION('',(0.,0.,-1.));
#20051 = DIRECTION('',(0.8,0.6,0.));
#20052 = ORIENTED_EDGE('',*,*,#20053,.F.);
#20053 = EDGE_CURVE('',#20054,#20045,#20056,.T.);
#20054 = VERTEX_POINT('',#20055);
#20055 = CARTESIAN_POINT('',(113.388343,-71.399733,0.53));
#20056 = CIRCLE('',#20057,0.749993038358);
#20057 = AXIS2_PLACEMENT_3D('',#20058,#20059,#20060);
#20058 = CARTESIAN_POINT('',(113.04828040839,-72.06819914826,0.53));
#20059 = DIRECTION('',(0.,0.,1.));
#20060 = DIRECTION('',(0.453420997546,0.89129647087,-0.));
#20061 = ORIENTED_EDGE('',*,*,#20062,.F.);
#20062 = EDGE_CURVE('',#20063,#20054,#20065,.T.);
#20063 = VERTEX_POINT('',#20064);
#20064 = CARTESIAN_POINT('',(112.906515,-68.641501,0.53));
#20065 = CIRCLE('',#20066,1.750002567308);
#20066 = AXIS2_PLACEMENT_3D('',#20067,#20068,#20069);
#20067 = CARTESIAN_POINT('',(114.18176985084,-69.8399308273,0.53));
#20068 = DIRECTION('',(0.,0.,-1.));
#20069 = DIRECTION('',(-0.728715988576,0.684816039527,-0.));
#20070 = ORIENTED_EDGE('',*,*,#20071,.F.);
#20071 = EDGE_CURVE('',#20072,#20063,#20074,.T.);
#20072 = VERTEX_POINT('',#20073);
#20073 = CARTESIAN_POINT('',(112.566986,-67.407022,0.53));
#20074 = CIRCLE('',#20075,0.749999196324);
#20075 = AXIS2_PLACEMENT_3D('',#20076,#20077,#20078);
#20076 = CARTESIAN_POINT('',(112.35998026451,-68.12788774336,0.53));
#20077 = DIRECTION('',(0.,0.,1.));
#20078 = DIRECTION('',(0.276007943081,0.961155354433,-0.));
#20079 = ORIENTED_EDGE('',*,*,#20080,.F.);
#20080 = EDGE_CURVE('',#19341,#20072,#20081,.T.);
#20081 = CIRCLE('',#20082,1.750000223457);
#20082 = AXIS2_PLACEMENT_3D('',#20083,#20084,#20085);
#20083 = CARTESIAN_POINT('',(113.04999977654,-65.72499986168,0.53));
#20084 = DIRECTION('',(0.,0.,-1.));
#20085 = DIRECTION('',(1.,-7.903481963652E-08,0.));
#20086 = ORIENTED_EDGE('',*,*,#19340,.F.);
#20087 = FACE_BOUND('',#20088,.T.);
#20088 = EDGE_LOOP('',(#20089,#20100,#20108,#20117,#20125,#20134,#20142,
    #20151));
#20089 = ORIENTED_EDGE('',*,*,#20090,.F.);
#20090 = EDGE_CURVE('',#20091,#20093,#20095,.T.);
#20091 = VERTEX_POINT('',#20092);
#20092 = CARTESIAN_POINT('',(97.7,-67.4,0.53));
#20093 = VERTEX_POINT('',#20094);
#20094 = CARTESIAN_POINT('',(97.4,-67.4,0.53));
#20095 = CIRCLE('',#20096,0.15);
#20096 = AXIS2_PLACEMENT_3D('',#20097,#20098,#20099);
#20097 = CARTESIAN_POINT('',(97.55,-67.4,0.53));
#20098 = DIRECTION('',(0.,0.,1.));
#20099 = DIRECTION('',(1.,0.,-0.));
#20100 = ORIENTED_EDGE('',*,*,#20101,.F.);
#20101 = EDGE_CURVE('',#20102,#20091,#20104,.T.);
#20102 = VERTEX_POINT('',#20103);
#20103 = CARTESIAN_POINT('',(102.3,-67.4,0.53));
#20104 = LINE('',#20105,#20106);
#20105 = CARTESIAN_POINT('',(102.3,-67.4,0.53));
#20106 = VECTOR('',#20107,1.);
#20107 = DIRECTION('',(-1.,0.,0.));
#20108 = ORIENTED_EDGE('',*,*,#20109,.F.);
#20109 = EDGE_CURVE('',#20110,#20102,#20112,.T.);
#20110 = VERTEX_POINT('',#20111);
#20111 = CARTESIAN_POINT('',(102.6,-67.4,0.53));
#20112 = CIRCLE('',#20113,0.15);
#20113 = AXIS2_PLACEMENT_3D('',#20114,#20115,#20116);
#20114 = CARTESIAN_POINT('',(102.45,-67.4,0.53));
#20115 = DIRECTION('',(0.,0.,1.));
#20116 = DIRECTION('',(1.,0.,-0.));
#20117 = ORIENTED_EDGE('',*,*,#20118,.F.);
#20118 = EDGE_CURVE('',#20119,#20110,#20121,.T.);
#20119 = VERTEX_POINT('',#20120);
#20120 = CARTESIAN_POINT('',(102.6,-72.6,0.53));
#20121 = LINE('',#20122,#20123);
#20122 = CARTESIAN_POINT('',(102.6,-72.6,0.53));
#20123 = VECTOR('',#20124,1.);
#20124 = DIRECTION('',(0.,1.,0.));
#20125 = ORIENTED_EDGE('',*,*,#20126,.F.);
#20126 = EDGE_CURVE('',#20127,#20119,#20129,.T.);
#20127 = VERTEX_POINT('',#20128);
#20128 = CARTESIAN_POINT('',(102.3,-72.6,0.53));
#20129 = CIRCLE('',#20130,0.15);
#20130 = AXIS2_PLACEMENT_3D('',#20131,#20132,#20133);
#20131 = CARTESIAN_POINT('',(102.45,-72.6,0.53));
#20132 = DIRECTION('',(0.,0.,1.));
#20133 = DIRECTION('',(-1.,0.,-0.));
#20134 = ORIENTED_EDGE('',*,*,#20135,.F.);
#20135 = EDGE_CURVE('',#20136,#20127,#20138,.T.);
#20136 = VERTEX_POINT('',#20137);
#20137 = CARTESIAN_POINT('',(97.7,-72.6,0.53));
#20138 = LINE('',#20139,#20140);
#20139 = CARTESIAN_POINT('',(97.7,-72.6,0.53));
#20140 = VECTOR('',#20141,1.);
#20141 = DIRECTION('',(1.,0.,0.));
#20142 = ORIENTED_EDGE('',*,*,#20143,.F.);
#20143 = EDGE_CURVE('',#20144,#20136,#20146,.T.);
#20144 = VERTEX_POINT('',#20145);
#20145 = CARTESIAN_POINT('',(97.4,-72.6,0.53));
#20146 = CIRCLE('',#20147,0.15);
#20147 = AXIS2_PLACEMENT_3D('',#20148,#20149,#20150);
#20148 = CARTESIAN_POINT('',(97.55,-72.6,0.53));
#20149 = DIRECTION('',(0.,0.,1.));
#20150 = DIRECTION('',(-1.,0.,-0.));
#20151 = ORIENTED_EDGE('',*,*,#20152,.F.);
#20152 = EDGE_CURVE('',#20093,#20144,#20153,.T.);
#20153 = LINE('',#20154,#20155);
#20154 = CARTESIAN_POINT('',(97.4,-67.4,0.53));
#20155 = VECTOR('',#20156,1.);
#20156 = DIRECTION('',(0.,-1.,0.));
#20157 = FACE_BOUND('',#20158,.T.);
#20158 = EDGE_LOOP('',(#20159));
#20159 = ORIENTED_EDGE('',*,*,#20160,.T.);
#20160 = EDGE_CURVE('',#20161,#20161,#20163,.T.);
#20161 = VERTEX_POINT('',#20162);
#20162 = CARTESIAN_POINT('',(105.2,-68.25,0.53));
#20163 = CIRCLE('',#20164,0.7);
#20164 = AXIS2_PLACEMENT_3D('',#20165,#20166,#20167);
#20165 = CARTESIAN_POINT('',(105.2,-67.55,0.53));
#20166 = DIRECTION('',(-0.,0.,-1.));
#20167 = DIRECTION('',(-0.,-1.,0.));
#20168 = FACE_BOUND('',#20169,.T.);
#20169 = EDGE_LOOP('',(#20170));
#20170 = ORIENTED_EDGE('',*,*,#20171,.T.);
#20171 = EDGE_CURVE('',#20172,#20172,#20174,.T.);
#20172 = VERTEX_POINT('',#20173);
#20173 = CARTESIAN_POINT('',(113.5,-64.15,0.53));
#20174 = CIRCLE('',#20175,0.15);
#20175 = AXIS2_PLACEMENT_3D('',#20176,#20177,#20178);
#20176 = CARTESIAN_POINT('',(113.5,-64.,0.53));
#20177 = DIRECTION('',(-0.,0.,-1.));
#20178 = DIRECTION('',(-0.,-1.,0.));
#20179 = FACE_BOUND('',#20180,.T.);
#20180 = EDGE_LOOP('',(#20181));
#20181 = ORIENTED_EDGE('',*,*,#20182,.T.);
#20182 = EDGE_CURVE('',#20183,#20183,#20185,.T.);
#20183 = VERTEX_POINT('',#20184);
#20184 = CARTESIAN_POINT('',(114.3,-64.15,0.53));
#20185 = CIRCLE('',#20186,0.15);
#20186 = AXIS2_PLACEMENT_3D('',#20187,#20188,#20189);
#20187 = CARTESIAN_POINT('',(114.3,-64.,0.53));
#20188 = DIRECTION('',(-0.,0.,-1.));
#20189 = DIRECTION('',(-9.473903143469E-14,-1.,0.));
#20190 = FACE_BOUND('',#20191,.T.);
#20191 = EDGE_LOOP('',(#20192));
#20192 = ORIENTED_EDGE('',*,*,#20193,.T.);
#20193 = EDGE_CURVE('',#20194,#20194,#20196,.T.);
#20194 = VERTEX_POINT('',#20195);
#20195 = CARTESIAN_POINT('',(115.1,-64.15,0.53));
#20196 = CIRCLE('',#20197,0.15);
#20197 = AXIS2_PLACEMENT_3D('',#20198,#20199,#20200);
#20198 = CARTESIAN_POINT('',(115.1,-64.,0.53));
#20199 = DIRECTION('',(-0.,0.,-1.));
#20200 = DIRECTION('',(-0.,-1.,0.));
#20201 = PLANE('',#20202);
#20202 = AXIS2_PLACEMENT_3D('',#20203,#20204,#20205);
#20203 = CARTESIAN_POINT('',(0.,0.,0.53));
#20204 = DIRECTION('',(0.,0.,1.));
#20205 = DIRECTION('',(1.,0.,-0.));
#20206 = ADVANCED_FACE('',(#20207),#20218,.T.);
#20207 = FACE_BOUND('',#20208,.T.);
#20208 = EDGE_LOOP('',(#20209,#20215,#20216,#20217));
#20209 = ORIENTED_EDGE('',*,*,#20210,.T.);
#20210 = EDGE_CURVE('',#19375,#19794,#20211,.T.);
#20211 = LINE('',#20212,#20213);
#20212 = CARTESIAN_POINT('',(112.6,-55.4,0.));
#20213 = VECTOR('',#20214,1.);
#20214 = DIRECTION('',(0.,0.,1.));
#20215 = ORIENTED_EDGE('',*,*,#19793,.T.);
#20216 = ORIENTED_EDGE('',*,*,#19308,.F.);
#20217 = ORIENTED_EDGE('',*,*,#19374,.F.);
#20218 = PLANE('',#20219);
#20219 = AXIS2_PLACEMENT_3D('',#20220,#20221,#20222);
#20220 = CARTESIAN_POINT('',(112.6,-55.4,0.));
#20221 = DIRECTION('',(0.,1.,0.));
#20222 = DIRECTION('',(1.,0.,0.));
#20223 = ADVANCED_FACE('',(#20224),#20235,.T.);
#20224 = FACE_BOUND('',#20225,.T.);
#20225 = EDGE_LOOP('',(#20226,#20227,#20228,#20234));
#20226 = ORIENTED_EDGE('',*,*,#19349,.T.);
#20227 = ORIENTED_EDGE('',*,*,#20080,.T.);
#20228 = ORIENTED_EDGE('',*,*,#20229,.F.);
#20229 = EDGE_CURVE('',#19653,#20072,#20230,.T.);
#20230 = LINE('',#20231,#20232);
#20231 = CARTESIAN_POINT('',(112.566986,-67.407022,0.));
#20232 = VECTOR('',#20233,1.);
#20233 = DIRECTION('',(0.,0.,1.));
#20234 = ORIENTED_EDGE('',*,*,#19661,.F.);
#20235 = CYLINDRICAL_SURFACE('',#20236,1.750000223457);
#20236 = AXIS2_PLACEMENT_3D('',#20237,#20238,#20239);
#20237 = CARTESIAN_POINT('',(113.04999977654,-65.72499986168,0.));
#20238 = DIRECTION('',(0.,0.,-1.));
#20239 = DIRECTION('',(1.,-7.903481963652E-08,0.));
#20240 = ADVANCED_FACE('',(#20241),#20252,.T.);
#20241 = FACE_BOUND('',#20242,.T.);
#20242 = EDGE_LOOP('',(#20243,#20249,#20250,#20251));
#20243 = ORIENTED_EDGE('',*,*,#20244,.T.);
#20244 = EDGE_CURVE('',#19383,#19802,#20245,.T.);
#20245 = LINE('',#20246,#20247);
#20246 = CARTESIAN_POINT('',(112.6,-65.225,0.));
#20247 = VECTOR('',#20248,1.);
#20248 = DIRECTION('',(0.,0.,1.));
#20249 = ORIENTED_EDGE('',*,*,#19801,.T.);
#20250 = ORIENTED_EDGE('',*,*,#20210,.F.);
#20251 = ORIENTED_EDGE('',*,*,#19382,.F.);
#20252 = PLANE('',#20253);
#20253 = AXIS2_PLACEMENT_3D('',#20254,#20255,#20256);
#20254 = CARTESIAN_POINT('',(112.6,-65.225,0.));
#20255 = DIRECTION('',(-1.,0.,0.));
#20256 = DIRECTION('',(0.,1.,0.));
#20257 = ADVANCED_FACE('',(#20258),#20269,.F.);
#20258 = FACE_BOUND('',#20259,.T.);
#20259 = EDGE_LOOP('',(#20260,#20261,#20262,#20268));
#20260 = ORIENTED_EDGE('',*,*,#20229,.T.);
#20261 = ORIENTED_EDGE('',*,*,#20071,.T.);
#20262 = ORIENTED_EDGE('',*,*,#20263,.F.);
#20263 = EDGE_CURVE('',#19644,#20063,#20264,.T.);
#20264 = LINE('',#20265,#20266);
#20265 = CARTESIAN_POINT('',(112.906515,-68.641501,0.));
#20266 = VECTOR('',#20267,1.);
#20267 = DIRECTION('',(0.,0.,1.));
#20268 = ORIENTED_EDGE('',*,*,#19652,.F.);
#20269 = CYLINDRICAL_SURFACE('',#20270,0.749999196324);
#20270 = AXIS2_PLACEMENT_3D('',#20271,#20272,#20273);
#20271 = CARTESIAN_POINT('',(112.35998026451,-68.12788774336,0.));
#20272 = DIRECTION('',(-0.,-0.,-1.));
#20273 = DIRECTION('',(0.276007943081,0.961155354433,-0.));
#20274 = ADVANCED_FACE('',(#20275),#20286,.T.);
#20275 = FACE_BOUND('',#20276,.T.);
#20276 = EDGE_LOOP('',(#20277,#20283,#20284,#20285));
#20277 = ORIENTED_EDGE('',*,*,#20278,.T.);
#20278 = EDGE_CURVE('',#19391,#19810,#20279,.T.);
#20279 = LINE('',#20280,#20281);
#20280 = CARTESIAN_POINT('',(113.3,-65.225,0.));
#20281 = VECTOR('',#20282,1.);
#20282 = DIRECTION('',(0.,0.,1.));
#20283 = ORIENTED_EDGE('',*,*,#19809,.T.);
#20284 = ORIENTED_EDGE('',*,*,#20244,.F.);
#20285 = ORIENTED_EDGE('',*,*,#19390,.F.);
#20286 = PLANE('',#20287);
#20287 = AXIS2_PLACEMENT_3D('',#20288,#20289,#20290);
#20288 = CARTESIAN_POINT('',(113.3,-65.225,0.));
#20289 = DIRECTION('',(0.,-1.,0.));
#20290 = DIRECTION('',(-1.,0.,0.));
#20291 = ADVANCED_FACE('',(#20292),#20303,.T.);
#20292 = FACE_BOUND('',#20293,.T.);
#20293 = EDGE_LOOP('',(#20294,#20295,#20296,#20302));
#20294 = ORIENTED_EDGE('',*,*,#20263,.T.);
#20295 = ORIENTED_EDGE('',*,*,#20062,.T.);
#20296 = ORIENTED_EDGE('',*,*,#20297,.F.);
#20297 = EDGE_CURVE('',#19635,#20054,#20298,.T.);
#20298 = LINE('',#20299,#20300);
#20299 = CARTESIAN_POINT('',(113.388343,-71.399733,0.));
#20300 = VECTOR('',#20301,1.);
#20301 = DIRECTION('',(0.,0.,1.));
#20302 = ORIENTED_EDGE('',*,*,#19643,.F.);
#20303 = CYLINDRICAL_SURFACE('',#20304,1.750002567308);
#20304 = AXIS2_PLACEMENT_3D('',#20305,#20306,#20307);
#20305 = CARTESIAN_POINT('',(114.18176985084,-69.8399308273,0.));
#20306 = DIRECTION('',(0.,0.,-1.));
#20307 = DIRECTION('',(-0.728715988576,0.684816039527,-0.));
#20308 = ADVANCED_FACE('',(#20309),#20320,.F.);
#20309 = FACE_BOUND('',#20310,.T.);
#20310 = EDGE_LOOP('',(#20311,#20317,#20318,#20319));
#20311 = ORIENTED_EDGE('',*,*,#20312,.T.);
#20312 = EDGE_CURVE('',#19399,#19818,#20313,.T.);
#20313 = LINE('',#20314,#20315);
#20314 = CARTESIAN_POINT('',(113.8,-65.725,0.));
#20315 = VECTOR('',#20316,1.);
#20316 = DIRECTION('',(0.,0.,1.));
#20317 = ORIENTED_EDGE('',*,*,#19817,.T.);
#20318 = ORIENTED_EDGE('',*,*,#20278,.F.);
#20319 = ORIENTED_EDGE('',*,*,#19398,.F.);
#20320 = CYLINDRICAL_SURFACE('',#20321,0.500001333575);
#20321 = AXIS2_PLACEMENT_3D('',#20322,#20323,#20324);
#20322 = CARTESIAN_POINT('',(113.29999866642,-65.72500133357,0.));
#20323 = DIRECTION('',(-0.,-0.,-1.));
#20324 = DIRECTION('',(0.999999999996,2.667139219464E-06,-0.));
#20325 = ADVANCED_FACE('',(#20326),#20337,.F.);
#20326 = FACE_BOUND('',#20327,.T.);
#20327 = EDGE_LOOP('',(#20328,#20329,#20330,#20336));
#20328 = ORIENTED_EDGE('',*,*,#20297,.T.);
#20329 = ORIENTED_EDGE('',*,*,#20053,.T.);
#20330 = ORIENTED_EDGE('',*,*,#20331,.F.);
#20331 = EDGE_CURVE('',#19626,#20045,#20332,.T.);
#20332 = LINE('',#20333,#20334);
#20333 = CARTESIAN_POINT('',(112.448304,-72.518219,0.));
#20334 = VECTOR('',#20335,1.);
#20335 = DIRECTION('',(0.,0.,1.));
#20336 = ORIENTED_EDGE('',*,*,#19634,.F.);
#20337 = CYLINDRICAL_SURFACE('',#20338,0.749993038358);
#20338 = AXIS2_PLACEMENT_3D('',#20339,#20340,#20341);
#20339 = CARTESIAN_POINT('',(113.04828040839,-72.06819914826,0.));
#20340 = DIRECTION('',(-0.,-0.,-1.));
#20341 = DIRECTION('',(0.453420997546,0.89129647087,-0.));
#20342 = ADVANCED_FACE('',(#20343),#20354,.F.);
#20343 = FACE_BOUND('',#20344,.T.);
#20344 = EDGE_LOOP('',(#20345,#20351,#20352,#20353));
#20345 = ORIENTED_EDGE('',*,*,#20346,.T.);
#20346 = EDGE_CURVE('',#19408,#19827,#20347,.T.);
#20347 = LINE('',#20348,#20349);
#20348 = CARTESIAN_POINT('',(112.842994,-66.445866,0.));
#20349 = VECTOR('',#20350,1.);
#20350 = DIRECTION('',(0.,0.,1.));
#20351 = ORIENTED_EDGE('',*,*,#19826,.T.);
#20352 = ORIENTED_EDGE('',*,*,#20312,.F.);
#20353 = ORIENTED_EDGE('',*,*,#19407,.F.);
#20354 = CYLINDRICAL_SURFACE('',#20355,0.749998759493);
#20355 = AXIS2_PLACEMENT_3D('',#20356,#20357,#20358);
#20356 = CARTESIAN_POINT('',(113.0500012405,-65.7250011433,0.));
#20357 = DIRECTION('',(-0.,-0.,-1.));
#20358 = DIRECTION('',(-0.276010110534,-0.961154732019,0.));
#20359 = ADVANCED_FACE('',(#20360),#20371,.T.);
#20360 = FACE_BOUND('',#20361,.T.);
#20361 = EDGE_LOOP('',(#20362,#20363,#20364,#20370));
#20362 = ORIENTED_EDGE('',*,*,#20331,.T.);
#20363 = ORIENTED_EDGE('',*,*,#20044,.T.);
#20364 = ORIENTED_EDGE('',*,*,#20365,.F.);
#20365 = EDGE_CURVE('',#19617,#20036,#20366,.T.);
#20366 = LINE('',#20367,#20368);
#20367 = CARTESIAN_POINT('',(109.648304,-72.518219,0.));
#20368 = VECTOR('',#20369,1.);
#20369 = DIRECTION('',(0.,0.,1.));
#20370 = ORIENTED_EDGE('',*,*,#19625,.F.);
#20371 = CYLINDRICAL_SURFACE('',#20372,1.75);
#20372 = AXIS2_PLACEMENT_3D('',#20373,#20374,#20375);
#20373 = CARTESIAN_POINT('',(111.048304,-73.568219,0.));
#20374 = DIRECTION('',(0.,0.,-1.));
#20375 = DIRECTION('',(0.8,0.6,0.));
#20376 = ADVANCED_FACE('',(#20377),#20388,.T.);
#20377 = FACE_BOUND('',#20378,.T.);
#20378 = EDGE_LOOP('',(#20379,#20385,#20386,#20387));
#20379 = ORIENTED_EDGE('',*,*,#20380,.T.);
#20380 = EDGE_CURVE('',#19417,#19836,#20381,.T.);
#20381 = LINE('',#20382,#20383);
#20382 = CARTESIAN_POINT('',(113.63523,-69.326319,0.));
#20383 = VECTOR('',#20384,1.);
#20384 = DIRECTION('',(0.,0.,1.));
#20385 = ORIENTED_EDGE('',*,*,#19835,.T.);
#20386 = ORIENTED_EDGE('',*,*,#20346,.F.);
#20387 = ORIENTED_EDGE('',*,*,#19416,.F.);
#20388 = CYLINDRICAL_SURFACE('',#20389,1.749999643022);
#20389 = AXIS2_PLACEMENT_3D('',#20390,#20391,#20392);
#20390 = CARTESIAN_POINT('',(112.35998060004,-68.12788764256,0.));
#20391 = DIRECTION('',(0.,0.,-1.));
#20392 = DIRECTION('',(0.72871409148,-0.684818058231,0.));
#20393 = ADVANCED_FACE('',(#20394),#20405,.F.);
#20394 = FACE_BOUND('',#20395,.T.);
#20395 = EDGE_LOOP('',(#20396,#20397,#20398,#20404));
#20396 = ORIENTED_EDGE('',*,*,#20365,.T.);
#20397 = ORIENTED_EDGE('',*,*,#20035,.T.);
#20398 = ORIENTED_EDGE('',*,*,#20399,.F.);
#20399 = EDGE_CURVE('',#19608,#20027,#20400,.T.);
#20400 = LINE('',#20401,#20402);
#20401 = CARTESIAN_POINT('',(108.448304,-72.518219,0.));
#20402 = VECTOR('',#20403,1.);
#20403 = DIRECTION('',(0.,0.,1.));
#20404 = ORIENTED_EDGE('',*,*,#19616,.F.);
#20405 = CYLINDRICAL_SURFACE('',#20406,0.75);
#20406 = AXIS2_PLACEMENT_3D('',#20407,#20408,#20409);
#20407 = CARTESIAN_POINT('',(109.048304,-72.068219,0.));
#20408 = DIRECTION('',(-0.,-0.,-1.));
#20409 = DIRECTION('',(0.8,-0.6,0.));
#20410 = ADVANCED_FACE('',(#20411),#20422,.F.);
#20411 = FACE_BOUND('',#20412,.T.);
#20412 = EDGE_LOOP('',(#20413,#20419,#20420,#20421));
#20413 = ORIENTED_EDGE('',*,*,#20414,.T.);
#20414 = EDGE_CURVE('',#19426,#19845,#20415,.T.);
#20415 = LINE('',#20416,#20417);
#20416 = CARTESIAN_POINT('',(113.841727,-70.508418,0.));
#20417 = VECTOR('',#20418,1.);
#20418 = DIRECTION('',(0.,0.,1.));
#20419 = ORIENTED_EDGE('',*,*,#19844,.T.);
#20420 = ORIENTED_EDGE('',*,*,#20380,.F.);
#20421 = ORIENTED_EDGE('',*,*,#19425,.F.);
#20422 = CYLINDRICAL_SURFACE('',#20423,0.750002011972);
#20423 = AXIS2_PLACEMENT_3D('',#20424,#20425,#20426);
#20424 = CARTESIAN_POINT('',(114.18176933152,-69.83993147752,0.));
#20425 = DIRECTION('',(-0.,-0.,-1.));
#20426 = DIRECTION('',(-0.453388559086,-0.891312972244,0.));
#20427 = ADVANCED_FACE('',(#20428),#20439,.T.);
#20428 = FACE_BOUND('',#20429,.T.);
#20429 = EDGE_LOOP('',(#20430,#20431,#20432,#20438));
#20430 = ORIENTED_EDGE('',*,*,#20399,.T.);
#20431 = ORIENTED_EDGE('',*,*,#20026,.T.);
#20432 = ORIENTED_EDGE('',*,*,#20433,.F.);
#20433 = EDGE_CURVE('',#19599,#20018,#20434,.T.);
#20434 = LINE('',#20435,#20436);
#20435 = CARTESIAN_POINT('',(105.474491,-72.802966,0.));
#20436 = VECTOR('',#20437,1.);
#20437 = DIRECTION('',(0.,0.,1.));
#20438 = ORIENTED_EDGE('',*,*,#19607,.F.);
#20439 = CYLINDRICAL_SURFACE('',#20440,1.749999797297);
#20440 = AXIS2_PLACEMENT_3D('',#20441,#20442,#20443);
#20441 = CARTESIAN_POINT('',(107.04830405678,-73.56821873787,0.));
#20442 = DIRECTION('',(0.,0.,-1.));
#20443 = DIRECTION('',(0.800000060215,0.599999919713,0.));
#20444 = ADVANCED_FACE('',(#20445),#20456,.T.);
#20445 = FACE_BOUND('',#20446,.T.);
#20446 = EDGE_LOOP('',(#20447,#20453,#20454,#20455));
#20447 = ORIENTED_EDGE('',*,*,#20448,.T.);
#20448 = EDGE_CURVE('',#19435,#19854,#20449,.T.);
#20449 = LINE('',#20450,#20451);
#20450 = CARTESIAN_POINT('',(111.648304,-73.118219,0.));
#20451 = VECTOR('',#20452,1.);
#20452 = DIRECTION('',(0.,0.,1.));
#20453 = ORIENTED_EDGE('',*,*,#19853,.T.);
#20454 = ORIENTED_EDGE('',*,*,#20414,.F.);
#20455 = ORIENTED_EDGE('',*,*,#19434,.F.);
#20456 = CYLINDRICAL_SURFACE('',#20457,1.74999298905);
#20457 = AXIS2_PLACEMENT_3D('',#20458,#20459,#20460);
#20458 = CARTESIAN_POINT('',(113.04828059613,-72.06819948018,0.));
#20459 = DIRECTION('',(0.,0.,-1.));
#20460 = DIRECTION('',(-0.799989831328,-0.60001355799,-0.));
#20461 = ADVANCED_FACE('',(#20462),#20473,.F.);
#20462 = FACE_BOUND('',#20463,.T.);
#20463 = EDGE_LOOP('',(#20464,#20465,#20466,#20472));
#20464 = ORIENTED_EDGE('',*,*,#20433,.T.);
#20465 = ORIENTED_EDGE('',*,*,#20017,.T.);
#20466 = ORIENTED_EDGE('',*,*,#20467,.F.);
#20467 = EDGE_CURVE('',#19590,#20009,#20468,.T.);
#20468 = LINE('',#20469,#20470);
#20469 = CARTESIAN_POINT('',(104.799999,-71.724999,0.));
#20470 = VECTOR('',#20471,1.);
#20471 = DIRECTION('',(0.,0.,1.));
#20472 = ORIENTED_EDGE('',*,*,#19598,.F.);
#20473 = CYLINDRICAL_SURFACE('',#20474,0.750000800068);
#20474 = AXIS2_PLACEMENT_3D('',#20475,#20476,#20477);
#20475 = CARTESIAN_POINT('',(104.79999906394,-72.47499980006,0.));
#20476 = DIRECTION('',(-0.,-0.,-1.));
#20477 = DIRECTION('',(0.89932162205,-0.437287800096,0.));
#20478 = ADVANCED_FACE('',(#20479),#20490,.F.);
#20479 = FACE_BOUND('',#20480,.T.);
#20480 = EDGE_LOOP('',(#20481,#20487,#20488,#20489));
#20481 = ORIENTED_EDGE('',*,*,#20482,.T.);
#20482 = EDGE_CURVE('',#19444,#19863,#20483,.T.);
#20483 = LINE('',#20484,#20485);
#20484 = CARTESIAN_POINT('',(110.448304,-73.118219,0.));
#20485 = VECTOR('',#20486,1.);
#20486 = DIRECTION('',(0.,0.,1.));
#20487 = ORIENTED_EDGE('',*,*,#19862,.T.);
#20488 = ORIENTED_EDGE('',*,*,#20448,.F.);
#20489 = ORIENTED_EDGE('',*,*,#19443,.F.);
#20490 = CYLINDRICAL_SURFACE('',#20491,0.75);
#20491 = AXIS2_PLACEMENT_3D('',#20492,#20493,#20494);
#20492 = CARTESIAN_POINT('',(111.048304,-73.568219,0.));
#20493 = DIRECTION('',(-0.,-0.,-1.));
#20494 = DIRECTION('',(-0.8,0.6,-0.));
#20495 = ADVANCED_FACE('',(#20496),#20507,.F.);
#20496 = FACE_BOUND('',#20497,.T.);
#20497 = EDGE_LOOP('',(#20498,#20499,#20500,#20506));
#20498 = ORIENTED_EDGE('',*,*,#20467,.T.);
#20499 = ORIENTED_EDGE('',*,*,#20008,.T.);
#20500 = ORIENTED_EDGE('',*,*,#20501,.F.);
#20501 = EDGE_CURVE('',#19582,#20001,#20502,.T.);
#20502 = LINE('',#20503,#20504);
#20503 = CARTESIAN_POINT('',(104.299999,-72.224999,0.));
#20504 = VECTOR('',#20505,1.);
#20505 = DIRECTION('',(0.,0.,1.));
#20506 = ORIENTED_EDGE('',*,*,#19589,.F.);
#20507 = CYLINDRICAL_SURFACE('',#20508,0.500001333575);
#20508 = AXIS2_PLACEMENT_3D('',#20509,#20510,#20511);
#20509 = CARTESIAN_POINT('',(104.80000033357,-72.22500033357,0.));
#20510 = DIRECTION('',(-0.,-0.,-1.));
#20511 = DIRECTION('',(-2.667139191042E-06,0.999999999996,0.));
#20512 = ADVANCED_FACE('',(#20513),#20524,.T.);
#20513 = FACE_BOUND('',#20514,.T.);
#20514 = EDGE_LOOP('',(#20515,#20521,#20522,#20523));
#20515 = ORIENTED_EDGE('',*,*,#20516,.T.);
#20516 = EDGE_CURVE('',#19453,#19872,#20517,.T.);
#20517 = LINE('',#20518,#20519);
#20518 = CARTESIAN_POINT('',(107.648304,-73.118219,0.));
#20519 = VECTOR('',#20520,1.);
#20520 = DIRECTION('',(0.,0.,1.));
#20521 = ORIENTED_EDGE('',*,*,#19871,.T.);
#20522 = ORIENTED_EDGE('',*,*,#20482,.F.);
#20523 = ORIENTED_EDGE('',*,*,#19452,.F.);
#20524 = CYLINDRICAL_SURFACE('',#20525,1.75);
#20525 = AXIS2_PLACEMENT_3D('',#20526,#20527,#20528);
#20526 = CARTESIAN_POINT('',(109.048304,-72.068219,0.));
#20527 = DIRECTION('',(0.,0.,-1.));
#20528 = DIRECTION('',(-0.8,-0.6,-0.));
#20529 = ADVANCED_FACE('',(#20530),#20541,.T.);
#20530 = FACE_BOUND('',#20531,.T.);
#20531 = EDGE_LOOP('',(#20532,#20533,#20534,#20540));
#20532 = ORIENTED_EDGE('',*,*,#20501,.T.);
#20533 = ORIENTED_EDGE('',*,*,#20000,.T.);
#20534 = ORIENTED_EDGE('',*,*,#20535,.F.);
#20535 = EDGE_CURVE('',#19573,#19992,#20536,.T.);
#20536 = LINE('',#20537,#20538);
#20537 = CARTESIAN_POINT('',(104.299981,-72.725042,0.));
#20538 = VECTOR('',#20539,1.);
#20539 = DIRECTION('',(0.,0.,1.));
#20540 = ORIENTED_EDGE('',*,*,#19581,.F.);
#20541 = PLANE('',#20542);
#20542 = AXIS2_PLACEMENT_3D('',#20543,#20544,#20545);
#20543 = CARTESIAN_POINT('',(104.299999,-72.224999,0.));
#20544 = DIRECTION('',(0.999999999352,-3.599690423729E-05,0.));
#20545 = DIRECTION('',(-3.599690423729E-05,-0.999999999352,0.));
#20546 = ADVANCED_FACE('',(#20547),#20558,.F.);
#20547 = FACE_BOUND('',#20548,.T.);
#20548 = EDGE_LOOP('',(#20549,#20555,#20556,#20557));
#20549 = ORIENTED_EDGE('',*,*,#20550,.T.);
#20550 = EDGE_CURVE('',#19462,#19881,#20551,.T.);
#20551 = LINE('',#20552,#20553);
#20552 = CARTESIAN_POINT('',(106.373813,-73.240253,0.));
#20553 = VECTOR('',#20554,1.);
#20554 = DIRECTION('',(0.,0.,1.));
#20555 = ORIENTED_EDGE('',*,*,#19880,.T.);
#20556 = ORIENTED_EDGE('',*,*,#20516,.F.);
#20557 = ORIENTED_EDGE('',*,*,#19461,.F.);
#20558 = CYLINDRICAL_SURFACE('',#20559,0.749999822898);
#20559 = AXIS2_PLACEMENT_3D('',#20560,#20561,#20562);
#20560 = CARTESIAN_POINT('',(107.04830405474,-73.56821877782,0.));
#20561 = DIRECTION('',(-0.,-0.,-1.));
#20562 = DIRECTION('',(-0.899321618684,0.437287807019,-0.));
#20563 = ADVANCED_FACE('',(#20564),#20575,.F.);
#20564 = FACE_BOUND('',#20565,.T.);
#20565 = EDGE_LOOP('',(#20566,#20567,#20568,#20574));
#20566 = ORIENTED_EDGE('',*,*,#20535,.T.);
#20567 = ORIENTED_EDGE('',*,*,#19991,.T.);
#20568 = ORIENTED_EDGE('',*,*,#20569,.F.);
#20569 = EDGE_CURVE('',#19564,#19983,#20570,.T.);
#20570 = LINE('',#20571,#20572);
#20571 = CARTESIAN_POINT('',(104.005,-73.025,0.));
#20572 = VECTOR('',#20573,1.);
#20573 = DIRECTION('',(0.,0.,1.));
#20574 = ORIENTED_EDGE('',*,*,#19572,.F.);
#20575 = CYLINDRICAL_SURFACE('',#20576,0.300000371719);
#20576 = AXIS2_PLACEMENT_3D('',#20577,#20578,#20579);
#20577 = CARTESIAN_POINT('',(104.30500037171,-73.02500037867,0.));
#20578 = DIRECTION('',(-0.,-0.,-1.));
#20579 = DIRECTION('',(-1.673121833023E-02,0.99986002337,0.));
#20580 = ADVANCED_FACE('',(#20581),#20592,.T.);
#20581 = FACE_BOUND('',#20582,.T.);
#20582 = EDGE_LOOP('',(#20583,#20589,#20590,#20591));
#20583 = ORIENTED_EDGE('',*,*,#20584,.T.);
#20584 = EDGE_CURVE('',#19471,#19890,#20585,.T.);
#20585 = LINE('',#20586,#20587);
#20586 = CARTESIAN_POINT('',(104.8,-70.725,0.));
#20587 = VECTOR('',#20588,1.);
#20588 = DIRECTION('',(0.,0.,1.));
#20589 = ORIENTED_EDGE('',*,*,#19889,.T.);
#20590 = ORIENTED_EDGE('',*,*,#20550,.F.);
#20591 = ORIENTED_EDGE('',*,*,#19470,.F.);
#20592 = CYLINDRICAL_SURFACE('',#20593,1.749999833232);
#20593 = AXIS2_PLACEMENT_3D('',#20594,#20595,#20596);
#20594 = CARTESIAN_POINT('',(104.8000001118,-72.47499983323,0.));
#20595 = DIRECTION('',(0.,0.,-1.));
#20596 = DIRECTION('',(-6.388565054516E-08,1.,0.));
#20597 = ADVANCED_FACE('',(#20598),#20609,.T.);
#20598 = FACE_BOUND('',#20599,.T.);
#20599 = EDGE_LOOP('',(#20600,#20601,#20602,#20608));
#20600 = ORIENTED_EDGE('',*,*,#20569,.T.);
#20601 = ORIENTED_EDGE('',*,*,#19982,.T.);
#20602 = ORIENTED_EDGE('',*,*,#20603,.F.);
#20603 = EDGE_CURVE('',#19556,#19975,#20604,.T.);
#20604 = LINE('',#20605,#20606);
#20605 = CARTESIAN_POINT('',(102.93,-74.1,0.));
#20606 = VECTOR('',#20607,1.);
#20607 = DIRECTION('',(0.,0.,1.));
#20608 = ORIENTED_EDGE('',*,*,#19563,.F.);
#20609 = CYLINDRICAL_SURFACE('',#20610,1.07499928225);
#20610 = AXIS2_PLACEMENT_3D('',#20611,#20612,#20613);
#20611 = CARTESIAN_POINT('',(102.93000071775,-73.02500071775,0.));
#20612 = DIRECTION('',(0.,0.,-1.));
#20613 = DIRECTION('',(1.,6.676754442833E-07,0.));
#20614 = ADVANCED_FACE('',(#20615),#20626,.F.);
#20615 = FACE_BOUND('',#20616,.T.);
#20616 = EDGE_LOOP('',(#20617,#20623,#20624,#20625));
#20617 = ORIENTED_EDGE('',*,*,#20618,.T.);
#20618 = EDGE_CURVE('',#19480,#19899,#20619,.T.);
#20619 = LINE('',#20620,#20621);
#20620 = CARTESIAN_POINT('',(104.3,-70.225,0.));
#20621 = VECTOR('',#20622,1.);
#20622 = DIRECTION('',(0.,0.,1.));
#20623 = ORIENTED_EDGE('',*,*,#19898,.T.);
#20624 = ORIENTED_EDGE('',*,*,#20584,.F.);
#20625 = ORIENTED_EDGE('',*,*,#19479,.F.);
#20626 = CYLINDRICAL_SURFACE('',#20627,0.500001333575);
#20627 = AXIS2_PLACEMENT_3D('',#20628,#20629,#20630);
#20628 = CARTESIAN_POINT('',(104.80000133357,-70.22499866642,0.));
#20629 = DIRECTION('',(-0.,-0.,-1.));
#20630 = DIRECTION('',(-0.999999999996,-2.667139191042E-06,0.));
#20631 = ADVANCED_FACE('',(#20632),#20643,.T.);
#20632 = FACE_BOUND('',#20633,.T.);
#20633 = EDGE_LOOP('',(#20634,#20635,#20636,#20642));
#20634 = ORIENTED_EDGE('',*,*,#20603,.T.);
#20635 = ORIENTED_EDGE('',*,*,#19974,.T.);
#20636 = ORIENTED_EDGE('',*,*,#20637,.F.);
#20637 = EDGE_CURVE('',#19547,#19966,#20638,.T.);
#20638 = LINE('',#20639,#20640);
#20639 = CARTESIAN_POINT('',(97.4,-74.1,0.));
#20640 = VECTOR('',#20641,1.);
#20641 = DIRECTION('',(0.,0.,1.));
#20642 = ORIENTED_EDGE('',*,*,#19555,.F.);
#20643 = PLANE('',#20644);
#20644 = AXIS2_PLACEMENT_3D('',#20645,#20646,#20647);
#20645 = CARTESIAN_POINT('',(102.93,-74.1,0.));
#20646 = DIRECTION('',(0.,-1.,0.));
#20647 = DIRECTION('',(-1.,0.,0.));
#20648 = ADVANCED_FACE('',(#20649),#20660,.T.);
#20649 = FACE_BOUND('',#20650,.T.);
#20650 = EDGE_LOOP('',(#20651,#20657,#20658,#20659));
#20651 = ORIENTED_EDGE('',*,*,#20652,.T.);
#20652 = EDGE_CURVE('',#19489,#19908,#20653,.T.);
#20653 = LINE('',#20654,#20655);
#20654 = CARTESIAN_POINT('',(104.3,-69.725,0.));
#20655 = VECTOR('',#20656,1.);
#20656 = DIRECTION('',(0.,0.,1.));
#20657 = ORIENTED_EDGE('',*,*,#19907,.T.);
#20658 = ORIENTED_EDGE('',*,*,#20618,.F.);
#20659 = ORIENTED_EDGE('',*,*,#19488,.F.);
#20660 = PLANE('',#20661);
#20661 = AXIS2_PLACEMENT_3D('',#20662,#20663,#20664);
#20662 = CARTESIAN_POINT('',(104.3,-69.725,0.));
#20663 = DIRECTION('',(1.,0.,-0.));
#20664 = DIRECTION('',(0.,-1.,0.));
#20665 = ADVANCED_FACE('',(#20666),#20677,.T.);
#20666 = FACE_BOUND('',#20667,.T.);
#20667 = EDGE_LOOP('',(#20668,#20669,#20670,#20676));
#20668 = ORIENTED_EDGE('',*,*,#20637,.T.);
#20669 = ORIENTED_EDGE('',*,*,#19965,.T.);
#20670 = ORIENTED_EDGE('',*,*,#20671,.F.);
#20671 = EDGE_CURVE('',#19539,#19958,#20672,.T.);
#20672 = LINE('',#20673,#20674);
#20673 = CARTESIAN_POINT('',(95.9,-72.6,0.));
#20674 = VECTOR('',#20675,1.);
#20675 = DIRECTION('',(0.,0.,1.));
#20676 = ORIENTED_EDGE('',*,*,#19546,.F.);
#20677 = CYLINDRICAL_SURFACE('',#20678,1.500000586493);
#20678 = AXIS2_PLACEMENT_3D('',#20679,#20680,#20681);
#20679 = CARTESIAN_POINT('',(97.400000586493,-72.5999994135,0.));
#20680 = DIRECTION('',(0.,0.,-1.));
#20681 = DIRECTION('',(-3.909953710804E-07,-1.,-0.));
#20682 = ADVANCED_FACE('',(#20683),#20694,.F.);
#20683 = FACE_BOUND('',#20684,.T.);
#20684 = EDGE_LOOP('',(#20685,#20691,#20692,#20693));
#20685 = ORIENTED_EDGE('',*,*,#20686,.T.);
#20686 = EDGE_CURVE('',#19497,#19916,#20687,.T.);
#20687 = LINE('',#20688,#20689);
#20688 = CARTESIAN_POINT('',(104.3,-69.2,0.));
#20689 = VECTOR('',#20690,1.);
#20690 = DIRECTION('',(0.,0.,1.));
#20691 = ORIENTED_EDGE('',*,*,#19915,.T.);
#20692 = ORIENTED_EDGE('',*,*,#20652,.F.);
#20693 = ORIENTED_EDGE('',*,*,#19496,.F.);
#20694 = CYLINDRICAL_SURFACE('',#20695,0.2625);
#20695 = AXIS2_PLACEMENT_3D('',#20696,#20697,#20698);
#20696 = CARTESIAN_POINT('',(104.3,-69.4625,0.));
#20697 = DIRECTION('',(-0.,-0.,-1.));
#20698 = DIRECTION('',(5.413658939125E-14,1.,-0.));
#20699 = ADVANCED_FACE('',(#20700),#20711,.T.);
#20700 = FACE_BOUND('',#20701,.T.);
#20701 = EDGE_LOOP('',(#20702,#20703,#20704,#20710));
#20702 = ORIENTED_EDGE('',*,*,#20671,.T.);
#20703 = ORIENTED_EDGE('',*,*,#19957,.T.);
#20704 = ORIENTED_EDGE('',*,*,#20705,.F.);
#20705 = EDGE_CURVE('',#19530,#19949,#20706,.T.);
#20706 = LINE('',#20707,#20708);
#20707 = CARTESIAN_POINT('',(95.9,-67.4,0.));
#20708 = VECTOR('',#20709,1.);
#20709 = DIRECTION('',(0.,0.,1.));
#20710 = ORIENTED_EDGE('',*,*,#19538,.F.);
#20711 = PLANE('',#20712);
#20712 = AXIS2_PLACEMENT_3D('',#20713,#20714,#20715);
#20713 = CARTESIAN_POINT('',(95.9,-72.6,0.));
#20714 = DIRECTION('',(-1.,0.,0.));
#20715 = DIRECTION('',(0.,1.,0.));
#20716 = ADVANCED_FACE('',(#20717),#20728,.T.);
#20717 = FACE_BOUND('',#20718,.T.);
#20718 = EDGE_LOOP('',(#20719,#20725,#20726,#20727));
#20719 = ORIENTED_EDGE('',*,*,#20720,.T.);
#20720 = EDGE_CURVE('',#19506,#19925,#20721,.T.);
#20721 = LINE('',#20722,#20723);
#20722 = CARTESIAN_POINT('',(106.6,-69.2,0.));
#20723 = VECTOR('',#20724,1.);
#20724 = DIRECTION('',(0.,0.,1.));
#20725 = ORIENTED_EDGE('',*,*,#19924,.T.);
#20726 = ORIENTED_EDGE('',*,*,#20686,.F.);
#20727 = ORIENTED_EDGE('',*,*,#19505,.F.);
#20728 = PLANE('',#20729);
#20729 = AXIS2_PLACEMENT_3D('',#20730,#20731,#20732);
#20730 = CARTESIAN_POINT('',(106.6,-69.2,0.));
#20731 = DIRECTION('',(0.,-1.,0.));
#20732 = DIRECTION('',(-1.,0.,0.));
#20733 = ADVANCED_FACE('',(#20734),#20745,.T.);
#20734 = FACE_BOUND('',#20735,.T.);
#20735 = EDGE_LOOP('',(#20736,#20737,#20738,#20744));
#20736 = ORIENTED_EDGE('',*,*,#20705,.T.);
#20737 = ORIENTED_EDGE('',*,*,#19948,.T.);
#20738 = ORIENTED_EDGE('',*,*,#20739,.F.);
#20739 = EDGE_CURVE('',#19522,#19941,#20740,.T.);
#20740 = LINE('',#20741,#20742);
#20741 = CARTESIAN_POINT('',(97.4,-65.9,0.));
#20742 = VECTOR('',#20743,1.);
#20743 = DIRECTION('',(0.,0.,1.));
#20744 = ORIENTED_EDGE('',*,*,#19529,.F.);
#20745 = CYLINDRICAL_SURFACE('',#20746,1.500000586493);
#20746 = AXIS2_PLACEMENT_3D('',#20747,#20748,#20749);
#20747 = CARTESIAN_POINT('',(97.400000586493,-67.40000058649,0.));
#20748 = DIRECTION('',(0.,0.,-1.));
#20749 = DIRECTION('',(-1.,3.909953710804E-07,0.));
#20750 = ADVANCED_FACE('',(#20751),#20762,.T.);
#20751 = FACE_BOUND('',#20752,.T.);
#20752 = EDGE_LOOP('',(#20753,#20759,#20760,#20761));
#20753 = ORIENTED_EDGE('',*,*,#20754,.T.);
#20754 = EDGE_CURVE('',#19514,#19933,#20755,.T.);
#20755 = LINE('',#20756,#20757);
#20756 = CARTESIAN_POINT('',(106.6,-65.9,0.));
#20757 = VECTOR('',#20758,1.);
#20758 = DIRECTION('',(0.,0.,1.));
#20759 = ORIENTED_EDGE('',*,*,#19932,.T.);
#20760 = ORIENTED_EDGE('',*,*,#20720,.F.);
#20761 = ORIENTED_EDGE('',*,*,#19513,.F.);
#20762 = PLANE('',#20763);
#20763 = AXIS2_PLACEMENT_3D('',#20764,#20765,#20766);
#20764 = CARTESIAN_POINT('',(106.6,-65.9,0.));
#20765 = DIRECTION('',(1.,0.,-0.));
#20766 = DIRECTION('',(0.,-1.,0.));
#20767 = ADVANCED_FACE('',(#20768),#20774,.T.);
#20768 = FACE_BOUND('',#20769,.T.);
#20769 = EDGE_LOOP('',(#20770,#20771,#20772,#20773));
#20770 = ORIENTED_EDGE('',*,*,#20739,.T.);
#20771 = ORIENTED_EDGE('',*,*,#19940,.T.);
#20772 = ORIENTED_EDGE('',*,*,#20754,.F.);
#20773 = ORIENTED_EDGE('',*,*,#19521,.F.);
#20774 = PLANE('',#20775);
#20775 = AXIS2_PLACEMENT_3D('',#20776,#20777,#20778);
#20776 = CARTESIAN_POINT('',(97.4,-65.9,0.));
#20777 = DIRECTION('',(0.,1.,0.));
#20778 = DIRECTION('',(1.,0.,0.));
#20779 = ADVANCED_FACE('',(#20780),#20796,.F.);
#20780 = FACE_BOUND('',#20781,.T.);
#20781 = EDGE_LOOP('',(#20782,#20788,#20789,#20795));
#20782 = ORIENTED_EDGE('',*,*,#20783,.T.);
#20783 = EDGE_CURVE('',#19672,#20091,#20784,.T.);
#20784 = LINE('',#20785,#20786);
#20785 = CARTESIAN_POINT('',(97.7,-67.4,0.));
#20786 = VECTOR('',#20787,1.);
#20787 = DIRECTION('',(0.,0.,1.));
#20788 = ORIENTED_EDGE('',*,*,#20090,.T.);
#20789 = ORIENTED_EDGE('',*,*,#20790,.F.);
#20790 = EDGE_CURVE('',#19674,#20093,#20791,.T.);
#20791 = LINE('',#20792,#20793);
#20792 = CARTESIAN_POINT('',(97.4,-67.4,0.));
#20793 = VECTOR('',#20794,1.);
#20794 = DIRECTION('',(0.,0.,1.));
#20795 = ORIENTED_EDGE('',*,*,#19671,.F.);
#20796 = CYLINDRICAL_SURFACE('',#20797,0.15);
#20797 = AXIS2_PLACEMENT_3D('',#20798,#20799,#20800);
#20798 = CARTESIAN_POINT('',(97.55,-67.4,0.));
#20799 = DIRECTION('',(-0.,-0.,-1.));
#20800 = DIRECTION('',(1.,0.,-0.));
#20801 = ADVANCED_FACE('',(#20802),#20813,.T.);
#20802 = FACE_BOUND('',#20803,.T.);
#20803 = EDGE_LOOP('',(#20804,#20810,#20811,#20812));
#20804 = ORIENTED_EDGE('',*,*,#20805,.T.);
#20805 = EDGE_CURVE('',#19683,#20102,#20806,.T.);
#20806 = LINE('',#20807,#20808);
#20807 = CARTESIAN_POINT('',(102.3,-67.4,0.));
#20808 = VECTOR('',#20809,1.);
#20809 = DIRECTION('',(0.,0.,1.));
#20810 = ORIENTED_EDGE('',*,*,#20101,.T.);
#20811 = ORIENTED_EDGE('',*,*,#20783,.F.);
#20812 = ORIENTED_EDGE('',*,*,#19682,.F.);
#20813 = PLANE('',#20814);
#20814 = AXIS2_PLACEMENT_3D('',#20815,#20816,#20817);
#20815 = CARTESIAN_POINT('',(102.3,-67.4,0.));
#20816 = DIRECTION('',(0.,-1.,0.));
#20817 = DIRECTION('',(-1.,0.,0.));
#20818 = ADVANCED_FACE('',(#20819),#20830,.T.);
#20819 = FACE_BOUND('',#20820,.T.);
#20820 = EDGE_LOOP('',(#20821,#20822,#20823,#20829));
#20821 = ORIENTED_EDGE('',*,*,#20790,.T.);
#20822 = ORIENTED_EDGE('',*,*,#20152,.T.);
#20823 = ORIENTED_EDGE('',*,*,#20824,.F.);
#20824 = EDGE_CURVE('',#19725,#20144,#20825,.T.);
#20825 = LINE('',#20826,#20827);
#20826 = CARTESIAN_POINT('',(97.4,-72.6,0.));
#20827 = VECTOR('',#20828,1.);
#20828 = DIRECTION('',(0.,0.,1.));
#20829 = ORIENTED_EDGE('',*,*,#19733,.F.);
#20830 = PLANE('',#20831);
#20831 = AXIS2_PLACEMENT_3D('',#20832,#20833,#20834);
#20832 = CARTESIAN_POINT('',(97.4,-67.4,0.));
#20833 = DIRECTION('',(1.,0.,-0.));
#20834 = DIRECTION('',(0.,-1.,0.));
#20835 = ADVANCED_FACE('',(#20836),#20847,.F.);
#20836 = FACE_BOUND('',#20837,.T.);
#20837 = EDGE_LOOP('',(#20838,#20844,#20845,#20846));
#20838 = ORIENTED_EDGE('',*,*,#20839,.T.);
#20839 = EDGE_CURVE('',#19691,#20110,#20840,.T.);
#20840 = LINE('',#20841,#20842);
#20841 = CARTESIAN_POINT('',(102.6,-67.4,0.));
#20842 = VECTOR('',#20843,1.);
#20843 = DIRECTION('',(0.,0.,1.));
#20844 = ORIENTED_EDGE('',*,*,#20109,.T.);
#20845 = ORIENTED_EDGE('',*,*,#20805,.F.);
#20846 = ORIENTED_EDGE('',*,*,#19690,.F.);
#20847 = CYLINDRICAL_SURFACE('',#20848,0.15);
#20848 = AXIS2_PLACEMENT_3D('',#20849,#20850,#20851);
#20849 = CARTESIAN_POINT('',(102.45,-67.4,0.));
#20850 = DIRECTION('',(-0.,-0.,-1.));
#20851 = DIRECTION('',(1.,0.,-0.));
#20852 = ADVANCED_FACE('',(#20853),#20864,.F.);
#20853 = FACE_BOUND('',#20854,.T.);
#20854 = EDGE_LOOP('',(#20855,#20856,#20857,#20863));
#20855 = ORIENTED_EDGE('',*,*,#20824,.T.);
#20856 = ORIENTED_EDGE('',*,*,#20143,.T.);
#20857 = ORIENTED_EDGE('',*,*,#20858,.F.);
#20858 = EDGE_CURVE('',#19717,#20136,#20859,.T.);
#20859 = LINE('',#20860,#20861);
#20860 = CARTESIAN_POINT('',(97.7,-72.6,0.));
#20861 = VECTOR('',#20862,1.);
#20862 = DIRECTION('',(0.,0.,1.));
#20863 = ORIENTED_EDGE('',*,*,#19724,.F.);
#20864 = CYLINDRICAL_SURFACE('',#20865,0.15);
#20865 = AXIS2_PLACEMENT_3D('',#20866,#20867,#20868);
#20866 = CARTESIAN_POINT('',(97.55,-72.6,0.));
#20867 = DIRECTION('',(-0.,-0.,-1.));
#20868 = DIRECTION('',(-1.,0.,-0.));
#20869 = ADVANCED_FACE('',(#20870),#20881,.T.);
#20870 = FACE_BOUND('',#20871,.T.);
#20871 = EDGE_LOOP('',(#20872,#20878,#20879,#20880));
#20872 = ORIENTED_EDGE('',*,*,#20873,.T.);
#20873 = EDGE_CURVE('',#19700,#20119,#20874,.T.);
#20874 = LINE('',#20875,#20876);
#20875 = CARTESIAN_POINT('',(102.6,-72.6,0.));
#20876 = VECTOR('',#20877,1.);
#20877 = DIRECTION('',(0.,0.,1.));
#20878 = ORIENTED_EDGE('',*,*,#20118,.T.);
#20879 = ORIENTED_EDGE('',*,*,#20839,.F.);
#20880 = ORIENTED_EDGE('',*,*,#19699,.F.);
#20881 = PLANE('',#20882);
#20882 = AXIS2_PLACEMENT_3D('',#20883,#20884,#20885);
#20883 = CARTESIAN_POINT('',(102.6,-72.6,0.));
#20884 = DIRECTION('',(-1.,0.,0.));
#20885 = DIRECTION('',(0.,1.,0.));
#20886 = ADVANCED_FACE('',(#20887),#20898,.T.);
#20887 = FACE_BOUND('',#20888,.T.);
#20888 = EDGE_LOOP('',(#20889,#20890,#20891,#20897));
#20889 = ORIENTED_EDGE('',*,*,#20858,.T.);
#20890 = ORIENTED_EDGE('',*,*,#20135,.T.);
#20891 = ORIENTED_EDGE('',*,*,#20892,.F.);
#20892 = EDGE_CURVE('',#19708,#20127,#20893,.T.);
#20893 = LINE('',#20894,#20895);
#20894 = CARTESIAN_POINT('',(102.3,-72.6,0.));
#20895 = VECTOR('',#20896,1.);
#20896 = DIRECTION('',(0.,0.,1.));
#20897 = ORIENTED_EDGE('',*,*,#19716,.F.);
#20898 = PLANE('',#20899);
#20899 = AXIS2_PLACEMENT_3D('',#20900,#20901,#20902);
#20900 = CARTESIAN_POINT('',(97.7,-72.6,0.));
#20901 = DIRECTION('',(0.,1.,0.));
#20902 = DIRECTION('',(1.,0.,0.));
#20903 = ADVANCED_FACE('',(#20904),#20910,.F.);
#20904 = FACE_BOUND('',#20905,.T.);
#20905 = EDGE_LOOP('',(#20906,#20907,#20908,#20909));
#20906 = ORIENTED_EDGE('',*,*,#20892,.T.);
#20907 = ORIENTED_EDGE('',*,*,#20126,.T.);
#20908 = ORIENTED_EDGE('',*,*,#20873,.F.);
#20909 = ORIENTED_EDGE('',*,*,#19707,.F.);
#20910 = CYLINDRICAL_SURFACE('',#20911,0.15);
#20911 = AXIS2_PLACEMENT_3D('',#20912,#20913,#20914);
#20912 = CARTESIAN_POINT('',(102.45,-72.6,0.));
#20913 = DIRECTION('',(-0.,-0.,-1.));
#20914 = DIRECTION('',(-1.,0.,-0.));
#20915 = ADVANCED_FACE('',(#20916),#20927,.F.);
#20916 = FACE_BOUND('',#20917,.T.);
#20917 = EDGE_LOOP('',(#20918,#20919,#20925,#20926));
#20918 = ORIENTED_EDGE('',*,*,#19741,.T.);
#20919 = ORIENTED_EDGE('',*,*,#20920,.T.);
#20920 = EDGE_CURVE('',#19742,#20161,#20921,.T.);
#20921 = LINE('',#20922,#20923);
#20922 = CARTESIAN_POINT('',(105.2,-68.25,-4.6E-02));
#20923 = VECTOR('',#20924,1.);
#20924 = DIRECTION('',(0.,0.,1.));
#20925 = ORIENTED_EDGE('',*,*,#20160,.F.);
#20926 = ORIENTED_EDGE('',*,*,#20920,.F.);
#20927 = CYLINDRICAL_SURFACE('',#20928,0.7);
#20928 = AXIS2_PLACEMENT_3D('',#20929,#20930,#20931);
#20929 = CARTESIAN_POINT('',(105.2,-67.55,-4.6E-02));
#20930 = DIRECTION('',(-0.,-0.,-1.));
#20931 = DIRECTION('',(-0.,-1.,0.));
#20932 = ADVANCED_FACE('',(#20933),#20944,.F.);
#20933 = FACE_BOUND('',#20934,.T.);
#20934 = EDGE_LOOP('',(#20935,#20936,#20942,#20943));
#20935 = ORIENTED_EDGE('',*,*,#19752,.T.);
#20936 = ORIENTED_EDGE('',*,*,#20937,.T.);
#20937 = EDGE_CURVE('',#19753,#20172,#20938,.T.);
#20938 = LINE('',#20939,#20940);
#20939 = CARTESIAN_POINT('',(113.5,-64.15,-4.6E-02));
#20940 = VECTOR('',#20941,1.);
#20941 = DIRECTION('',(0.,0.,1.));
#20942 = ORIENTED_EDGE('',*,*,#20171,.F.);
#20943 = ORIENTED_EDGE('',*,*,#20937,.F.);
#20944 = CYLINDRICAL_SURFACE('',#20945,0.15);
#20945 = AXIS2_PLACEMENT_3D('',#20946,#20947,#20948);
#20946 = CARTESIAN_POINT('',(113.5,-64.,-4.6E-02));
#20947 = DIRECTION('',(-0.,-0.,-1.));
#20948 = DIRECTION('',(-0.,-1.,0.));
#20949 = ADVANCED_FACE('',(#20950),#20961,.F.);
#20950 = FACE_BOUND('',#20951,.T.);
#20951 = EDGE_LOOP('',(#20952,#20953,#20959,#20960));
#20952 = ORIENTED_EDGE('',*,*,#19763,.T.);
#20953 = ORIENTED_EDGE('',*,*,#20954,.T.);
#20954 = EDGE_CURVE('',#19764,#20183,#20955,.T.);
#20955 = LINE('',#20956,#20957);
#20956 = CARTESIAN_POINT('',(114.3,-64.15,-4.6E-02));
#20957 = VECTOR('',#20958,1.);
#20958 = DIRECTION('',(0.,0.,1.));
#20959 = ORIENTED_EDGE('',*,*,#20182,.F.);
#20960 = ORIENTED_EDGE('',*,*,#20954,.F.);
#20961 = CYLINDRICAL_SURFACE('',#20962,0.15);
#20962 = AXIS2_PLACEMENT_3D('',#20963,#20964,#20965);
#20963 = CARTESIAN_POINT('',(114.3,-64.,-4.6E-02));
#20964 = DIRECTION('',(-0.,-0.,-1.));
#20965 = DIRECTION('',(-9.473903143469E-14,-1.,0.));
#20966 = ADVANCED_FACE('',(#20967),#20978,.F.);
#20967 = FACE_BOUND('',#20968,.T.);
#20968 = EDGE_LOOP('',(#20969,#20970,#20976,#20977));
#20969 = ORIENTED_EDGE('',*,*,#19774,.T.);
#20970 = ORIENTED_EDGE('',*,*,#20971,.T.);
#20971 = EDGE_CURVE('',#19775,#20194,#20972,.T.);
#20972 = LINE('',#20973,#20974);
#20973 = CARTESIAN_POINT('',(115.1,-64.15,-4.6E-02));
#20974 = VECTOR('',#20975,1.);
#20975 = DIRECTION('',(0.,0.,1.));
#20976 = ORIENTED_EDGE('',*,*,#20193,.F.);
#20977 = ORIENTED_EDGE('',*,*,#20971,.F.);
#20978 = CYLINDRICAL_SURFACE('',#20979,0.15);
#20979 = AXIS2_PLACEMENT_3D('',#20980,#20981,#20982);
#20980 = CARTESIAN_POINT('',(115.1,-64.,-4.6E-02));
#20981 = DIRECTION('',(-0.,-0.,-1.));
#20982 = DIRECTION('',(-0.,-1.,0.));
#20983 = ( GEOMETRIC_REPRESENTATION_CONTEXT(3) 
GLOBAL_UNCERTAINTY_ASSIGNED_CONTEXT((#20987)) 
GLOBAL_UNIT_ASSIGNED_CONTEXT((#20984,#20985,#20986)) 
REPRESENTATION_CONTEXT('Context #1',
  '3D Context with UNIT and UNCERTAINTY') );
#20984 = ( LENGTH_UNIT() NAMED_UNIT(*) SI_UNIT(.MILLI.,.METRE.) );
#20985 = ( NAMED_UNIT(*) PLANE_ANGLE_UNIT() SI_UNIT($,.RADIAN.) );
#20986 = ( NAMED_UNIT(*) SI_UNIT($,.STERADIAN.) SOLID_ANGLE_UNIT() );
#20987 = UNCERTAINTY_MEASURE_WITH_UNIT(LENGTH_MEASURE(1.E-07),#20984,
  'distance_accuracy_value','confusion accuracy');
#20988 = CONTEXT_DEPENDENT_SHAPE_REPRESENTATION(#20989,#20991);
#20989 = ( REPRESENTATION_RELATIONSHIP('','',#19261,#10) 
REPRESENTATION_RELATIONSHIP_WITH_TRANSFORMATION(#20990) 
SHAPE_REPRESENTATION_RELATIONSHIP() );
#20990 = ITEM_DEFINED_TRANSFORMATION('','',#11,#51);
#20991 = PRODUCT_DEFINITION_SHAPE('Placement','Placement of an item',
  #20992);
#20992 = NEXT_ASSEMBLY_USAGE_OCCURRENCE('12','=>[0:1:1:7]','',#5,#19256,
  $);
#20993 = PRODUCT_RELATED_PRODUCT_CATEGORY('part',$,(#19258));
#20994 = MECHANICAL_DESIGN_GEOMETRIC_PRESENTATION_REPRESENTATION('',(
    #20995,#21003,#21010,#21017,#21024,#21031,#21038,#21045,#21053,
    #21060,#21067,#21074,#21081,#21088,#21096,#21103,#21110,#21117,
    #21124,#21131,#21138,#21145,#21152,#21159,#21166,#21173),#1410);
#20995 = STYLED_ITEM('color',(#20996),#622);
#20996 = PRESENTATION_STYLE_ASSIGNMENT((#20997));
#20997 = SURFACE_STYLE_USAGE(.BOTH.,#20998);
#20998 = SURFACE_SIDE_STYLE('',(#20999));
#20999 = SURFACE_STYLE_FILL_AREA(#21000);
#21000 = FILL_AREA_STYLE('',(#21001));
#21001 = FILL_AREA_STYLE_COLOUR('',#21002);
#21002 = COLOUR_RGB('',0.823999987314,0.819999987296,0.781000009244);
#21003 = STYLED_ITEM('color',(#21004),#662);
#21004 = PRESENTATION_STYLE_ASSIGNMENT((#21005));
#21005 = SURFACE_STYLE_USAGE(.BOTH.,#21006);
#21006 = SURFACE_SIDE_STYLE('',(#21007));
#21007 = SURFACE_STYLE_FILL_AREA(#21008);
#21008 = FILL_AREA_STYLE('',(#21009));
#21009 = FILL_AREA_STYLE_COLOUR('',#21002);
#21010 = STYLED_ITEM('color',(#21011),#745);
#21011 = PRESENTATION_STYLE_ASSIGNMENT((#21012));
#21012 = SURFACE_STYLE_USAGE(.BOTH.,#21013);
#21013 = SURFACE_SIDE_STYLE('',(#21014));
#21014 = SURFACE_STYLE_FILL_AREA(#21015);
#21015 = FILL_AREA_STYLE('',(#21016));
#21016 = FILL_AREA_STYLE_COLOUR('',#21002);
#21017 = STYLED_ITEM('color',(#21018),#770);
#21018 = PRESENTATION_STYLE_ASSIGNMENT((#21019));
#21019 = SURFACE_STYLE_USAGE(.BOTH.,#21020);
#21020 = SURFACE_SIDE_STYLE('',(#21021));
#21021 = SURFACE_STYLE_FILL_AREA(#21022);
#21022 = FILL_AREA_STYLE('',(#21023));
#21023 = FILL_AREA_STYLE_COLOUR('',#21002);
#21024 = STYLED_ITEM('color',(#21025),#795);
#21025 = PRESENTATION_STYLE_ASSIGNMENT((#21026));
#21026 = SURFACE_STYLE_USAGE(.BOTH.,#21027);
#21027 = SURFACE_SIDE_STYLE('',(#21028));
#21028 = SURFACE_STYLE_FILL_AREA(#21029);
#21029 = FILL_AREA_STYLE('',(#21030));
#21030 = FILL_AREA_STYLE_COLOUR('',#21002);
#21031 = STYLED_ITEM('color',(#21032),#862);
#21032 = PRESENTATION_STYLE_ASSIGNMENT((#21033));
#21033 = SURFACE_STYLE_USAGE(.BOTH.,#21034);
#21034 = SURFACE_SIDE_STYLE('',(#21035));
#21035 = SURFACE_STYLE_FILL_AREA(#21036);
#21036 = FILL_AREA_STYLE('',(#21037));
#21037 = FILL_AREA_STYLE_COLOUR('',#21002);
#21038 = STYLED_ITEM('color',(#21039),#879);
#21039 = PRESENTATION_STYLE_ASSIGNMENT((#21040));
#21040 = SURFACE_STYLE_USAGE(.BOTH.,#21041);
#21041 = SURFACE_SIDE_STYLE('',(#21042));
#21042 = SURFACE_STYLE_FILL_AREA(#21043);
#21043 = FILL_AREA_STYLE('',(#21044));
#21044 = FILL_AREA_STYLE_COLOUR('',#21002);
#21045 = STYLED_ITEM('color',(#21046),#896);
#21046 = PRESENTATION_STYLE_ASSIGNMENT((#21047));
#21047 = SURFACE_STYLE_USAGE(.BOTH.,#21048);
#21048 = SURFACE_SIDE_STYLE('',(#21049));
#21049 = SURFACE_STYLE_FILL_AREA(#21050);
#21050 = FILL_AREA_STYLE('',(#21051));
#21051 = FILL_AREA_STYLE_COLOUR('',#21052);
#21052 = COLOUR_RGB('',0.894999966383,0.890999961016,0.813000030345);
#21053 = STYLED_ITEM('color',(#21054),#945);
#21054 = PRESENTATION_STYLE_ASSIGNMENT((#21055));
#21055 = SURFACE_STYLE_USAGE(.BOTH.,#21056);
#21056 = SURFACE_SIDE_STYLE('',(#21057));
#21057 = SURFACE_STYLE_FILL_AREA(#21058);
#21058 = FILL_AREA_STYLE('',(#21059));
#21059 = FILL_AREA_STYLE_COLOUR('',#21002);
#21060 = STYLED_ITEM('color',(#21061),#962);
#21061 = PRESENTATION_STYLE_ASSIGNMENT((#21062));
#21062 = SURFACE_STYLE_USAGE(.BOTH.,#21063);
#21063 = SURFACE_SIDE_STYLE('',(#21064));
#21064 = SURFACE_STYLE_FILL_AREA(#21065);
#21065 = FILL_AREA_STYLE('',(#21066));
#21066 = FILL_AREA_STYLE_COLOUR('',#21002);
#21067 = STYLED_ITEM('color',(#21068),#979);
#21068 = PRESENTATION_STYLE_ASSIGNMENT((#21069));
#21069 = SURFACE_STYLE_USAGE(.BOTH.,#21070);
#21070 = SURFACE_SIDE_STYLE('',(#21071));
#21071 = SURFACE_STYLE_FILL_AREA(#21072);
#21072 = FILL_AREA_STYLE('',(#21073));
#21073 = FILL_AREA_STYLE_COLOUR('',#21052);
#21074 = STYLED_ITEM('color',(#21075),#1028);
#21075 = PRESENTATION_STYLE_ASSIGNMENT((#21076));
#21076 = SURFACE_STYLE_USAGE(.BOTH.,#21077);
#21077 = SURFACE_SIDE_STYLE('',(#21078));
#21078 = SURFACE_STYLE_FILL_AREA(#21079);
#21079 = FILL_AREA_STYLE('',(#21080));
#21080 = FILL_AREA_STYLE_COLOUR('',#21052);
#21081 = STYLED_ITEM('color',(#21082),#1045);
#21082 = PRESENTATION_STYLE_ASSIGNMENT((#21083));
#21083 = SURFACE_STYLE_USAGE(.BOTH.,#21084);
#21084 = SURFACE_SIDE_STYLE('',(#21085));
#21085 = SURFACE_STYLE_FILL_AREA(#21086);
#21086 = FILL_AREA_STYLE('',(#21087));
#21087 = FILL_AREA_STYLE_COLOUR('',#21002);
#21088 = STYLED_ITEM('color',(#21089),#1114);
#21089 = PRESENTATION_STYLE_ASSIGNMENT((#21090));
#21090 = SURFACE_STYLE_USAGE(.BOTH.,#21091);
#21091 = SURFACE_SIDE_STYLE('',(#21092));
#21092 = SURFACE_STYLE_FILL_AREA(#21093);
#21093 = FILL_AREA_STYLE('',(#21094));
#21094 = FILL_AREA_STYLE_COLOUR('',#21095);
#21095 = COLOUR_RGB('',8.200000279077E-02,8.600000121357E-02,
  9.399999706163E-02);
#21096 = STYLED_ITEM('color',(#21097),#1145);
#21097 = PRESENTATION_STYLE_ASSIGNMENT((#21098));
#21098 = SURFACE_STYLE_USAGE(.BOTH.,#21099);
#21099 = SURFACE_SIDE_STYLE('',(#21100));
#21100 = SURFACE_STYLE_FILL_AREA(#21101);
#21101 = FILL_AREA_STYLE('',(#21102));
#21102 = FILL_AREA_STYLE_COLOUR('',#21095);
#21103 = STYLED_ITEM('color',(#21104),#1169);
#21104 = PRESENTATION_STYLE_ASSIGNMENT((#21105));
#21105 = SURFACE_STYLE_USAGE(.BOTH.,#21106);
#21106 = SURFACE_SIDE_STYLE('',(#21107));
#21107 = SURFACE_STYLE_FILL_AREA(#21108);
#21108 = FILL_AREA_STYLE('',(#21109));
#21109 = FILL_AREA_STYLE_COLOUR('',#21002);
#21110 = STYLED_ITEM('color',(#21111),#1238);
#21111 = PRESENTATION_STYLE_ASSIGNMENT((#21112));
#21112 = SURFACE_STYLE_USAGE(.BOTH.,#21113);
#21113 = SURFACE_SIDE_STYLE('',(#21114));
#21114 = SURFACE_STYLE_FILL_AREA(#21115);
#21115 = FILL_AREA_STYLE('',(#21116));
#21116 = FILL_AREA_STYLE_COLOUR('',#21095);
#21117 = STYLED_ITEM('color',(#21118),#1262);
#21118 = PRESENTATION_STYLE_ASSIGNMENT((#21119));
#21119 = SURFACE_STYLE_USAGE(.BOTH.,#21120);
#21120 = SURFACE_SIDE_STYLE('',(#21121));
#21121 = SURFACE_STYLE_FILL_AREA(#21122);
#21122 = FILL_AREA_STYLE('',(#21123));
#21123 = FILL_AREA_STYLE_COLOUR('',#21002);
#21124 = STYLED_ITEM('color',(#21125),#1279);
#21125 = PRESENTATION_STYLE_ASSIGNMENT((#21126));
#21126 = SURFACE_STYLE_USAGE(.BOTH.,#21127);
#21127 = SURFACE_SIDE_STYLE('',(#21128));
#21128 = SURFACE_STYLE_FILL_AREA(#21129);
#21129 = FILL_AREA_STYLE('',(#21130));
#21130 = FILL_AREA_STYLE_COLOUR('',#21002);
#21131 = STYLED_ITEM('color',(#21132),#1296);
#21132 = PRESENTATION_STYLE_ASSIGNMENT((#21133));
#21133 = SURFACE_STYLE_USAGE(.BOTH.,#21134);
#21134 = SURFACE_SIDE_STYLE('',(#21135));
#21135 = SURFACE_STYLE_FILL_AREA(#21136);
#21136 = FILL_AREA_STYLE('',(#21137));
#21137 = FILL_AREA_STYLE_COLOUR('',#21002);
#21138 = STYLED_ITEM('color',(#21139),#1313);
#21139 = PRESENTATION_STYLE_ASSIGNMENT((#21140));
#21140 = SURFACE_STYLE_USAGE(.BOTH.,#21141);
#21141 = SURFACE_SIDE_STYLE('',(#21142));
#21142 = SURFACE_STYLE_FILL_AREA(#21143);
#21143 = FILL_AREA_STYLE('',(#21144));
#21144 = FILL_AREA_STYLE_COLOUR('',#21002);
#21145 = STYLED_ITEM('color',(#21146),#1330);
#21146 = PRESENTATION_STYLE_ASSIGNMENT((#21147));
#21147 = SURFACE_STYLE_USAGE(.BOTH.,#21148);
#21148 = SURFACE_SIDE_STYLE('',(#21149));
#21149 = SURFACE_STYLE_FILL_AREA(#21150);
#21150 = FILL_AREA_STYLE('',(#21151));
#21151 = FILL_AREA_STYLE_COLOUR('',#21002);
#21152 = STYLED_ITEM('color',(#21153),#1347);
#21153 = PRESENTATION_STYLE_ASSIGNMENT((#21154));
#21154 = SURFACE_STYLE_USAGE(.BOTH.,#21155);
#21155 = SURFACE_SIDE_STYLE('',(#21156));
#21156 = SURFACE_STYLE_FILL_AREA(#21157);
#21157 = FILL_AREA_STYLE('',(#21158));
#21158 = FILL_AREA_STYLE_COLOUR('',#21002);
#21159 = STYLED_ITEM('color',(#21160),#1364);
#21160 = PRESENTATION_STYLE_ASSIGNMENT((#21161));
#21161 = SURFACE_STYLE_USAGE(.BOTH.,#21162);
#21162 = SURFACE_SIDE_STYLE('',(#21163));
#21163 = SURFACE_STYLE_FILL_AREA(#21164);
#21164 = FILL_AREA_STYLE('',(#21165));
#21165 = FILL_AREA_STYLE_COLOUR('',#21002);
#21166 = STYLED_ITEM('color',(#21167),#1381);
#21167 = PRESENTATION_STYLE_ASSIGNMENT((#21168));
#21168 = SURFACE_STYLE_USAGE(.BOTH.,#21169);
#21169 = SURFACE_SIDE_STYLE('',(#21170));
#21170 = SURFACE_STYLE_FILL_AREA(#21171);
#21171 = FILL_AREA_STYLE('',(#21172));
#21172 = FILL_AREA_STYLE_COLOUR('',#21095);
#21173 = STYLED_ITEM('color',(#21174),#1398);
#21174 = PRESENTATION_STYLE_ASSIGNMENT((#21175));
#21175 = SURFACE_STYLE_USAGE(.BOTH.,#21176);
#21176 = SURFACE_SIDE_STYLE('',(#21177));
#21177 = SURFACE_STYLE_FILL_AREA(#21178);
#21178 = FILL_AREA_STYLE('',(#21179));
#21179 = FILL_AREA_STYLE_COLOUR('',#21095);
#21180 = MECHANICAL_DESIGN_GEOMETRIC_PRESENTATION_REPRESENTATION('',(
    #21181),#601);
#21181 = STYLED_ITEM('color',(#21182),#69);
#21182 = PRESENTATION_STYLE_ASSIGNMENT((#21183));
#21183 = SURFACE_STYLE_USAGE(.BOTH.,#21184);
#21184 = SURFACE_SIDE_STYLE('',(#21185));
#21185 = SURFACE_STYLE_FILL_AREA(#21186);
#21186 = FILL_AREA_STYLE('',(#21187));
#21187 = FILL_AREA_STYLE_COLOUR('',#21188);
#21188 = COLOUR_RGB('',0.792156867455,0.819607826924,0.933333342953);
#21189 = MECHANICAL_DESIGN_GEOMETRIC_PRESENTATION_REPRESENTATION('',(
    #21190,#21198,#21206,#21213,#21220,#21227,#21234,#21241,#21248,
    #21255,#21262,#21269,#21276,#21284,#21291,#21298,#21305,#21312,
    #21319,#21326,#21333,#21340,#21347,#21354,#21361,#21368,#21375,
    #21382,#21389,#21396,#21403,#21410,#21417,#21424,#21431,#21438,
    #21445,#21452,#21459,#21466,#21473,#21480,#21487,#21494,#21501,
    #21508,#21515,#21522,#21529,#21536,#21543,#21550,#21557,#21564,
    #21571,#21578,#21585,#21592,#21599,#21606,#21613,#21620,#21627,
    #21634),#4038);
#21190 = STYLED_ITEM('color',(#21191),#2092);
#21191 = PRESENTATION_STYLE_ASSIGNMENT((#21192));
#21192 = SURFACE_STYLE_USAGE(.BOTH.,#21193);
#21193 = SURFACE_SIDE_STYLE('',(#21194));
#21194 = SURFACE_STYLE_FILL_AREA(#21195);
#21195 = FILL_AREA_STYLE('',(#21196));
#21196 = FILL_AREA_STYLE_COLOUR('',#21197);
#21197 = COLOUR_RGB('',0.231372564044,0.231372564044,0.231372564044);
#21198 = OVER_RIDING_STYLED_ITEM('overriding color',(#21199),#2094,
  #21190);
#21199 = PRESENTATION_STYLE_ASSIGNMENT((#21200));
#21200 = SURFACE_STYLE_USAGE(.BOTH.,#21201);
#21201 = SURFACE_SIDE_STYLE('',(#21202));
#21202 = SURFACE_STYLE_FILL_AREA(#21203);
#21203 = FILL_AREA_STYLE('',(#21204));
#21204 = FILL_AREA_STYLE_COLOUR('',#21205);
#21205 = DRAUGHTING_PRE_DEFINED_COLOUR('yellow');
#21206 = OVER_RIDING_STYLED_ITEM('overriding color',(#21207),#2162,
  #21190);
#21207 = PRESENTATION_STYLE_ASSIGNMENT((#21208));
#21208 = SURFACE_STYLE_USAGE(.BOTH.,#21209);
#21209 = SURFACE_SIDE_STYLE('',(#21210));
#21210 = SURFACE_STYLE_FILL_AREA(#21211);
#21211 = FILL_AREA_STYLE('',(#21212));
#21212 = FILL_AREA_STYLE_COLOUR('',#21205);
#21213 = OVER_RIDING_STYLED_ITEM('overriding color',(#21214),#2202,
  #21190);
#21214 = PRESENTATION_STYLE_ASSIGNMENT((#21215));
#21215 = SURFACE_STYLE_USAGE(.BOTH.,#21216);
#21216 = SURFACE_SIDE_STYLE('',(#21217));
#21217 = SURFACE_STYLE_FILL_AREA(#21218);
#21218 = FILL_AREA_STYLE('',(#21219));
#21219 = FILL_AREA_STYLE_COLOUR('',#21205);
#21220 = OVER_RIDING_STYLED_ITEM('overriding color',(#21221),#2243,
  #21190);
#21221 = PRESENTATION_STYLE_ASSIGNMENT((#21222));
#21222 = SURFACE_STYLE_USAGE(.BOTH.,#21223);
#21223 = SURFACE_SIDE_STYLE('',(#21224));
#21224 = SURFACE_STYLE_FILL_AREA(#21225);
#21225 = FILL_AREA_STYLE('',(#21226));
#21226 = FILL_AREA_STYLE_COLOUR('',#21205);
#21227 = OVER_RIDING_STYLED_ITEM('overriding color',(#21228),#2284,
  #21190);
#21228 = PRESENTATION_STYLE_ASSIGNMENT((#21229));
#21229 = SURFACE_STYLE_USAGE(.BOTH.,#21230);
#21230 = SURFACE_SIDE_STYLE('',(#21231));
#21231 = SURFACE_STYLE_FILL_AREA(#21232);
#21232 = FILL_AREA_STYLE('',(#21233));
#21233 = FILL_AREA_STYLE_COLOUR('',#21205);
#21234 = OVER_RIDING_STYLED_ITEM('overriding color',(#21235),#2308,
  #21190);
#21235 = PRESENTATION_STYLE_ASSIGNMENT((#21236));
#21236 = SURFACE_STYLE_USAGE(.BOTH.,#21237);
#21237 = SURFACE_SIDE_STYLE('',(#21238));
#21238 = SURFACE_STYLE_FILL_AREA(#21239);
#21239 = FILL_AREA_STYLE('',(#21240));
#21240 = FILL_AREA_STYLE_COLOUR('',#21205);
#21241 = OVER_RIDING_STYLED_ITEM('overriding color',(#21242),#2325,
  #21190);
#21242 = PRESENTATION_STYLE_ASSIGNMENT((#21243));
#21243 = SURFACE_STYLE_USAGE(.BOTH.,#21244);
#21244 = SURFACE_SIDE_STYLE('',(#21245));
#21245 = SURFACE_STYLE_FILL_AREA(#21246);
#21246 = FILL_AREA_STYLE('',(#21247));
#21247 = FILL_AREA_STYLE_COLOUR('',#21205);
#21248 = OVER_RIDING_STYLED_ITEM('overriding color',(#21249),#2343,
  #21190);
#21249 = PRESENTATION_STYLE_ASSIGNMENT((#21250));
#21250 = SURFACE_STYLE_USAGE(.BOTH.,#21251);
#21251 = SURFACE_SIDE_STYLE('',(#21252));
#21252 = SURFACE_STYLE_FILL_AREA(#21253);
#21253 = FILL_AREA_STYLE('',(#21254));
#21254 = FILL_AREA_STYLE_COLOUR('',#21205);
#21255 = OVER_RIDING_STYLED_ITEM('overriding color',(#21256),#2376,
  #21190);
#21256 = PRESENTATION_STYLE_ASSIGNMENT((#21257));
#21257 = SURFACE_STYLE_USAGE(.BOTH.,#21258);
#21258 = SURFACE_SIDE_STYLE('',(#21259));
#21259 = SURFACE_STYLE_FILL_AREA(#21260);
#21260 = FILL_AREA_STYLE('',(#21261));
#21261 = FILL_AREA_STYLE_COLOUR('',#21205);
#21262 = OVER_RIDING_STYLED_ITEM('overriding color',(#21263),#2393,
  #21190);
#21263 = PRESENTATION_STYLE_ASSIGNMENT((#21264));
#21264 = SURFACE_STYLE_USAGE(.BOTH.,#21265);
#21265 = SURFACE_SIDE_STYLE('',(#21266));
#21266 = SURFACE_STYLE_FILL_AREA(#21267);
#21267 = FILL_AREA_STYLE('',(#21268));
#21268 = FILL_AREA_STYLE_COLOUR('',#21205);
#21269 = OVER_RIDING_STYLED_ITEM('overriding color',(#21270),#2410,
  #21190);
#21270 = PRESENTATION_STYLE_ASSIGNMENT((#21271));
#21271 = SURFACE_STYLE_USAGE(.BOTH.,#21272);
#21272 = SURFACE_SIDE_STYLE('',(#21273));
#21273 = SURFACE_STYLE_FILL_AREA(#21274);
#21274 = FILL_AREA_STYLE('',(#21275));
#21275 = FILL_AREA_STYLE_COLOUR('',#21205);
#21276 = OVER_RIDING_STYLED_ITEM('overriding color',(#21277),#2526,
  #21190);
#21277 = PRESENTATION_STYLE_ASSIGNMENT((#21278));
#21278 = SURFACE_STYLE_USAGE(.BOTH.,#21279);
#21279 = SURFACE_SIDE_STYLE('',(#21280));
#21280 = SURFACE_STYLE_FILL_AREA(#21281);
#21281 = FILL_AREA_STYLE('',(#21282));
#21282 = FILL_AREA_STYLE_COLOUR('',#21283);
#21283 = DRAUGHTING_PRE_DEFINED_COLOUR('black');
#21284 = OVER_RIDING_STYLED_ITEM('overriding color',(#21285),#2557,
  #21190);
#21285 = PRESENTATION_STYLE_ASSIGNMENT((#21286));
#21286 = SURFACE_STYLE_USAGE(.BOTH.,#21287);
#21287 = SURFACE_SIDE_STYLE('',(#21288));
#21288 = SURFACE_STYLE_FILL_AREA(#21289);
#21289 = FILL_AREA_STYLE('',(#21290));
#21290 = FILL_AREA_STYLE_COLOUR('',#21283);
#21291 = OVER_RIDING_STYLED_ITEM('overriding color',(#21292),#2582,
  #21190);
#21292 = PRESENTATION_STYLE_ASSIGNMENT((#21293));
#21293 = SURFACE_STYLE_USAGE(.BOTH.,#21294);
#21294 = SURFACE_SIDE_STYLE('',(#21295));
#21295 = SURFACE_STYLE_FILL_AREA(#21296);
#21296 = FILL_AREA_STYLE('',(#21297));
#21297 = FILL_AREA_STYLE_COLOUR('',#21283);
#21298 = OVER_RIDING_STYLED_ITEM('overriding color',(#21299),#2661,
  #21190);
#21299 = PRESENTATION_STYLE_ASSIGNMENT((#21300));
#21300 = SURFACE_STYLE_USAGE(.BOTH.,#21301);
#21301 = SURFACE_SIDE_STYLE('',(#21302));
#21302 = SURFACE_STYLE_FILL_AREA(#21303);
#21303 = FILL_AREA_STYLE('',(#21304));
#21304 = FILL_AREA_STYLE_COLOUR('',#21283);
#21305 = OVER_RIDING_STYLED_ITEM('overriding color',(#21306),#2693,
  #21190);
#21306 = PRESENTATION_STYLE_ASSIGNMENT((#21307));
#21307 = SURFACE_STYLE_USAGE(.BOTH.,#21308);
#21308 = SURFACE_SIDE_STYLE('',(#21309));
#21309 = SURFACE_STYLE_FILL_AREA(#21310);
#21310 = FILL_AREA_STYLE('',(#21311));
#21311 = FILL_AREA_STYLE_COLOUR('',#21205);
#21312 = OVER_RIDING_STYLED_ITEM('overriding color',(#21313),#2733,
  #21190);
#21313 = PRESENTATION_STYLE_ASSIGNMENT((#21314));
#21314 = SURFACE_STYLE_USAGE(.BOTH.,#21315);
#21315 = SURFACE_SIDE_STYLE('',(#21316));
#21316 = SURFACE_STYLE_FILL_AREA(#21317);
#21317 = FILL_AREA_STYLE('',(#21318));
#21318 = FILL_AREA_STYLE_COLOUR('',#21283);
#21319 = OVER_RIDING_STYLED_ITEM('overriding color',(#21320),#2769,
  #21190);
#21320 = PRESENTATION_STYLE_ASSIGNMENT((#21321));
#21321 = SURFACE_STYLE_USAGE(.BOTH.,#21322);
#21322 = SURFACE_SIDE_STYLE('',(#21323));
#21323 = SURFACE_STYLE_FILL_AREA(#21324);
#21324 = FILL_AREA_STYLE('',(#21325));
#21325 = FILL_AREA_STYLE_COLOUR('',#21205);
#21326 = OVER_RIDING_STYLED_ITEM('overriding color',(#21327),#2810,
  #21190);
#21327 = PRESENTATION_STYLE_ASSIGNMENT((#21328));
#21328 = SURFACE_STYLE_USAGE(.BOTH.,#21329);
#21329 = SURFACE_SIDE_STYLE('',(#21330));
#21330 = SURFACE_STYLE_FILL_AREA(#21331);
#21331 = FILL_AREA_STYLE('',(#21332));
#21332 = FILL_AREA_STYLE_COLOUR('',#21205);
#21333 = OVER_RIDING_STYLED_ITEM('overriding color',(#21334),#2841,
  #21190);
#21334 = PRESENTATION_STYLE_ASSIGNMENT((#21335));
#21335 = SURFACE_STYLE_USAGE(.BOTH.,#21336);
#21336 = SURFACE_SIDE_STYLE('',(#21337));
#21337 = SURFACE_STYLE_FILL_AREA(#21338);
#21338 = FILL_AREA_STYLE('',(#21339));
#21339 = FILL_AREA_STYLE_COLOUR('',#21205);
#21340 = OVER_RIDING_STYLED_ITEM('overriding color',(#21341),#2882,
  #21190);
#21341 = PRESENTATION_STYLE_ASSIGNMENT((#21342));
#21342 = SURFACE_STYLE_USAGE(.BOTH.,#21343);
#21343 = SURFACE_SIDE_STYLE('',(#21344));
#21344 = SURFACE_STYLE_FILL_AREA(#21345);
#21345 = FILL_AREA_STYLE('',(#21346));
#21346 = FILL_AREA_STYLE_COLOUR('',#21205);
#21347 = OVER_RIDING_STYLED_ITEM('overriding color',(#21348),#2941,
  #21190);
#21348 = PRESENTATION_STYLE_ASSIGNMENT((#21349));
#21349 = SURFACE_STYLE_USAGE(.BOTH.,#21350);
#21350 = SURFACE_SIDE_STYLE('',(#21351));
#21351 = SURFACE_STYLE_FILL_AREA(#21352);
#21352 = FILL_AREA_STYLE('',(#21353));
#21353 = FILL_AREA_STYLE_COLOUR('',#21205);
#21354 = OVER_RIDING_STYLED_ITEM('overriding color',(#21355),#2977,
  #21190);
#21355 = PRESENTATION_STYLE_ASSIGNMENT((#21356));
#21356 = SURFACE_STYLE_USAGE(.BOTH.,#21357);
#21357 = SURFACE_SIDE_STYLE('',(#21358));
#21358 = SURFACE_STYLE_FILL_AREA(#21359);
#21359 = FILL_AREA_STYLE('',(#21360));
#21360 = FILL_AREA_STYLE_COLOUR('',#21205);
#21361 = OVER_RIDING_STYLED_ITEM('overriding color',(#21362),#3009,
  #21190);
#21362 = PRESENTATION_STYLE_ASSIGNMENT((#21363));
#21363 = SURFACE_STYLE_USAGE(.BOTH.,#21364);
#21364 = SURFACE_SIDE_STYLE('',(#21365));
#21365 = SURFACE_STYLE_FILL_AREA(#21366);
#21366 = FILL_AREA_STYLE('',(#21367));
#21367 = FILL_AREA_STYLE_COLOUR('',#21205);
#21368 = OVER_RIDING_STYLED_ITEM('overriding color',(#21369),#3040,
  #21190);
#21369 = PRESENTATION_STYLE_ASSIGNMENT((#21370));
#21370 = SURFACE_STYLE_USAGE(.BOTH.,#21371);
#21371 = SURFACE_SIDE_STYLE('',(#21372));
#21372 = SURFACE_STYLE_FILL_AREA(#21373);
#21373 = FILL_AREA_STYLE('',(#21374));
#21374 = FILL_AREA_STYLE_COLOUR('',#21283);
#21375 = OVER_RIDING_STYLED_ITEM('overriding color',(#21376),#3098,
  #21190);
#21376 = PRESENTATION_STYLE_ASSIGNMENT((#21377));
#21377 = SURFACE_STYLE_USAGE(.BOTH.,#21378);
#21378 = SURFACE_SIDE_STYLE('',(#21379));
#21379 = SURFACE_STYLE_FILL_AREA(#21380);
#21380 = FILL_AREA_STYLE('',(#21381));
#21381 = FILL_AREA_STYLE_COLOUR('',#21283);
#21382 = OVER_RIDING_STYLED_ITEM('overriding color',(#21383),#3161,
  #21190);
#21383 = PRESENTATION_STYLE_ASSIGNMENT((#21384));
#21384 = SURFACE_STYLE_USAGE(.BOTH.,#21385);
#21385 = SURFACE_SIDE_STYLE('',(#21386));
#21386 = SURFACE_STYLE_FILL_AREA(#21387);
#21387 = FILL_AREA_STYLE('',(#21388));
#21388 = FILL_AREA_STYLE_COLOUR('',#21283);
#21389 = OVER_RIDING_STYLED_ITEM('overriding color',(#21390),#3319,
  #21190);
#21390 = PRESENTATION_STYLE_ASSIGNMENT((#21391));
#21391 = SURFACE_STYLE_USAGE(.BOTH.,#21392);
#21392 = SURFACE_SIDE_STYLE('',(#21393));
#21393 = SURFACE_STYLE_FILL_AREA(#21394);
#21394 = FILL_AREA_STYLE('',(#21395));
#21395 = FILL_AREA_STYLE_COLOUR('',#21283);
#21396 = OVER_RIDING_STYLED_ITEM('overriding color',(#21397),#3364,
  #21190);
#21397 = PRESENTATION_STYLE_ASSIGNMENT((#21398));
#21398 = SURFACE_STYLE_USAGE(.BOTH.,#21399);
#21399 = SURFACE_SIDE_STYLE('',(#21400));
#21400 = SURFACE_STYLE_FILL_AREA(#21401);
#21401 = FILL_AREA_STYLE('',(#21402));
#21402 = FILL_AREA_STYLE_COLOUR('',#21283);
#21403 = OVER_RIDING_STYLED_ITEM('overriding color',(#21404),#3399,
  #21190);
#21404 = PRESENTATION_STYLE_ASSIGNMENT((#21405));
#21405 = SURFACE_STYLE_USAGE(.BOTH.,#21406);
#21406 = SURFACE_SIDE_STYLE('',(#21407));
#21407 = SURFACE_STYLE_FILL_AREA(#21408);
#21408 = FILL_AREA_STYLE('',(#21409));
#21409 = FILL_AREA_STYLE_COLOUR('',#21205);
#21410 = OVER_RIDING_STYLED_ITEM('overriding color',(#21411),#3423,
  #21190);
#21411 = PRESENTATION_STYLE_ASSIGNMENT((#21412));
#21412 = SURFACE_STYLE_USAGE(.BOTH.,#21413);
#21413 = SURFACE_SIDE_STYLE('',(#21414));
#21414 = SURFACE_STYLE_FILL_AREA(#21415);
#21415 = FILL_AREA_STYLE('',(#21416));
#21416 = FILL_AREA_STYLE_COLOUR('',#21205);
#21417 = OVER_RIDING_STYLED_ITEM('overriding color',(#21418),#3447,
  #21190);
#21418 = PRESENTATION_STYLE_ASSIGNMENT((#21419));
#21419 = SURFACE_STYLE_USAGE(.BOTH.,#21420);
#21420 = SURFACE_SIDE_STYLE('',(#21421));
#21421 = SURFACE_STYLE_FILL_AREA(#21422);
#21422 = FILL_AREA_STYLE('',(#21423));
#21423 = FILL_AREA_STYLE_COLOUR('',#21205);
#21424 = OVER_RIDING_STYLED_ITEM('overriding color',(#21425),#3464,
  #21190);
#21425 = PRESENTATION_STYLE_ASSIGNMENT((#21426));
#21426 = SURFACE_STYLE_USAGE(.BOTH.,#21427);
#21427 = SURFACE_SIDE_STYLE('',(#21428));
#21428 = SURFACE_STYLE_FILL_AREA(#21429);
#21429 = FILL_AREA_STYLE('',(#21430));
#21430 = FILL_AREA_STYLE_COLOUR('',#21205);
#21431 = OVER_RIDING_STYLED_ITEM('overriding color',(#21432),#3476,
  #21190);
#21432 = PRESENTATION_STYLE_ASSIGNMENT((#21433));
#21433 = SURFACE_STYLE_USAGE(.BOTH.,#21434);
#21434 = SURFACE_SIDE_STYLE('',(#21435));
#21435 = SURFACE_STYLE_FILL_AREA(#21436);
#21436 = FILL_AREA_STYLE('',(#21437));
#21437 = FILL_AREA_STYLE_COLOUR('',#21283);
#21438 = OVER_RIDING_STYLED_ITEM('overriding color',(#21439),#3493,
  #21190);
#21439 = PRESENTATION_STYLE_ASSIGNMENT((#21440));
#21440 = SURFACE_STYLE_USAGE(.BOTH.,#21441);
#21441 = SURFACE_SIDE_STYLE('',(#21442));
#21442 = SURFACE_STYLE_FILL_AREA(#21443);
#21443 = FILL_AREA_STYLE('',(#21444));
#21444 = FILL_AREA_STYLE_COLOUR('',#21283);
#21445 = OVER_RIDING_STYLED_ITEM('overriding color',(#21446),#3528,
  #21190);
#21446 = PRESENTATION_STYLE_ASSIGNMENT((#21447));
#21447 = SURFACE_STYLE_USAGE(.BOTH.,#21448);
#21448 = SURFACE_SIDE_STYLE('',(#21449));
#21449 = SURFACE_STYLE_FILL_AREA(#21450);
#21450 = FILL_AREA_STYLE('',(#21451));
#21451 = FILL_AREA_STYLE_COLOUR('',#21205);
#21452 = OVER_RIDING_STYLED_ITEM('overriding color',(#21453),#3552,
  #21190);
#21453 = PRESENTATION_STYLE_ASSIGNMENT((#21454));
#21454 = SURFACE_STYLE_USAGE(.BOTH.,#21455);
#21455 = SURFACE_SIDE_STYLE('',(#21456));
#21456 = SURFACE_STYLE_FILL_AREA(#21457);
#21457 = FILL_AREA_STYLE('',(#21458));
#21458 = FILL_AREA_STYLE_COLOUR('',#21205);
#21459 = OVER_RIDING_STYLED_ITEM('overriding color',(#21460),#3576,
  #21190);
#21460 = PRESENTATION_STYLE_ASSIGNMENT((#21461));
#21461 = SURFACE_STYLE_USAGE(.BOTH.,#21462);
#21462 = SURFACE_SIDE_STYLE('',(#21463));
#21463 = SURFACE_STYLE_FILL_AREA(#21464);
#21464 = FILL_AREA_STYLE('',(#21465));
#21465 = FILL_AREA_STYLE_COLOUR('',#21205);
#21466 = OVER_RIDING_STYLED_ITEM('overriding color',(#21467),#3593,
  #21190);
#21467 = PRESENTATION_STYLE_ASSIGNMENT((#21468));
#21468 = SURFACE_STYLE_USAGE(.BOTH.,#21469);
#21469 = SURFACE_SIDE_STYLE('',(#21470));
#21470 = SURFACE_STYLE_FILL_AREA(#21471);
#21471 = FILL_AREA_STYLE('',(#21472));
#21472 = FILL_AREA_STYLE_COLOUR('',#21205);
#21473 = OVER_RIDING_STYLED_ITEM('overriding color',(#21474),#3605,
  #21190);
#21474 = PRESENTATION_STYLE_ASSIGNMENT((#21475));
#21475 = SURFACE_STYLE_USAGE(.BOTH.,#21476);
#21476 = SURFACE_SIDE_STYLE('',(#21477));
#21477 = SURFACE_STYLE_FILL_AREA(#21478);
#21478 = FILL_AREA_STYLE('',(#21479));
#21479 = FILL_AREA_STYLE_COLOUR('',#21205);
#21480 = OVER_RIDING_STYLED_ITEM('overriding color',(#21481),#3629,
  #21190);
#21481 = PRESENTATION_STYLE_ASSIGNMENT((#21482));
#21482 = SURFACE_STYLE_USAGE(.BOTH.,#21483);
#21483 = SURFACE_SIDE_STYLE('',(#21484));
#21484 = SURFACE_STYLE_FILL_AREA(#21485);
#21485 = FILL_AREA_STYLE('',(#21486));
#21486 = FILL_AREA_STYLE_COLOUR('',#21205);
#21487 = OVER_RIDING_STYLED_ITEM('overriding color',(#21488),#3653,
  #21190);
#21488 = PRESENTATION_STYLE_ASSIGNMENT((#21489));
#21489 = SURFACE_STYLE_USAGE(.BOTH.,#21490);
#21490 = SURFACE_SIDE_STYLE('',(#21491));
#21491 = SURFACE_STYLE_FILL_AREA(#21492);
#21492 = FILL_AREA_STYLE('',(#21493));
#21493 = FILL_AREA_STYLE_COLOUR('',#21205);
#21494 = OVER_RIDING_STYLED_ITEM('overriding color',(#21495),#3670,
  #21190);
#21495 = PRESENTATION_STYLE_ASSIGNMENT((#21496));
#21496 = SURFACE_STYLE_USAGE(.BOTH.,#21497);
#21497 = SURFACE_SIDE_STYLE('',(#21498));
#21498 = SURFACE_STYLE_FILL_AREA(#21499);
#21499 = FILL_AREA_STYLE('',(#21500));
#21500 = FILL_AREA_STYLE_COLOUR('',#21205);
#21501 = OVER_RIDING_STYLED_ITEM('overriding color',(#21502),#3682,
  #21190);
#21502 = PRESENTATION_STYLE_ASSIGNMENT((#21503));
#21503 = SURFACE_STYLE_USAGE(.BOTH.,#21504);
#21504 = SURFACE_SIDE_STYLE('',(#21505));
#21505 = SURFACE_STYLE_FILL_AREA(#21506);
#21506 = FILL_AREA_STYLE('',(#21507));
#21507 = FILL_AREA_STYLE_COLOUR('',#21205);
#21508 = OVER_RIDING_STYLED_ITEM('overriding color',(#21509),#3706,
  #21190);
#21509 = PRESENTATION_STYLE_ASSIGNMENT((#21510));
#21510 = SURFACE_STYLE_USAGE(.BOTH.,#21511);
#21511 = SURFACE_SIDE_STYLE('',(#21512));
#21512 = SURFACE_STYLE_FILL_AREA(#21513);
#21513 = FILL_AREA_STYLE('',(#21514));
#21514 = FILL_AREA_STYLE_COLOUR('',#21205);
#21515 = OVER_RIDING_STYLED_ITEM('overriding color',(#21516),#3730,
  #21190);
#21516 = PRESENTATION_STYLE_ASSIGNMENT((#21517));
#21517 = SURFACE_STYLE_USAGE(.BOTH.,#21518);
#21518 = SURFACE_SIDE_STYLE('',(#21519));
#21519 = SURFACE_STYLE_FILL_AREA(#21520);
#21520 = FILL_AREA_STYLE('',(#21521));
#21521 = FILL_AREA_STYLE_COLOUR('',#21205);
#21522 = OVER_RIDING_STYLED_ITEM('overriding color',(#21523),#3747,
  #21190);
#21523 = PRESENTATION_STYLE_ASSIGNMENT((#21524));
#21524 = SURFACE_STYLE_USAGE(.BOTH.,#21525);
#21525 = SURFACE_SIDE_STYLE('',(#21526));
#21526 = SURFACE_STYLE_FILL_AREA(#21527);
#21527 = FILL_AREA_STYLE('',(#21528));
#21528 = FILL_AREA_STYLE_COLOUR('',#21205);
#21529 = OVER_RIDING_STYLED_ITEM('overriding color',(#21530),#3759,
  #21190);
#21530 = PRESENTATION_STYLE_ASSIGNMENT((#21531));
#21531 = SURFACE_STYLE_USAGE(.BOTH.,#21532);
#21532 = SURFACE_SIDE_STYLE('',(#21533));
#21533 = SURFACE_STYLE_FILL_AREA(#21534);
#21534 = FILL_AREA_STYLE('',(#21535));
#21535 = FILL_AREA_STYLE_COLOUR('',#21283);
#21536 = OVER_RIDING_STYLED_ITEM('overriding color',(#21537),#3781,
  #21190);
#21537 = PRESENTATION_STYLE_ASSIGNMENT((#21538));
#21538 = SURFACE_STYLE_USAGE(.BOTH.,#21539);
#21539 = SURFACE_SIDE_STYLE('',(#21540));
#21540 = SURFACE_STYLE_FILL_AREA(#21541);
#21541 = FILL_AREA_STYLE('',(#21542));
#21542 = FILL_AREA_STYLE_COLOUR('',#21283);
#21543 = OVER_RIDING_STYLED_ITEM('overriding color',(#21544),#3793,
  #21190);
#21544 = PRESENTATION_STYLE_ASSIGNMENT((#21545));
#21545 = SURFACE_STYLE_USAGE(.BOTH.,#21546);
#21546 = SURFACE_SIDE_STYLE('',(#21547));
#21547 = SURFACE_STYLE_FILL_AREA(#21548);
#21548 = FILL_AREA_STYLE('',(#21549));
#21549 = FILL_AREA_STYLE_COLOUR('',#21283);
#21550 = OVER_RIDING_STYLED_ITEM('overriding color',(#21551),#3810,
  #21190);
#21551 = PRESENTATION_STYLE_ASSIGNMENT((#21552));
#21552 = SURFACE_STYLE_USAGE(.BOTH.,#21553);
#21553 = SURFACE_SIDE_STYLE('',(#21554));
#21554 = SURFACE_STYLE_FILL_AREA(#21555);
#21555 = FILL_AREA_STYLE('',(#21556));
#21556 = FILL_AREA_STYLE_COLOUR('',#21283);
#21557 = OVER_RIDING_STYLED_ITEM('overriding color',(#21558),#3827,
  #21190);
#21558 = PRESENTATION_STYLE_ASSIGNMENT((#21559));
#21559 = SURFACE_STYLE_USAGE(.BOTH.,#21560);
#21560 = SURFACE_SIDE_STYLE('',(#21561));
#21561 = SURFACE_STYLE_FILL_AREA(#21562);
#21562 = FILL_AREA_STYLE('',(#21563));
#21563 = FILL_AREA_STYLE_COLOUR('',#21283);
#21564 = OVER_RIDING_STYLED_ITEM('overriding color',(#21565),#3844,
  #21190);
#21565 = PRESENTATION_STYLE_ASSIGNMENT((#21566));
#21566 = SURFACE_STYLE_USAGE(.BOTH.,#21567);
#21567 = SURFACE_SIDE_STYLE('',(#21568));
#21568 = SURFACE_STYLE_FILL_AREA(#21569);
#21569 = FILL_AREA_STYLE('',(#21570));
#21570 = FILL_AREA_STYLE_COLOUR('',#21283);
#21571 = OVER_RIDING_STYLED_ITEM('overriding color',(#21572),#3856,
  #21190);
#21572 = PRESENTATION_STYLE_ASSIGNMENT((#21573));
#21573 = SURFACE_STYLE_USAGE(.BOTH.,#21574);
#21574 = SURFACE_SIDE_STYLE('',(#21575));
#21575 = SURFACE_STYLE_FILL_AREA(#21576);
#21576 = FILL_AREA_STYLE('',(#21577));
#21577 = FILL_AREA_STYLE_COLOUR('',#21205);
#21578 = OVER_RIDING_STYLED_ITEM('overriding color',(#21579),#3880,
  #21190);
#21579 = PRESENTATION_STYLE_ASSIGNMENT((#21580));
#21580 = SURFACE_STYLE_USAGE(.BOTH.,#21581);
#21581 = SURFACE_SIDE_STYLE('',(#21582));
#21582 = SURFACE_STYLE_FILL_AREA(#21583);
#21583 = FILL_AREA_STYLE('',(#21584));
#21584 = FILL_AREA_STYLE_COLOUR('',#21205);
#21585 = OVER_RIDING_STYLED_ITEM('overriding color',(#21586),#3905,
  #21190);
#21586 = PRESENTATION_STYLE_ASSIGNMENT((#21587));
#21587 = SURFACE_STYLE_USAGE(.BOTH.,#21588);
#21588 = SURFACE_SIDE_STYLE('',(#21589));
#21589 = SURFACE_STYLE_FILL_AREA(#21590);
#21590 = FILL_AREA_STYLE('',(#21591));
#21591 = FILL_AREA_STYLE_COLOUR('',#21205);
#21592 = OVER_RIDING_STYLED_ITEM('overriding color',(#21593),#3924,
  #21190);
#21593 = PRESENTATION_STYLE_ASSIGNMENT((#21594));
#21594 = SURFACE_STYLE_USAGE(.BOTH.,#21595);
#21595 = SURFACE_SIDE_STYLE('',(#21596));
#21596 = SURFACE_STYLE_FILL_AREA(#21597);
#21597 = FILL_AREA_STYLE('',(#21598));
#21598 = FILL_AREA_STYLE_COLOUR('',#21205);
#21599 = OVER_RIDING_STYLED_ITEM('overriding color',(#21600),#3951,
  #21190);
#21600 = PRESENTATION_STYLE_ASSIGNMENT((#21601));
#21601 = SURFACE_STYLE_USAGE(.BOTH.,#21602);
#21602 = SURFACE_SIDE_STYLE('',(#21603));
#21603 = SURFACE_STYLE_FILL_AREA(#21604);
#21604 = FILL_AREA_STYLE('',(#21605));
#21605 = FILL_AREA_STYLE_COLOUR('',#21205);
#21606 = OVER_RIDING_STYLED_ITEM('overriding color',(#21607),#3969,
  #21190);
#21607 = PRESENTATION_STYLE_ASSIGNMENT((#21608));
#21608 = SURFACE_STYLE_USAGE(.BOTH.,#21609);
#21609 = SURFACE_SIDE_STYLE('',(#21610));
#21610 = SURFACE_STYLE_FILL_AREA(#21611);
#21611 = FILL_AREA_STYLE('',(#21612));
#21612 = FILL_AREA_STYLE_COLOUR('',#21205);
#21613 = OVER_RIDING_STYLED_ITEM('overriding color',(#21614),#3982,
  #21190);
#21614 = PRESENTATION_STYLE_ASSIGNMENT((#21615));
#21615 = SURFACE_STYLE_USAGE(.BOTH.,#21616);
#21616 = SURFACE_SIDE_STYLE('',(#21617));
#21617 = SURFACE_STYLE_FILL_AREA(#21618);
#21618 = FILL_AREA_STYLE('',(#21619));
#21619 = FILL_AREA_STYLE_COLOUR('',#21283);
#21620 = OVER_RIDING_STYLED_ITEM('overriding color',(#21621),#3994,
  #21190);
#21621 = PRESENTATION_STYLE_ASSIGNMENT((#21622));
#21622 = SURFACE_STYLE_USAGE(.BOTH.,#21623);
#21623 = SURFACE_SIDE_STYLE('',(#21624));
#21624 = SURFACE_STYLE_FILL_AREA(#21625);
#21625 = FILL_AREA_STYLE('',(#21626));
#21626 = FILL_AREA_STYLE_COLOUR('',#21205);
#21627 = OVER_RIDING_STYLED_ITEM('overriding color',(#21628),#4013,
  #21190);
#21628 = PRESENTATION_STYLE_ASSIGNMENT((#21629));
#21629 = SURFACE_STYLE_USAGE(.BOTH.,#21630);
#21630 = SURFACE_SIDE_STYLE('',(#21631));
#21631 = SURFACE_STYLE_FILL_AREA(#21632);
#21632 = FILL_AREA_STYLE('',(#21633));
#21633 = FILL_AREA_STYLE_COLOUR('',#21205);
#21634 = OVER_RIDING_STYLED_ITEM('overriding color',(#21635),#4026,
  #21190);
#21635 = PRESENTATION_STYLE_ASSIGNMENT((#21636));
#21636 = SURFACE_STYLE_USAGE(.BOTH.,#21637);
#21637 = SURFACE_SIDE_STYLE('',(#21638));
#21638 = SURFACE_STYLE_FILL_AREA(#21639);
#21639 = FILL_AREA_STYLE('',(#21640));
#21640 = FILL_AREA_STYLE_COLOUR('',#21205);
#21641 = MECHANICAL_DESIGN_GEOMETRIC_PRESENTATION_REPRESENTATION('',(
    #21642,#21649,#21656,#21663,#21670,#21677,#21684,#21691,#21699,
    #21706,#21713,#21720,#21727,#21734,#21741,#21748,#21756,#21763,
    #21770,#21777,#21784,#21791,#21798,#21805),#2068);
#21642 = STYLED_ITEM('color',(#21643),#1431);
#21643 = PRESENTATION_STYLE_ASSIGNMENT((#21644));
#21644 = SURFACE_STYLE_USAGE(.BOTH.,#21645);
#21645 = SURFACE_SIDE_STYLE('',(#21646));
#21646 = SURFACE_STYLE_FILL_AREA(#21647);
#21647 = FILL_AREA_STYLE('',(#21648));
#21648 = FILL_AREA_STYLE_COLOUR('',#21052);
#21649 = STYLED_ITEM('color',(#21650),#1471);
#21650 = PRESENTATION_STYLE_ASSIGNMENT((#21651));
#21651 = SURFACE_STYLE_USAGE(.BOTH.,#21652);
#21652 = SURFACE_SIDE_STYLE('',(#21653));
#21653 = SURFACE_STYLE_FILL_AREA(#21654);
#21654 = FILL_AREA_STYLE('',(#21655));
#21655 = FILL_AREA_STYLE_COLOUR('',#21052);
#21656 = STYLED_ITEM('color',(#21657),#1502);
#21657 = PRESENTATION_STYLE_ASSIGNMENT((#21658));
#21658 = SURFACE_STYLE_USAGE(.BOTH.,#21659);
#21659 = SURFACE_SIDE_STYLE('',(#21660));
#21660 = SURFACE_STYLE_FILL_AREA(#21661);
#21661 = FILL_AREA_STYLE('',(#21662));
#21662 = FILL_AREA_STYLE_COLOUR('',#21052);
#21663 = STYLED_ITEM('color',(#21664),#1620);
#21664 = PRESENTATION_STYLE_ASSIGNMENT((#21665));
#21665 = SURFACE_STYLE_USAGE(.BOTH.,#21666);
#21666 = SURFACE_SIDE_STYLE('',(#21667));
#21667 = SURFACE_STYLE_FILL_AREA(#21668);
#21668 = FILL_AREA_STYLE('',(#21669));
#21669 = FILL_AREA_STYLE_COLOUR('',#21052);
#21670 = STYLED_ITEM('color',(#21671),#1651);
#21671 = PRESENTATION_STYLE_ASSIGNMENT((#21672));
#21672 = SURFACE_STYLE_USAGE(.BOTH.,#21673);
#21673 = SURFACE_SIDE_STYLE('',(#21674));
#21674 = SURFACE_STYLE_FILL_AREA(#21675);
#21675 = FILL_AREA_STYLE('',(#21676));
#21676 = FILL_AREA_STYLE_COLOUR('',#21052);
#21677 = STYLED_ITEM('color',(#21678),#1675);
#21678 = PRESENTATION_STYLE_ASSIGNMENT((#21679));
#21679 = SURFACE_STYLE_USAGE(.BOTH.,#21680);
#21680 = SURFACE_SIDE_STYLE('',(#21681));
#21681 = SURFACE_STYLE_FILL_AREA(#21682);
#21682 = FILL_AREA_STYLE('',(#21683));
#21683 = FILL_AREA_STYLE_COLOUR('',#21052);
#21684 = STYLED_ITEM('color',(#21685),#1692);
#21685 = PRESENTATION_STYLE_ASSIGNMENT((#21686));
#21686 = SURFACE_STYLE_USAGE(.BOTH.,#21687);
#21687 = SURFACE_SIDE_STYLE('',(#21688));
#21688 = SURFACE_STYLE_FILL_AREA(#21689);
#21689 = FILL_AREA_STYLE('',(#21690));
#21690 = FILL_AREA_STYLE_COLOUR('',#21052);
#21691 = STYLED_ITEM('color',(#21692),#1716);
#21692 = PRESENTATION_STYLE_ASSIGNMENT((#21693));
#21693 = SURFACE_STYLE_USAGE(.BOTH.,#21694);
#21694 = SURFACE_SIDE_STYLE('',(#21695));
#21695 = SURFACE_STYLE_FILL_AREA(#21696);
#21696 = FILL_AREA_STYLE('',(#21697));
#21697 = FILL_AREA_STYLE_COLOUR('',#21698);
#21698 = COLOUR_RGB('',0.859000020776,0.737999965183,0.495999988746);
#21699 = STYLED_ITEM('color',(#21700),#1747);
#21700 = PRESENTATION_STYLE_ASSIGNMENT((#21701));
#21701 = SURFACE_STYLE_USAGE(.BOTH.,#21702);
#21702 = SURFACE_SIDE_STYLE('',(#21703));
#21703 = SURFACE_STYLE_FILL_AREA(#21704);
#21704 = FILL_AREA_STYLE('',(#21705));
#21705 = FILL_AREA_STYLE_COLOUR('',#21698);
#21706 = STYLED_ITEM('color',(#21707),#1771);
#21707 = PRESENTATION_STYLE_ASSIGNMENT((#21708));
#21708 = SURFACE_STYLE_USAGE(.BOTH.,#21709);
#21709 = SURFACE_SIDE_STYLE('',(#21710));
#21710 = SURFACE_STYLE_FILL_AREA(#21711);
#21711 = FILL_AREA_STYLE('',(#21712));
#21712 = FILL_AREA_STYLE_COLOUR('',#21698);
#21713 = STYLED_ITEM('color',(#21714),#1795);
#21714 = PRESENTATION_STYLE_ASSIGNMENT((#21715));
#21715 = SURFACE_STYLE_USAGE(.BOTH.,#21716);
#21716 = SURFACE_SIDE_STYLE('',(#21717));
#21717 = SURFACE_STYLE_FILL_AREA(#21718);
#21718 = FILL_AREA_STYLE('',(#21719));
#21719 = FILL_AREA_STYLE_COLOUR('',#21698);
#21720 = STYLED_ITEM('color',(#21721),#1812);
#21721 = PRESENTATION_STYLE_ASSIGNMENT((#21722));
#21722 = SURFACE_STYLE_USAGE(.BOTH.,#21723);
#21723 = SURFACE_SIDE_STYLE('',(#21724));
#21724 = SURFACE_STYLE_FILL_AREA(#21725);
#21725 = FILL_AREA_STYLE('',(#21726));
#21726 = FILL_AREA_STYLE_COLOUR('',#21698);
#21727 = STYLED_ITEM('color',(#21728),#1843);
#21728 = PRESENTATION_STYLE_ASSIGNMENT((#21729));
#21729 = SURFACE_STYLE_USAGE(.BOTH.,#21730);
#21730 = SURFACE_SIDE_STYLE('',(#21731));
#21731 = SURFACE_STYLE_FILL_AREA(#21732);
#21732 = FILL_AREA_STYLE('',(#21733));
#21733 = FILL_AREA_STYLE_COLOUR('',#21698);
#21734 = STYLED_ITEM('color',(#21735),#1867);
#21735 = PRESENTATION_STYLE_ASSIGNMENT((#21736));
#21736 = SURFACE_STYLE_USAGE(.BOTH.,#21737);
#21737 = SURFACE_SIDE_STYLE('',(#21738));
#21738 = SURFACE_STYLE_FILL_AREA(#21739);
#21739 = FILL_AREA_STYLE('',(#21740));
#21740 = FILL_AREA_STYLE_COLOUR('',#21698);
#21741 = STYLED_ITEM('color',(#21742),#1891);
#21742 = PRESENTATION_STYLE_ASSIGNMENT((#21743));
#21743 = SURFACE_STYLE_USAGE(.BOTH.,#21744);
#21744 = SURFACE_SIDE_STYLE('',(#21745));
#21745 = SURFACE_STYLE_FILL_AREA(#21746);
#21746 = FILL_AREA_STYLE('',(#21747));
#21747 = FILL_AREA_STYLE_COLOUR('',#21698);
#21748 = STYLED_ITEM('color',(#21749),#1908);
#21749 = PRESENTATION_STYLE_ASSIGNMENT((#21750));
#21750 = SURFACE_STYLE_USAGE(.BOTH.,#21751);
#21751 = SURFACE_SIDE_STYLE('',(#21752));
#21752 = SURFACE_STYLE_FILL_AREA(#21753);
#21753 = FILL_AREA_STYLE('',(#21754));
#21754 = FILL_AREA_STYLE_COLOUR('',#21755);
#21755 = COLOUR_RGB('',0.340000006699,0.68000001254,0.444999988852);
#21756 = STYLED_ITEM('color',(#21757),#1939);
#21757 = PRESENTATION_STYLE_ASSIGNMENT((#21758));
#21758 = SURFACE_STYLE_USAGE(.BOTH.,#21759);
#21759 = SURFACE_SIDE_STYLE('',(#21760));
#21760 = SURFACE_STYLE_FILL_AREA(#21761);
#21761 = FILL_AREA_STYLE('',(#21762));
#21762 = FILL_AREA_STYLE_COLOUR('',#21755);
#21763 = STYLED_ITEM('color',(#21764),#1963);
#21764 = PRESENTATION_STYLE_ASSIGNMENT((#21765));
#21765 = SURFACE_STYLE_USAGE(.BOTH.,#21766);
#21766 = SURFACE_SIDE_STYLE('',(#21767));
#21767 = SURFACE_STYLE_FILL_AREA(#21768);
#21768 = FILL_AREA_STYLE('',(#21769));
#21769 = FILL_AREA_STYLE_COLOUR('',#21755);
#21770 = STYLED_ITEM('color',(#21771),#1980);
#21771 = PRESENTATION_STYLE_ASSIGNMENT((#21772));
#21772 = SURFACE_STYLE_USAGE(.BOTH.,#21773);
#21773 = SURFACE_SIDE_STYLE('',(#21774));
#21774 = SURFACE_STYLE_FILL_AREA(#21775);
#21775 = FILL_AREA_STYLE('',(#21776));
#21776 = FILL_AREA_STYLE_COLOUR('',#21052);
#21777 = STYLED_ITEM('color',(#21778),#2004);
#21778 = PRESENTATION_STYLE_ASSIGNMENT((#21779));
#21779 = SURFACE_STYLE_USAGE(.BOTH.,#21780);
#21780 = SURFACE_SIDE_STYLE('',(#21781));
#21781 = SURFACE_STYLE_FILL_AREA(#21782);
#21782 = FILL_AREA_STYLE('',(#21783));
#21783 = FILL_AREA_STYLE_COLOUR('',#21052);
#21784 = STYLED_ITEM('color',(#21785),#2021);
#21785 = PRESENTATION_STYLE_ASSIGNMENT((#21786));
#21786 = SURFACE_STYLE_USAGE(.BOTH.,#21787);
#21787 = SURFACE_SIDE_STYLE('',(#21788));
#21788 = SURFACE_STYLE_FILL_AREA(#21789);
#21789 = FILL_AREA_STYLE('',(#21790));
#21790 = FILL_AREA_STYLE_COLOUR('',#21052);
#21791 = STYLED_ITEM('color',(#21792),#2033);
#21792 = PRESENTATION_STYLE_ASSIGNMENT((#21793));
#21793 = SURFACE_STYLE_USAGE(.BOTH.,#21794);
#21794 = SURFACE_SIDE_STYLE('',(#21795));
#21795 = SURFACE_STYLE_FILL_AREA(#21796);
#21796 = FILL_AREA_STYLE('',(#21797));
#21797 = FILL_AREA_STYLE_COLOUR('',#21698);
#21798 = STYLED_ITEM('color',(#21799),#2045);
#21799 = PRESENTATION_STYLE_ASSIGNMENT((#21800));
#21800 = SURFACE_STYLE_USAGE(.BOTH.,#21801);
#21801 = SURFACE_SIDE_STYLE('',(#21802));
#21802 = SURFACE_STYLE_FILL_AREA(#21803);
#21803 = FILL_AREA_STYLE('',(#21804));
#21804 = FILL_AREA_STYLE_COLOUR('',#21698);
#21805 = STYLED_ITEM('color',(#21806),#2057);
#21806 = PRESENTATION_STYLE_ASSIGNMENT((#21807));
#21807 = SURFACE_STYLE_USAGE(.BOTH.,#21808);
#21808 = SURFACE_SIDE_STYLE('',(#21809));
#21809 = SURFACE_STYLE_FILL_AREA(#21810);
#21810 = FILL_AREA_STYLE('',(#21811));
#21811 = FILL_AREA_STYLE_COLOUR('',#21755);
#21812 = MECHANICAL_DESIGN_GEOMETRIC_PRESENTATION_REPRESENTATION('',(
    #21813),#20983);
#21813 = STYLED_ITEM('color',(#21814),#19262);
#21814 = PRESENTATION_STYLE_ASSIGNMENT((#21815));
#21815 = SURFACE_STYLE_USAGE(.BOTH.,#21816);
#21816 = SURFACE_SIDE_STYLE('',(#21817));
#21817 = SURFACE_STYLE_FILL_AREA(#21818);
#21818 = FILL_AREA_STYLE('',(#21819));
#21819 = FILL_AREA_STYLE_COLOUR('',#21820);
#21820 = COLOUR_RGB('',0.313304153717,0.484529207832,0.410020903123);
ENDSEC;
END-ISO-10303-21;
